{"type": "FeatureCollection", "_buffer_km": 50.0, "features": [{"type": "Feature", "properties": {"name": "市外50km环", "kind": "ring"}, "geometry": {"type": "Polygon", "coordinates": [[[119.39136809142417, 31.170492691329553], [119.39336819396092, 31.21373714566714], [119.40018933954471, 31.256616972255994], [119.41177511410609, 31.298736144766572], [119.42802480164474, 31.339705113064408], [119.44879407945226, 31.379144424980076], [119.47389613464088, 31.416688274902313], [119.50310320020452, 31.451987944949142], [119.53614850406834, 31.48471510468556], [119.57272861953224, 31.51456493595589], [119.61250620027208, 31.541259050414705], [119.65511307773413, 31.564548168794744], [119.80045825606807, 31.635649277088326], [119.80103963700199, 31.636248179480013], [119.8341487524421, 31.66727501381235], [119.87051400121105, 31.695520901891943], [119.90139251859914, 31.715333508657412], [119.88238976929031, 31.75199821836232], [119.86659722052906, 31.792340243242993], [119.85531534838147, 31.833772544247353], [119.8548949947421, 31.835730046548438], [119.85229266406458, 31.85217948003424], [119.84216054757042, 31.892688355747822], [119.83633057230573, 31.93882033765457], [119.8360896923257, 31.98521871350154], [119.83773304060585, 32.0149553794711], [119.84276688748261, 32.059263019255006], [119.85291530353685, 32.10293102972117], [119.8680864131771, 32.14553245903711], [119.88813874672904, 32.18665016214186], [119.91288235625484, 32.225880921778376], [119.9420804354001, 32.2628394564589], [119.97545143742491, 32.29716227360766], [119.98531906212476, 32.30547640508861], [119.99350109642805, 32.31389332121284], [120.03327647960494, 32.347000375920274], [120.07694833626252, 32.37637288842546], [120.0928805149273, 32.38597047948664], [120.13856645332682, 32.410601400422934], [120.14419800823178, 32.41330425666586], [120.15610906519566, 32.41901964419516], [120.17491003136193, 32.428040422067625], [120.19777360920327, 32.43900587501884], [120.20077522524687, 32.4404442312509], [120.24513988987471, 32.45942803262735], [120.29141915231675, 32.47479988227986], [120.33920398299567, 32.48642328446309], [120.38807137364186, 32.49419488377515], [120.43758822561335, 32.49804543285382], [120.48731534988893, 32.497940445747666], [120.53681153573974, 32.493880529397046], [120.55192584978107, 32.49202892058332], [120.56593219263108, 32.49031193937515], [120.57366514803837, 32.489362655966765], [120.57496434800035, 32.489203831010926], [120.62589359798339, 32.48079913917015], [120.67560263439421, 32.46820765718199], [120.67621699085939, 32.467994661730074], [120.67919069619987, 32.468368556783304], [120.68073602813774, 32.46856085384458], [120.68114616377053, 32.46861136524764], [120.74589163779068, 32.4731686304876], [120.75512258425586, 32.47333590278353], [120.80478538482437, 32.47225678814483], [120.85410946003375, 32.467234427676686], [120.90265799542053, 32.45831302952096], [120.95000129362829, 32.445571334994526], [120.99572074155735, 32.42912189802849], [121.00099643263418, 32.426970341095576], [121.00678574189419, 32.42461235926395], [121.05041097016186, 32.40465602174771], [121.09163477034365, 32.38132477038686], [121.13009597066889, 32.35482389314171], [121.16545856900258, 32.32538642911847], [121.19741470529553, 32.293271048192146], [121.22568734583294, 32.25875970507614], [121.23171974527938, 32.24969296237029], [121.24023670283712, 32.2397417247374], [121.26474763856623, 32.20486947238564], [121.26881866208426, 32.19767275898442], [121.26933333281168, 32.197505014607394], [121.28558755023104, 32.19140006149484], [121.29661757718861, 32.186698079551896], [121.32759534437064, 32.17789426499983], [121.37206915289053, 32.16124827881021], [121.37535421732044, 32.159861649137135], [121.41963200597766, 32.138856262409504], [121.46132702289967, 32.1143333155981], [121.5000552306027, 32.08651976937305], [121.5354610008551, 32.05567286576618], [121.56978958701974, 32.02271851953215], [121.66219126422241, 31.93410593557219], [121.68786978160891, 31.91368770539092], [121.70130001564979, 31.904306417085714], [121.73860233744394, 31.87559904107917], [121.77251909658186, 31.843990024689145], [121.80274441983126, 31.809767633995442], [121.82900702172843, 31.773243661869213], [121.85107258601785, 31.734750511955347], [121.86874577004994, 31.694638104024772], [121.88187181877726, 31.653270632013925], [121.89033777988148, 31.611023206904704], [121.89407331625473, 31.568278417048987], [121.89305111647553, 31.525422838628494], [121.8872869080029, 31.482843528695934], [121.87683908152567, 31.440924532696556], [121.86180793822167, 31.400043437554515], [121.84233457460027, 31.360568000356995], [121.81859942212525, 31.32285288141323], [121.78980760182354, 31.281847812588417], [121.75967419893853, 31.243488525804366], [121.72514948093672, 31.207974969812874], [121.68659844936019, 31.17567765562661], [121.65949606287329, 31.15720797022058], [121.65814125682653, 31.15270475881403], [121.64054660605466, 31.11134324124407], [121.61836352352651, 31.071651844488883], [121.59180794874706, 31.034006868992318], [121.58991780828075, 31.031599494219023], [121.56166151939196, 30.99972849340175], [121.54585533895657, 30.967142422364173], [121.52151941482903, 30.92817843806218], [121.50863745996831, 30.91165616675203], [121.50653518509921, 30.908574794676213], [121.50291208659773, 30.9043106824935], [121.49289187948831, 30.89145183264769], [121.49235391422435, 30.890889442536757], [121.48906827491417, 30.886535038147752], [121.45591374274173, 30.851015757348684], [121.41879582999653, 30.818556335670213], [121.37809429475193, 30.789485392203584], [121.37741843331088, 30.789050177414612], [121.3347956844027, 30.76430923898542], [121.32430036879225, 30.759431218805144], [121.31125574540198, 30.742235746364237], [121.28071626154943, 30.70918189623548], [121.24674853178439, 30.678736737392388], [121.20965166074579, 30.651165448528598], [121.20774505348818, 30.64987709576136], [121.1727550456564, 30.628173684606086], [121.15150248012515, 30.61715792082887], [121.14318559115094, 30.61241813643739], [121.13793844337847, 30.61000128669917], [121.11485921934751, 30.597685461602705], [121.11122285660001, 30.596135570719472], [121.10833132854636, 30.592646640806716], [121.07285016828546, 30.557966266986337], [121.07061699263035, 30.55599621047983], [121.04089562445962, 30.53174504157041], [121.00908558674129, 30.5095764800782], [121.0073430971958, 30.508456193905257], [120.96660289373465, 30.48474547640225], [120.92348479144009, 30.464448517157365], [120.91648687280245, 30.461858758364556], [120.90072705918143, 30.45361537624219], [120.86440655750397, 30.43829677712034], [120.83125135548718, 30.41210431465897], [120.7874209742186, 30.38412042469839], [120.74048131548248, 30.3602447640424], [120.69094276052098, 30.340735555198307], [120.63934273191835, 30.325803552404377], [120.63878479349547, 30.325669662503746], [120.59069659317215, 30.316224879360142], [120.54180085811635, 30.31075782318388], [120.4925318455659, 30.309316722726585], [120.44332692071187, 30.311914037239323], [120.3946228281656, 30.318526362170985], [120.34685197062046, 30.329094641644218], [120.34644009182087, 30.329203962011153], [120.30828808627784, 30.340747992279013], [120.27127572227705, 30.354816699120168], [120.26614132758057, 30.356977170792828], [120.26614952394169, 30.356991821364275], [120.25457936224659, 30.36114852041054], [120.25346177005915, 30.361634143337675], [120.22154183552763, 30.3767308304533], [120.21929460011172, 30.377883346180393], [120.17494345371445, 30.403355730537847], [120.13380279661155, 30.43260823477631], [120.13346280923835, 30.4328761919611], [120.10026700118682, 30.461494751415184], [120.07015630337153, 30.49257486717532], [120.07008562718815, 30.492662765721807], [120.06377121406817, 30.494258619578492], [120.06077039234916, 30.494682610039256], [120.06009324122688, 30.4947786723548], [120.05999641217291, 30.494792465214303], [120.004320240687, 30.505451047977942], [119.9865891840196, 30.51065566079064], [119.98630136286421, 30.510713940184385], [119.97240204670256, 30.514817829891477], [119.9503100117337, 30.521295224919], [119.94992627419288, 30.521450019042604], [119.93754681169227, 30.525100875861458], [119.89065733610474, 30.543570233638658], [119.88803376649814, 30.54474176972985], [119.84865179720083, 30.564241843726418], [119.82274887981364, 30.57979151693187], [119.81497710864555, 30.583876038801847], [119.77736868459277, 30.607866554873453], [119.77541105187605, 30.609236014738862], [119.74163775875945, 30.635061645031218], [119.72497023951932, 30.643943332199836], [119.72490876462199, 30.64385998545693], [119.7187652797492, 30.647247358052763], [119.71874366490292, 30.647260303368494], [119.71451827574194, 30.64951090657101], [119.71365747645858, 30.650025296755405], [119.70159470611353, 30.657453551646352], [119.69949551154004, 30.658785253232768], [119.6860764791486, 30.666816514266934], [119.68595305130262, 30.66689655959598], [119.65766767060632, 30.68660063888702], [119.65730509464841, 30.68687165565069], [119.65671541748915, 30.687313086250477], [119.65412755070274, 30.68925320240493], [119.61930639664757, 30.71787794419109], [119.58766227797996, 30.74914156474512], [119.55946423171355, 30.782780935412283], [119.53495305458713, 30.818512731012447], [119.53265532917828, 30.822242506319867], [119.5286927189583, 30.829285583986316], [119.52155885440526, 30.838824726053215], [119.51922570289567, 30.841499862881765], [119.51823695791576, 30.842728883959275], [119.51109039275413, 30.852247196099032], [119.50993181796579, 30.853553585710994], [119.50699867731686, 30.857695725455525], [119.50006463721657, 30.86692724444546], [119.49438188608492, 30.875049273455247], [119.49461917350983, 30.8751728064606], [119.48141998114876, 30.89379805723626], [119.4579187292324, 30.936386356440764], [119.44414625141377, 30.969989120431546], [119.43730624314306, 30.98194508693449], [119.43672804950468, 30.983070551609725], [119.41556138542641, 31.03162026660517], [119.40099312249939, 31.081939923339846], [119.40074123939988, 31.083087123355103], [119.39350379292644, 31.128690853318357], [119.39261238657055, 31.151521345786264], [119.39136809142417, 31.170492691329553]], [[120.48401275000003, 30.767067722000036], [120.48464621700009, 30.766604834000077], [120.4846573000001, 30.766107130000023], [120.48467136700005, 30.765947256000057], [120.48501169600002, 30.765678403000035], [120.48726546500006, 30.764521688000055], [120.48838683400005, 30.76403428000003], [120.48978726800011, 30.763815569000034], [120.49093272100005, 30.76359610600008], [120.49262533500007, 30.76295051200003], [120.49395352800003, 30.762426767000076], [120.49518331400007, 30.762219562000034], [120.49662093200006, 30.761684155000065], [120.49796016900008, 30.761074490000055], [120.49854546800007, 30.76064846700006], [120.49910566700008, 30.76025835000006], [120.49951927400002, 30.760148646000065], [120.50007942700007, 30.760283250000047], [120.5010059340001, 30.76109858900003], [120.50231083900009, 30.76255871100006], [120.50369805700007, 30.76390113000007], [120.50486843500006, 30.765143945000034], [120.50614819600003, 30.766639938000033], [120.50714791400002, 30.76766634100004], [120.51107533700008, 30.772351325000052], [120.51313181000013, 30.77462504700003], [120.5139166360001, 30.775569791000066], [120.5161907370001, 30.778564652000053], [120.51912095700004, 30.78317637300006], [120.52027392500008, 30.78497058900006], [120.52110678200006, 30.786155233000045], [120.52185834500006, 30.787228700000068], [120.52421332200005, 30.790062507000076], [120.52582970200002, 30.792096684000057], [120.52650290100007, 30.79318585500004], [120.52887259000009, 30.796356252000066], [120.52933004700003, 30.797057035000023], [120.5301376020001, 30.798294403000064], [120.53220408000006, 30.80104804800004], [120.53486217600006, 30.80485940500006], [120.53726430300003, 30.80796634400009], [120.53907353200009, 30.810272208000075], [120.5404664360001, 30.812498090000084], [120.54206780300002, 30.815364999000057], [120.54342845300005, 30.81754269400005], [120.5445975670001, 30.818920374000072], [120.54591099100001, 30.820537164000026], [120.54757520000011, 30.822891170000048], [120.5489686420001, 30.82470086100005], [120.55039407200002, 30.826574500000053], [120.5530042250001, 30.828624078000075], [120.55399645200008, 30.82974517500002], [120.55446144200005, 30.830753403000074], [120.55442026600006, 30.83177275700006], [120.55530510300002, 30.833932031000074], [120.55774324600009, 30.836433568000064], [120.55962705700006, 30.837928610000056], [120.5625516880001, 30.839455936000036], [120.56521641200004, 30.84121144400006], [120.56804500900012, 30.843296643000027], [120.57009314300002, 30.844005473000042], [120.57181156600008, 30.84504461300003], [120.57674965300009, 30.84809911400003], [120.57779172700009, 30.84930118300009], [120.57866751600011, 30.851154720000068], [120.57944923000002, 30.85225859200005], [120.58212155500007, 30.85439388500004], [120.583206388, 30.855289895000045], [120.58414404200005, 30.856231764000025], [120.58482049000008, 30.856851679000048], [120.5849195720001, 30.856719793000025], [120.58540393700002, 30.856385165000066], [120.58660782000004, 30.855179258000078], [120.58727123900009, 30.85496157600005], [120.58901020600001, 30.854609191000065], [120.58996969100006, 30.854166615000054], [120.5909171080001, 30.85390289500004], [120.59337499100002, 30.85293259600007], [120.59466731900011, 30.852537793000067], [120.59628360200009, 30.85210889800004], [120.59786475200008, 30.851627927000024], [120.59886078000012, 30.85133888200005], [120.59947276900003, 30.85119981100007], [120.60026771700007, 30.85112963300003], [120.60122860500007, 30.851129332000024], [120.60200648100012, 30.85112006600008], [120.60275833300012, 30.851110784000063], [120.60352715900001, 30.851015520000033], [120.60400704800008, 30.850796436000053], [120.60448791800002, 30.850674285000036], [120.6069339930001, 30.85118072700004], [120.60916290600005, 30.85154715200002], [120.61135559800005, 30.85202734300004], [120.61274464900008, 30.852421050000032], [120.61383383100008, 30.852877900000067], [120.61442436100005, 30.853179228000045], [120.61499686800005, 30.853756399000076], [120.61562832700007, 30.854150612000065], [120.61665044600011, 30.85439553100008], [120.61786530500001, 30.855119948000024], [120.61889626400013, 30.856029395000064], [120.6204166440001, 30.857427004000048], [120.6215264130001, 30.85830129200008], [120.62205982300007, 30.858484591000035], [120.62263619200009, 30.85844096300009], [120.62352719500007, 30.858326996000066], [120.62403761200005, 30.85822445200006], [120.62564371000008, 30.857960653000077], [120.62656957200011, 30.85779858500007], [120.62770516500007, 30.857167488000083], [120.62857801800011, 30.857128362000022], [120.62965856300004, 30.857036963000038], [120.63062224500005, 30.85678878300007], [120.63204125900006, 30.856281080000024], [120.63269230200001, 30.856346109000075], [120.63435877200004, 30.856736444000028], [120.63721022000004, 30.857713544000028], [120.6382784760001, 30.85781681100008], [120.63938464200008, 30.857843034000044], [120.63998364300005, 30.85775212100003], [120.64034804800006, 30.85750367300006], [120.64052976000006, 30.857240529000023], [120.64046189600003, 30.85697779000004], [120.64029634400005, 30.854918243000036], [120.6405569430001, 30.85440011600008], [120.64119988600011, 30.853870368000056], [120.64363873700005, 30.85246410800004], [120.64606848500011, 30.850831881000026], [120.64742104400011, 30.85016090300007], [120.64763165400008, 30.850134548000028], [120.64811775600005, 30.85002175500006], [120.64857091600005, 30.849886029000047], [120.64946425600009, 30.849546632000056], [120.64980361900007, 30.849456077000074], [120.65034658900005, 30.84937614700005], [120.65068593600006, 30.849410516000034], [120.65100232100006, 30.849500892000044], [120.65114902600011, 30.849648542000068], [120.65119491900009, 30.849874330000034], [120.65114898200011, 30.85019123100005], [120.65109305300007, 30.85064407300007], [120.65100217500004, 30.85131085600005], [120.6508324350001, 30.852125696000037], [120.65066268300006, 30.853086451000024], [120.65062970300006, 30.853619205000037], [120.65066258800006, 30.854263775000035], [120.65062355300006, 30.85561507000005], [120.65057753100005, 30.856984366000063], [120.6505784860001, 30.857516058000044], [120.65066928500003, 30.85784370600004], [120.65084992200003, 30.85803626900002], [120.65114334700002, 30.858172660000037], [120.65186793100008, 30.85837522800005], [120.65286896700002, 30.858562291000045], [120.65325320600003, 30.85867552100006], [120.65347974900011, 30.858822021000044], [120.6535815310001, 30.859048703000035], [120.65362642600007, 30.859252503000036], [120.65368325600004, 30.859975981000044], [120.65367606300003, 30.862542515000033], [120.65369000600003, 30.86289628500004], [120.65381773500009, 30.863136910000037], [120.653888574, 30.86340562500004], [120.65385960800006, 30.863688515000025], [120.6537188620001, 30.863970611000063], [120.65356312400003, 30.86452257900003], [120.6535062050001, 30.86490446400006], [120.65356306900004, 30.865201187000025], [120.65371874200002, 30.865455754000042], [120.65427758800003, 30.866099351000063], [120.65436140400006, 30.866325065000073], [120.6544042910001, 30.866678781000076], [120.65444615700007, 30.86731533600005], [120.65448904700008, 30.867626077000068], [120.65460181500009, 30.867739801000038], [120.65484233500003, 30.867787329000066], [120.6550808620001, 30.867775893000044], [120.6552615070001, 30.867730583000025], [120.6554531270001, 30.867708240000074], [120.65574754200009, 30.86769769800003], [120.65591720799999, 30.867640415000043], [120.65601901700008, 30.867493311000036], [120.6561657530001, 30.867131246000046], [120.65627953500008, 30.867018099000067], [120.65647115700006, 30.866950779000035], [120.65670968500002, 30.86687137900003], [120.65686737100008, 30.866848098000045], [120.65703703200006, 30.866825793000032], [120.65719871100009, 30.866771521000036], [120.6575919490001, 30.866406994000048], [120.657749651, 30.86616983400006], [120.65859309900009, 30.864274341000048], [120.65880770700005, 30.863766229000085], [120.65889753200007, 30.86367511200007], [120.6590492250001, 30.863658835000017], [120.66052911500003, 30.86485234200007], [120.66176245200008, 30.86655101400004], [120.66357660000006, 30.868015702000033], [120.66610209500004, 30.871479856000065], [120.66886289600006, 30.87722822000006], [120.669409695, 30.878030704000025], [120.67107618000011, 30.878691126000035], [120.67335042000002, 30.879237462000045], [120.67562467200004, 30.879890758000045], [120.67657065300011, 30.880791445000053], [120.67684898400012, 30.881996218000033], [120.67754344500008, 30.883415083000045], [120.67856723800003, 30.88484132900004], [120.67976577200012, 30.88522286800002], [120.68063401600011, 30.885212262000042], [120.68122386200004, 30.88479741300005], [120.68174488000012, 30.883994920000077], [120.68137974900003, 30.882338559000058], [120.68143271300005, 30.881474964000063], [120.68188386500003, 30.880778539000058], [120.6832032870001, 30.880073532000043], [120.68624140400006, 30.878892734000033], [120.68972188000008, 30.87700770900005], [120.68836858800012, 30.87536002400002], [120.68847250600002, 30.87392767500007], [120.68885485600003, 30.872951572000034], [120.69017340900007, 30.872363627000027], [120.69137215600006, 30.872511487000057], [120.692630871, 30.872037634000037], [120.69321189000003, 30.871054231000063], [120.69452359500008, 30.870124598000075], [120.69565158700004, 30.870106768000028], [120.6973964450001, 30.87123132100004], [120.69962848600005, 30.87320769700005], [120.69999271400002, 30.875206979000048], [120.69911595200006, 30.878023687000052], [120.69834312900002, 30.879639946000047], [120.69724889100009, 30.88109182400007], [120.69634631300005, 30.88293219200005], [120.6964420170001, 30.88448413300007], [120.69699795500003, 30.885621580000088], [120.69827370200007, 30.886294175000042], [120.70179782000002, 30.886582639000032], [120.7040731840001, 30.886948120000056], [120.7089519320001, 30.887295288000075], [120.70860330900007, 30.88867993000002], [120.7084153950001, 30.890879889000086], [120.70830632800006, 30.893584448000073], [120.7073773410001, 30.897544357000065], [120.70639348900012, 30.901177551000046], [120.705792083, 30.90489219300002], [120.7054373300001, 30.90838862600004], [120.70551909200003, 30.909782693000057], [120.70631177200005, 30.91136666900007], [120.7070765110001, 30.91297768300006], [120.70756864700002, 30.914753978000075], [120.70778517200006, 30.91673052500004], [120.70774115300001, 30.91773299200002], [120.7080575020001, 30.920108172000027], [120.70837889300003, 30.92192667600005], [120.70835288500007, 30.922475386000038], [120.70789945500009, 30.923438413000028], [120.70746585300003, 30.926219345000053], [120.70686751500013, 30.92880661700008], [120.70632910800009, 30.931273889000064], [120.70514754700004, 30.935400077000054], [120.70314430000008, 30.939706375000068], [120.7012001690001, 30.942816394000033], [120.69971948300008, 30.944416686000064], [120.69826879400013, 30.94613591200004], [120.69606842200007, 30.94842904700004], [120.69480951600006, 30.95013907800006], [120.6946408010001, 30.950332240000087], [120.69327308900006, 30.952571175000056], [120.69255636700007, 30.952980131000068], [120.68831223800008, 30.95414073700004], [120.6837959190001, 30.95568689000004], [120.68019100200003, 30.957427486000025], [120.68123273600008, 30.95941537700003], [120.68381132300009, 30.962590768000048], [120.68522544800011, 30.963608607000026], [120.6865108390001, 30.96479360400008], [120.68908865300013, 30.96756242100003], [120.68978321500003, 30.96904533600007], [120.69079026500005, 30.969722201000028], [120.69187516300008, 30.97073375400004], [120.69316068900002, 30.972100782000044], [120.69391524400011, 30.97300599100004], [120.69530479500008, 30.972472028000023], [120.69699796100008, 30.970725337000026], [120.69843861000004, 30.969155997000033], [120.70001900100009, 30.968507945000066], [120.70122500000004, 30.968664032000056], [120.70230220600001, 30.969278071000065], [120.70310885200001, 30.970122394000047], [120.7035261090001, 30.971149183000072], [120.70388144500008, 30.972463895000036], [120.70430769900007, 30.973490680000054], [120.70510544, 30.97388332500003], [120.70577440900003, 30.974102266000042], [120.7075538470001, 30.973278343000054], [120.70993254900009, 30.972499719000044], [120.7120077420001, 30.972762004000057], [120.71433476900006, 30.97301014100003], [120.71654012300007, 30.97326656900003], [120.71900537400006, 30.97351889900005], [120.7212710460001, 30.973720638000025], [120.72325920800007, 30.973350122000056], [120.72760886100002, 30.97088526200002], [120.72871122500011, 30.969145558000022], [120.73034429800009, 30.967461547000024], [120.73177658200008, 30.96590066600003], [120.73368666500006, 30.964951272000068], [120.73594372400011, 30.964469601000076], [120.73846988000001, 30.964484747000032], [120.74160419400005, 30.964676918000073], [120.7422040670001, 30.965236492000027], [120.74368888300012, 30.96584895400002], [120.74524273400004, 30.967203058000052], [120.74639766900009, 30.96844931000004], [120.74748266000007, 30.969631646000032], [120.74937579900006, 30.971268847000026], [120.75122397200005, 30.974222395000016], [120.75244922400009, 30.975469925000027], [120.75413371600006, 30.97670965200006], [120.7563476050001, 30.97759589500003], [120.75895195400007, 30.978127716000074], [120.7622861320001, 30.978312424000016], [120.76536846300009, 30.979474770000024], [120.76584580700013, 30.980268644000027], [120.76587173400004, 30.981414985000068], [120.76536817300006, 30.982972699000072], [120.76452536300009, 30.984302322000083], [120.76370946800013, 30.987237040000025], [120.76350110200008, 30.989704445000026], [120.76373611500004, 30.99176338200004], [120.76401324000005, 30.992904891000016], [120.76483881100012, 30.994098748000052], [120.7653330930001, 30.99569615300004], [120.76551504000008, 30.998213798000045], [120.76559406100012, 30.99878451800004], [120.76633167600005, 30.99912086300002], [120.76713039300012, 30.999162446000074], [120.76765992300012, 30.998702134000034], [120.76810243700004, 30.997548169000023], [120.769621959, 30.997239619000027], [120.77075112900003, 30.997222623000024], [120.77176717100009, 30.99783719000004], [120.77395446600006, 31.000091977000075], [120.77456204500004, 31.001791590000032], [120.77666352700011, 31.003115029000064], [120.79862739600003, 31.007605852000044], [120.81006108400003, 31.007973442000036], [120.8166408520001, 31.008590171000037], [120.81873336200012, 31.00793646200004], [120.82661550800005, 31.004453328000068], [120.83585933000006, 31.00009407400006], [120.83697883800005, 30.997588590000074], [120.83782167000005, 30.996258901000036], [120.83834180400005, 30.99533838200005], [120.83859733700001, 30.995159948000044], [120.83878774300001, 30.994905440000025], [120.83907535000004, 30.99460213500004], [120.83933889600009, 30.994439702000072], [120.83964251600004, 30.994345301000067], [120.8399621640001, 30.994264918000052], [120.84010445000001, 30.99426517200004], [120.84033390400009, 30.994339536000034], [120.84054832500011, 30.99443985700004], [120.8406164590001, 30.99446196500002], [120.84082486800003, 30.994549282000037], [120.84107636400005, 30.99461568800006], [120.84123267200003, 30.99465294200007], [120.84151923400009, 30.994742394000063], [120.84163145500008, 30.994761581000024], [120.84166652400006, 30.994763641000063], [120.84170961000007, 30.994752723000026], [120.84182284000008, 30.99468496200007], [120.84190901200009, 30.99465513100006], [120.84195310200006, 30.99462222800003], [120.84204830100008, 30.994485475000026], [120.84210041200005, 30.994390623000065], [120.84216956600005, 30.994177869000058], [120.84228281500009, 30.993863254000065], [120.84232591100012, 30.993721413000063], [120.84249127700002, 30.993216000000082], [120.84254339300004, 30.99305118900003], [120.84265563600003, 30.992775547000058], [120.84270774700009, 30.992666703000058], [120.8427428230001, 30.99257981500006], [120.84283802600011, 30.992374103000028], [120.84297731900004, 30.99213148900003], [120.84302942900001, 30.992029640000055], [120.8430815370001, 30.99196177000005], [120.8431336430001, 30.99190989200003], [120.84315969500007, 30.991894946000052], [120.84320278000007, 30.991884027000033], [120.84338513300007, 30.99191832300005], [120.84348132000002, 30.99193547900006], [120.84361958700003, 30.99195970500005], [120.84375885400004, 30.99200092100006], [120.84393218700006, 30.992051190000044], [120.844348984, 30.992167840000036], [120.84445318200005, 30.99221099300007], [120.84454836500004, 30.992211156000053], [120.84471267800006, 30.992250414000072], [120.84512946900009, 30.99237205600008], [120.84532984900011, 30.99241936900005], [120.84540799500006, 30.992465475000067], [120.84561538500009, 30.992536786000073], [120.84578971100008, 30.99260803900007], [120.84590192000009, 30.99265819900006], [120.84598908300006, 30.992706319000035], [120.84606722600007, 30.992771412000018], [120.84657015100002, 30.993094070000048], [120.84674446800011, 30.993237278000027], [120.84695284800013, 30.993382542000067], [120.8473866280001, 30.99379502300007], [120.84765611300008, 30.994014342000064], [120.84788953200007, 30.994209614000052], [120.8481069180001, 30.99441785200002], [120.8483673830001, 30.99463315500003], [120.84853267600012, 30.99477834100002], [120.8488452260001, 30.99508267500004], [120.84907964200012, 30.99525595700004], [120.84915677900007, 30.995312049000063], [120.84939119700005, 30.995435359000055], [120.84949538200009, 30.99549449400007], [120.84963463300004, 30.995524703000065], [120.84986004100007, 30.99553806100005], [120.8500513880001, 30.995535372000056], [120.85011249800006, 30.99552947400008], [120.85018963900008, 30.99551660600002], [120.85036395800012, 30.99546391800004], [120.85052926000003, 30.995410216000035], [120.85078873500004, 30.99528170800005], [120.85083281500012, 30.995265787000054], [120.85099711400005, 30.995203087000046], [120.85109328900012, 30.995156269000063], [120.8512405570001, 30.995092541000076], [120.85147498200001, 30.994979980000032], [120.85170940700004, 30.994858423000036], [120.85194383200006, 30.994708882000054], [120.85213417600005, 30.994595248000042], [120.85219528700009, 30.994545375000023], [120.8523515700001, 30.994436683000067], [120.85253389700006, 30.994337029000075], [120.85263808400009, 30.994265233000064], [120.85287250900001, 30.994063718000064], [120.85293261800007, 30.99400284800004], [120.85301977600012, 30.993908039000072], [120.85308088700005, 30.99385116700006], [120.85319309300007, 30.993703429000057], [120.85344455100005, 30.993414988000033], [120.85372305800001, 30.993047635000046], [120.85391340700005, 30.992766093000057], [120.8540526600001, 30.992572421000027], [120.85408772300002, 30.99253149800005], [120.85417388700012, 30.992318756000028], [120.85419993400001, 30.992279819000036], [120.85424401300007, 30.992240909000024], [120.85431313300013, 30.992204036000025], [120.85438225300004, 30.992173160000053], [120.8544513720001, 30.992145282000013], [120.85448643200006, 30.992138339000068], [120.85459962000006, 30.992182485000043], [120.85486005000007, 30.99228681800002], [120.85515553900007, 30.992386205000056], [120.85584065800002, 30.992640080000058], [120.8558837290001, 30.992651137000056], [120.85626534400002, 30.992811608000064], [120.85640456700003, 30.99287177900005], [120.85644763600011, 30.99289382900002], [120.85708165300004, 30.99308264700004], [120.85744626500002, 30.992787351000064], [120.85745528900009, 30.99267243200006], [120.8575594780001, 30.992396746000065], [120.8575935340001, 30.99237780600004], [120.8576896850001, 30.992413924000065], [120.85779284700004, 30.99245105000006], [120.8578799820001, 30.992501146000052], [120.85795810200011, 30.99254623200005], [120.8580712810001, 30.99256638200006], [120.8581063360001, 30.99257642600002], [120.85815841700004, 30.992590492000033], [120.85820148500011, 30.992594552000057], [120.85829663600009, 30.992593688000056], [120.85864418000006, 30.992644153000064], [120.8589476520001, 30.992674563000037], [120.85932122700001, 30.99275004400005], [120.85948547900013, 30.99277026200007], [120.8595465730001, 30.99277634300006], [120.85958162700001, 30.99277639200006], [120.85960767300004, 30.992704471000028], [120.85962471200001, 30.992541591000077], [120.85965076400011, 30.99240071100006], [120.85971187500002, 30.992187921000042], [120.85977197700004, 30.99207107300003], [120.85979801900011, 30.992041128000047], [120.85985010200011, 30.99200122300005], [120.85992822500008, 30.99196435400006], [120.86013654400006, 30.991947651000025], [120.86024070200007, 30.991949794000053], [120.86041496500003, 30.99196702200004], [120.86056218700003, 30.991975219000036], [120.86070139800007, 30.99197141100007], [120.86108297100007, 30.991948943000068], [120.86118712500003, 30.991958078000025], [120.86124821500003, 30.991971152000076], [120.86133534300008, 30.991994256000055], [120.86141245500005, 30.99202334300002], [120.86145651600009, 30.992068375000034], [120.86148255100011, 30.992120380000078], [120.86149957000009, 30.992194359000052], [120.86149956100006, 30.99230729200007], [120.86147351300008, 30.99242418800003], [120.86140437900008, 30.992819862000026], [120.86136930900011, 30.99304068400005], [120.86132622100001, 30.99333545200005], [120.86130818700008, 30.993427373000028], [120.86132621100012, 30.993466374000036], [120.8614383790001, 30.99344653700006], [120.86169075400005, 30.993409896000056], [120.86225458400008, 30.993346683000027], [120.86273227900007, 30.993288344000064], [120.8628194050001, 30.993279463000075], [120.86305273800008, 30.993285763000074], [120.86317491100012, 30.993296914000044], [120.86323596400007, 30.993708750000046], [120.86331402500001, 30.994332483000036], [120.86354825900003, 30.995523081000037], [120.86355626400007, 30.99560404300007], [120.86360830800004, 30.99596789400005], [120.86365235300002, 30.99617682700006], [120.86373842900002, 30.996731610000037], [120.86387754700002, 30.99767822900003], [120.86461557000007, 30.99766516800002], [120.86493600800007, 30.997656572000036], [120.86691563500005, 30.997602002000068], [120.86755745500012, 30.997586763000072], [120.86892014500006, 30.997571323000056], [120.86896319500009, 30.99758236500002], [120.86921548600004, 30.99776054100004], [120.8698842440001, 30.99821100900005], [120.87054297300007, 30.998656454000063], [120.87143793500002, 30.999287019000064], [120.87246203400004, 30.99954091100005], [120.87404968100009, 30.999606414000016], [120.87579435400006, 30.999852861000083], [120.87596749600004, 31.000087874000034], [120.87602846100003, 31.00122026000001], [120.88530683200008, 31.004777643000075], [120.88721560300009, 31.00607079600007], [120.8874842, 31.01241418100005], [120.89050505500006, 31.01404133300008], [120.89100872000006, 31.019686168000074], [120.89613726000005, 31.019251311000062], [120.89623321300007, 31.019791000000055], [120.89722214900007, 31.019826016000017], [120.89691808200008, 31.020958346000047], [120.89642396600004, 31.02275327500007], [120.89684877800005, 31.02478210500004], [120.89720550400011, 31.027827333000047], [120.8972743400001, 31.02978718900005], [120.89736984400007, 31.03580468200005], [120.89783845700005, 31.039958265000053], [120.89731842300013, 31.04106762100001], [120.89559943700012, 31.04191604500005], [120.89288277700008, 31.047889191000024], [120.8930735880001, 31.05053170200006], [120.89234442000007, 31.05133308600006], [120.89130312100008, 31.052633077000046], [120.89042662600002, 31.056196771000028], [120.89047925500006, 31.060962047000018], [120.89177218300006, 31.06537587500003], [120.8934731160001, 31.069293000000073], [120.89472292100004, 31.072810183000062], [120.89543456600006, 31.07738666000006], [120.89546044200006, 31.078920791000037], [120.89520036900001, 31.079789274000067], [120.89547830200001, 31.08065281200004], [120.89646727200011, 31.080734835000044], [120.89769120000007, 31.080407046000058], [120.89926196500005, 31.080359011000045], [120.90047665500003, 31.08081463000008], [120.9008844760001, 31.08167808500008], [120.90058146700005, 31.082787500000048], [120.89868869000009, 31.08500542000007], [120.89788175000001, 31.085687061000044], [120.89753473300006, 31.086381671000034], [120.89788162000004, 31.087280163000052], [120.89796855600004, 31.08794678700007], [120.8963196090001, 31.088990169000066], [120.89515660400002, 31.08922294500008], [120.89362053700007, 31.088962880000047], [120.89255340800003, 31.088932690000036], [120.89218026200001, 31.09000700200005], [120.89194608200012, 31.091716987000037], [120.89127684700007, 31.092991100000056], [120.88971539700005, 31.09368723600005], [120.88855291000004, 31.095107023000025], [120.88803161100009, 31.096470054000065], [120.88863869500004, 31.09812137100005], [120.88869966000004, 31.098818006000048], [120.88820540800009, 31.09977328200005], [120.88707699100009, 31.09945398300004], [120.88681699300002, 31.098063641000053], [120.88687713800005, 31.096585494000053], [120.88612182600002, 31.09626631700007], [120.88333633800006, 31.096353764000067], [120.87824161300011, 31.09745660900006], [120.87447516800013, 31.09768924000008], [120.87392859200007, 31.098028538000044], [120.8740847140001, 31.09848143300008], [120.8748132600001, 31.10065389900007], [120.87185423200003, 31.10012932700004], [120.87247874200011, 31.102208800000028], [120.86972759800005, 31.10271264700003], [120.86901575800006, 31.10257993600003], [120.86838209900009, 31.10115001900005], [120.86727167100003, 31.10157350500004], [120.86564858200006, 31.10120177300007], [120.8654144070001, 31.099481444000048], [120.86157796000009, 31.099879299000058], [120.86032802700005, 31.100621192000055], [120.85982410100007, 31.102554422000026], [120.85858318800003, 31.102368785000067], [120.85788901300009, 31.103297277000017], [120.85558932700008, 31.102529332000067], [120.85437323900008, 31.103085190000055], [120.85262005900007, 31.105070384000037], [120.85267206300011, 31.106133876000058], [120.85272506800003, 31.10721736000005], [120.85389687400004, 31.109892694000052], [120.85373152000011, 31.110760962000036], [120.85467711500006, 31.110936309000063], [120.85604034000005, 31.111566006000036], [120.85719409700006, 31.113136836000027], [120.85807137300003, 31.114745219000053], [120.85906086900002, 31.11550620600007], [120.85984202900012, 31.116085979000054], [120.86084853300008, 31.116387195000073], [120.86179489000004, 31.116992137000064], [120.86454660100003, 31.119511316000054], [120.86642892800012, 31.12196128300008], [120.86685433300009, 31.123777801000074], [120.86685414800003, 31.12605056500007], [120.86738467500004, 31.127938166000035], [120.86818255800004, 31.129405292000058], [120.86923277100004, 31.130279000000026], [120.87063029600006, 31.13171174000007], [120.87227095900003, 31.133738344000044], [120.87352921400009, 31.134647091000026], [120.87458820100005, 31.135629562000076], [120.87620267500007, 31.136402592000028], [120.87713946900011, 31.13697308300004], [120.89386356700005, 31.138180879000053], [120.89506962100008, 31.138312971000058], [120.90124892600011, 31.136465796000035], [120.90225559500006, 31.136532574000054], [120.90423476500007, 31.136935859000058], [120.90846930600003, 31.137672806000065], [120.91276583400008, 31.138444882000048], [120.9174698280001, 31.140258206000055], [120.9261655030001, 31.143648942000027], [120.94842687300002, 31.14045493500003], [120.97018497900002, 31.13578405500005], [120.97959439300008, 31.133834125000078], [120.98137400600002, 31.133968797000083], [120.9869117920001, 31.13527851600003], [121.00286591700001, 31.13547789500006], [121.01260553700001, 31.136016535000067], [121.01404641100011, 31.136116276000052], [121.01485451600003, 31.136587679000062], [121.0183529850001, 31.14031565900006], [121.01781466600005, 31.142467040000042], [121.01844843300013, 31.14293499200005], [121.02120899900001, 31.142768335000028], [121.02177297900006, 31.144077076000027], [121.02214667300007, 31.14461575700005], [121.02271874700013, 31.144650165000034], [121.02225122400013, 31.14575686400008], [121.02389073100005, 31.145859321000046], [121.02432541000007, 31.14444889000003], [121.02399554600005, 31.143945053000042], [121.02429959800008, 31.143239603000037], [121.02667776500006, 31.143641012000046], [121.02859654300005, 31.144179682000082], [121.02909999200004, 31.14357469600003], [121.0296732160001, 31.14313844800006], [121.03161820700005, 31.14229893800007], [121.03175703000012, 31.13934216600006], [121.03272903400011, 31.13944467700004], [121.03359736000004, 31.13981333000004], [121.03413581400001, 31.138874508000068], [121.03625346200012, 31.139545033000054], [121.03729531100011, 31.140855867000028], [121.03830222600004, 31.14303935200007], [121.04024735600001, 31.147473552000065], [121.03900576400008, 31.148412879000034], [121.0378690140001, 31.148345545000048], [121.037026405, 31.14888323800005], [121.0369573590001, 31.151771877000044], [121.03891067700012, 31.152576902000078], [121.04072451400009, 31.153517292000064], [121.04088984700002, 31.155969638000037], [121.04458886000008, 31.15654031700007], [121.04556156500007, 31.153921660000037], [121.045726252, 31.152644991000045], [121.04734118800002, 31.152410830000065], [121.04928539000002, 31.15278081200006], [121.0512737050001, 31.152579158000023], [121.05110001000003, 31.15372088100002], [121.05281899300009, 31.154695231000066], [121.0558403880001, 31.154929877000036], [121.05798496700004, 31.155032334000047], [121.05812477400004, 31.15402564200008], [121.05949607600009, 31.154058503000048], [121.05956505500002, 31.152747087000076], [121.061484435, 31.15285020100003], [121.06151945500005, 31.15187566300006], [121.06084175700005, 31.151304944000067], [121.06114526200007, 31.15049992700005], [121.06386344300006, 31.15016332400006], [121.06454025600011, 31.150600201000028], [121.06436648000012, 31.15139600900004], [121.06319525300012, 31.154193104000065], [121.06389797900012, 31.154863806000037], [121.06631993000006, 31.155402428000055], [121.0659813320001, 31.15701500100004], [121.06682396900008, 31.15731681500006], [121.0674581510001, 31.155403061000072], [121.06843864400001, 31.155739754000027], [121.06797019400005, 31.157486376000058], [121.06843943400008, 31.15815748900007], [121.06903853700011, 31.158358714000027], [121.06924618500011, 31.158964170000047], [121.07243273600012, 31.160341185000043], [121.07145982200008, 31.162424052000066], [121.07246749700005, 31.16259198300004], [121.07253730700008, 31.163767307000057], [121.07219867800008, 31.164505249000058], [121.06910798600008, 31.163597914000025], [121.0685346910001, 31.165142753000058], [121.07277178200002, 31.166419715000075], [121.07270174300004, 31.167898019000067], [121.0708737670001, 31.172197608000037], [121.06779624900001, 31.17149033200008], [121.06732788600003, 31.172397416000027], [121.06752751600006, 31.17313780200004], [121.06816951300004, 31.173506870000036], [121.06793577100007, 31.17458059000005], [121.0708355480001, 31.17532305200007], [121.0696369750001, 31.178102899000073], [121.06681491100004, 31.18135547400004], [121.0666330250001, 31.183345690000063], [121.07099152600006, 31.184724136000064], [121.07039321100001, 31.18625898300008], [121.06488773000001, 31.184773154000016], [121.06416677000003, 31.186776089000038], [121.06626824600005, 31.187492054000067], [121.06709291900006, 31.187835885000027], [121.0671457620001, 31.188697392000044], [121.06691903800002, 31.189578223000066], [121.0668760430001, 31.190309911000043], [121.06575580000005, 31.190615131000058], [121.06575570300005, 31.191739572000063], [121.06630277700003, 31.192284624000017], [121.06602514500003, 31.193169527000066], [121.06725819100006, 31.193304967000074], [121.06797009600007, 31.19340608500004], [121.06759652100003, 31.19504071000006], [121.06552176100003, 31.195483012000068], [121.0650094570001, 31.19718382500002], [121.06221332000008, 31.19684274800006], [121.06202247400006, 31.199064923000034], [121.06222810600003, 31.199019657000065], [121.0636985540001, 31.198574859000075], [121.06462699000008, 31.198393723000027], [121.06423946400002, 31.20048320500007], [121.06402377600011, 31.201128174000075], [121.06352053600006, 31.202355247000064], [121.06322400700002, 31.20287339600003], [121.062860494, 31.20463603500008], [121.06269172300006, 31.205452870000045], [121.06246502200008, 31.206667596000045], [121.0619846840001, 31.209004140000044], [121.06160725200004, 31.210383011000037], [121.06145445700008, 31.211254811000053], [121.06131065700005, 31.211996662000058], [121.06119380599999, 31.21278645100005], [121.06103202200006, 31.21374522700006], [121.06081637400007, 31.214335259000038], [121.06067755300012, 31.21526801700002], [121.06056471500006, 31.215850905000025], [121.06039300900011, 31.216188997000074], [121.0604019550001, 31.21662477600006], [121.06031009100002, 31.21706570300006], [121.0601733200001, 31.217412742000068], [121.05991075700001, 31.21815078400004], [121.05987878100007, 31.218574631000024], [121.05975396100006, 31.219269489000048], [121.05956025800002, 31.22014436800003], [121.05930566400002, 31.221158276000033], [121.05918485400004, 31.221678215000058], [121.0590390660001, 31.22252304100004], [121.05885735700008, 31.223271969000045], [121.05880042600008, 31.223776819000076], [121.05880136700013, 31.224429511000032], [121.05883925900001, 31.22481927000007], [121.05871748800008, 31.224951397000048], [121.05850089500007, 31.225192621000065], [121.05860265900003, 31.225591275000053], [121.05861262400003, 31.225769176000032], [121.05820241600009, 31.22603169600006], [121.05805367000004, 31.226535695000045], [121.05820731200004, 31.227132174000072], [121.05835995100004, 31.227783630000026], [121.05831104100004, 31.227877663000076], [121.05822812300006, 31.228834347000028], [121.06013837400009, 31.229140280000017], [121.06044168200005, 31.23050119800007], [121.06006920400011, 31.232645759000036], [121.06119804900004, 31.233053911000077], [121.06258655100011, 31.23278306800006], [121.06279509300009, 31.233802309000055], [121.0627950070001, 31.23478985600008], [121.05999914900008, 31.234823860000056], [121.05997309600002, 31.23601535200003], [121.05908780700008, 31.236015695000056], [121.05914860300003, 31.23700314900002], [121.05802885500009, 31.236560095000065], [121.05742103600005, 31.237104813000037], [121.05738602800012, 31.238022450000066], [121.05666536400008, 31.239688859000065], [121.05748166600004, 31.23996241200007], [121.05932198000005, 31.240303378000082], [121.05953048800006, 31.241323598000065], [121.0589834200001, 31.242855740000035], [121.0589833150001, 31.24408018700007], [121.06013809100011, 31.244012467000065], [121.06047736400001, 31.244999518000046], [121.05959101600001, 31.24544264500003], [121.05956494300004, 31.24687004300006], [121.05976446100011, 31.24799423800004], [121.0585757440001, 31.248402877000043], [121.05768953100007, 31.248233348000042], [121.05707388200005, 31.247108841000053], [121.05692119400011, 31.247129080000033], [121.05675752600006, 31.247192318000018], [121.05667669100002, 31.247215440000048], [121.05660084800002, 31.24722456000006], [121.05650704200002, 31.247225713000027], [121.05625057800012, 31.247217139000046], [121.05577956200013, 31.24727989500008], [121.05523268200011, 31.247774594000084], [121.054199874, 31.248265146000055], [121.05373292100012, 31.24801907200003], [121.05310825900006, 31.248622906000044], [121.05357419500002, 31.248911951000025], [121.05453806500009, 31.249105186000065], [121.05511087200011, 31.248597432000057], [121.05640515700007, 31.248352376000078], [121.05623636100006, 31.250079884000062], [121.05693477700004, 31.251642044000047], [121.05731671900003, 31.254828017000072], [121.05733349600007, 31.25701502800007], [121.05672574500011, 31.256998021000072], [121.05665683900008, 31.257557888000065], [121.05750706700007, 31.25788936600003], [121.05757683200011, 31.25897478000008], [121.05807178400005, 31.259554741000045], [121.0573681850001, 31.259799755000067], [121.05779392200009, 31.264420069000032], [121.05834945600009, 31.26851543400005], [121.05768977500009, 31.268566455000045], [121.05788132500004, 31.26930283600006], [121.05866173000004, 31.269756417000053], [121.06210022500011, 31.26979231000007], [121.06410569200013, 31.269939511000068], [121.06584276900003, 31.27037009700006], [121.06813514300006, 31.270982097000065], [121.07203363800011, 31.271553727000022], [121.07456850300001, 31.271713341000066], [121.07581007200007, 31.27198619500006], [121.07753813000012, 31.273365294000023], [121.0783632010001, 31.27468215700004], [121.07993450100003, 31.277531938000035], [121.0767484480001, 31.27908447900006], [121.07780704800007, 31.28274418300003], [121.08008234100008, 31.289419949000038], [121.08235726400007, 31.291976647000055], [121.08271295600002, 31.292474269000024], [121.08228718100008, 31.29353905300008], [121.08417181300001, 31.29389603200008], [121.0855179880001, 31.293717574000024], [121.08704529300007, 31.29204974300007], [121.08757512000012, 31.291019009000024], [121.08896444300002, 31.29169340400005], [121.08846979700002, 31.290025187000037], [121.08964131400012, 31.290131904000077], [121.0907790350001, 31.28881926400004], [121.09195102800003, 31.28505368200006], [121.09275007300005, 31.28238673400006], [121.09323705200006, 31.281491089000035], [121.09374003600009, 31.28066143000007], [121.09343621400001, 31.279199039000044], [121.09418319400004, 31.27807051400004], [121.09692609700005, 31.276962202000053], [121.09855825100011, 31.275927923000044], [121.10082460000001, 31.27547270200007], [121.10118955300003, 31.27686123400003], [121.09922726, 31.27657180400007], [121.09920120700009, 31.277147556000052], [121.10204860700004, 31.278527830000034], [121.10341188300005, 31.279821818000077], [121.1049142600001, 31.281603748000073], [121.1064947650001, 31.28356174200007], [121.10785733700004, 31.284751026000045], [121.10932503100003, 31.286253323000036], [121.11037560700004, 31.28709268600004], [121.11173849000009, 31.28747750800005], [121.113101485, 31.28751254200005], [121.11467378600003, 31.286945069000073], [121.11489993700002, 31.28738008600003], [121.11557552800002, 31.287212744000048], [121.1157536180001, 31.28797659100006], [121.1164872710001, 31.287977255000047], [121.11645327300005, 31.28760237700004], [121.1203452200001, 31.286259758000018], [121.12040728700002, 31.28623983100005], [121.12035725300005, 31.28602286800003], [121.12103900500007, 31.285802682000053], [121.12301621000006, 31.28607775800003], [121.12305535600001, 31.28491228000007], [121.12253587700002, 31.28350727100008], [121.12260399600007, 31.283041539000067], [121.12644978200001, 31.28194655300007], [121.12707949200001, 31.28320482300006], [121.12929055400002, 31.28226707700002], [121.12958898300009, 31.28210154200008], [121.1290914120001, 31.28073244800004], [121.130575539, 31.28020765900003], [121.13126642300004, 31.281487077000072], [121.13344072600012, 31.28059751400008], [121.13300917300013, 31.279445374000034], [121.13378637500013, 31.279157611000077], [121.13412194000011, 31.278562346000058], [121.13480798700006, 31.278730281000033], [121.13594080100007, 31.278349125000027], [121.13657078700011, 31.278592974000052], [121.13681509100002, 31.279627914000052], [121.13829752100003, 31.279519240000063], [121.13841390200002, 31.27732633500006], [121.14063265200002, 31.27715391600004], [121.14372304200002, 31.277242931000043], [121.14582382400012, 31.277308440000063], [121.14917494000008, 31.278517724000046], [121.1496528350001, 31.278612523000053], [121.14981707000005, 31.27950244200002], [121.15092010100011, 31.280315055000067], [121.15092000100003, 31.281475573000073], [121.15098101800004, 31.282636202000035], [121.15268226700005, 31.28297510300007], [121.15375835500005, 31.283056011000035], [121.15485246500009, 31.283456831000017], [121.1544535920001, 31.28450267500006], [121.15587635600002, 31.284955084000046], [121.15614584100003, 31.285517347000052], [121.15673598100012, 31.28587028500004], [121.15638021100007, 31.286621325000056], [121.15474873800008, 31.289544153000065], [121.15396720800004, 31.289518745000073], [121.15378488400006, 31.289142567000056], [121.15183508700011, 31.28928200400003], [121.15177887900005, 31.290453428000035], [121.15050343600001, 31.290429169000042], [121.15039909400002, 31.29208331600006], [121.15012358400008, 31.29192289300005], [121.14857566800002, 31.29183321300007], [121.14832407300003, 31.293263200000066], [121.14800344700008, 31.29358451300005], [121.147464419, 31.293870465000055], [121.14671804500006, 31.293799208000053], [121.14653554000006, 31.295765109000055], [121.14815051800008, 31.295943824000055], [121.14694107500009, 31.298231824000013], [121.14689298100008, 31.298289717000053], [121.14595026800009, 31.29807019200007], [121.1456937370001, 31.298801466000043], [121.14495239900009, 31.298712247000026], [121.14473994300009, 31.299553556000028], [121.14342761700004, 31.29930446200006], [121.14321116800011, 31.300055806000056], [121.14425300000005, 31.300342427000036], [121.14435715200011, 31.300735447000076], [121.14621451000005, 31.300878533000056], [121.14454327400004, 31.303204789000056], [121.14448716800008, 31.303269670000084], [121.14232293800002, 31.307782327000048], [121.13919124500002, 31.31154584900003], [121.13708993800005, 31.30972928500005], [121.13488557300003, 31.308108599000043], [121.13436481900011, 31.307470081000076], [121.13473747400008, 31.30657197500005], [121.13505912700009, 31.30483112600007], [121.1291725210001, 31.303901224000064], [121.12754931200004, 31.304016067000077], [121.12670718700008, 31.304248910000073], [121.12534343400013, 31.30442116300003], [121.1250229740001, 31.30511850500004], [121.12530927500006, 31.30575660100004], [121.12510892600007, 31.30691790900005], [121.12458816800005, 31.30825177000003], [121.12452800000007, 31.309354274000036], [121.1251707240001, 31.310137742000048], [121.12484927300012, 31.310745124000043], [121.1247881270001, 31.311559739000074], [121.12426745200003, 31.312023943000046], [121.12450164100004, 31.313125801000073], [121.12389388300006, 31.31338698700006], [121.12336422700002, 31.313705252000027], [121.12348628100007, 31.31474899700004], [121.12385867300009, 31.315329209000012], [121.12403281700006, 31.31608412700006], [121.1235732350001, 31.31646145000008], [121.12359821200005, 31.31706925100008], [121.12363318300004, 31.317882985000033], [121.1232516770001, 31.31852130600003], [121.12246975100004, 31.31875333300008], [121.12246969400007, 31.319419084000064], [121.12235748000013, 31.32040659000006], [121.12264374500012, 31.321131641000076], [121.12331250000011, 31.321392305000074], [121.12400632800005, 31.32136412100005], [121.12464103200013, 31.322127586000082], [121.12437967400001, 31.322585107000066], [121.12431956700006, 31.322976891000046], [121.12468395700012, 31.323608090000043], [121.12583038500009, 31.32361447300007], [121.12621185700006, 31.323781882000052], [121.12660232300006, 31.32421820700005], [121.12647210700003, 31.324760845000064], [121.12703681500012, 31.325068440000052], [121.12684551600013, 31.32563499100006], [121.12684545800005, 31.326301747000056], [121.12693248900008, 31.32726050600007], [121.12747919100002, 31.327462126000054], [121.12818314800005, 31.327289094000037], [121.12870384400004, 31.327403731000064], [121.12896412300006, 31.328304745000032], [121.12866864600004, 31.329145052000055], [121.12762722500007, 31.329348629000037], [121.12721964200011, 31.329840931000028], [121.12725363400011, 31.33045075400002], [121.12864349400002, 31.33050952500003], [121.12893881800007, 31.331436579000066], [121.12887768600001, 31.331987300000044], [121.12812261600004, 31.332482137000056], [121.12823468500004, 31.333438939000068], [121.12797430400009, 31.33378647800003], [121.12734044700005, 31.33393161400005], [121.12654140400002, 31.33392660900006], [121.12646324700005, 31.33456928300007], [121.12623787900007, 31.335467682000054], [121.12632493100013, 31.33616454300006], [121.12550886300005, 31.33651441500007], [121.12522247000004, 31.33691992500007], [121.12530953300008, 31.33744084600005], [121.12585617600006, 31.33796332800006], [121.12583009000002, 31.338573080000064], [121.12565681600005, 31.33921164400004], [121.12576890800005, 31.33979057800007], [121.12594307300003, 31.34042856800005], [121.12556957000004, 31.34077599000006], [121.125309183, 31.341472430000067], [121.12524805600003, 31.342054154000035], [121.12591683400002, 31.342807707000077], [121.12620315300002, 31.34333087900006], [121.12606392600003, 31.343909506000045], [121.12574347600001, 31.34440294200003], [121.1256563180001, 31.34495364500003], [121.12591658699999, 31.34565072400004], [121.12583044600002, 31.346021491000037], [121.12494436400003, 31.345697528000077], [121.1231652680001, 31.345172623000057], [121.12174968600004, 31.34472919000007], [121.11932710800012, 31.34456668300004], [121.11791169000003, 31.344687237000073], [121.11678359600012, 31.345050041000032], [121.11577568000008, 31.345171082000043], [121.11335367200002, 31.345250998000033], [121.11270285900004, 31.34892522400003], [121.11500365800008, 31.349289994000056], [121.11557614100003, 31.349370468000085], [121.11549002800008, 31.349815240000055], [121.1146822520001, 31.350863184000044], [121.11367533200006, 31.352073936000068], [121.11335298200004, 31.35320429500006], [121.11262440500002, 31.353488624000082], [121.11133049900002, 31.353286717000064], [121.1095944330001, 31.352639726000056], [121.10790150200012, 31.352274784000024], [121.10721514600006, 31.352316371000036], [121.10689391500011, 31.35316390500003], [121.10652972800006, 31.353324652000026], [121.10587845200006, 31.353123376000045], [121.10450594800012, 31.352557896000064], [121.10369867400003, 31.352436579000035], [121.10333436100005, 31.354697669000053], [121.10357739600009, 31.355181610000038], [121.10378540800004, 31.355828483000032], [121.10333421700011, 31.356352119000064], [121.10273501900008, 31.35655281300005], [121.1026479520001, 31.35703961900004], [121.10289094400002, 31.357927420000074], [121.10264878400005, 31.358976981000062], [121.1034560160001, 31.35909726400007], [121.1033339290001, 31.359663028000057], [121.10325585500004, 31.360227811000073], [121.10329979200004, 31.361117538000034], [121.10362079600007, 31.362245305000048], [121.10333462000006, 31.36321587200007], [121.1030124470001, 31.36406446600006], [121.1026132410001, 31.36511197300007], [121.10212700500004, 31.366323404000063], [121.10217093200004, 31.367293111000034], [121.10231788300007, 31.36830284400003], [121.1023268780001, 31.36838282100006], [121.10321312600001, 31.368469138000016], [121.10357723800006, 31.368504278000053], [121.10362028000009, 31.368180399000043], [121.1042634910001, 31.36830264100007], [121.1045067020001, 31.36689620000004], [121.10465379200002, 31.366490397000064], [121.10581726800002, 31.36643198500008], [121.10822240200001, 31.366925176000045], [121.10859555700004, 31.367507220000054], [121.10833536000007, 31.36811486600004], [121.10854342800008, 31.36866582000005], [121.10906469800011, 31.36898504800007], [121.10973308000007, 31.36918942000006], [121.11260700600008, 31.36945041400003], [121.11376188100007, 31.36956729800005], [121.11405706900008, 31.37011836800007], [121.11469057000009, 31.370320838000044], [121.11559332500008, 31.370466577000048], [121.11570637300008, 31.371047494000038], [121.11445619900006, 31.372352001000024], [121.11230352800011, 31.372382257000012], [121.11210332000007, 31.373108878000036], [121.11060130500003, 31.372930838000052], [121.10912510200001, 31.37623782000003], [121.11141750400009, 31.37694318100007], [121.11358804400004, 31.37763164700004], [121.11568067300004, 31.378849056000035], [121.11866734400009, 31.380271439000072], [121.11965349800006, 31.37852296800002], [121.12385001900007, 31.380456986000066], [121.1266374080001, 31.381466049000043], [121.12715816200011, 31.380619960000043], [121.1283737450001, 31.38110337400007], [121.13269777300002, 31.38276076500005], [121.13381244100005, 31.38295930400006], [121.1336060770001, 31.38353383300005], [121.13339069300004, 31.384188327000054], [121.13291894500003, 31.38460052800009], [121.13333951100005, 31.38538389700005], [121.13402560100009, 31.38490003300007], [121.1350761980001, 31.38526346600003], [121.13475463300007, 31.385989776000024], [121.13644828000008, 31.386352196000068], [121.13682998000002, 31.385363069000054], [121.143853787, 31.38723373200003], [121.14383564900004, 31.38845434300004], [121.1444006370001, 31.38873620500004], [121.14412208899999, 31.389300573000074], [121.14347190700006, 31.38954341900006], [121.14262936100012, 31.390189838000026], [121.14206532300011, 31.390753750000048], [121.14206529500008, 31.391077656000054], [121.14250801500009, 31.391724194000062], [121.14177867700005, 31.392450792000034], [121.14109242500001, 31.393175471000063], [121.14044128700006, 31.393418354000058], [121.14032912300001, 31.393095268000017], [121.14032915500003, 31.39273337200008], [121.14004266400003, 31.39277190400002], [121.13955579700007, 31.393257992000027], [121.13911301100006, 31.393742154000048], [121.13923518200012, 31.394146230000043], [121.13996438800007, 31.394428304000034], [121.1419777860001, 31.395196328000058], [121.14343629500003, 31.395882533000076], [121.14488585600009, 31.396324831000065], [121.14432178800007, 31.39693071100004], [121.14375772100003, 31.397577586000068], [121.14319365900006, 31.398262457000044], [121.14307236700006, 31.399152006000058], [121.14415724800006, 31.39975864000006], [121.14505183600012, 31.40004006400005], [121.1457721480001, 31.399999295000043], [121.14703049000003, 31.399675538000054], [121.14799427100003, 31.39979717000005], [121.14815956300002, 31.39999940000007], [121.14799420100006, 31.40060494400006], [121.14771665900004, 31.400889384000035], [121.14589327300008, 31.40113018600005], [121.1450076550001, 31.401209664000078], [121.1445217490001, 31.401533756000042], [121.144487635, 31.402138531000055], [121.14493039600008, 31.402584153000074], [121.14541626600011, 31.402704940000035], [121.1462578180001, 31.40254241600007], [121.14650124100002, 31.40282675400004], [121.14591105300009, 31.404037413000026], [121.14736967200008, 31.404842693000028], [121.14841059700005, 31.405038444000063], [121.14932227300005, 31.405517907000046], [121.14876714800005, 31.406418690000063], [121.14920996500005, 31.40662041000008], [121.14852458400003, 31.407670928000073], [121.14928798300002, 31.408116143000022], [121.14993020400004, 31.408074283000072], [121.15065958100003, 31.408235528000034], [121.1527605230001, 31.409486944000037], [121.15425361000008, 31.407508174000036], [121.15481770800011, 31.40763016500005], [121.15332460000002, 31.409730895000052], [121.15393276800012, 31.409971930000033], [121.15368926700012, 31.410253414000067], [121.153402668, 31.410698777000036], [121.1534026370001, 31.411062680000047], [121.15417510000009, 31.41162692900008], [121.15429731100005, 31.41195106400004], [121.15388948100008, 31.412313229000063], [121.15324617200008, 31.412918906000076], [121.15256081500003, 31.413202598000048], [121.15223920900007, 31.412999075000076], [121.15126740100006, 31.412232542000037], [121.15090270100005, 31.412232893000066], [121.15045980500007, 31.412796959000037], [121.14992974300003, 31.413404862000053], [121.15017317500009, 31.413767196000038], [121.15090255100006, 31.413968436000054], [121.15131029900012, 31.41437205500005], [121.15122408800005, 31.414897764000045], [121.15094648900002, 31.415663071000044], [121.15038139400009, 31.415826027000023], [121.14997362700001, 31.41570433800007], [121.14933143400005, 31.415422282000073], [121.14892365800006, 31.41550254700007], [121.14884547500003, 31.415906305000078], [121.14864506000002, 31.41635184000006], [121.14823729200008, 31.41639011900002], [121.14771633300005, 31.416230257000056], [121.14706512000008, 31.416269123000056], [121.14654410600006, 31.416874072000034], [121.14633668500004, 31.417319602000088], [121.14589385300008, 31.417561784000036], [121.14508639700013, 31.417399457000048], [121.14468667000006, 31.417440773000074], [121.14432199300008, 31.41768109900004], [121.14424380000004, 31.418288811000018], [121.1446863650001, 31.42095187400003], [121.1440792750001, 31.42095185700003], [121.14359333900006, 31.421719853000074], [121.14161387500008, 31.42151765100004], [121.1416568300001, 31.422889374000075], [121.14367939200007, 31.422889701000024], [121.14391377200003, 31.423333979000063], [121.14452185300001, 31.423455966000063], [121.14657958800001, 31.423616416000073], [121.14605855400009, 31.42450430400004], [121.146301965, 31.42490761800007], [121.14686598300011, 31.425151524000047], [121.14803714900005, 31.42527251600006], [121.14815933900003, 31.42571561900007], [121.14896685600002, 31.425715027000017], [121.14916620800011, 31.426000305000056], [121.14916612100001, 31.427009056000028], [121.15070299400007, 31.427573626000022], [121.15114585300013, 31.42745144300005], [121.15183117200003, 31.427451665000024], [121.15315971400001, 31.427854950000043], [121.15348939600005, 31.42741265400008], [121.15481796600011, 31.427816964000044], [121.15522583300005, 31.427089885000047], [121.15679690200011, 31.427614633000072], [121.15635393800005, 31.42858258300004], [121.15647615300009, 31.428905728000075], [121.15740498200012, 31.429149377000044], [121.1574399970001, 31.429793284000027], [121.15792596400003, 31.42983517100003], [121.15836789800005, 31.429271124000028], [121.15877572000011, 31.429228890000054], [121.15974869200012, 31.429068735000044], [121.15978349100008, 31.43221803800003], [121.15978343100005, 31.432903874000036], [121.15941867600009, 31.43314413800004], [121.1590980520001, 31.43290360100007], [121.1590539870001, 31.43262158600003], [121.15905414400004, 31.430803024000063], [121.15857718200006, 31.43084413000003], [121.15861120500006, 31.43136906700005], [121.1579689140001, 31.43141086900005], [121.1579257300001, 31.432538519000047], [121.15857701100003, 31.432823654000046], [121.15853286000005, 31.433548400000063], [121.15815105100013, 31.434055573000023], [121.15391465100004, 31.434085811000045], [121.15040782400001, 31.43457841400005], [121.14790803000005, 31.43542083600005], [121.14524200900007, 31.43669596900003], [121.14411391100009, 31.43742090400008], [121.14323729700004, 31.438000311000053], [121.14269027500006, 31.43863826000005], [121.14228252100008, 31.439074490000053], [121.14282944400007, 31.439523285000064], [121.14197783700001, 31.440814592000038], [121.14327207600003, 31.44125961700007], [121.1424645280001, 31.442671964000056], [121.1422992030001, 31.443075603000064], [121.14266379100002, 31.44368206300004], [121.143193675, 31.44428680100003], [121.14331486200001, 31.444610930000067], [121.14307238700007, 31.445135411000024], [121.14275076600006, 31.445740745000023], [121.15635395700008, 31.45151430800007], [121.15756143400006, 31.45070770300003], [121.1584902940001, 31.45070741900002], [121.1599481830001, 31.451232010000066], [121.16091208900002, 31.451716701000066], [121.16093012600005, 31.45171673400005], [121.161498251, 31.452015731000074], [121.16318183300007, 31.45016428100007], [121.16378504300008, 31.450384364000058], [121.16422789, 31.45103105600004], [121.1648360690001, 31.45175604100006], [121.1652789630001, 31.451876848000047], [121.16584212800001, 31.451716940000043], [121.16692738100005, 31.45131306900004], [121.16777815700006, 31.450908756000054], [121.16922812200005, 31.450909483000036], [121.17044258400006, 31.451150712000075], [121.17310793200012, 31.45212049500003], [121.17423616700012, 31.452767461000057], [121.17533035300005, 31.453087428000057], [121.17629427600004, 31.45333116200004], [121.17973096300013, 31.455429028000026], [121.18154547000005, 31.456237148000074], [121.18166666200011, 31.456762256000044], [121.18166662800003, 31.457165171000042], [121.18110244400009, 31.45805496800005], [121.18093805900004, 31.45878052000007], [121.18093801000009, 31.459346403000037], [121.18122451800002, 31.45999278900006], [121.18166632500004, 31.460679446000032], [121.18166625200001, 31.46152527300007], [121.18154591600013, 31.46269681900004], [121.18493936900008, 31.464150579000037], [121.18469586200003, 31.464635053000052], [121.18489620700005, 31.46507731800006], [121.186779655, 31.46660331200007], [121.18848973800006, 31.46796599200007], [121.18981706300008, 31.469397970000042], [121.19054636500003, 31.469721135000036], [121.19147503700003, 31.469801669000045], [121.19341046500006, 31.469961817000062], [121.19478182800003, 31.470284964000022], [121.19583256700002, 31.47101249300005], [121.19712573400011, 31.471174482000034], [121.19841886800009, 31.47125545100004], [121.19878343300002, 31.471616935000036], [121.1988615050001, 31.47226393000006], [121.19841869800007, 31.47323207600003], [121.19854085000009, 31.473798154000065], [121.19893946200011, 31.47424067500003], [121.2010837580001, 31.47573657800007], [121.20189091500005, 31.47690553200005], [121.20299354400004, 31.47759597800007], [121.20400901600009, 31.478205287000037], [121.2053449010001, 31.479044964000025], [121.20833100400013, 31.479945717000074], [121.20932926200011, 31.48082581400007], [121.209901994, 31.481047480000033], [121.21056098100007, 31.479450570000044], [121.20973996300006, 31.47893866200008], [121.20964186800006, 31.478551611000064], [121.2091732770001, 31.478233088000017], [121.2091733100001, 31.47785515700008], [121.21012756900008, 31.477740355000037], [121.21198492000008, 31.47768158100007], [121.21331253600012, 31.47755112600004], [121.214606075, 31.477147630000033], [121.21626384300009, 31.47799323300006], [121.21710573400003, 31.478076076000043], [121.21872039800007, 31.477873698000046], [121.22054214200011, 31.477832392000046], [121.22089845700009, 31.477953686000035], [121.22138481800006, 31.47884095000007], [121.22174907400007, 31.479609125000017], [121.22231353000008, 31.479971536000047], [121.2232423040001, 31.479971298000066], [121.22429216800005, 31.479648181000066], [121.22534198900009, 31.47928503300004], [121.22590639000009, 31.47936542600007], [121.22594937200007, 31.47993035400004], [121.22627041800003, 31.482030205000058], [121.22639241600007, 31.483040111000026], [121.22561983300011, 31.483480487000065], [121.22489028200005, 31.48365592000004], [121.22422273600012, 31.48406134200006], [121.22443082800008, 31.48487336000005], [121.22518634800008, 31.48545282700008], [121.22573269400004, 31.48606311800006], [121.2263140340001, 31.48687438900003], [121.22689536300004, 31.487657655000078], [121.22793692300002, 31.48902011000007], [121.22854522700004, 31.48983335500003], [121.22929965300011, 31.490035777000056], [121.22994204100006, 31.48968820800008], [121.23054936600012, 31.489659551000038], [121.23095754200006, 31.490035708000054], [121.23081038400007, 31.491022465000086], [121.2304019280001, 31.493893770000057], [121.23028880600009, 31.49461858900004], [121.23078402600002, 31.495054790000044], [121.23147837900002, 31.494937173000036], [121.23202467300008, 31.494503517000055], [121.23278005900012, 31.493893978000074], [121.2336214070001, 31.493834366000033], [121.23435065, 31.494184615000048], [121.23562699, 31.49516894500005], [121.23643318200006, 31.49563314800002], [121.23707635200003, 31.495574361000017], [121.23744946900001, 31.49522752800004], [121.23736250500009, 31.494561610000073], [121.23704148400009, 31.49392061800006], [121.23669448900013, 31.492848685000066], [121.23695460700004, 31.492238866000037], [121.2375967790001, 31.49197910100003], [121.2378568680001, 31.49159623700007], [121.23825599200005, 31.49107143100001], [121.23886417300001, 31.490222725000024], [121.23934933100008, 31.489254998000035], [121.23902844100007, 31.487397241000057], [121.23939353000003, 31.486993392000038], [121.23962760800009, 31.486468533000043], [121.23939363000011, 31.485821594000072], [121.23962772100003, 31.48513576300007], [121.23995781100007, 31.484571929000026], [121.23995693500002, 31.483118184000038], [121.24088602500001, 31.48311735000004], [121.24172805800004, 31.48331943800002], [121.24181501000008, 31.48392434200008], [121.24372601000003, 31.483816534000024], [121.24383109800011, 31.482721733000062], [121.24225712600003, 31.482713609000026], [121.24217019600007, 31.481864749000074], [121.241363168, 31.48182565200005], [121.24152824600003, 31.481018820000028], [121.24204929300002, 31.480694944000046], [121.24229233900007, 31.480211059000055], [121.24250040400011, 31.47948421100005], [121.24262244600006, 31.479000311000046], [121.24322045300005, 31.47883739200006], [121.24387141400005, 31.479000402000054], [121.24524225200004, 31.479564331000066], [121.24552018900009, 31.479927263000032], [121.2457640980001, 31.48061413500005], [121.24673494600006, 31.480614094000032], [121.24677885900009, 31.481542926000035], [121.2489143590001, 31.48174467200005], [121.2490702030001, 31.48305741600006], [121.24841037200008, 31.48313549200002], [121.24845430800009, 31.48375437800007], [121.24922609600004, 31.48379126300005], [121.2491830020001, 31.48502805300006], [121.24984280900004, 31.48499095100004], [121.24997870600009, 31.485686806000032], [121.25119629500013, 31.485570575000054], [121.2508056920001, 31.482593183000063], [121.25069286700013, 31.481008489000033], [121.25030307700003, 31.480118728000033], [121.25034610800004, 31.47957881700006], [121.25065002100007, 31.47938479000004], [121.25099688400007, 31.47953968800005], [121.25119677100008, 31.480003559000068], [121.25146568600007, 31.47981053000007], [121.25192553100011, 31.479500473000027], [121.25192550100007, 31.479849410000046], [121.25192541200012, 31.480893222000073], [121.25165651600004, 31.480930284000063], [121.25160848500002, 31.481514191000034], [121.25181239100004, 31.48166611200002], [121.25231618800001, 31.481626987000027], [121.252741032, 31.481315924000054], [121.25335776600001, 31.48116176800006], [121.25324485800002, 31.480697886000026], [121.25274108500003, 31.480698035000046], [121.25274114000001, 31.480042154000035], [121.25320096100006, 31.479732073000033], [121.25498106200007, 31.47988544300005], [121.25583055500012, 31.480311037000046], [121.25660307400005, 31.480621660000047], [121.25660707100009, 31.48063065600008], [121.25688689200001, 31.480712519000054], [121.25700881000012, 31.48079045100008], [121.25709973400001, 31.48102136900008], [121.25715764300004, 31.48165822900006], [121.25721454800009, 31.48233908200007], [121.257279475, 31.482718985000066], [121.25740137800007, 31.482949888000068], [121.25756825500002, 31.483123780000028], [121.25823079500003, 31.48339341400003], [121.25834570600013, 31.48352233500003], [121.25842363600009, 31.483716262000023], [121.2589212690001, 31.48398296200003], [121.26000544800002, 31.484370312000063], [121.26069985800008, 31.485064795000028], [121.26298295300013, 31.485296330000043], [121.26293885900009, 31.48684409200005], [121.26286980600003, 31.488156914000044], [121.26352023300002, 31.48815747600003], [121.26344226000002, 31.48866044400006], [121.26378991700005, 31.489007146000056], [121.26441431, 31.489393641000046], [121.26476201000004, 31.489085442000025], [121.26537844400002, 31.48881403200005], [121.26599384500003, 31.488736577000058], [121.26599397700011, 31.48719084000004], [121.26634164200004, 31.487036597000042], [121.26700097800007, 31.486919092000043], [121.2675824260001, 31.48626173100007], [121.26843248200011, 31.48661095600005], [121.26978693000002, 31.48703669200006], [121.27175757700002, 31.487304803000022], [121.2719821920001, 31.488581367000045], [121.2729110250001, 31.488698428000074], [121.27325854000004, 31.489198991000023], [121.27349319000007, 31.48977865400007], [121.27418725500002, 31.490164870000054], [121.27535069600005, 31.49028161100005], [121.27585298500003, 31.490590011000048], [121.2752286850001, 31.492330403000032], [121.27615739000011, 31.492638335000038], [121.27689535700006, 31.492677501000056], [121.2772069890001, 31.49182728800002], [121.27758944600009, 31.49178985400004], [121.27805775800003, 31.49194328500005], [121.27867385900004, 31.49194356000004], [121.27921208200007, 31.491711955000024], [121.2794027220001, 31.49260157900005], [121.28087947600011, 31.492600761000055], [121.28099133000002, 31.492290672000028], [121.28138175900007, 31.49186525100003], [121.28191993300004, 31.49163360300003], [121.28284947100008, 31.491400438000028], [121.28338664800005, 31.490859821000072], [121.28389081100009, 31.49101412400006], [121.28442792400006, 31.491014402000065], [121.28489714800003, 31.490937777000067], [121.28520061300003, 31.491246310000076], [121.28524451900013, 31.491478211000075], [121.2850538130001, 31.49178942200006], [121.2852444660001, 31.492097110000042], [121.28578250100009, 31.49271526400002], [121.28593921100001, 31.492986002000066], [121.28612983200003, 31.493605634000065], [121.28702329100008, 31.49360537500007], [121.28713612900003, 31.493218278000022], [121.28779603300006, 31.49252244700006], [121.28775314200004, 31.49213557300005], [121.28849082600004, 31.492250484000067], [121.28899397300007, 31.491709837000034], [121.28960984000003, 31.49198188100007], [121.29088647100002, 31.492367901000083], [121.29150228600008, 31.49286888000006], [121.29285670500008, 31.493254722000078], [121.294097318, 31.49341074200004], [121.29405421100012, 31.495613453000036], [121.29304714700005, 31.49553605400007], [121.29304710600003, 31.495999979000036], [121.29598936500008, 31.49642521000004], [121.29635445200007, 31.498641263000025], [121.29575549500011, 31.500265986000045], [121.29647605700006, 31.500422786000055], [121.29691822900008, 31.499815153000036], [121.29798604200005, 31.500335302000043], [121.29755187600004, 31.50079995300006], [121.29644907200009, 31.50085876300005], [121.29542602200002, 31.501651306000035], [121.29643196300002, 31.502527536000063], [121.29725640800008, 31.501496335000063], [121.29762171100005, 31.50108179400007], [121.29793405100008, 31.501444218000074], [121.29695286900005, 31.503183579000055], [121.2975256840001, 31.50362356600004], [121.2975954870001, 31.504283351000023], [121.29808148900008, 31.504489510000038], [121.29832503000011, 31.50410916000005], [121.29874117600004, 31.504213446000055], [121.29905357300004, 31.503830977000057], [121.29960942900006, 31.50390102500006], [121.30002553100007, 31.50438524400004], [121.30012929100008, 31.504698020000035], [121.30069412200011, 31.504695053000027], [121.30135369600009, 31.50532182400007], [121.30072794000013, 31.50599680200003], [121.30078079200007, 31.50643764600005], [121.30059813000001, 31.506906891000014], [121.3010152370001, 31.507219128000024], [121.30179660100009, 31.50727076900006], [121.30218680100006, 31.507063121000044], [121.30306294100001, 31.507192568000054], [121.30360983700007, 31.506541701000064], [121.30420955200009, 31.50661962800006], [121.30394906300012, 31.50714101400007], [121.30582398000003, 31.507789575000068], [121.30643972500002, 31.506879599000044], [121.30722103300002, 31.50677619900006], [121.30750747700004, 31.505970798000074], [121.30716922200008, 31.505892424000034], [121.30740280900011, 31.504775165000073], [121.30789773300012, 31.504696277000054], [121.30834077900012, 31.50448849800006], [121.30847152700005, 31.50407432100008], [121.3093046910001, 31.50407379200004], [121.30930472500008, 31.503682852000058], [121.30873101500003, 31.503396948000045], [121.30888773800007, 31.502617778000065], [121.31080644100008, 31.503138158000063], [121.31130028600012, 31.503761147000027], [121.31214226500003, 31.505352340000055], [121.31208135800013, 31.505857378000023], [121.31200344800006, 31.506827381000043], [121.31210814300006, 31.50763306800008], [121.31561422900006, 31.50773645400005], [121.31548458100008, 31.507061799000034], [121.31590165700004, 31.50680104700007], [121.31606630700004, 31.50653677300005], [121.31608331000005, 31.50604781200008], [121.31717682000011, 31.506100727000042], [121.31733353500012, 31.505257554000018], [121.31613527900004, 31.50506086000006], [121.3154847730001, 31.50485312400007], [121.31545889200004, 31.504151279000034], [121.31545795100011, 31.503500378000073], [121.31525048600008, 31.50274788500007], [121.31535435200009, 31.50157786700003], [121.31595300400011, 31.501473749000066], [121.31597897200004, 31.501162747000024], [121.3170994200001, 31.501215610000042], [121.31717720300004, 31.501681391000034], [121.31794944100011, 31.501701917000048], [121.3179584630001, 31.501215973000054], [121.31914772200003, 31.50149965900004], [121.31909576800001, 31.502348629000032], [121.3187565080001, 31.50273921800005], [121.31857480100007, 31.504143353000078], [121.31896487400003, 31.504557546000058], [121.31992865800011, 31.50471367900007], [121.31995448500004, 31.50602243500003], [121.3208663890001, 31.50612667300004], [121.32110094000006, 31.505104375000027], [121.32265435500005, 31.505414350000027], [121.32264631500004, 31.50608726500008], [121.32396526600009, 31.506414685000042], [121.32408702600003, 31.505961519000046], [121.32494604800002, 31.506091851000065], [121.33124835500006, 31.510121230000046], [121.33889607300011, 31.51386744400003], [121.3675539300001, 31.554968437000074], [121.34097936700005, 31.573487658000033], [121.28461065100011, 31.618181979000035], [121.17531302700002, 31.722627835000026], [121.14071119700009, 31.75571903900004], [121.13743757400003, 31.757100073000053], [121.11383971400006, 31.760841080000027], [121.09655247700006, 31.764275174000026], [121.07221507500003, 31.77877028600005], [121.05602221400011, 31.784850495000054], [121.0302539810001, 31.78518962600004], [121.0142111670001, 31.78539870200007], [120.95521318000009, 31.785102573000064], [120.92867399600004, 31.788813006000062], [120.91243602500002, 31.795788861000055], [120.89344658800009, 31.819037349000034], [120.89112097500005, 31.821910329000044], [120.88561041700007, 31.82909446800005], [120.87964801200008, 31.836852193000027], [120.85923398500006, 31.870064463000055], [120.85609249500011, 31.87517098100005], [120.85320201100002, 31.88196100900007], [120.84920911400003, 31.890761508000026], [120.79876650700011, 31.990481120000027], [120.78568373100006, 32.00011565800003], [120.78335669600006, 32.00530178300004], [120.77770461800004, 32.017861846000066], [120.77763551400005, 32.018009803000034], [120.77173213900006, 32.02041329000008], [120.76634053700002, 32.022611251000065], [120.75715500100011, 32.02244682600008], [120.75674679500003, 32.02239664700005], [120.7511546920001, 32.02169480600002], [120.743801974, 32.02076917900007], [120.73657754500005, 32.01986255800006], [120.7281471760001, 32.018882645000076], [120.70402056400007, 32.01608467400007], [120.69811738200006, 32.01539834500005], [120.68212697100012, 32.01213302000008], [120.66991254100004, 32.00963748100004], [120.66230864400008, 32.007829635000064], [120.64879409300009, 32.00461197300006], [120.64837689700005, 32.004514691000054], [120.63749340200002, 32.00313061000003], [120.62414444000002, 32.00332520100006], [120.60426119700003, 32.00842017200005], [120.59021116100008, 32.01082705500004], [120.58406641900001, 32.01188059600001], [120.57490992800001, 32.014842594000065], [120.54883071500001, 32.02328036000006], [120.52025026100011, 32.032515634000056], [120.49933205600007, 32.04303541700005], [120.49787332400003, 32.04321409500005], [120.49006156100008, 32.04417494700004], [120.47611047500004, 32.04588853600007], [120.46484204700005, 32.047270009000044], [120.46105682600012, 32.04773638500006], [120.4581661650001, 32.04635390200008], [120.4353495580001, 32.03543227300002], [120.4165518750001, 32.02643066900004], [120.40463881200002, 32.02072549600007], [120.39902169600008, 32.018034846000035], [120.38311565700008, 32.00847713700006], [120.37577854100005, 32.000105743000056], [120.36596749700004, 31.99265144700007], [120.3641526900001, 31.962911897000023], [120.36686195800007, 31.956777143000075], [120.36879824800009, 31.94825294900005], [120.36989573100004, 31.94540208000006], [120.36989873100003, 31.945377071000063], [120.36991372300008, 31.94535604900005], [120.37061241800006, 31.94353988100005], [120.38125728800004, 31.937424103000065], [120.38557208800012, 31.933991748000047], [120.386518409, 31.93040447800006], [120.38574564700002, 31.92765524300006], [120.3763343490001, 31.92069120400003], [120.37516490300004, 31.920359174000048], [120.37621549800006, 31.91957906200002], [120.37574479300008, 31.918589260000033], [120.37552591700013, 31.91830939500005], [120.37539497400009, 31.91834852200003], [120.37520506800001, 31.91828868100003], [120.37505516600005, 31.917988751000053], [120.37461456100004, 31.915948710000063], [120.37487443800002, 31.91589845800008], [120.37481051200008, 31.91541941300005], [120.3757450920001, 31.915219519000065], [120.37574512800006, 31.91479942600005], [120.37502445900009, 31.91484909000008], [120.37502453500007, 31.91398890200003], [120.37584515500008, 31.913999162000042], [120.37594715900002, 31.91342994700005], [120.3766758480001, 31.913449316000026], [120.37666589600008, 31.912949215000026], [120.37791543300013, 31.91274912800003], [120.37819627600004, 31.913410046000024], [120.37851613000008, 31.91381988100005], [120.37881603400002, 31.913799641000026], [120.37884600500001, 31.91401966600006], [120.37984570400009, 31.914068920000037], [120.3799556790001, 31.914009825000058], [120.38008566800012, 31.91374967300003], [120.38047658800008, 31.91352034000004], [120.38035680200004, 31.91143997200004], [120.38040579900009, 31.911329912000028], [120.38281640900006, 31.91035008300002], [120.38312631600003, 31.91092001500005], [120.38337629300008, 31.910820843000064], [120.38350726300008, 31.910990801000022], [120.38363125500008, 31.910934715000057], [120.38383722600008, 31.911010611000062], [120.38410721600006, 31.91085042100007], [120.384506224, 31.91042010100006], [120.384636246, 31.910070954000034], [120.38490723300004, 31.910050801000065], [120.38536720500008, 31.910160581000067], [120.38581721200002, 31.910000316000033], [120.38616723700011, 31.909721082000033], [120.38632728400012, 31.90921089300007], [120.38659732700013, 31.90879067300006], [120.38698844400005, 31.907641242000064], [120.38714748200005, 31.90729109400008], [120.38732951000007, 31.907105973000057], [120.38816753900005, 31.907560717000027], [120.38892761500007, 31.907731457000057], [120.38931764600011, 31.908021377000072], [120.38912858700007, 31.90836152000003], [120.38932857800012, 31.90882154700006], [120.39040772700002, 31.909362303000016], [120.39105785600009, 31.909552150000014], [120.39118787900009, 31.90964213300003], [120.39121787600004, 31.909762151000045], [120.39115883000011, 31.910121246000074], [120.39120883300005, 31.910231255000028], [120.39128884600007, 31.910301249000035], [120.39152890800004, 31.910302184000056], [120.39167797600011, 31.909972073000063], [120.39238823900008, 31.90931275600007], [120.39275837200013, 31.90912163300004], [120.39290945100002, 31.90879253000003], [120.39325858100007, 31.90865243000007], [120.39335863500003, 31.908432363000028], [120.39313859600009, 31.90801231400008], [120.39317861500001, 31.90795229300005], [120.39570970300008, 31.90724278500004], [120.39627997600009, 31.90726274700006], [120.39657913500002, 31.907152707000073], [120.39685424100004, 31.907562784000042], [120.3974044370001, 31.90870301900003], [120.39764953200007, 31.909173120000045], [120.39775959500004, 31.909153117000074], [120.39843102000009, 31.908795051000027], [120.40300643600006, 31.90730634400007], [120.41660397300006, 31.901836524000032], [120.41691646400011, 31.901710763000043], [120.42029409900012, 31.90020359900006], [120.42219549600009, 31.899665484000028], [120.4321711770001, 31.897424059000052], [120.43932594500006, 31.89522649300005], [120.44227392200003, 31.89434179100004], [120.442298992, 31.894335838000078], [120.44234712500008, 31.894319927000026], [120.44490031700003, 31.89378883400008], [120.45022210100002, 31.89322092200006], [120.46190832800005, 31.891853412000028], [120.46198578500002, 31.889664147000076], [120.46423432000007, 31.88149722300005], [120.46672719000003, 31.881088699000028], [120.4800691910001, 31.876340939000045], [120.48260408000012, 31.874734989000043], [120.48637985500011, 31.873274805000054], [120.48776877400009, 31.867417734000064], [120.49159714800011, 31.862836223000045], [120.49759842000003, 31.854116462000025], [120.49837697900013, 31.84812063000004], [120.49882812100009, 31.843685133000054], [120.50386255600006, 31.845676512000068], [120.51001636000001, 31.84353419600005], [120.51300293100009, 31.839960153000042], [120.51760328000013, 31.83620749600004], [120.52446000200007, 31.83339469900006], [120.52696793500003, 31.829900654000028], [120.52496359500005, 31.823370224000026], [120.52649121600007, 31.819090486000043], [120.52561340000011, 31.81672177200005], [120.52394871000003, 31.81566617700002], [120.52019263500006, 31.812826509000047], [120.51932151900009, 31.812559062000044], [120.51816769100002, 31.808310139000064], [120.51957320600002, 31.80331420800007], [120.52215993800007, 31.79757935200006], [120.52378269000008, 31.79711464500007], [120.52595332700004, 31.79581418800007], [120.52681231500003, 31.79525434400006], [120.52722015900008, 31.789835554000028], [120.5400901610001, 31.78921155900008], [120.54020329800005, 31.79154617200004], [120.54102459400008, 31.792804180000065], [120.54193713000006, 31.794002354000035], [120.54242450400011, 31.794245442000037], [120.54463771700013, 31.794144088000056], [120.5455301390001, 31.794387957000026], [120.54993557400007, 31.795726787000035], [120.55121873400003, 31.79617023200007], [120.55159472300011, 31.795383791000056], [120.5516127950001, 31.795044770000054], [120.55159504900006, 31.791483178000078], [120.55159404900009, 31.79145517200003], [120.55159505200004, 31.791435170000057], [120.55159307100008, 31.79115912300005], [120.55159307400002, 31.791122118000033], [120.55159307600002, 31.79109511400003], [120.55158222700004, 31.788967765000052], [120.55238027300004, 31.78765699700004], [120.5541203780001, 31.787815061000057], [120.56647065400013, 31.795896352000053], [120.5667701850001, 31.79562966600002], [120.57651585100007, 31.786925780000043], [120.58002183700013, 31.78427774900007], [120.58085476400005, 31.78271699700007], [120.5822613040001, 31.779342241000055], [120.58452557200008, 31.773734440000055], [120.58482992400003, 31.772160335000013], [120.58519450100005, 31.76831693500003], [120.5844912780001, 31.76491720300004], [120.58431816800008, 31.764689102000034], [120.59062698100001, 31.762563476000018], [120.5927530780001, 31.75830307500007], [120.59345636600004, 31.757160937000034], [120.59369961700008, 31.75485664000006], [120.59581668500006, 31.74675751400002], [120.5945496260001, 31.744930394000054], [120.59061857400003, 31.74327105800006], [120.58911714700002, 31.74030448000008], [120.5852291110001, 31.737065039000072], [120.58139300000005, 31.737532366000032], [120.58014290400001, 31.736593557000045], [120.57892799500009, 31.732810389000058], [120.5780172320001, 31.73032151700005], [120.57749670600003, 31.72975309200006], [120.57823404900013, 31.723292944000022], [120.57898100800003, 31.72121723400005], [120.58036949100006, 31.720045974000076], [120.58088126400004, 31.716555936000066], [120.5834675200001, 31.716254202000066], [120.58563711300008, 31.71624005600006], [120.58662584700005, 31.71512327300008], [120.59258878000003, 31.712951078000057], [120.59487934300012, 31.712843035000052], [120.59660673300004, 31.71097369400007], [120.59603183500009, 31.709001596000057], [120.59381746300005, 31.708691717000075], [120.5938064820001, 31.70844169700008], [120.59361746100001, 31.708131672000043], [120.59227711200003, 31.707751613000035], [120.59229715200001, 31.70735158100007], [120.59152690400003, 31.70719251700007], [120.59160691000012, 31.707472547000062], [120.59201703500004, 31.707661591000036], [120.59195700100008, 31.70783260200005], [120.59152685900007, 31.70773256200005], [120.59108674300002, 31.70717247400006], [120.59095771999999, 31.706842433000073], [120.58962732500005, 31.704782081000065], [120.58969738700013, 31.704412062000074], [120.5885979740001, 31.70294273700005], [120.58760649800001, 31.702203445000066], [120.58731831100012, 31.702453389000034], [120.58717823300002, 31.702403347000022], [120.58561936100011, 31.700992751000054], [120.58401917000003, 31.701474177000076], [120.5837790170001, 31.70108304500007], [120.58516809200012, 31.700483551000044], [120.58501902600004, 31.700013459000033], [120.58422243100006, 31.70018216100004], [120.58410937100007, 31.69987309100003], [120.58485894700003, 31.699593367000038], [120.58486896100011, 31.69951336500003], [120.58410851300005, 31.69814295900005], [120.58396941500007, 31.69805389500004], [120.58299862200012, 31.69835448800006], [120.58281947900002, 31.698293399000075], [120.58243922400004, 31.69751415800005], [120.58221903800008, 31.697494048000067], [120.58129937300009, 31.69569443800003], [120.5809290310001, 31.695714236000075], [120.5807098900001, 31.69493405700007], [120.57612095900004, 31.695405016000052], [120.57389714500006, 31.69582121600007], [120.57379100600009, 31.69581612300004], [120.57375096400007, 31.695685079000036], [120.57372099500003, 31.694835991000048], [120.57415356800003, 31.694739361000074], [120.57386827300002, 31.69382304800007], [120.57449510300012, 31.693597570000065], [120.5741768150001, 31.692125197000053], [120.57415078600002, 31.692066170000025], [120.57382034800003, 31.69214588800003], [120.57331065300002, 31.69236545200004], [120.57245141100009, 31.693205721000027], [120.57137082100007, 31.693935735000025], [120.57125167400011, 31.69362659500008], [120.57103135400007, 31.69361637500003], [120.57109146200004, 31.693366418000025], [120.57160120700007, 31.69327591400002], [120.57159121000008, 31.69306588900002], [120.57147204000013, 31.693055772000047], [120.57147207400011, 31.69264574400006], [120.57190169100011, 31.69259615700003], [120.57192175600005, 31.692166147000023], [120.57216109500007, 31.692136374000032], [120.57216111100001, 31.69193636000005], [120.57234236600004, 31.691926530000046], [120.57239141900004, 31.69210558900005], [120.57265178700004, 31.69201582600005], [120.57262178200007, 31.691575768000067], [120.56818211900008, 31.691807223000065], [120.56642223100006, 31.691397147000025], [120.56588233000004, 31.691077470000046], [120.56582323200007, 31.69101739300003], [120.56616285100007, 31.690637782000067], [120.56627206100006, 31.690356895000043], [120.56540262300007, 31.689486770000027], [120.564942857, 31.68889715400007], [120.56408327300005, 31.689297077000045], [120.56394302100011, 31.68923789000007], [120.56347024900005, 31.68800718600005], [120.5638229110001, 31.687897645000085], [120.56381294100004, 31.68730759300007], [120.56261369100001, 31.687367991000038], [120.56199449200005, 31.687498146000053], [120.56197355500002, 31.686248037000034], [120.56185340700007, 31.685217805000025], [120.56062408700006, 31.683938978000068], [120.56008403400006, 31.68350816300005], [120.55990367500009, 31.68339789000004], [120.55928440100001, 31.683417968000068], [120.55915414200001, 31.683288763000068], [120.55908401600004, 31.683038643000028], [120.55877940100005, 31.68277716400007], [120.55861507000009, 31.682608903000066], [120.55874434900011, 31.68252809600006], [120.55913416200006, 31.682548690000036], [120.55940473300006, 31.682408088000045], [120.55992391500001, 31.681007779000026], [120.55955417900009, 31.68074821400006], [120.559683457, 31.68059839900007], [120.56078364000007, 31.681118041000047], [120.56238980900002, 31.680777282000065], [120.56229364900004, 31.68047813300006], [120.56214336500011, 31.680417922000057], [120.56213339800003, 31.67978787300006], [120.5623738700001, 31.679668198000062], [120.56233379900004, 31.67959813800007], [120.56270351900002, 31.679427635000025], [120.56214354500004, 31.67824780100004], [120.5631034160001, 31.677697080000037], [120.56294320300003, 31.67663780700007], [120.56349324700012, 31.676457535000047], [120.56338312200012, 31.675497337000017], [120.56343322600003, 31.675367397000056], [120.56411346800009, 31.675507299000056], [120.56515335600012, 31.675297619000048], [120.5651934330001, 31.675227665000076], [120.56493303700005, 31.67442729600002], [120.56375287800007, 31.674647783000065], [120.5629233640001, 31.674237655000066], [120.5629333940001, 31.674097662000058], [120.56274304400006, 31.67398739800007], [120.56270297900005, 31.673848337000035], [120.56366290400001, 31.672327548000048], [120.56285239900001, 31.672197458000028], [120.56285344100003, 31.67170743600007], [120.56231342000002, 31.671627694000044], [120.56304288500007, 31.67065764200003], [120.56453262700006, 31.670697603000068], [120.56437239000002, 31.670047366000063], [120.56412293600012, 31.67006804400007], [120.56403273700006, 31.670467945000045], [120.56345367400002, 31.670417181000072], [120.56353287200011, 31.66979825600003], [120.56417304900003, 31.669798096000072], [120.5642031110001, 31.669708132000046], [120.56405289000008, 31.66906790700006], [120.5639898390001, 31.668290789000032], [120.56439065300002, 31.66728126500004], [120.56300339500001, 31.66359928300006], [120.5625606860001, 31.66203062100004], [120.55433343300002, 31.66059591400006], [120.55436761000011, 31.659414929000043], [120.55682427800001, 31.65778493900007], [120.56061625400004, 31.657566725000045], [120.56750782300001, 31.657886714000032], [120.5792238030001, 31.654078088000052], [120.58243481700003, 31.65394088700002], [120.5879277880001, 31.65240385500004], [120.5902273170001, 31.64753317700007], [120.59166001100004, 31.64588429700007], [120.58689517300003, 31.64047433300005], [120.58538434500008, 31.638647821000063], [120.58677334400011, 31.637497260000032], [120.59137292700008, 31.633518108000025], [120.58935137800005, 31.62985582100003], [120.58790185400005, 31.62716051100006], [120.59572212500005, 31.620158099000033], [120.59640728200009, 31.61924202800003], [120.59471217400004, 31.61754520600005], [120.59392704900007, 31.617051243000045], [120.5928488510001, 31.61604425500008], [120.59206766000011, 31.615425230000024], [120.59087927200007, 31.61491413600004], [120.58947272900004, 31.61414194700006], [120.5881280840001, 31.613731679000068], [120.58729462400004, 31.613618470000063], [120.5859667740001, 31.613921065000056], [120.58368405800003, 31.61482617800005], [120.5822088340001, 31.614984488000054], [120.58123695100005, 31.615253977000066], [120.58027402200003, 31.61555642900003], [120.57820791100006, 31.615571119000037], [120.577071638, 31.615745316000073], [120.57469276300004, 31.615930448000025], [120.57287033700005, 31.616275843000043], [120.56889569300006, 31.61387587700005], [120.5657977510001, 31.611555318000054], [120.5628985190001, 31.61127357900006], [120.56348882800012, 31.608797421000077], [120.56411402200001, 31.608286253000074], [120.5623789870001, 31.605765992000048], [120.56223986200007, 31.604031845000065], [120.55481031900001, 31.602709475000026], [120.55280566100011, 31.60239302400003], [120.54883940000002, 31.607690581000035], [120.54197381900008, 31.606756591000075], [120.53920590100007, 31.60479953100003], [120.538797767, 31.603801637000053], [120.54080301200008, 31.58778470500005], [120.54350994200001, 31.585356654000066], [120.54257360100009, 31.58175185000005], [120.54372710200005, 31.578672467000047], [120.5459503310001, 31.57708914400007], [120.54699714400012, 31.57688025400007], [120.54881085300006, 31.577158777000072], [120.55278256500003, 31.578690006000045], [120.55279559600001, 31.578694029000076], [120.55280862600013, 31.578700052000034], [120.5542990790001, 31.579274607000052], [120.55641474800008, 31.58069305000003], [120.55760129500004, 31.581204919000072], [120.55939102900004, 31.581692644000036], [120.56402732800007, 31.578400335000016], [120.56706461300008, 31.578781080000056], [120.56881739500012, 31.57958202600002], [120.56672678500001, 31.58193050600005], [120.56319014400005, 31.586099818000037], [120.56424401600009, 31.586972166000056], [120.56620541700012, 31.58777158800007], [120.56962094800008, 31.588061458000027], [120.57518070300011, 31.587660701000065], [120.5800491330001, 31.58726015900003], [120.58284679800012, 31.585514738000022], [120.58555904900004, 31.582956981000056], [120.5889003010001, 31.57951708600006], [120.59037509300005, 31.57813641200005], [120.59060928800011, 31.576940512000082], [120.59177300100009, 31.573615832000023], [120.59213626700011, 31.57185896900007], [120.59213927000008, 31.57183597100005], [120.59214627500012, 31.571813973000072], [120.59335210800009, 31.565989413000075], [120.5944460810001, 31.557265072000064], [120.5950797490001, 31.550590621000026], [120.59881915800007, 31.548986195000058], [120.60083307400009, 31.548199712000038], [120.59966130900011, 31.546700200000036], [120.59958332300005, 31.54660023200006], [120.59952333200012, 31.54652225500007], [120.59899351700004, 31.544569581000076], [120.59861962900004, 31.54330679400005], [120.59859378700003, 31.541383996000032], [120.59872386700012, 31.54039406900005], [120.59911490000002, 31.539847033000058], [120.59991291200005, 31.539145897000033], [120.60064190300011, 31.53839576100006], [120.60092891500004, 31.537811732000073], [120.60079798400011, 31.537177843000052], [120.60041709100004, 31.53640304600003], [120.60000830800004, 31.534226406000073], [120.60006940300002, 31.532998527000068], [120.60045144000003, 31.532106517000045], [120.60124958000006, 31.529180602000046], [120.60157068, 31.527370707000042], [120.6013018210001, 31.52614894900006], [120.59816045100001, 31.521115435000066], [120.59721444800005, 31.52073965900007], [120.59584331600001, 31.52073984500003], [120.5950612490001, 31.52010399600005], [120.59477529000003, 31.518982161000054], [120.59438526900011, 31.51829627100005], [120.5936991300001, 31.518101315000028], [120.59247576700012, 31.518394258000054], [120.59145135000006, 31.519276077000026], [120.59076584400009, 31.52225562300004], [120.58979399000009, 31.52762882500008], [120.58940371300001, 31.52880161800004], [120.5885702280001, 31.529680351000028], [120.58705138500011, 31.529632978000045], [120.58563652800002, 31.52909459700004], [120.58158354900003, 31.526654117000074], [120.57271407600001, 31.51962254700005], [120.56808941200005, 31.516613188000058], [120.56433114200001, 31.514482922000074], [120.55949695300001, 31.51244145900005], [120.55561771200007, 31.511066536000047], [120.55216370400001, 31.51052466000004], [120.55095682900003, 31.50966759200003], [120.54852709800002, 31.50480472300007], [120.54736424000009, 31.502721767000025], [120.54551545400012, 31.500868342000047], [120.5442390730001, 31.499479925000053], [120.54377998900009, 31.497164328000054], [120.5446997250001, 31.494848613000038], [120.54469985900005, 31.49322787700004], [120.54482135500007, 31.49125945100006], [120.54666944300004, 31.490100396000063], [120.54875299700007, 31.488825692000034], [120.54968162900002, 31.48558401200006], [120.55034037700011, 31.48444644500006], [120.55100018500004, 31.48238702500003], [120.55107846700002, 31.481297362000063], [120.5509913620001, 31.479962441000062], [120.55015836100006, 31.479127049000056], [120.54918891200009, 31.47912022200006], [120.5498556660001, 31.478334626000045], [120.54667345300005, 31.47798152100006], [120.54646389400013, 31.477991099000064], [120.54514439600007, 31.477231562000043], [120.54209505000004, 31.47521151400007], [120.5400322380001, 31.47322936300003], [120.53929513500009, 31.472341880000045], [120.53823503000001, 31.47159261900004], [120.53648575700004, 31.47101268600005], [120.53301591800006, 31.470423503000067], [120.5324160250001, 31.47002211100005], [120.532226433, 31.469783690000042], [120.53185628900007, 31.46915289800005], [120.53133661500009, 31.46897364300003], [120.52975743000002, 31.46898367900007], [120.52834675400004, 31.468694138000053], [120.52678749100006, 31.46865311300007], [120.52503746400008, 31.46901344600008], [120.52426777800007, 31.469263354000077], [120.5228477510001, 31.470054395000023], [120.52168763200007, 31.47036419300003], [120.51950784700013, 31.47038421100006], [120.51837879800009, 31.470050142000044], [120.51724873600007, 31.469484092000066], [120.51460818300006, 31.467624987000082], [120.513108642, 31.467224777000066], [120.51211897900009, 31.466765020000025], [120.51163820200009, 31.466425698000016], [120.51152881300006, 31.466165433000068], [120.51162719000001, 31.466079734000065], [120.5116686360001, 31.462605546000088], [120.51160944500009, 31.462235449000048], [120.51303882200013, 31.46194462700004], [120.51299884900004, 31.459834941000054], [120.51211856500004, 31.459714433000045], [120.51204935400006, 31.459135351000032], [120.51048852200007, 31.458654932000062], [120.51011908900011, 31.459095767000072], [120.50987917900011, 31.459125062000044], [120.50947874100007, 31.458185089000025], [120.509278988, 31.458125519000074], [120.50849902100003, 31.458175228000066], [120.50846887500006, 31.45855506100003], [120.50789869400013, 31.458665367000034], [120.50797896500002, 31.459075519000066], [120.50679848400011, 31.458745117000028], [120.50646921200007, 31.458875120000066], [120.50477480600011, 31.457673363000033], [120.50413333700008, 31.457628471000078], [120.50349881200009, 31.45854539800007], [120.50276895100001, 31.459026129000055], [120.50218972500011, 31.458825447000034], [120.50066983500007, 31.458755928000066], [120.50062958000001, 31.459935566000063], [120.49993888400003, 31.460065476000064], [120.49986964100003, 31.45975533300003], [120.49805957800004, 31.459935882000025], [120.49697940100009, 31.45951573300004], [120.49579990000007, 31.45829545100002], [120.49536927200006, 31.45765629300007], [120.4923788980001, 31.454036098000074], [120.49177961000011, 31.45341543700004], [120.49134895300006, 31.453136209000036], [120.49097952000012, 31.453036127000075], [120.49096048900005, 31.45252817800008], [120.49092944700011, 31.45158528700006], [120.49163924500012, 31.451245482000044], [120.49165934000008, 31.451055583000027], [120.49138735800011, 31.45011197400005], [120.49130907300004, 31.449875791000068], [120.4907599180001, 31.450016121000026], [120.48988848900001, 31.45038543900006], [120.48965859600003, 31.450345763000016], [120.48959936700008, 31.45032559000004], [120.48970984300001, 31.449786036000027], [120.48937855400006, 31.44976505300007], [120.48894889900009, 31.449545821000065], [120.48838968600013, 31.449976063000054], [120.48818185100005, 31.45028937700004], [120.48805936100008, 31.450454977000042], [120.48762970700011, 31.450265741000067], [120.48698922900007, 31.450135869000064], [120.48577853500002, 31.450126285000064], [120.48254903600002, 31.45053569400006], [120.48195881700009, 31.44997609000005], [120.48179923600003, 31.44960570500007], [120.481678782, 31.44950537500006], [120.4814188490001, 31.448775776000044], [120.48048926600005, 31.44908500500003], [120.48051836400008, 31.44924505400007], [120.48030855000002, 31.449395413000047], [120.48064874100008, 31.450675123000053], [120.48084849800011, 31.450755686000033], [120.48092879400008, 31.450885891000038], [120.48092971900007, 31.451815694000064], [120.4779132870001, 31.451278094000035], [120.47750573200005, 31.451444891000047], [120.47726279400001, 31.451687144000058], [120.47705697400012, 31.452201444000025], [120.47690643100009, 31.45191207700002], [120.4764487130001, 31.451855785000078], [120.47640255700004, 31.451652696000053], [120.47605229300008, 31.451037833000044], [120.47516800300002, 31.45077538300006], [120.47054811300006, 31.44865497200004], [120.469907798, 31.44845526400007], [120.4555965620001, 31.44733387100007], [120.45017748700002, 31.44807533800002], [120.44035337700006, 31.44949914300003], [120.43353225200009, 31.450570241000023], [120.4291514140001, 31.450798689000067], [120.42823147600008, 31.450708445000043], [120.42707210300011, 31.450438962000078], [120.43284113700008, 31.444852418000046], [120.43035557600003, 31.444406802000056], [120.42885723100005, 31.44566640600004], [120.42807050600004, 31.44646715500006], [120.42776586100003, 31.44660771500003], [120.42760153000008, 31.446493522000022], [120.42732794500013, 31.44676110200003], [120.42725877900011, 31.447037949000045], [120.42641906000004, 31.447240818000076], [120.42615648000003, 31.447874345000052], [120.42595807800001, 31.447955077000067], [120.42588290900005, 31.44818493200006], [120.4249951710001, 31.44818283700005], [120.42502825300005, 31.447972923000066], [120.42472466900006, 31.447937563000043], [120.42463247100011, 31.448184398000024], [120.42324786100005, 31.448181781000066], [120.42327098200006, 31.44728700300004], [120.42192353600001, 31.447228520000078], [120.42159093600003, 31.44733214000008], [120.42030265000005, 31.447891679000058], [120.42011431200001, 31.448090446000037], [120.4196113160001, 31.449816571000028], [120.41937288500003, 31.45020725400007], [120.4190302920001, 31.450534854000065], [120.41849339800002, 31.450759300000065], [120.4179695580001, 31.45077781500004], [120.41414490800003, 31.450165807000072], [120.40154993400007, 31.44382550800004], [120.35879937800007, 31.42215640500007], [120.35115556900007, 31.41827907500005], [120.33090442000001, 31.409223560000047], [120.31297905800011, 31.400018254000038], [120.30355304800001, 31.395181819000065], [120.24855304600008, 31.36808198500006], [120.20497663000003, 31.34762619600007], [120.20195656900012, 31.344530044000063], [120.16898954900013, 31.310727650000054], [120.13618459800011, 31.287594952000056], [120.10534514000005, 31.265846641000042], [119.9153894000001, 31.173165208000054], [119.91586440600007, 31.172700051000046], [119.91632936600003, 31.172632689000064], [119.91655737000008, 31.172270676000036], [119.91663342000005, 31.171584960000075], [119.91634849000003, 31.171147432000062], [119.91640566700005, 31.168996486000022], [119.91564893700003, 31.16666432700003], [119.915625018, 31.165739824000063], [119.91587109600003, 31.164591211000072], [119.91644513500013, 31.16346330200003], [119.91972584700011, 31.159136460000063], [119.92225721500007, 31.156183290000065], [119.92330283800005, 31.15519860200005], [119.93212831300002, 31.14879892700003], [119.93333827300013, 31.147752571000073], [119.93438333800009, 31.14660448100005], [119.93518263500006, 31.145189901000023], [119.93563429200005, 31.143589988000027], [119.93583922300002, 31.141826577000078], [119.9357364650001, 31.140288572000042], [119.93524428200011, 31.13684424400003], [119.93514254000002, 31.135080360000085], [119.93522362700003, 31.13307030300007], [119.93557244400006, 31.130876895000043], [119.93673343100009, 31.127849537000035], [119.93682434900006, 31.127612506000045], [119.9419491220001, 31.114253332000033], [119.94220486200004, 31.113221400000043], [119.9423357710001, 31.112184714000076], [119.94238878400006, 31.11118715900005], [119.94231095600003, 31.110415736000046], [119.94225609500008, 31.109677250000058], [119.94204941300006, 31.10925488600003], [119.9416090750001, 31.10847317100007], [119.94190674900007, 31.107592081000057], [119.94234815800007, 31.107444302000033], [119.94271567500006, 31.107160737000076], [119.94837782300011, 31.099017498000016], [119.94908074600006, 31.09814044700006], [119.9491825880001, 31.098012294000057], [119.94936430600002, 31.097785019000074], [119.95418726600008, 31.092650837000058], [119.95677163200003, 31.08961631300008], [119.95802534100007, 31.08768130700002], [119.96055759200011, 31.083322379000034], [119.96508751900002, 31.07649139500005], [119.96740654300004, 31.074222422000044], [119.96977726000011, 31.072521863000073], [119.97082387500008, 31.07186731700005], [119.97129778700003, 31.071571157000047], [119.97390072300004, 31.069943709000032], [119.97807473800005, 31.067108259000065], [119.98152832700008, 31.06396388100005], [119.98379675800004, 31.061386597000016], [119.98473651500001, 31.05937693400005], [119.98504678700012, 31.058550478000022], [119.98519842900009, 31.058147253000076], [119.98532413400005, 31.05781306800003], [119.98654931600005, 31.05373072900006], [119.98772155300003, 31.050457077000022], [119.98907324800008, 31.047924448000057], [119.99083287000008, 31.045313618000076], [119.9916887920001, 31.043394127000052], [119.99247893200004, 31.040915159000072], [119.99368897600004, 31.038330975000058], [119.99286926700007, 31.036755388000067], [119.99295606700001, 31.036432311000056], [119.99469080200004, 31.033008020000068], [119.99621500800005, 31.030543812000076], [119.99697711500005, 31.02926923300004], [119.99956848100011, 31.027322484000017], [119.99993155300001, 31.027050540000058], [120.00005523700008, 31.026970212000034], [120.00621552700011, 31.023570598000045], [120.01088889300003, 31.02067640200005], [120.0111093580001, 31.02046187900003], [120.01197224500004, 31.019945648000036], [120.01211089900005, 31.019945243000056], [120.01222362200009, 31.01990493600005], [120.0276981090001, 31.013840379000047], [120.03253028100004, 31.01250883500006], [120.03339859500012, 31.012268831000032], [120.04085123000004, 31.01021558200007], [120.0475840690001, 31.007756872000076], [120.05089286900011, 31.005544829000037], [120.05204053600004, 31.00466424500007], [120.05378266000004, 31.002944167000074], [120.05526219300009, 31.001312598000023], [120.05614435000008, 31.000521598000034], [120.0563941250001, 31.000220366000057], [120.05645908100009, 30.999992395000046], [120.05815156700011, 30.998765416000026], [120.05968831300004, 30.997631735000027], [120.06193969200002, 30.99587750800003], [120.06429826300008, 30.994027415000062], [120.06562958000005, 30.992964350000076], [120.06801158300003, 30.991040653000027], [120.06829447900009, 30.990867435000048], [120.06995094500006, 30.989900204000037], [120.07636423300005, 30.985931727000036], [120.08209145900003, 30.981673611000083], [120.0895296650001, 30.975225913000035], [120.09426105600004, 30.968344668000043], [120.09677171100009, 30.966173183000024], [120.09718316600004, 30.965930390000036], [120.09728928200002, 30.965912418000066], [120.09738338000012, 30.965929425000066], [120.09751451700004, 30.965990411000064], [120.09817719900003, 30.966499237000043], [120.09890396800006, 30.967111035000073], [120.09913122000012, 30.967227021000053], [120.09919229000002, 30.967233032000028], [120.0994545980001, 30.967224105000074], [120.09987310100009, 30.96714026600005], [120.10010739200003, 30.967040392000058], [120.10029563800003, 30.966838566000035], [120.10035372200001, 30.966685674000075], [120.10032369800001, 30.96654374900004], [120.10012847500002, 30.96638278700004], [120.09950877900008, 30.96588191300004], [120.09943070200006, 30.96571399300007], [120.09942871200008, 30.965574075000063], [120.09949480000013, 30.965453163000056], [120.10090461100005, 30.964271274000048], [120.1010107530001, 30.964171367000052], [120.10188494500005, 30.963246215000026], [120.10204316000012, 30.96313433900007], [120.1024356790001, 30.96307252300004], [120.10257286700005, 30.96299762100006], [120.10264998300012, 30.962836746000054], [120.10259693100011, 30.96262884900006], [120.10205626700008, 30.962101956000033], [120.10205627800006, 30.961965037000034], [120.10211536700001, 30.961844130000028], [120.10223052800006, 30.961713251000045], [120.10345926200013, 30.960673359000058], [120.10374968200006, 30.960436625000053], [120.10397604300012, 30.95989204800003], [120.1042134270001, 30.95929650800008], [120.10617438500003, 30.957922295000056], [120.1069756060001, 30.957797812000024], [120.10800923600006, 30.957492601000062], [120.10890169200002, 30.957133372000044], [120.11026597800002, 30.956664565000043], [120.11246489500003, 30.955206052000047], [120.1141400230001, 30.95403610200003], [120.11602667800003, 30.95280248500006], [120.12151711000001, 30.949358039000053], [120.1219861400001, 30.949066730000023], [120.1235085400001, 30.94810802700005], [120.12444468100011, 30.947405544000052], [120.12489571900007, 30.94712824800007], [120.12513426900013, 30.94700860700003], [120.12739956200005, 30.94610596300003], [120.12780254300004, 30.945702719000046], [120.12770536600011, 30.945112943000023], [120.13033776700001, 30.943937127000016], [120.13305537800012, 30.94529612300004], [120.13465345100006, 30.945121550000064], [120.13584451100006, 30.945238254000053], [120.13709377500005, 30.94520916600004], [120.13779164400012, 30.944861446000054], [120.13776261500006, 30.944308728000063], [120.13796617600008, 30.944047198000074], [120.14084194800013, 30.943409125000077], [120.14127816100006, 30.94311800300005], [120.14185880900004, 30.942420360000035], [120.14217873900009, 30.941810244000067], [120.14212061400006, 30.941403390000065], [120.1424405340001, 30.940939189000062], [120.14457556700006, 30.939675487000034], [120.14478215500004, 30.939552908000056], [120.14487942900007, 30.939539080000028], [120.15712606300009, 30.93781182500004], [120.1626566560001, 30.937115517000056], [120.17127765400005, 30.936179262000046], [120.17384635400003, 30.93598417900006], [120.18394111100008, 30.934407529000065], [120.18834767600003, 30.933483755000054], [120.1908376330001, 30.932752395000072], [120.19191765600009, 30.931898692000058], [120.1923949950001, 30.931396774000063], [120.19417887100008, 30.93047121800003], [120.19533794600011, 30.93050104900004], [120.1980018050001, 30.931515593000025], [120.2000409630001, 30.931893436000056], [120.20150661900004, 30.93192656100007], [120.20322283600001, 30.931793084000052], [120.20491692200005, 30.93153657700003], [120.20585315800008, 30.931191042000027], [120.20596141500006, 30.93115121000005], [120.20613181500006, 30.93113644600004], [120.20660792600007, 30.931095099000057], [120.20773350800005, 30.93119550300002], [120.21360041900006, 30.929924295000042], [120.21486605200005, 30.929555897000043], [120.21620375200007, 30.929399398000047], [120.21707248500002, 30.929103458000046], [120.21721777100004, 30.929054633000078], [120.21912342200007, 30.928886580000043], [120.22161397100001, 30.928763888000052], [120.22507687600012, 30.928665705000064], [120.22842111700002, 30.928477086000047], [120.22986624100008, 30.92833702700005], [120.23067841500006, 30.92802366000007], [120.23085967300007, 30.927953799000083], [120.23094679100006, 30.927982829000026], [120.23204325300003, 30.92833717600007], [120.23678006300008, 30.92870186200001], [120.2396000650001, 30.92875356600007], [120.2425698520001, 30.928701047000057], [120.24390998800004, 30.928579212000045], [120.24415118500006, 30.92855023900006], [120.24441639800011, 30.928518266000033], [120.2448787620001, 30.92846230700008], [120.24622875800004, 30.92843429900005], [120.24742255000002, 30.92864209800006], [120.248158009, 30.928733968000067], [120.24892646700006, 30.92879183300005], [120.24987100800001, 30.92867175000004], [120.25013915000011, 30.92869768400005], [120.25172089000012, 30.929197039000027], [120.26162715400007, 30.930447981000036], [120.26685165800006, 30.93085602500003], [120.27012583200009, 30.93038349100004], [120.27283172000013, 30.931232393000084], [120.27506662400003, 30.931483919000062], [120.27660876400012, 30.931578166000065], [120.27799288400001, 30.932050301000054], [120.28054315200006, 30.932081210000035], [120.28206799700001, 30.93221320300006], [120.28383955000005, 30.932427752000027], [120.28539017600008, 30.932899367000054], [120.28932442500002, 30.933150595000026], [120.29155912300007, 30.932867396000066], [120.29530483600003, 30.933810942000036], [120.29901929000003, 30.934094637000044], [120.30018680300009, 30.93408166300003], [120.30186360400012, 30.934219693000035], [120.30351837200011, 30.934417679000035], [120.3114729330001, 30.93601728600003], [120.31766846300002, 30.937321832000066], [120.3263836980001, 30.939871632000063], [120.33160850200012, 30.940818115000074], [120.33629425900004, 30.94203261100005], [120.33872463800002, 30.942053125000033], [120.33890636800004, 30.942083776000064], [120.33920192800008, 30.942133207000037], [120.33958336100011, 30.942224459000045], [120.34209565900005, 30.943043454000083], [120.34339177000004, 30.94365679300006], [120.34652636600003, 30.94462477600006], [120.34772574500006, 30.944810629000063], [120.34946643700005, 30.94518449900004], [120.35298894700009, 30.94627715700005], [120.35410659700005, 30.94647928800002], [120.35463097000003, 30.94663438600003], [120.35497455400002, 30.946838737000057], [120.35604627400006, 30.947507713000043], [120.3565057500001, 30.947617959000073], [120.3574067510001, 30.947700574000063], [120.35787023600005, 30.947860800000047], [120.35878620300002, 30.948579049000045], [120.35987203100002, 30.949166159000065], [120.360809075, 30.94938572400002], [120.36387715800004, 30.949824366000026], [120.36529191300008, 30.950073423000045], [120.36645689500004, 30.950790566000027], [120.36682765500007, 30.950160492000066], [120.36700965500007, 30.948497259000074], [120.36665402300004, 30.94746229900005], [120.36556907500005, 30.945474802000042], [120.36380673300005, 30.943834006000024], [120.36035935000005, 30.93968809100005], [120.35637489700004, 30.93589209900005], [120.35503749300005, 30.934989657000074], [120.35482083100011, 30.933958599000057], [120.35553214100003, 30.932456402000078], [120.35590590300002, 30.930282123000044], [120.35804086400003, 30.92665010500007], [120.35821481100005, 30.92509377300006], [120.35806808500001, 30.923719797000054], [120.35706023000013, 30.923103640000072], [120.3547858600001, 30.922380496000073], [120.3537791220001, 30.921423621000027], [120.35316196600003, 30.920167329000034], [120.35268498600009, 30.914954157000068], [120.35219874000008, 30.91306804200007], [120.35229480200007, 30.910952135000052], [120.35293716500009, 30.90927910100003], [120.35403105100009, 30.90703970500004], [120.35474238100007, 30.905123731000053], [120.35436910400006, 30.901747291000046], [120.35483786100008, 30.89819665100004], [120.35549838500005, 30.89486559500005], [120.35435173100007, 30.89462849100005], [120.35440373000007, 30.893927821000027], [120.353770487, 30.893803877000035], [120.3543869470001, 30.891619198000065], [120.3529017830001, 30.890788005000047], [120.35293677200004, 30.890423164000033], [120.35339632600005, 30.889173171000046], [120.35785060900004, 30.885121786000074], [120.36002955700006, 30.882537176000028], [120.36103655600003, 30.88252478600004], [120.36779953700011, 30.884218187000045], [120.367660461, 30.886354104000077], [120.36770436600011, 30.887076631000074], [120.37261804600007, 30.887681918000048], [120.37404200400012, 30.890813690000076], [120.37476247200003, 30.892822835000054], [120.38004140800001, 30.893609972000036], [120.38371472800009, 30.893545573000033], [120.38582462600004, 30.893318549000067], [120.3880637540001, 30.892897766000043], [120.39005203900001, 30.892814076000036], [120.40045434600006, 30.89569527300006], [120.40115883500005, 30.895831289000053], [120.40059525500011, 30.89792198600002], [120.40221642600011, 30.89827704100002], [120.40200316300002, 30.899414332000052], [120.40501966400006, 30.900039739000075], [120.40814967500012, 30.901504113000037], [120.4110529200001, 30.902755916000043], [120.4125757280001, 30.90417803900005], [120.41645712300009, 30.90478359800004], [120.41887086300005, 30.905112556000063], [120.41787999300004, 30.90850464700003], [120.41579616100012, 30.91630427400003], [120.41409424400001, 30.92207855600003], [120.41315662800001, 30.926097517000084], [120.41338280600007, 30.927579798000075], [120.41547454900001, 30.92973308800003], [120.41687261400011, 30.929896145000043], [120.41880068000013, 30.929466133000062], [120.42005081100001, 30.928652826000068], [120.43040032700002, 30.922864904000054], [120.43123433000007, 30.920908278000073], [120.43233596800007, 30.919001058000052], [120.4330397450001, 30.917049292000062], [120.43305802700003, 30.914215990000052], [120.43233340900008, 30.913727163000033], [120.43272947000003, 30.911871863000034], [120.4301938660001, 30.91119748500006], [120.43036436500005, 30.909698612000053], [120.43085744000007, 30.90977028600001], [120.43130857800008, 30.908120922000023], [120.43375711700003, 30.908708329000028], [120.4340809380001, 30.907983271000035], [120.43475863100001, 30.906949969000035], [120.43701626300003, 30.90535567500007], [120.4376841610001, 30.902664409000074], [120.43716394100012, 30.901688082000074], [120.43590491200007, 30.900824455000077], [120.43450660300006, 30.900192530000027], [120.43318654500003, 30.899788672000057], [120.43174633, 30.898991936000073], [120.43079939200005, 30.897016691000026], [120.43023537600004, 30.894445380000047], [120.42989701600004, 30.89003947300005], [120.430668823, 30.888540459000065], [120.43497581400004, 30.887284846000057], [120.43685960200003, 30.88491537400005], [120.43827037500012, 30.882157430000063], [120.4401073250001, 30.879659188000055], [120.44252000100005, 30.87688633700003], [120.44417062800005, 30.875945111000078], [120.4457591580001, 30.875354655000024], [120.44792958400001, 30.87366715200006], [120.44863281400002, 30.87182471900007], [120.44780853700001, 30.870004018000028], [120.4459241940001, 30.86865087800004], [120.44338014000004, 30.867589394000056], [120.43920428100012, 30.864199506000038], [120.43738977600002, 30.862962019000065], [120.43678044900003, 30.860732258000038], [120.43653388200005, 30.86023912300003], [120.43646877700009, 30.859591385000037], [120.4367204990001, 30.85838750500005], [120.43744137500003, 30.85740230900006], [120.43947271500008, 30.855432038000057], [120.44183408600007, 30.853856322000063], [120.444014131, 30.852918090000067], [120.44806874800008, 30.852807477000063], [120.44912791500009, 30.852449951000033], [120.44990931500001, 30.851753048000027], [120.45084647600004, 30.847905313000066], [120.45128993200002, 30.84669699000005], [120.452730545, 30.84473335900003], [120.45450225200011, 30.843108372000074], [120.45587373100012, 30.84199923300002], [120.4564896910001, 30.830417266000033], [120.45627308600002, 30.829278389000024], [120.45543952100002, 30.827845217000068], [120.45185336700001, 30.82637777000008], [120.45091554600003, 30.82574702900007], [120.45052544600003, 30.82471974200006], [120.45020457600003, 30.823512713000074], [120.450273959, 30.821452021000013], [120.45074258700004, 30.818990433000078], [120.45214006000005, 30.816753808000048], [120.45392871200012, 30.815950349000047], [120.45645478800009, 30.815955295000037], [120.45768799300004, 30.81373550400008], [120.46022370700005, 30.810152746000025], [120.4651808430001, 30.808428414000034], [120.4671075980001, 30.80874734000002], [120.46922620900011, 30.80815737400008], [120.47105800400004, 30.806065542000045], [120.471156445, 30.805058370000037], [120.4727685680001, 30.802224400000057], [120.47269135600004, 30.801376651000062], [120.47243546500009, 30.800816248000043], [120.47202400600008, 30.800253415000043], [120.4720240470001, 30.79975568900005], [120.4712014810001, 30.794558264000035], [120.47124470500012, 30.793756821000038], [120.47209919100011, 30.789293617000055], [120.47253791900005, 30.787806643000057], [120.47324459700008, 30.786808156000056], [120.47414604800008, 30.785249527000087], [120.47441412200011, 30.784249822000046], [120.47622916600005, 30.78061991900006], [120.47988331500005, 30.775602108000044], [120.48233191500003, 30.772021153000026], [120.48372047500006, 30.768943865000033], [120.48401275000003, 30.767067722000036]]]}}, {"type": "Feature", "properties": {"name": "市界+50km整体", "kind": "full"}, "geometry": {"type": "Polygon", "coordinates": [[[119.39261238657055, 31.151521345786264], [119.39136809142417, 31.170492691329553], [119.39336819396092, 31.21373714566714], [119.40018933954471, 31.256616972255994], [119.41177511410609, 31.298736144766572], [119.42802480164474, 31.339705113064408], [119.44879407945226, 31.379144424980076], [119.47389613464088, 31.416688274902313], [119.50310320020452, 31.451987944949142], [119.53614850406834, 31.48471510468556], [119.57272861953224, 31.51456493595589], [119.61250620027208, 31.541259050414705], [119.65511307773413, 31.564548168794744], [119.80045825606807, 31.635649277088326], [119.80103963700199, 31.636248179480013], [119.8341487524421, 31.66727501381235], [119.87051400121105, 31.695520901891943], [119.90139251859914, 31.715333508657412], [119.88238976929031, 31.75199821836232], [119.86659722052906, 31.792340243242993], [119.85531534838147, 31.833772544247353], [119.8548949947421, 31.835730046548438], [119.85229266406458, 31.85217948003424], [119.84216054757042, 31.892688355747822], [119.83633057230573, 31.93882033765457], [119.8360896923257, 31.98521871350154], [119.83773304060585, 32.0149553794711], [119.84276688748261, 32.059263019255006], [119.85291530353685, 32.10293102972117], [119.8680864131771, 32.14553245903711], [119.88813874672904, 32.18665016214186], [119.91288235625484, 32.225880921778376], [119.9420804354001, 32.2628394564589], [119.97545143742491, 32.29716227360766], [119.98531906212476, 32.30547640508861], [119.99350109642805, 32.31389332121284], [120.03327647960494, 32.347000375920274], [120.07694833626252, 32.37637288842546], [120.0928805149273, 32.38597047948664], [120.13856645332682, 32.410601400422934], [120.14419800823178, 32.41330425666586], [120.15610906519566, 32.41901964419516], [120.17491003136193, 32.428040422067625], [120.19777360920327, 32.43900587501884], [120.20077522524687, 32.4404442312509], [120.24513988987471, 32.45942803262735], [120.29141915231675, 32.47479988227986], [120.33920398299567, 32.48642328446309], [120.38807137364186, 32.49419488377515], [120.43758822561335, 32.49804543285382], [120.48731534988893, 32.497940445747666], [120.53681153573974, 32.493880529397046], [120.55192584978107, 32.49202892058332], [120.56593219263108, 32.49031193937515], [120.57366514803837, 32.489362655966765], [120.57496434800035, 32.489203831010926], [120.62589359798339, 32.48079913917015], [120.67560263439421, 32.46820765718199], [120.67621699085939, 32.467994661730074], [120.67919069619987, 32.468368556783304], [120.68073602813774, 32.46856085384458], [120.68114616377053, 32.46861136524764], [120.74589163779068, 32.4731686304876], [120.75512258425586, 32.47333590278353], [120.80478538482437, 32.47225678814483], [120.85410946003375, 32.467234427676686], [120.90265799542053, 32.45831302952096], [120.95000129362829, 32.445571334994526], [120.99572074155735, 32.42912189802849], [121.00099643263418, 32.426970341095576], [121.00678574189419, 32.42461235926395], [121.05041097016186, 32.40465602174771], [121.09163477034365, 32.38132477038686], [121.13009597066889, 32.35482389314171], [121.16545856900258, 32.32538642911847], [121.19741470529553, 32.293271048192146], [121.22568734583294, 32.25875970507614], [121.23171974527938, 32.24969296237029], [121.24023670283712, 32.2397417247374], [121.26474763856623, 32.20486947238564], [121.26881866208426, 32.19767275898442], [121.26933333281168, 32.197505014607394], [121.28558755023104, 32.19140006149484], [121.29661757718861, 32.186698079551896], [121.32759534437064, 32.17789426499983], [121.37206915289053, 32.16124827881021], [121.37535421732044, 32.159861649137135], [121.41963200597766, 32.138856262409504], [121.46132702289967, 32.1143333155981], [121.5000552306027, 32.08651976937305], [121.5354610008551, 32.05567286576618], [121.56978958701974, 32.02271851953215], [121.66219126422241, 31.93410593557219], [121.68786978160891, 31.91368770539092], [121.70130001564979, 31.904306417085714], [121.73860233744394, 31.87559904107917], [121.77251909658186, 31.843990024689145], [121.80274441983126, 31.809767633995442], [121.82900702172843, 31.773243661869213], [121.85107258601785, 31.734750511955347], [121.86874577004994, 31.694638104024772], [121.88187181877726, 31.653270632013925], [121.89033777988148, 31.611023206904704], [121.89407331625473, 31.568278417048987], [121.89305111647553, 31.525422838628494], [121.8872869080029, 31.482843528695934], [121.87683908152567, 31.440924532696556], [121.86180793822167, 31.400043437554515], [121.84233457460027, 31.360568000356995], [121.81859942212525, 31.32285288141323], [121.78980760182354, 31.281847812588417], [121.75967419893853, 31.243488525804366], [121.72514948093672, 31.207974969812874], [121.68659844936019, 31.17567765562661], [121.65949606287329, 31.15720797022058], [121.65814125682653, 31.15270475881403], [121.64054660605466, 31.11134324124407], [121.61836352352651, 31.071651844488883], [121.59180794874706, 31.034006868992318], [121.58991780828075, 31.031599494219023], [121.56166151939196, 30.99972849340175], [121.54585533895657, 30.967142422364173], [121.52151941482903, 30.92817843806218], [121.50863745996831, 30.91165616675203], [121.50653518509921, 30.908574794676213], [121.50291208659773, 30.9043106824935], [121.49289187948831, 30.89145183264769], [121.49235391422435, 30.890889442536757], [121.48906827491417, 30.886535038147752], [121.45591374274173, 30.851015757348684], [121.41879582999653, 30.818556335670213], [121.37809429475193, 30.789485392203584], [121.37741843331088, 30.789050177414612], [121.3347956844027, 30.76430923898542], [121.32430036879225, 30.759431218805144], [121.31125574540198, 30.742235746364237], [121.28071626154943, 30.70918189623548], [121.24674853178439, 30.678736737392388], [121.20965166074579, 30.651165448528598], [121.20774505348818, 30.64987709576136], [121.1727550456564, 30.628173684606086], [121.15150248012515, 30.61715792082887], [121.14318559115094, 30.61241813643739], [121.13793844337847, 30.61000128669917], [121.11485921934751, 30.597685461602705], [121.11122285660001, 30.596135570719472], [121.10833132854636, 30.592646640806716], [121.07285016828546, 30.557966266986337], [121.07061699263035, 30.55599621047983], [121.04089562445962, 30.53174504157041], [121.00908558674129, 30.5095764800782], [121.0073430971958, 30.508456193905257], [120.96660289373465, 30.48474547640225], [120.92348479144009, 30.464448517157365], [120.91648687280245, 30.461858758364556], [120.90072705918143, 30.45361537624219], [120.86440655750397, 30.43829677712034], [120.83125135548718, 30.41210431465897], [120.7874209742186, 30.38412042469839], [120.74048131548248, 30.3602447640424], [120.69094276052098, 30.340735555198307], [120.63934273191835, 30.325803552404377], [120.63878479349547, 30.325669662503746], [120.59069659317215, 30.316224879360142], [120.54180085811635, 30.31075782318388], [120.4925318455659, 30.309316722726585], [120.44332692071187, 30.311914037239323], [120.3946228281656, 30.318526362170985], [120.34685197062046, 30.329094641644218], [120.34644009182087, 30.329203962011153], [120.30828808627784, 30.340747992279013], [120.27127572227705, 30.354816699120168], [120.26614132758057, 30.356977170792828], [120.26614952394169, 30.356991821364275], [120.25457936224659, 30.36114852041054], [120.25346177005915, 30.361634143337675], [120.22154183552763, 30.3767308304533], [120.21929460011172, 30.377883346180393], [120.17494345371445, 30.403355730537847], [120.13380279661155, 30.43260823477631], [120.13346280923835, 30.4328761919611], [120.10026700118682, 30.461494751415184], [120.07015630337153, 30.49257486717532], [120.07008562718815, 30.492662765721807], [120.06377121406817, 30.494258619578492], [120.06077039234916, 30.494682610039256], [120.06009324122688, 30.4947786723548], [120.05999641217291, 30.494792465214303], [120.004320240687, 30.505451047977942], [119.9865891840196, 30.51065566079064], [119.98630136286421, 30.510713940184385], [119.97240204670256, 30.514817829891477], [119.9503100117337, 30.521295224919], [119.94992627419288, 30.521450019042604], [119.93754681169227, 30.525100875861458], [119.89065733610474, 30.543570233638658], [119.88803376649814, 30.54474176972985], [119.84865179720083, 30.564241843726418], [119.82274887981364, 30.57979151693187], [119.81497710864555, 30.583876038801847], [119.77736868459277, 30.607866554873453], [119.77541105187605, 30.609236014738862], [119.74163775875945, 30.635061645031218], [119.72497023951932, 30.643943332199836], [119.72490876462199, 30.64385998545693], [119.7187652797492, 30.647247358052763], [119.71874366490292, 30.647260303368494], [119.71451827574194, 30.64951090657101], [119.71365747645858, 30.650025296755405], [119.70159470611353, 30.657453551646352], [119.69949551154004, 30.658785253232768], [119.6860764791486, 30.666816514266934], [119.68595305130262, 30.66689655959598], [119.65766767060632, 30.68660063888702], [119.65730509464841, 30.68687165565069], [119.65671541748915, 30.687313086250477], [119.65412755070274, 30.68925320240493], [119.61930639664757, 30.71787794419109], [119.58766227797996, 30.74914156474512], [119.55946423171355, 30.782780935412283], [119.53495305458713, 30.818512731012447], [119.53265532917828, 30.822242506319867], [119.5286927189583, 30.829285583986316], [119.52155885440526, 30.838824726053215], [119.51922570289567, 30.841499862881765], [119.51823695791576, 30.842728883959275], [119.51109039275413, 30.852247196099032], [119.50993181796579, 30.853553585710994], [119.50699867731686, 30.857695725455525], [119.50006463721657, 30.86692724444546], [119.49438188608492, 30.875049273455247], [119.49461917350983, 30.8751728064606], [119.48141998114876, 30.89379805723626], [119.4579187292324, 30.936386356440764], [119.44414625141377, 30.969989120431546], [119.43730624314306, 30.98194508693449], [119.43672804950468, 30.983070551609725], [119.41556138542641, 31.03162026660517], [119.40099312249939, 31.081939923339846], [119.40074123939988, 31.083087123355103], [119.39350379292644, 31.128690853318357], [119.39261238657055, 31.151521345786264]]]}}]}