{"type": "FeatureCollection", "features": [{"type": "Feature", "properties": {"name": "苏州市"}, "geometry": {"type": "Polygon", "coordinates": [[[120.48372047500004, 30.76894386500004], [120.48233191500003, 30.772021153000026], [120.47988331500005, 30.775602108000044], [120.47622916600005, 30.78061991900006], [120.4744141220001, 30.78424982200005], [120.47414604800008, 30.785249527000076], [120.47324459700008, 30.786808156000063], [120.47253791900005, 30.787806643000067], [120.4720991910001, 30.789293617000055], [120.47124470500012, 30.793756821000045], [120.4712014810001, 30.794558264000045], [120.4720240470001, 30.79975568900005], [120.47202400600008, 30.800253415000043], [120.4724354650001, 30.800816248000046], [120.47269135600004, 30.801376651000055], [120.4727685680001, 30.802224400000057], [120.47115644500002, 30.80505837000004], [120.47105800400004, 30.806065542000056], [120.46922620900011, 30.808157374000075], [120.4671075980001, 30.808747340000025], [120.4651808430001, 30.808428414000048], [120.46022370700007, 30.81015274600003], [120.45768799300004, 30.81373550400008], [120.45645478800009, 30.815955295000037], [120.4539287120001, 30.815950349000047], [120.45214006000003, 30.816753808000044], [120.45074258700004, 30.818990433000067], [120.45027395900001, 30.821452021000027], [120.45020457600003, 30.82351271300007], [120.45052544600003, 30.82471974200007], [120.45091554600003, 30.82574702900007], [120.45185336700001, 30.82637777000008], [120.45543952100002, 30.82784521700006], [120.45627308600001, 30.829278389000024], [120.45648969100012, 30.83041726600004], [120.45587373100011, 30.841999233000024], [120.45450225200011, 30.843108372000074], [120.45273054500001, 30.84473335900003], [120.45128993200001, 30.846696990000055], [120.45084647600004, 30.84790531300007], [120.44990931500001, 30.851753048000035], [120.44912791500008, 30.85244995100004], [120.44806874800008, 30.852807477000056], [120.44401413100002, 30.85291809000006], [120.44183408600009, 30.85385632200007], [120.43947271500008, 30.85543203800006], [120.43744137500005, 30.857402309000065], [120.4367204990001, 30.858387505000053], [120.43646877700007, 30.859591385000044], [120.43653388200005, 30.860239123000042], [120.43678044900003, 30.86073225800004], [120.43738977600003, 30.862962019000065], [120.43920428100012, 30.864199506000034], [120.44338014000004, 30.86758939400005], [120.4459241940001, 30.86865087800004], [120.44780853700001, 30.87000401800003], [120.448632814, 30.871824719000074], [120.44792958400001, 30.873667152000053], [120.4457591580001, 30.875354655000024], [120.44417062800005, 30.875945111000078], [120.44252000100005, 30.87688633700003], [120.4401073250001, 30.879659188000062], [120.43827037500012, 30.882157430000063], [120.43685960200003, 30.88491537400006], [120.43497581400004, 30.887284846000057], [120.43066882300002, 30.88854045900007], [120.42989701600004, 30.89003947300006], [120.43023537600004, 30.894445380000036], [120.43079939200004, 30.897016691000033], [120.43174633000001, 30.898991936000073], [120.43318654500001, 30.899788672000057], [120.43450660300005, 30.900192530000027], [120.43590491200007, 30.900824455000077], [120.43716394100011, 30.901688082000078], [120.4376841610001, 30.902664409000067], [120.43701626300003, 30.905355675000067], [120.43475863100002, 30.90694996900004], [120.43408093800008, 30.907983271000035], [120.43375711700003, 30.908708329000035], [120.43130857800008, 30.908120922000023], [120.43085744000007, 30.909770286000025], [120.43036436500006, 30.909698612000057], [120.43019386600008, 30.91119748500006], [120.43272947000003, 30.911871863000044], [120.43233340900008, 30.913727163000033], [120.43305802700002, 30.91421599000006], [120.43303974500009, 30.91704929200006], [120.43233596800007, 30.91900105800005], [120.43123433000005, 30.92090827800007], [120.43040032700003, 30.92286490400005], [120.42005081100001, 30.928652826000075], [120.41880068000012, 30.929466133000062], [120.41687261400011, 30.929896145000043], [120.41547454900001, 30.929733088000035], [120.41338280600007, 30.927579798000068], [120.41315662800002, 30.926097517000073], [120.41409424400001, 30.92207855600003], [120.41579616100012, 30.916304274000026], [120.41787999300004, 30.90850464700003], [120.41887086300005, 30.905112556000063], [120.4164571230001, 30.90478359800005], [120.41257572800009, 30.904178039000044], [120.41105292000009, 30.902755916000046], [120.40814967500012, 30.901504113000044], [120.40501966400006, 30.90003973900008], [120.40200316300002, 30.89941433200005], [120.40221642600011, 30.89827704100003], [120.4005952550001, 30.89792198600003], [120.40115883500005, 30.895831289000057], [120.40045434600006, 30.895695273000058], [120.39005203900001, 30.892814076000036], [120.38806375400009, 30.892897766000033], [120.38582462600004, 30.89331854900007], [120.38371472800009, 30.89354557300004], [120.38004140800001, 30.893609972000036], [120.37476247200004, 30.89282283500006], [120.3740420040001, 30.890813690000073], [120.37261804600007, 30.887681918000055], [120.36770436600011, 30.88707663100007], [120.36766046100001, 30.886354104000077], [120.36779953700011, 30.884218187000045], [120.36103655600004, 30.882524786000033], [120.36002955700008, 30.882537176000028], [120.35785060900002, 30.88512178600007], [120.35339632600005, 30.88917317100004], [120.35293677200002, 30.890423164000026], [120.3529017830001, 30.890788005000047], [120.35438694700008, 30.891619198000058], [120.35377048700002, 30.89380387700004], [120.35440373000006, 30.893927821000034], [120.35435173100007, 30.89462849100005], [120.35549838500003, 30.894865595000056], [120.35483786100008, 30.898196651000035], [120.35436910400006, 30.90174729100005], [120.35474238100005, 30.90512373100006], [120.3540310510001, 30.907039705000045], [120.35293716500007, 30.90927910100004], [120.35229480200007, 30.91095213500006], [120.35219874000006, 30.913068042000077], [120.3526849860001, 30.914954157000068], [120.35316196600002, 30.920167329000037], [120.3537791220001, 30.92142362100003], [120.3547858600001, 30.922380496000073], [120.35706023000012, 30.92310364000008], [120.35806808500001, 30.923719797000047], [120.35821481100004, 30.92509377300007], [120.35804086400003, 30.92665010500008], [120.35590590300001, 30.93028212300004], [120.35553214100003, 30.93245640200007], [120.3548208310001, 30.93395859900005], [120.35503749300005, 30.934989657000074], [120.35637489700002, 30.935892099000057], [120.36035935000007, 30.93968809100005], [120.36380673300005, 30.94383400600003], [120.36556907500005, 30.945474802000035], [120.36665402300002, 30.94746229900005], [120.36700965500006, 30.948497259000078], [120.36682765500007, 30.950160492000066], [120.36645689500006, 30.950790566000023], [120.36529191300008, 30.95007342300005], [120.36387715800004, 30.94982436600003], [120.36080907500002, 30.949385724000024], [120.35987203100001, 30.94916615900007], [120.35878620300002, 30.948579049000045], [120.35787023600005, 30.947860800000058], [120.3574067510001, 30.947700574000066], [120.35650575000011, 30.94761795900007], [120.35604627400005, 30.94750771300005], [120.35497455400002, 30.946838737000064], [120.35463097000002, 30.946634386000028], [120.35410659700005, 30.946479288000035], [120.35298894700009, 30.946277157000054], [120.34946643700005, 30.94518449900005], [120.34772574500005, 30.944810629000074], [120.34652636600003, 30.94462477600007], [120.34339177000004, 30.94365679300006], [120.34209565900005, 30.943043454000076], [120.33958336100011, 30.942224459000045], [120.33920192800008, 30.94213320700004], [120.33890636800004, 30.94208377600006], [120.33872463800003, 30.94205312500003], [120.33629425900006, 30.94203261100006], [120.33160850200011, 30.94081811500007], [120.32638369800009, 30.939871632000063], [120.31766846300002, 30.937321832000066], [120.31147293300012, 30.936017286000038], [120.3035183720001, 30.934417679000035], [120.30186360400012, 30.934219693000045], [120.30018680300009, 30.93408166300003], [120.29901929000005, 30.934094637000044], [120.29530483600001, 30.933810942000036], [120.29155912300007, 30.932867396000063], [120.28932442500002, 30.93315059500003], [120.28539017600008, 30.93289936700006], [120.28383955000004, 30.932427752000024], [120.28206799700001, 30.93221320300006], [120.28054315200006, 30.932081210000035], [120.27799288400001, 30.93205030100006], [120.27660876400012, 30.931578166000065], [120.27506662400003, 30.931483919000073], [120.27283172000011, 30.931232393000073], [120.27012583200008, 30.930383491000043], [120.26685165800006, 30.930856025000026], [120.26162715400005, 30.930447981000043], [120.25172089000012, 30.92919703900003], [120.25013915000011, 30.928697684000042], [120.24987100800001, 30.928671750000035], [120.24892646700005, 30.928791833000048], [120.24815800900001, 30.928733968000074], [120.24742255000001, 30.92864209800007], [120.24622875800003, 30.92843429900006], [120.2448787620001, 30.928462307000075], [120.24441639800011, 30.928518266000026], [120.24415118500008, 30.92855023900006], [120.24390998800004, 30.928579212000045], [120.24256985200009, 30.92870104700006], [120.2396000650001, 30.92875356600007], [120.23678006300008, 30.928701862000025], [120.23204325300003, 30.92833717600007], [120.23094679100006, 30.92798282900003], [120.23085967300005, 30.92795379900008], [120.23067841500006, 30.928023660000065], [120.22986624100008, 30.928337027000055], [120.22842111700004, 30.928477086000044], [120.22507687600012, 30.92866570500007], [120.22161397100001, 30.92876388800005], [120.21912342200005, 30.92888658000004], [120.21721777100004, 30.929054633000078], [120.21707248500002, 30.929103458000043], [120.21620375200007, 30.929399398000044], [120.21486605200005, 30.929555897000057], [120.21360041900004, 30.929924295000035], [120.20773350800005, 30.931195503000026], [120.20660792600006, 30.93109509900006], [120.20613181500005, 30.93113644600004], [120.20596141500005, 30.931151210000053], [120.20585315800008, 30.931191042000023], [120.20491692200005, 30.93153657700003], [120.20322283600001, 30.93179308400005], [120.20150661900004, 30.93192656100007], [120.2000409630001, 30.931893436000053], [120.1980018050001, 30.93151559300003], [120.19533794600011, 30.930501049000043], [120.19417887100008, 30.930471218000037], [120.19239499500009, 30.931396774000063], [120.1919176560001, 30.93189869200006], [120.19083763300011, 30.93275239500008], [120.18834767600003, 30.933483755000054], [120.18394111100008, 30.934407529000055], [120.17384635400003, 30.93598417900006], [120.17127765400005, 30.936179262000053], [120.16265665600008, 30.937115517000052], [120.15712606300008, 30.93781182500004], [120.14487942900007, 30.93953908000003], [120.14478215500003, 30.939552908000053], [120.14457556700006, 30.939675487000045], [120.14244053400012, 30.940939189000062], [120.14212061400008, 30.941403390000062], [120.14217873900009, 30.941810244000067], [120.14185880900004, 30.94242036000003], [120.14127816100006, 30.943118003000052], [120.14084194800012, 30.943409125000073], [120.13796617600008, 30.944047198000078], [120.13776261500004, 30.944308728000067], [120.13779164400012, 30.94486144600006], [120.13709377500004, 30.94520916600004], [120.13584451100007, 30.94523825400006], [120.13465345100008, 30.945121550000067], [120.13305537800011, 30.94529612300005], [120.13033776700001, 30.943937127000027], [120.1277053660001, 30.945112943000026], [120.12780254300003, 30.945702719000053], [120.12739956200005, 30.946105963000036], [120.12513426900011, 30.947008607000043], [120.12489571900005, 30.94712824800007], [120.12444468100011, 30.94740554400005], [120.1235085400001, 30.948108027000046], [120.1219861400001, 30.949066730000027], [120.12151711000001, 30.94935803900006], [120.11602667800003, 30.952802485000063], [120.11414002300012, 30.954036102000032], [120.11246489500002, 30.95520605200005], [120.11026597800003, 30.95666456500004], [120.10890169200002, 30.957133372000044], [120.10800923600004, 30.95749260100007], [120.1069756060001, 30.957797812000024], [120.10617438500003, 30.95792229500006], [120.1042134270001, 30.95929650800008], [120.1039760430001, 30.95989204800003], [120.10374968200006, 30.960436625000057], [120.10345926200011, 30.960673359000054], [120.10223052800006, 30.96171325100005], [120.10211536700001, 30.96184413000003], [120.10205627800008, 30.961965037000027], [120.10205626700008, 30.962101956000026], [120.10259693100011, 30.962628849000055], [120.1026499830001, 30.96283674600005], [120.10257286700005, 30.962997621000056], [120.10243567900011, 30.96307252300005], [120.10204316000011, 30.963134339000078], [120.10188494500005, 30.963246215000026], [120.10101075300008, 30.964171367000063], [120.10090461100003, 30.964271274000055], [120.09949480000012, 30.965453163000063], [120.09942871200008, 30.965574075000063], [120.09943070200006, 30.965713993000065], [120.09950877900008, 30.965881913000032], [120.10012847500002, 30.966382787000043], [120.10032369800001, 30.96654374900004], [120.10035372200002, 30.966685674000075], [120.10029563800003, 30.966838566000035], [120.10010739200004, 30.967040392000058], [120.09987310100007, 30.967140266000058], [120.09945459800008, 30.96722410500007], [120.09919229000002, 30.967233032000024], [120.09913122000012, 30.967227021000042], [120.09890396800006, 30.967111035000073], [120.09817719900002, 30.96649923700005], [120.09751451700004, 30.965990411000064], [120.09738338000011, 30.96592942500007], [120.09728928200002, 30.965912418000073], [120.09718316600004, 30.96593039000004], [120.09677171100009, 30.966173183000024], [120.09426105600005, 30.968344668000043], [120.0895296650001, 30.97522591300003], [120.08209145900003, 30.981673611000076], [120.07636423300005, 30.985931727000036], [120.06995094500007, 30.989900204000037], [120.06829447900009, 30.99086743500004], [120.06801158300004, 30.991040653000027], [120.06562958000006, 30.99296435000008], [120.06429826300007, 30.994027415000062], [120.06193969200001, 30.995877508000035], [120.05968831300004, 30.997631735000027], [120.0581515670001, 30.998765416000026], [120.05645908100007, 30.99999239500005], [120.05639412500011, 31.000220366000065], [120.05614435000007, 31.000521598000034], [120.05526219300009, 31.001312598000027], [120.05378266000002, 31.002944167000066], [120.05204053600005, 31.004664245000072], [120.05089286900011, 31.00554482900003], [120.0475840690001, 31.007756872000073], [120.04085123000004, 31.010215582000058], [120.03339859500011, 31.01226883100003], [120.03253028100005, 31.012508835000062], [120.02769810900008, 31.013840379000044], [120.01222362200008, 31.019904936000046], [120.01211089900005, 31.019945243000052], [120.01197224500004, 31.019945648000032], [120.01110935800011, 31.020461879000038], [120.01088889300001, 31.02067640200005], [120.00621552700011, 31.02357059800005], [120.00005523700008, 31.026970212000037], [119.99993155300001, 31.02705054000006], [119.9995684810001, 31.027322484000024], [119.99697711500005, 31.029269233000036], [119.99621500800004, 31.030543812000076], [119.99469080200004, 31.033008020000068], [119.99295606700002, 31.036432311000056], [119.99286926700006, 31.036755388000074], [119.99368897600004, 31.038330975000065], [119.99247893200004, 31.040915159000065], [119.9916887920001, 31.043394127000056], [119.99083287000008, 31.04531361800008], [119.98907324800007, 31.04792444800006], [119.98772155300003, 31.050457077000033], [119.98654931600004, 31.05373072900005], [119.98532413400005, 31.05781306800003], [119.98519842900009, 31.058147253000072], [119.9850467870001, 31.05855047800003], [119.98473651500001, 31.059376934000056], [119.98379675800004, 31.061386597000023], [119.98152832700009, 31.063963881000063], [119.97807473800003, 31.067108259000065], [119.97390072300004, 31.06994370900003], [119.97129778700003, 31.07157115700005], [119.97082387500006, 31.071867317000056], [119.96977726000011, 31.072521863000077], [119.96740654300004, 31.074222422000048], [119.96508751900001, 31.076491395000062], [119.9605575920001, 31.083322379000037], [119.95802534100005, 31.087681307000025], [119.95677163200003, 31.08961631300008], [119.95418726600008, 31.092650837000065], [119.949364306, 31.09778501900007], [119.9491825880001, 31.098012294000057], [119.94908074600005, 31.09814044700005], [119.9483778230001, 31.099017498000023], [119.94271567500004, 31.107160737000072], [119.94234815800007, 31.107444302000033], [119.94190674900005, 31.107592081000064], [119.94160907500009, 31.10847317100007], [119.94204941300006, 31.10925488600003], [119.94225609500006, 31.10967725000006], [119.94231095600003, 31.11041573600005], [119.94238878400006, 31.111187159000053], [119.9423357710001, 31.11218471400008], [119.94220486200004, 31.113221400000043], [119.9419491220001, 31.114253332000033], [119.93682434900006, 31.127612506000048], [119.9367334310001, 31.12784953700003], [119.93557244400006, 31.13087689500003], [119.93522362700003, 31.133070303000068], [119.93514254000002, 31.135080360000075], [119.9352442820001, 31.13684424400003], [119.9357364650001, 31.14028857200003], [119.93583922300002, 31.141826577000074], [119.93563429200003, 31.14358998800003], [119.93518263500005, 31.145189901000037], [119.93438333800009, 31.146604481000054], [119.93333827300012, 31.14775257100007], [119.93212831300002, 31.14879892700003], [119.92330283800004, 31.15519860200004], [119.92225721500006, 31.156183290000058], [119.91972584700011, 31.15913646000007], [119.91644513500012, 31.163463302000025], [119.91587109600005, 31.164591211000072], [119.91562501800001, 31.16573982400007], [119.91564893700001, 31.166664327000035], [119.91640566700005, 31.168996486000026], [119.91634849000002, 31.171147432000055], [119.91663342000004, 31.171584960000075], [119.91655737000008, 31.17227067600004], [119.91632936600001, 31.172632689000068], [119.91586440600008, 31.17270005100005], [119.9153894000001, 31.173165208000057], [120.10534514000005, 31.265846641000053], [120.13618459800011, 31.287594952000063], [120.16898954900012, 31.310727650000047], [120.20195656900012, 31.344530044000066], [120.20497663000003, 31.34762619600008], [120.2485530460001, 31.36808198500006], [120.30355304800003, 31.395181819000072], [120.31297905800011, 31.40001825400003], [120.33090442000002, 31.409223560000044], [120.35115556900007, 31.418279075000044], [120.35879937800007, 31.422156405000067], [120.40154993400006, 31.44382550800003], [120.41414490800003, 31.450165807000076], [120.4179695580001, 31.450777815000038], [120.41849339800001, 31.450759300000072], [120.41903029200012, 31.450534854000068], [120.41937288500003, 31.450207254000077], [120.4196113160001, 31.449816571000042], [120.42011431200001, 31.448090446000037], [120.42030265000005, 31.447891679000065], [120.42159093600003, 31.44733214000007], [120.42192353600001, 31.447228520000067], [120.42327098200008, 31.447287003000042], [120.42324786100005, 31.448181781000073], [120.42463247100011, 31.448184398000024], [120.42472466900006, 31.44793756300004], [120.42502825300005, 31.447972923000066], [120.42499517100009, 31.448182837000047], [120.42588290900005, 31.44818493200006], [120.42595807800001, 31.447955077000074], [120.42615648000003, 31.44787434500006], [120.42641906000006, 31.44724081800007], [120.42725877900011, 31.44703794900005], [120.42732794500012, 31.44676110200004], [120.42760153000006, 31.446493522000026], [120.42776586100001, 31.446607715000027], [120.42807050600004, 31.44646715500005], [120.42885723100005, 31.445666406000043], [120.43035557600001, 31.44440680200006], [120.43284113700008, 31.44485241800004], [120.42707210300011, 31.450438962000078], [120.42823147600006, 31.450708445000032], [120.4291514140001, 31.450798689000067], [120.43353225200008, 31.450570241000037], [120.44035337700006, 31.449499143000025], [120.45017748700002, 31.448075338000024], [120.4555965620001, 31.44733387100007], [120.46990779800001, 31.448455264000074], [120.47054811300006, 31.448654972000043], [120.47516800300002, 31.450775383000064], [120.47605229300007, 31.451037833000044], [120.47640255700003, 31.451652696000053], [120.47644871300008, 31.451855785000078], [120.47690643100009, 31.45191207700003], [120.4770569740001, 31.452201444000025], [120.47726279400001, 31.45168714400006], [120.47750573200005, 31.45144489100005], [120.47791328700009, 31.45127809400003], [120.48092971900007, 31.45181569400006], [120.48092879400008, 31.45088589100004], [120.48084849800011, 31.450755686000036], [120.4806487410001, 31.450675123000053], [120.48030855000002, 31.449395413000047], [120.48051836400009, 31.449245054000073], [120.48048926600006, 31.44908500500003], [120.48141884900008, 31.448775776000048], [120.48167878200002, 31.449505375000058], [120.48179923600003, 31.449605705000067], [120.48195881700008, 31.449976090000064], [120.48254903600002, 31.450535694000052], [120.48577853500001, 31.450126285000067], [120.48698922900007, 31.450135869000064], [120.48762970700011, 31.450265741000067], [120.48805936100007, 31.45045497700005], [120.48818185100004, 31.450289377000047], [120.48838968600012, 31.449976063000065], [120.48894889900009, 31.449545821000072], [120.48937855400004, 31.44976505300008], [120.48970984300001, 31.449786036000035], [120.4895993670001, 31.450325590000034], [120.48965859600003, 31.45034576300003], [120.48988848900001, 31.45038543900006], [120.4907599180001, 31.450016121000033], [120.49130907300002, 31.449875791000068], [120.49138735800011, 31.450111974000038], [120.49165934000007, 31.451055583000027], [120.4916392450001, 31.451245482000047], [120.4909294470001, 31.451585287000057], [120.49096048900003, 31.45252817800008], [120.49097952000011, 31.453036127000075], [120.49134895300006, 31.453136209000036], [120.4917796100001, 31.453415437000046], [120.49237889800008, 31.454036098000074], [120.49536927200006, 31.45765629300007], [120.49579990000007, 31.458295451000026], [120.49697940100009, 31.459515733000046], [120.49805957800004, 31.459935882000025], [120.49986964100003, 31.459755333000032], [120.49993888400002, 31.460065476000068], [120.50062958000001, 31.45993556600007], [120.50066983500005, 31.458755928000073], [120.50218972500011, 31.458825447000038], [120.50276895100001, 31.45902612900005], [120.50349881200009, 31.45854539800007], [120.5041333370001, 31.457628471000078], [120.50477480600011, 31.457673363000026], [120.50646921200007, 31.458875120000073], [120.50679848400011, 31.458745117000035], [120.507978965, 31.459075519000066], [120.50789869400012, 31.458665367000037], [120.50846887500006, 31.458555061000027], [120.50849902100003, 31.458175228000073], [120.509278988, 31.458125519000077], [120.50947874100007, 31.45818508900004], [120.50987917900011, 31.459125062000055], [120.51011908900011, 31.459095767000065], [120.51048852200006, 31.45865493200006], [120.51204935400006, 31.459135351000043], [120.51211856500004, 31.459714433000045], [120.51299884900004, 31.459834941000054], [120.51303882200011, 31.461944627000037], [120.51160944500009, 31.462235449000048], [120.51166863600008, 31.462605546000077], [120.51162719000001, 31.46607973400006], [120.51152881300004, 31.46616543300007], [120.51163820200009, 31.466425698000023], [120.51211897900009, 31.466765020000025], [120.51310864200002, 31.46722477700007], [120.51460818300006, 31.46762498700008], [120.51724873600006, 31.469484092000073], [120.51837879800007, 31.470050142000048], [120.51950784700011, 31.470384211000066], [120.52168763200007, 31.470364193000023], [120.52284775100009, 31.470054395000034], [120.52426777800008, 31.469263354000077], [120.52503746400009, 31.469013446000076], [120.52678749100005, 31.468653113000073], [120.52834675400004, 31.468694138000046], [120.52975743000002, 31.468983679000075], [120.5313366150001, 31.468973643000027], [120.53185628900007, 31.46915289800006], [120.532226433, 31.469783690000042], [120.53241602500009, 31.47002211100005], [120.53301591800005, 31.470423503000063], [120.53648575700004, 31.47101268600005], [120.53823503000001, 31.471592619000035], [120.53929513500009, 31.472341880000045], [120.5400322380001, 31.47322936300003], [120.54209505000006, 31.47521151400008], [120.54514439600007, 31.477231562000043], [120.54646389400011, 31.477991099000064], [120.54667345300004, 31.47798152100006], [120.5498556660001, 31.47833462600005], [120.54918891200009, 31.479120222000063], [120.55015836100006, 31.479127049000056], [120.5509913620001, 31.479962441000055], [120.55107846700002, 31.481297362000078], [120.55100018500002, 31.482387025000037], [120.55034037700011, 31.48444644500006], [120.54968162900002, 31.48558401200006], [120.54875299700007, 31.488825692000034], [120.54666944300004, 31.49010039600006], [120.54482135500007, 31.491259451000076], [120.54469985900005, 31.493227877000038], [120.5446997250001, 31.494848613000045], [120.54377998900009, 31.497164328000054], [120.54423907300009, 31.49947992500006], [120.54551545400011, 31.500868342000047], [120.54736424000009, 31.502721767000025], [120.54852709800002, 31.504804723000063], [120.55095682900003, 31.509667592000028], [120.55216370400001, 31.510524660000044], [120.55561771200007, 31.511066536000044], [120.55949695300001, 31.51244145900006], [120.56433114200001, 31.51448292200007], [120.56808941200006, 31.516613188000065], [120.57271407600001, 31.51962254700004], [120.58158354900002, 31.526654117000078], [120.58563652800001, 31.52909459700004], [120.58705138500011, 31.529632978000052], [120.5885702280001, 31.529680351000025], [120.58940371300002, 31.528801618000045], [120.58979399000009, 31.52762882500008], [120.59076584400009, 31.522255623000035], [120.59145135000006, 31.51927607700003], [120.59247576700011, 31.518394258000058], [120.59369913000012, 31.518101315000024], [120.5943852690001, 31.518296271000054], [120.59477529000003, 31.518982161000054], [120.59506124900008, 31.520103996000046], [120.59584331600001, 31.520739845000037], [120.59721444800005, 31.52073965900007], [120.59816045100001, 31.52111543500007], [120.6013018210001, 31.52614894900006], [120.60157068000001, 31.527370707000046], [120.60124958000006, 31.529180602000054], [120.60045144000003, 31.532106517000045], [120.60006940300002, 31.532998527000075], [120.60000830800004, 31.534226406000073], [120.60041709100005, 31.536403046000032], [120.60079798400011, 31.537177843000052], [120.60092891500005, 31.53781173200008], [120.60064190300011, 31.53839576100006], [120.59991291200004, 31.539145897000026], [120.59911490000002, 31.539847033000058], [120.5987238670001, 31.540394069000058], [120.59859378700003, 31.541383996000036], [120.59861962900004, 31.543306794000046], [120.59899351700005, 31.544569581000076], [120.5995233320001, 31.54652225500007], [120.59958332300005, 31.54660023200006], [120.59966130900011, 31.546700200000032], [120.60083307400009, 31.54819971200004], [120.59881915800008, 31.548986195000055], [120.59507974900009, 31.550590621000026], [120.59444608100011, 31.557265072000064], [120.59335210800009, 31.565989413000068], [120.59214627500012, 31.571813973000076], [120.59213927000008, 31.57183597100004], [120.59213626700011, 31.57185896900006], [120.59177300100009, 31.57361583200003], [120.59060928800011, 31.57694051200008], [120.59037509300003, 31.57813641200005], [120.58890030100008, 31.579517086000067], [120.58555904900004, 31.582956981000052], [120.5828467980001, 31.58551473800003], [120.5800491330001, 31.58726015900004], [120.57518070300011, 31.58766070100006], [120.56962094800008, 31.588061458000027], [120.5662054170001, 31.587771588000066], [120.56424401600009, 31.586972166000066], [120.56319014400003, 31.586099818000037], [120.56672678500001, 31.58193050600005], [120.56881739500011, 31.579582026000026], [120.56706461300007, 31.578781080000056], [120.56402732800007, 31.578400335000026], [120.55939102900004, 31.581692644000043], [120.55760129500004, 31.581204919000072], [120.55641474800007, 31.580693050000036], [120.55429907900009, 31.57927460700006], [120.55280862600011, 31.578700052000045], [120.55279559600001, 31.578694029000076], [120.55278256500003, 31.578690006000045], [120.54881085300008, 31.57715877700008], [120.5469971440001, 31.57688025400006], [120.54595033100009, 31.57708914400007], [120.54372710200005, 31.578672467000047], [120.54257360100007, 31.581751850000046], [120.54350994200001, 31.585356654000066], [120.54080301200008, 31.587784705000047], [120.538797767, 31.60380163700006], [120.53920590100006, 31.604799531000026], [120.54197381900008, 31.606756591000078], [120.54883940000002, 31.607690581000043], [120.5528056610001, 31.602393024000037], [120.55481031900001, 31.60270947500004], [120.56223986200007, 31.604031845000065], [120.5623789870001, 31.605765992000045], [120.56411402200001, 31.608286253000074], [120.56348882800012, 31.608797421000077], [120.5628985190001, 31.611273579000056], [120.5657977510001, 31.611555318000057], [120.56889569300006, 31.613875877000055], [120.57287033700004, 31.61627584300004], [120.57469276300003, 31.61593044800003], [120.577071638, 31.615745316000073], [120.57820791100005, 31.615571119000037], [120.58027402200003, 31.615556429000037], [120.58123695100005, 31.615253977000066], [120.58220883400008, 31.61498448800006], [120.58368405800002, 31.614826178000044], [120.5859667740001, 31.613921065000056], [120.58729462400004, 31.613618470000063], [120.58812808400012, 31.613731679000068], [120.58947272900002, 31.614141947000064], [120.59087927200005, 31.61491413600004], [120.59206766000011, 31.615425230000028], [120.5928488510001, 31.616044255000077], [120.59392704900006, 31.61705124300005], [120.59471217400005, 31.617545206000045], [120.59640728200009, 31.61924202800003], [120.59572212500007, 31.620158099000037], [120.58790185400005, 31.627160511000056], [120.58935137800006, 31.629855821000035], [120.59137292700007, 31.633518108000032], [120.58677334400011, 31.637497260000032], [120.58538434500008, 31.638647821000063], [120.58689517300002, 31.640474333000043], [120.59166001100004, 31.645884297000066], [120.59022731700009, 31.64753317700007], [120.58792778800012, 31.652403855000045], [120.58243481700003, 31.653940887000033], [120.5792238030001, 31.654078088000063], [120.56750782300003, 31.65788671400003], [120.56061625400002, 31.657566725000038], [120.55682427800002, 31.657784939000067], [120.5543676100001, 31.659414929000036], [120.55433343300001, 31.660595914000055], [120.5625606860001, 31.662030621000042], [120.56300339500001, 31.663599283000053], [120.56439065300003, 31.667281265000042], [120.5639898390001, 31.668290789000025], [120.56405289000008, 31.669067907000056], [120.5642031110001, 31.66970813200004], [120.56417304900003, 31.66979809600008], [120.56353287200011, 31.669798256000036], [120.56345367400002, 31.67041718100006], [120.56403273700005, 31.67046794500004], [120.5641229360001, 31.67006804400006], [120.56437239000002, 31.670047366000063], [120.56453262700006, 31.670697603000065], [120.56304288500007, 31.670657642000037], [120.56231342000001, 31.67162769400005], [120.56285344100002, 31.671707436000077], [120.56285239900001, 31.672197458000028], [120.56366290400001, 31.672327548000055], [120.56270297900005, 31.673848337000038], [120.56274304400006, 31.673987398000065], [120.56293339400008, 31.674097662000065], [120.56292336400008, 31.67423765500007], [120.56375287800006, 31.67464778300007], [120.56493303700006, 31.674427296000033], [120.5651934330001, 31.67522766500008], [120.56515335600011, 31.675297619000048], [120.56411346800007, 31.67550729900006], [120.56343322600003, 31.67536739700006], [120.56338312200012, 31.675497337000024], [120.56349324700011, 31.676457535000054], [120.56294320300003, 31.676637807000077], [120.5631034160001, 31.67769708000003], [120.56214354500003, 31.678247801000055], [120.56270351900002, 31.679427635000025], [120.56233379900004, 31.679598138000074], [120.5623738700001, 31.67966819800006], [120.56213339800001, 31.679787873000066], [120.56214336500011, 31.68041792200006], [120.56229364900003, 31.680478133000065], [120.56238980900002, 31.680777282000065], [120.56078364000007, 31.681118041000047], [120.559683457, 31.680598399000075], [120.55955417900009, 31.68074821400006], [120.55992391500001, 31.681007779000026], [120.55940473300006, 31.682408088000045], [120.55913416200008, 31.682548690000033], [120.55874434900011, 31.682528096000055], [120.55861507000009, 31.682608903000073], [120.55877940100004, 31.682777164000072], [120.55908401600004, 31.68303864300003], [120.55915414200001, 31.683288763000064], [120.55928440100001, 31.68341796800007], [120.5599036750001, 31.683397890000037], [120.56008403400006, 31.683508163000056], [120.56062408700006, 31.68393897800007], [120.56185340700006, 31.685217805000036], [120.56197355500001, 31.68624803700004], [120.56199449200005, 31.687498146000053], [120.56261369100002, 31.68736799100003], [120.56381294100004, 31.68730759300007], [120.5638229110001, 31.687897645000078], [120.56347024900003, 31.68800718600005], [120.56394302100011, 31.689237890000072], [120.56408327300005, 31.68929707700005], [120.564942857, 31.688897154000074], [120.56540262300007, 31.68948677000003], [120.56627206100006, 31.690356895000036], [120.56616285100006, 31.690637782000067], [120.56582323200007, 31.69101739300004], [120.56588233000002, 31.69107747000004], [120.56642223100005, 31.691397147000032], [120.56818211900008, 31.69180722300007], [120.57262178200006, 31.691575768000064], [120.57265178700004, 31.692015826000045], [120.57239141900004, 31.69210558900005], [120.57234236600004, 31.691926530000046], [120.57216111100001, 31.691936360000057], [120.57216109500007, 31.69213637400003], [120.57192175600005, 31.692166147000023], [120.57190169100011, 31.692596157000025], [120.5714720740001, 31.69264574400006], [120.57147204000012, 31.693055772000037], [120.57159121000007, 31.693065889000025], [120.57160120700007, 31.693275914000026], [120.57109146200003, 31.69336641800004], [120.57103135400007, 31.693616375000033], [120.57125167400011, 31.69362659500007], [120.57137082100007, 31.693935735000025], [120.57245141100009, 31.693205721000027], [120.57331065300002, 31.692365452000047], [120.57382034800003, 31.692145888000027], [120.57415078600002, 31.692066170000032], [120.5741768150001, 31.692125197000053], [120.57449510300012, 31.693597570000065], [120.57386827300002, 31.69382304800007], [120.57415356800004, 31.694739361000074], [120.57372099500003, 31.694835991000048], [120.57375096400006, 31.695685079000043], [120.57379100600008, 31.695816123000043], [120.57389714500005, 31.69582121600007], [120.57612095900004, 31.695405016000052], [120.5807098900001, 31.69493405700007], [120.5809290310001, 31.69571423600007], [120.58129937300009, 31.695694438000032], [120.58221903800006, 31.697494048000067], [120.58243922400004, 31.697514158000047], [120.58281947900002, 31.69829339900008], [120.5829986220001, 31.698354488000064], [120.58396941500007, 31.698053895000044], [120.58410851300005, 31.69814295900005], [120.5848689610001, 31.69951336500003], [120.58485894700004, 31.699593367000034], [120.58410937100007, 31.69987309100003], [120.58422243100006, 31.700182161000043], [120.58501902600005, 31.700013459000047], [120.58516809200012, 31.700483551000048], [120.5837790170001, 31.701083045000075], [120.58401917000003, 31.70147417700008], [120.58561936100011, 31.700992751000058], [120.58717823300003, 31.70240334700003], [120.5873183110001, 31.702453389000027], [120.58760649800001, 31.702203445000066], [120.5885979740001, 31.702942737000058], [120.58969738700011, 31.704412062000074], [120.58962732500004, 31.704782081000076], [120.59095772, 31.706842433000077], [120.591086743, 31.70717247400006], [120.59152685900006, 31.707732562000047], [120.59195700100008, 31.707832602000053], [120.59201703500003, 31.707661591000033], [120.59160691000011, 31.707472547000066], [120.59152690400003, 31.707192517000067], [120.59229715200001, 31.70735158100007], [120.59227711200003, 31.707751613000028], [120.59361746100001, 31.708131672000036], [120.5938064820001, 31.70844169700007], [120.59381746300005, 31.70869171700008], [120.59603183500008, 31.709001596000064], [120.59660673300004, 31.710973694000074], [120.59487934300012, 31.71284303500005], [120.59258878000003, 31.71295107800006], [120.58662584700005, 31.715123273000074], [120.58563711300008, 31.71624005600006], [120.58346752000011, 31.716254202000073], [120.58088126400003, 31.716555936000077], [120.58036949100006, 31.720045974000072], [120.57898100800003, 31.72121723400005], [120.57823404900012, 31.723292944000036], [120.57749670600003, 31.729753092000067], [120.5780172320001, 31.73032151700005], [120.57892799500007, 31.732810389000065], [120.58014290400001, 31.73659355700005], [120.58139300000005, 31.73753236600004], [120.5852291110001, 31.737065039000072], [120.58911714700002, 31.740304480000077], [120.59061857400002, 31.74327105800006], [120.59454962600012, 31.74493039400005], [120.59581668500005, 31.746757514000024], [120.59369961700008, 31.75485664000007], [120.59345636600005, 31.757160937000037], [120.5927530780001, 31.75830307500007], [120.59062698100001, 31.762563476000025], [120.5843181680001, 31.764689102000034], [120.58449127800009, 31.76491720300004], [120.58519450100005, 31.76831693500003], [120.58482992400002, 31.772160335000024], [120.58452557200008, 31.773734440000055], [120.5822613040001, 31.77934224100005], [120.58085476400004, 31.78271699700008], [120.58002183700012, 31.78427774900007], [120.57651585100007, 31.786925780000047], [120.56677018500011, 31.795629666000025], [120.56647065400011, 31.795896352000057], [120.5541203780001, 31.78781506100006], [120.55238027300004, 31.787656997000056], [120.55158222700004, 31.788967765000052], [120.55159307600002, 31.79109511400003], [120.55159307400004, 31.791122118000033], [120.55159307100007, 31.791159123000057], [120.55159505200004, 31.791435170000057], [120.55159404900007, 31.791455172000042], [120.55159504900007, 31.791483178000078], [120.5516127950001, 31.79504477000006], [120.55159472300011, 31.795383791000063], [120.55121873400003, 31.796170232000065], [120.54993557400007, 31.795726787000035], [120.5455301390001, 31.794387957000026], [120.54463771700011, 31.794144088000053], [120.54242450400011, 31.794245442000033], [120.54193713000006, 31.794002354000042], [120.54102459400008, 31.792804180000076], [120.54020329800005, 31.79154617200004], [120.54009016100008, 31.78921155900008], [120.52722015900008, 31.789835554000035], [120.52681231500003, 31.795254344000057], [120.52595332700002, 31.795814188000065], [120.52378269000008, 31.79711464500008], [120.52215993800007, 31.79757935200007], [120.51957320600002, 31.803314208000074], [120.51816769100003, 31.80831013900007], [120.51932151900007, 31.812559062000048], [120.52019263500006, 31.812826509000047], [120.52394871000001, 31.815666177000026], [120.52561340000011, 31.81672177200005], [120.52649121600007, 31.81909048600005], [120.52496359500003, 31.82337022400003], [120.52696793500002, 31.829900654000028], [120.52446000200007, 31.833394699000053], [120.51760328000012, 31.836207496000043], [120.51300293100007, 31.83996015300005], [120.51001636000001, 31.843534196000064], [120.50386255600006, 31.845676512000068], [120.49882812100009, 31.843685133000065], [120.49837697900011, 31.84812063000004], [120.49759842000003, 31.854116462000036], [120.4915971480001, 31.862836223000045], [120.48776877400007, 31.86741773400007], [120.48637985500011, 31.87327480500005], [120.4826040800001, 31.874734989000046], [120.4800691910001, 31.876340939000045], [120.46672719000003, 31.88108869900003], [120.46423432000006, 31.881497223000054], [120.46198578500002, 31.889664147000076], [120.46190832800005, 31.891853412000046], [120.45022210100001, 31.89322092200007], [120.44490031700002, 31.893788834000077], [120.44234712500008, 31.894319927000026], [120.44229899200002, 31.894335838000075], [120.44227392200003, 31.894341791000045], [120.43932594500006, 31.895226493000052], [120.4321711770001, 31.89742405900006], [120.42219549600009, 31.899665484000025], [120.4202940990001, 31.900203599000065], [120.41691646400011, 31.90171076300004], [120.41660397300006, 31.901836524000032], [120.40300643600006, 31.907306344000062], [120.39843102000009, 31.908795051000027], [120.39775959500003, 31.909153117000074], [120.39764953200006, 31.909173120000048], [120.39740443700009, 31.90870301900003], [120.39685424100003, 31.90756278400005], [120.39657913500002, 31.90715270700008], [120.39627997600007, 31.90726274700006], [120.39570970300008, 31.90724278500005], [120.39317861500001, 31.90795229300005], [120.39313859600009, 31.908012314000075], [120.39335863500003, 31.90843236300003], [120.39325858100005, 31.908652430000075], [120.39290945100004, 31.908792530000028], [120.39275837200012, 31.90912163300004], [120.39238823900007, 31.909312756000077], [120.3916779760001, 31.909972073000063], [120.39152890800005, 31.910302184000045], [120.39128884600007, 31.910301249000042], [120.39120883300006, 31.910231255000042], [120.39115883000011, 31.910121246000074], [120.39121787600004, 31.909762151000052], [120.39118787900009, 31.909642133000034], [120.39105785600009, 31.909552150000025], [120.39040772700002, 31.909362303000023], [120.38932857800012, 31.90882154700006], [120.38912858700007, 31.908361520000028], [120.38931764600011, 31.90802137700007], [120.38892761500006, 31.907731457000068], [120.38816753900005, 31.907560717000024], [120.38732951000009, 31.907105973000057], [120.38714748200005, 31.907291094000072], [120.38698844400005, 31.907641242000068], [120.38659732700012, 31.908790673000055], [120.38632728400012, 31.90921089300008], [120.38616723700011, 31.909721082000033], [120.385817212, 31.910000316000037], [120.38536720500008, 31.91016058100007], [120.38490723300004, 31.910050801000068], [120.38463624600001, 31.910070954000048], [120.384506224, 31.910420101000057], [120.38410721600007, 31.910850421000077], [120.38383722600008, 31.91101061100005], [120.38363125500007, 31.910934715000053], [120.38350726300007, 31.910990801000025], [120.38337629300008, 31.910820843000067], [120.38312631600002, 31.910920015000045], [120.38281640900004, 31.910350083000026], [120.38040579900007, 31.911329912000042], [120.38035680200005, 31.91143997200004], [120.38047658800008, 31.913520340000048], [120.3800856680001, 31.91374967300004], [120.37995567900009, 31.91400982500005], [120.3798457040001, 31.914068920000034], [120.37884600500001, 31.91401966600006], [120.37881603400001, 31.913799641000026], [120.3785161300001, 31.91381988100005], [120.37819627600004, 31.913410046000024], [120.37791543300011, 31.91274912800003], [120.37666589600008, 31.912949215000026], [120.3766758480001, 31.913449316000026], [120.37594715900002, 31.913429947000054], [120.37584515500009, 31.91399916200004], [120.37502453500008, 31.91398890200003], [120.37502445900009, 31.914849090000075], [120.37574512800006, 31.91479942600006], [120.3757450920001, 31.91521951900006], [120.37481051200007, 31.915419413000052], [120.374874438, 31.915898458000072], [120.37461456100004, 31.915948710000066], [120.37505516600004, 31.917988751000053], [120.37520506800001, 31.918288681000035], [120.37539497400007, 31.91834852200003], [120.37552591700012, 31.91830939500005], [120.37574479300008, 31.918589260000033], [120.37621549800008, 31.919579062000025], [120.37516490300004, 31.920359174000055], [120.3763343490001, 31.920691204000036], [120.38574564700002, 31.92765524300006], [120.38651840900002, 31.93040447800007], [120.38557208800012, 31.93399174800004], [120.38125728800003, 31.93742410300007], [120.37061241800006, 31.94353988100005], [120.36991372300008, 31.945356049000054], [120.36989873100003, 31.945377071000053], [120.36989573100004, 31.945402080000065], [120.36879824800008, 31.94825294900005], [120.36686195800007, 31.956777143000068], [120.36415269000008, 31.962911897000026], [120.36596749700004, 31.99265144700007], [120.37577854100005, 32.00010574300006], [120.38311565700008, 32.00847713700006], [120.39902169600009, 32.018034846000035], [120.40463881200003, 32.02072549600007], [120.4165518750001, 32.026430669000035], [120.4353495580001, 32.035432273000026], [120.45816616500008, 32.04635390200008], [120.46105682600012, 32.047736385000064], [120.46484204700005, 32.047270009000044], [120.47611047500004, 32.045888536000064], [120.49006156100006, 32.044174947000045], [120.49787332400001, 32.04321409500005], [120.49933205600007, 32.043035417000056], [120.52025026100011, 32.03251563400005], [120.54883071500001, 32.02328036000006], [120.57490992800001, 32.01484259400007], [120.58406641900001, 32.011880596000026], [120.59021116100007, 32.01082705500005], [120.60426119700003, 32.00842017200006], [120.62414444000001, 32.00332520100005], [120.63749340200002, 32.00313061000003], [120.64837689700005, 32.004514691000054], [120.6487940930001, 32.00461197300007], [120.66230864400006, 32.007829635000064], [120.66991254100003, 32.00963748100003], [120.68212697100012, 32.01213302000008], [120.69811738200008, 32.01539834500005], [120.70402056400007, 32.01608467400007], [120.7281471760001, 32.018882645000076], [120.73657754500005, 32.01986255800006], [120.74380197400001, 32.02076917900007], [120.75115469200011, 32.02169480600003], [120.75674679500003, 32.02239664700005], [120.75715500100011, 32.02244682600008], [120.76634053700002, 32.02261125100006], [120.77173213900005, 32.02041329000008], [120.77763551400005, 32.01800980300004], [120.77770461800003, 32.01786184600007], [120.78335669600006, 32.00530178300005], [120.78568373100006, 32.00011565800003], [120.7987665070001, 31.990481120000027], [120.84920911400002, 31.890761508000026], [120.85320201100001, 31.881961009000065], [120.8560924950001, 31.875170981000053], [120.85923398500006, 31.870064463000062], [120.87964801200008, 31.836852193000027], [120.88561041700007, 31.82909446800005], [120.89112097500004, 31.821910329000048], [120.89344658800007, 31.81903734900004], [120.91243602500003, 31.795788861000062], [120.92867399600004, 31.788813006000055], [120.9552131800001, 31.785102573000074], [121.0142111670001, 31.785398702000066], [121.0302539810001, 31.785189626000033], [121.05602221400011, 31.784850495000057], [121.07221507500003, 31.778770286000054], [121.09655247700005, 31.764275174000034], [121.11383971400005, 31.760841080000034], [121.13743757400005, 31.75710007300006], [121.14071119700009, 31.75571903900004], [121.17531302700002, 31.722627835000026], [121.2846106510001, 31.618181979000042], [121.34097936700005, 31.573487658000033], [121.3675539300001, 31.55496843700007], [121.33889607300011, 31.513867444000027], [121.33124835500007, 31.51012123000004], [121.32494604800002, 31.506091851000065], [121.32408702600003, 31.50596151900004], [121.32396526600007, 31.50641468500004], [121.32264631500004, 31.506087265000076], [121.32265435500005, 31.505414350000024], [121.32110094000006, 31.50510437500003], [121.32086638900012, 31.50612667300004], [121.31995448500004, 31.506022435000034], [121.3199286580001, 31.504713679000076], [121.31896487400002, 31.504557546000058], [121.31857480100007, 31.504143353000075], [121.31875650800009, 31.502739218000045], [121.31909576800001, 31.50234862900004], [121.31914772200003, 31.501499659000046], [121.31795846300008, 31.501215973000058], [121.31794944100011, 31.501701917000048], [121.31717720300003, 31.501681391000034], [121.31709942000009, 31.50121561000003], [121.31597897200004, 31.501162747000024], [121.31595300400011, 31.50147374900007], [121.3153543520001, 31.501577867000037], [121.31525048600008, 31.502747885000076], [121.3154579510001, 31.50350037800007], [121.31545889200004, 31.50415127900004], [121.3154847730001, 31.50485312400008], [121.31613527900004, 31.50506086000007], [121.3173335350001, 31.505257554000025], [121.3171768200001, 31.506100727000046], [121.31608331000007, 31.506047812000077], [121.31606630700003, 31.50653677300005], [121.31590165700004, 31.506801047000067], [121.31548458100008, 31.50706179900004], [121.31561422900006, 31.507736454000053], [121.31210814300005, 31.507633068000075], [121.31200344800004, 31.50682738100005], [121.31208135800011, 31.50585737800003], [121.31214226500003, 31.50535234000006], [121.31130028600012, 31.503761147000034], [121.31080644100007, 31.50313815800007], [121.30888773800007, 31.502617778000058], [121.30873101500003, 31.503396948000045], [121.30930472500006, 31.503682852000054], [121.30930469100008, 31.504073792000042], [121.30847152700005, 31.504074321000076], [121.3083407790001, 31.504488498000057], [121.30789773300012, 31.50469627700005], [121.30740280900011, 31.50477516500007], [121.30716922200008, 31.505892424000024], [121.30750747700006, 31.505970798000078], [121.30722103300002, 31.506776199000058], [121.30643972500002, 31.506879599000058], [121.30582398000001, 31.50778957500006], [121.30394906300012, 31.50714101400007], [121.30420955200009, 31.506619628000067], [121.30360983700007, 31.50654170100006], [121.30306294100001, 31.50719256800005], [121.30218680100006, 31.507063121000044], [121.30179660100009, 31.50727076900006], [121.30101523700012, 31.50721912800003], [121.30059813000003, 31.50690689100003], [121.30078079200007, 31.50643764600005], [121.30072794000012, 31.505996802000027], [121.30135369600009, 31.505321824000077], [121.3006941220001, 31.504695053000034], [121.30012929100008, 31.504698020000035], [121.30002553100007, 31.504385244000048], [121.29960942900004, 31.50390102500006], [121.29905357300004, 31.503830977000064], [121.29874117600002, 31.50421344600005], [121.29832503000011, 31.50410916000004], [121.29808148900008, 31.50448951000004], [121.29759548700008, 31.504283351000026], [121.2975256840001, 31.503623566000044], [121.29695286900005, 31.50318357900005], [121.29793405100008, 31.501444218000074], [121.29762171100003, 31.501081794000072], [121.29725640800007, 31.50149633500007], [121.29643196300003, 31.50252753600006], [121.29542602200002, 31.501651306000042], [121.29644907200009, 31.500858763000053], [121.29755187600006, 31.50079995300007], [121.29798604200005, 31.500335302000053], [121.29691822900008, 31.499815153000043], [121.29647605700006, 31.50042278600006], [121.2957554950001, 31.500265986000045], [121.29635445200006, 31.498641263000025], [121.29598936500008, 31.49642521000004], [121.29304710600002, 31.495999979000032], [121.29304714700004, 31.49553605400007], [121.29405421100012, 31.495613453000033], [121.29409731800001, 31.493410742000037], [121.29285670500008, 31.493254722000074], [121.29150228600008, 31.49286888000006], [121.29088647100002, 31.49236790100008], [121.28960984000003, 31.491981881000072], [121.28899397300006, 31.49170983700003], [121.28849082600004, 31.492250484000067], [121.28775314200004, 31.49213557300004], [121.28779603300006, 31.492522447000056], [121.28713612900003, 31.49321827800003], [121.28702329100008, 31.493605375000072], [121.28612983200003, 31.493605634000062], [121.28593921100003, 31.492986002000066], [121.28578250100009, 31.492715264000026], [121.28524446600011, 31.49209711000003], [121.2850538130001, 31.491789422000068], [121.28524451900012, 31.49147821100007], [121.28520061300003, 31.491246310000065], [121.28489714800003, 31.490937777000056], [121.28442792400006, 31.491014402000076], [121.2838908110001, 31.49101412400006], [121.28338664800003, 31.490859821000072], [121.28284947100008, 31.491400438000028], [121.28191993300004, 31.491633603000025], [121.28138175900006, 31.491865251000036], [121.28099133, 31.492290672000024], [121.28087947600011, 31.492600761000062], [121.2794027220001, 31.492601579000052], [121.27921208200007, 31.491711955000028], [121.27867385900004, 31.49194356000004], [121.27805775800005, 31.491943285000048], [121.27758944600009, 31.491789854000046], [121.27720698900009, 31.491827288000025], [121.27689535700006, 31.49267750100006], [121.2761573900001, 31.492638335000038], [121.27522868500012, 31.49233040300004], [121.27585298500003, 31.49059001100005], [121.27535069600003, 31.490281611000057], [121.27418725500002, 31.490164870000058], [121.27349319000007, 31.489778654000077], [121.27325854000003, 31.489198991000023], [121.2729110250001, 31.488698428000077], [121.27198219200011, 31.48858136700005], [121.27175757700002, 31.48730480300003], [121.26978693000001, 31.48703669200006], [121.2684324820001, 31.48661095600005], [121.2675824260001, 31.48626173100007], [121.26700097800006, 31.48691909200005], [121.26634164200004, 31.487036597000042], [121.26599397700011, 31.48719084000004], [121.26599384500003, 31.488736577000054], [121.26537844400002, 31.48881403200005], [121.26476201000003, 31.489085442000032], [121.26441431, 31.48939364100005], [121.26378991700005, 31.489007146000063], [121.26344226000003, 31.48866044400006], [121.26352023300001, 31.488157476000026], [121.26286980600003, 31.488156914000058], [121.26293885900009, 31.48684409200007], [121.26298295300012, 31.48529633000004], [121.26069985800007, 31.485064795000028], [121.26000544800002, 31.484370312000067], [121.2589212690001, 31.483982962000027], [121.25842363600009, 31.48371626200003], [121.25834570600011, 31.483522335000032], [121.25823079500003, 31.483393414000034], [121.25756825500002, 31.483123780000028], [121.25740137800005, 31.482949888000064], [121.25727947500002, 31.482718985000076], [121.25721454800009, 31.482339082000067], [121.25715764300003, 31.48165822900006], [121.25709973400001, 31.481021369000075], [121.25700881000012, 31.480790451000075], [121.25688689200001, 31.480712519000065], [121.25660707100008, 31.480630656000073], [121.25660307400005, 31.480621660000054], [121.2558305550001, 31.480311037000035], [121.25498106200007, 31.479885443000057], [121.25320096100006, 31.479732073000037], [121.25274114000001, 31.480042154000046], [121.25274108500003, 31.480698035000046], [121.25324485800002, 31.48069788600003], [121.25335776600002, 31.48116176800005], [121.25274103200002, 31.481315924000057], [121.25231618800001, 31.481626987000027], [121.25181239100004, 31.481666112000028], [121.25160848500002, 31.48151419100003], [121.25165651600003, 31.480930284000067], [121.2519254120001, 31.480893222000077], [121.25192550100007, 31.479849410000043], [121.2519255310001, 31.47950047300003], [121.25146568600007, 31.479810530000066], [121.25119677100008, 31.480003559000068], [121.25099688400007, 31.479539688000045], [121.25065002100007, 31.47938479000004], [121.25034610800003, 31.47957881700006], [121.25030307700001, 31.480118728000036], [121.25069286700011, 31.481008489000033], [121.25080569200009, 31.482593183000063], [121.25119629500011, 31.485570575000054], [121.24997870600009, 31.485686806000047], [121.24984280900003, 31.484990951000043], [121.24918300200011, 31.485028053000065], [121.24922609600003, 31.483791263000057], [121.24845430800008, 31.48375437800007], [121.24841037200008, 31.48313549200003], [121.24907020300009, 31.483057416000065], [121.24891435900008, 31.481744672000048], [121.24677885900007, 31.48154292600003], [121.24673494600006, 31.480614094000032], [121.24576409800011, 31.480614135000053], [121.2455201890001, 31.479927263000036], [121.24524225200003, 31.479564331000063], [121.24387141400007, 31.479000402000054], [121.24322045300005, 31.47883739200006], [121.24262244600004, 31.47900031100005], [121.24250040400011, 31.479484211000056], [121.24229233900007, 31.480211059000055], [121.24204929300004, 31.48069494400005], [121.24152824600003, 31.48101882000003], [121.24136316800002, 31.481825652000055], [121.24217019600007, 31.481864749000067], [121.24225712600003, 31.48271360900003], [121.2438310980001, 31.482721733000062], [121.24372601000005, 31.483816534000027], [121.2418150100001, 31.48392434200008], [121.24172805800004, 31.483319438000024], [121.24088602500001, 31.483117350000043], [121.23995693500001, 31.483118184000034], [121.23995781100007, 31.484571929000026], [121.23962772100003, 31.485135763000073], [121.23939363000011, 31.485821594000072], [121.23962760800009, 31.48646853300005], [121.23939353000003, 31.486993392000045], [121.23902844100007, 31.487397241000053], [121.23934933100008, 31.489254998000035], [121.23886417300002, 31.490222725000024], [121.23825599200006, 31.491071431000023], [121.23785686800011, 31.491596237000067], [121.23759677900011, 31.491979101000027], [121.23695460700003, 31.492238866000037], [121.23669448900012, 31.49284868500007], [121.23704148400009, 31.49392061800006], [121.23736250500008, 31.494561610000062], [121.23744946900001, 31.495227528000044], [121.23707635200003, 31.495574361000024], [121.23643318200004, 31.495633148000024], [121.23562699000001, 31.495168945000046], [121.23435065000001, 31.49418461500005], [121.2336214070001, 31.493834366000044], [121.2327800590001, 31.493893978000074], [121.23202467300007, 31.494503517000055], [121.23147837900001, 31.49493717300004], [121.23078402600004, 31.49505479000004], [121.23028880600009, 31.494618589000027], [121.2304019280001, 31.493893770000057], [121.23081038400005, 31.49102246500007], [121.23095754200006, 31.49003570800005], [121.2305493660001, 31.489659551000045], [121.22994204100007, 31.489688208000075], [121.22929965300011, 31.49003577700006], [121.22854522700004, 31.48983335500003], [121.22793692300002, 31.48902011000007], [121.22689536300004, 31.487657655000078], [121.2263140340001, 31.486874389000036], [121.22573269400004, 31.48606311800006], [121.22518634800008, 31.485452827000074], [121.2244308280001, 31.48487336000005], [121.22422273600012, 31.484061342000075], [121.22489028200005, 31.483655920000047], [121.22561983300011, 31.483480487000065], [121.22639241600007, 31.483040111000037], [121.22627041800001, 31.482030205000058], [121.22594937200006, 31.479930354000032], [121.22590639000009, 31.479365426000072], [121.22534198900007, 31.479285033000053], [121.22429216800003, 31.479648181000073], [121.22324230400011, 31.479971298000066], [121.22231353000006, 31.47997153600005], [121.22174907400006, 31.479609125000025], [121.22138481800005, 31.478840950000063], [121.22089845700009, 31.477953686000035], [121.22054214200011, 31.47783239200004], [121.21872039800007, 31.477873698000053], [121.21710573400003, 31.478076076000036], [121.21626384300009, 31.477993233000063], [121.214606075, 31.477147630000047], [121.2133125360001, 31.477551126000037], [121.21198492000008, 31.47768158100007], [121.21012756900006, 31.477740355000037], [121.2091733100001, 31.47785515700008], [121.2091732770001, 31.478233088000025], [121.20964186800006, 31.478551611000057], [121.20973996300006, 31.478938662000076], [121.21056098100007, 31.47945057000004], [121.209901994, 31.48104748000003], [121.2093292620001, 31.48082581400007], [121.20833100400012, 31.479945717000078], [121.2053449010001, 31.479044964000025], [121.2040090160001, 31.478205287000037], [121.20299354400004, 31.477595978000068], [121.20189091500004, 31.476905532000046], [121.2010837580001, 31.475736578000067], [121.19893946200011, 31.474240675000033], [121.19854085000009, 31.473798154000065], [121.19841869800007, 31.473232076000045], [121.19886150500008, 31.472263930000054], [121.19878343300002, 31.471616935000043], [121.19841886800009, 31.471255451000047], [121.19712573400011, 31.471174482000038], [121.19583256700002, 31.471012493000046], [121.19478182800003, 31.47028496400003], [121.19341046500006, 31.46996181700007], [121.19147503700003, 31.46980166900005], [121.19054636500005, 31.469721135000043], [121.18981706300008, 31.469397970000045], [121.18848973800004, 31.467965992000074], [121.18677965500001, 31.466603312000075], [121.18489620700007, 31.465077318000056], [121.18469586200001, 31.464635053000052], [121.18493936900006, 31.464150579000034], [121.18154591600012, 31.46269681900003], [121.18166625200001, 31.461525273000063], [121.18166632500004, 31.46067944600003], [121.18122451800002, 31.45999278900007], [121.18093801000009, 31.45934640300004], [121.18093805900003, 31.45878052000006], [121.18110244400009, 31.458054968000056], [121.18166662800002, 31.457165171000042], [121.18166666200011, 31.456762256000047], [121.18154547000006, 31.45623714800007], [121.17973096300011, 31.455429028000026], [121.17629427600002, 31.45333116200004], [121.17533035300005, 31.45308742800006], [121.17423616700012, 31.452767461000064], [121.17310793200011, 31.45212049500003], [121.17044258400006, 31.45115071200007], [121.16922812200005, 31.450909483000032], [121.16777815700004, 31.450908756000047], [121.16692738100005, 31.451313069000037], [121.16584212800001, 31.45171694000004], [121.1652789630001, 31.45187684800004], [121.1648360690001, 31.451756041000067], [121.16422789, 31.451031056000033], [121.16378504300008, 31.450384364000058], [121.16318183300007, 31.45016428100007], [121.16149825100001, 31.452015731000074], [121.16093012600004, 31.45171673400006], [121.16091208900002, 31.451716701000066], [121.1599481830001, 31.45123201000007], [121.1584902940001, 31.450707419000025], [121.15756143400006, 31.450707703000035], [121.15635395700008, 31.45151430800007], [121.14275076600006, 31.445740745000023], [121.14307238700007, 31.445135411000024], [121.14331486200001, 31.444610930000067], [121.14319367500002, 31.444286801000032], [121.14266379100002, 31.44368206300004], [121.1422992030001, 31.443075603000068], [121.14246452800012, 31.442671964000056], [121.14327207600002, 31.44125961700007], [121.14197783700001, 31.440814592000038], [121.14282944400009, 31.439523285000064], [121.14228252100008, 31.439074490000053], [121.14269027500006, 31.43863826000006], [121.14323729700004, 31.438000311000053], [121.14411391100009, 31.437420904000078], [121.14524200900007, 31.436695969000027], [121.14790803000005, 31.43542083600005], [121.15040782400001, 31.434578414000043], [121.15391465100004, 31.434085811000045], [121.15815105100012, 31.434055573000023], [121.15853286000004, 31.433548400000063], [121.15857701100003, 31.43282365400006], [121.1579257300001, 31.432538519000047], [121.1579689140001, 31.431410869000047], [121.15861120500006, 31.43136906700005], [121.15857718200004, 31.430844130000025], [121.15905414400004, 31.430803024000056], [121.1590539870001, 31.43262158600004], [121.1590980520001, 31.432903601000078], [121.15941867600009, 31.433144138000046], [121.15978343100005, 31.432903874000033], [121.1597834910001, 31.43221803800003], [121.15974869200011, 31.429068735000044], [121.15877572000011, 31.429228890000047], [121.15836789800005, 31.429271124000024], [121.15792596400001, 31.429835171000036], [121.1574399970001, 31.429793284000027], [121.15740498200012, 31.429149377000044], [121.15647615300009, 31.428905728000075], [121.15635393800005, 31.428582583000036], [121.15679690200011, 31.427614633000076], [121.15522583300003, 31.427089885000044], [121.15481796600011, 31.427816964000044], [121.15348939600005, 31.42741265400008], [121.15315971400003, 31.42785495000004], [121.15183117200002, 31.427451665000035], [121.15114585300012, 31.427451443000052], [121.15070299400008, 31.427573626000026], [121.14916612100001, 31.42700905600003], [121.14916620800011, 31.42600030500006], [121.14896685600002, 31.425715027000024], [121.14815933900002, 31.425715619000073], [121.14803714900006, 31.425272516000064], [121.14686598300011, 31.425151524000057], [121.14630196500002, 31.424907618000077], [121.14605855400009, 31.42450430400004], [121.14657958800001, 31.423616416000073], [121.14452185300001, 31.423455966000063], [121.14391377200002, 31.423333979000063], [121.14367939200008, 31.42288970100003], [121.1416568300001, 31.42288937400008], [121.14161387500008, 31.421517651000045], [121.14359333900006, 31.42171985300007], [121.14407927500008, 31.420951857000034], [121.1446863650001, 31.420951874000025], [121.14424380000003, 31.418288811000025], [121.14432199300006, 31.41768109900005], [121.14468667000006, 31.417440773000067], [121.14508639700011, 31.417399457000045], [121.14589385300008, 31.417561784000043], [121.14633668500005, 31.417319602000077], [121.14654410600008, 31.41687407200004], [121.1470651200001, 31.416269123000063], [121.14771633300006, 31.416230257000052], [121.14823729200009, 31.416390119000027], [121.14864506000004, 31.41635184000006], [121.14884547500003, 31.415906305000078], [121.14892365800006, 31.415502547000074], [121.14933143400003, 31.415422282000065], [121.14997362700001, 31.41570433800007], [121.15038139400008, 31.415826027000037], [121.15094648900003, 31.41566307100004], [121.15122408800005, 31.414897764000045], [121.1513102990001, 31.414372055000058], [121.15090255100006, 31.41396843600006], [121.15017317500008, 31.413767196000038], [121.14992974300003, 31.41340486200005], [121.15045980500008, 31.412796959000048], [121.15090270100006, 31.412232893000066], [121.15126740100004, 31.412232542000027], [121.15223920900007, 31.412999075000073], [121.15256081500002, 31.413202598000055], [121.15324617200008, 31.412918906000073], [121.15388948100008, 31.412313229000063], [121.15429731100005, 31.41195106400005], [121.15417510000009, 31.41162692900008], [121.15340263700011, 31.411062680000043], [121.15340266800001, 31.41069877700005], [121.15368926700012, 31.410253414000067], [121.15393276800012, 31.40997193000004], [121.15332460000002, 31.409730895000052], [121.15481770800011, 31.407630165000057], [121.15425361000007, 31.407508174000043], [121.1527605230001, 31.409486944000037], [121.15065958100001, 31.408235528000034], [121.14993020400004, 31.408074283000076], [121.14928798300002, 31.40811614300003], [121.14852458400003, 31.407670928000073], [121.14920996500007, 31.406620410000073], [121.14876714800005, 31.406418690000066], [121.14932227300005, 31.405517907000046], [121.14841059700007, 31.40503844400007], [121.14736967200008, 31.404842693000035], [121.14591105300008, 31.404037413000026], [121.14650124100001, 31.402826754000046], [121.1462578180001, 31.402542416000074], [121.1454162660001, 31.402704940000035], [121.14493039600006, 31.402584153000078], [121.14448763500002, 31.40213853100005], [121.14452174900009, 31.40153375600005], [121.14500765500009, 31.401209664000078], [121.14589327300007, 31.401130186000046], [121.14771665900003, 31.40088938400004], [121.14799420100007, 31.400604944000065], [121.14815956300004, 31.39999940000007], [121.14799427100002, 31.399797170000056], [121.14703049000002, 31.399675538000054], [121.1457721480001, 31.399999295000043], [121.1450518360001, 31.400040064000052], [121.14415724800006, 31.399758640000073], [121.14307236700006, 31.399152006000065], [121.14319365900008, 31.398262457000044], [121.14375772100004, 31.397577586000068], [121.14432178800007, 31.39693071100004], [121.14488585600009, 31.396324831000072], [121.14343629500001, 31.395882533000076], [121.1419777860001, 31.395196328000054], [121.13996438800007, 31.39442830400003], [121.1392351820001, 31.394146230000047], [121.13911301100006, 31.39374215400005], [121.13955579700007, 31.39325799200003], [121.14004266400002, 31.39277190400003], [121.14032915500002, 31.392733372000066], [121.14032912300001, 31.393095268000025], [121.14044128700004, 31.39341835400006], [121.14109242500001, 31.393175471000063], [121.14177867700005, 31.392450792000034], [121.14250801500009, 31.391724194000062], [121.14206529500007, 31.39107765600005], [121.14206532300011, 31.390753750000044], [121.1426293610001, 31.390189838000026], [121.14347190700005, 31.389543419000063], [121.144122089, 31.38930057300007], [121.1444006370001, 31.388736205000043], [121.14383564900004, 31.388454343000035], [121.14385378700001, 31.387233732000027], [121.13682998000002, 31.38536306900005], [121.13644828000008, 31.386352196000075], [121.13475463300006, 31.38598977600003], [121.13507619800009, 31.385263466000026], [121.13402560100008, 31.384900033000065], [121.13333951100003, 31.385383897000054], [121.13291894500003, 31.384600528000078], [121.13339069300002, 31.38418832700006], [121.13360607700008, 31.383533833000058], [121.13381244100003, 31.382959304000053], [121.13269777300002, 31.382760765000057], [121.12837374500009, 31.381103374000077], [121.12715816200011, 31.380619960000047], [121.12663740800008, 31.38146604900004], [121.12385001900009, 31.38045698600007], [121.11965349800005, 31.378522968000027], [121.11866734400007, 31.38027143900007], [121.11568067300004, 31.378849056000035], [121.11358804400004, 31.377631647000044], [121.11141750400009, 31.37694318100006], [121.10912510200001, 31.37623782000003], [121.11060130500005, 31.37293083800006], [121.11210332000007, 31.37310887800004], [121.1123035280001, 31.372382257000027], [121.11445619900007, 31.372352001000024], [121.11570637300008, 31.371047494000038], [121.11559332500008, 31.37046657700006], [121.1146905700001, 31.370320838000055], [121.11405706900007, 31.370118368000078], [121.11376188100007, 31.36956729800005], [121.11260700600008, 31.369450414000028], [121.10973308000007, 31.369189420000055], [121.10906469800011, 31.36898504800007], [121.10854342800008, 31.368665820000047], [121.10833536000007, 31.36811486600004], [121.10859555700006, 31.36750722000005], [121.10822240200002, 31.366925176000052], [121.10581726800001, 31.366431985000077], [121.10465379200002, 31.366490397000064], [121.1045067020001, 31.366896200000042], [121.1042634910001, 31.36830264100007], [121.10362028000009, 31.36818039900004], [121.10357723800007, 31.368504278000046], [121.10321312600001, 31.368469138000023], [121.1023268780001, 31.36838282100007], [121.10231788300007, 31.368302844000027], [121.10217093200004, 31.367293111000038], [121.10212700500006, 31.36632340400007], [121.10261324100009, 31.36511197300007], [121.10301244700008, 31.36406446600006], [121.10333462000006, 31.36321587200007], [121.10362079600009, 31.362245305000044], [121.10329979200003, 31.36111753800003], [121.10325585500004, 31.360227811000073], [121.10333392900009, 31.359663028000057], [121.10345601600011, 31.35909726400007], [121.10264878400005, 31.35897698100007], [121.10289094400002, 31.357927420000067], [121.1026479520001, 31.357039619000034], [121.10273501900008, 31.356552813000064], [121.10333421700011, 31.356352119000064], [121.10378540800002, 31.35582848300004], [121.1035773960001, 31.355181610000045], [121.10333436100007, 31.354697669000075], [121.10369867400004, 31.352436579000027], [121.10450594800011, 31.352557896000064], [121.10587845200007, 31.353123376000042], [121.10652972800006, 31.353324652000026], [121.10689391500011, 31.35316390500003], [121.10721514600004, 31.35231637100003], [121.10790150200012, 31.35227478400003], [121.1095944330001, 31.352639726000064], [121.11133049900002, 31.35328671700006], [121.11262440500002, 31.35348862400008], [121.11335298200004, 31.35320429500007], [121.11367533200007, 31.352073936000068], [121.11468225200008, 31.350863184000048], [121.11549002800007, 31.349815240000055], [121.11557614100002, 31.349370468000075], [121.11500365800009, 31.34928999400006], [121.11270285900002, 31.348925224000027], [121.11335367200002, 31.34525099800004], [121.11577568000007, 31.345171082000036], [121.11678359600012, 31.345050041000036], [121.11791169000003, 31.344687237000073], [121.1193271080001, 31.34456668300004], [121.12174968600004, 31.344729190000066], [121.1231652680001, 31.345172623000053], [121.12494436400004, 31.345697528000073], [121.12583044600001, 31.346021491000045], [121.125916587, 31.345650724000052], [121.1256563180001, 31.344953645000032], [121.12574347600003, 31.344402942000045], [121.12606392600003, 31.343909506000045], [121.126203153, 31.343330879000064], [121.12591683400001, 31.342807707000077], [121.12524805600003, 31.34205415400004], [121.12530918300001, 31.341472430000067], [121.12556957000004, 31.340775990000054], [121.12594307300003, 31.34042856800005], [121.12576890800005, 31.339790578000077], [121.12565681600006, 31.339211644000045], [121.12583009000002, 31.33857308000006], [121.12585617600007, 31.337963328000058], [121.12530953300006, 31.33744084600005], [121.12522247000004, 31.336919925000075], [121.12550886300005, 31.336514415000067], [121.12632493100011, 31.336164543000052], [121.12623787900009, 31.335467682000058], [121.12646324700006, 31.334569283000064], [121.12654140400002, 31.33392660900006], [121.12734044700005, 31.33393161400005], [121.12797430400008, 31.333786478000036], [121.12823468500005, 31.333438939000075], [121.12812261600004, 31.332482137000056], [121.12887768600001, 31.331987300000037], [121.12893881800005, 31.33143657900007], [121.12864349400002, 31.330509525000025], [121.12725363400011, 31.330450754000026], [121.12721964200011, 31.329840931000035], [121.12762722500008, 31.329348629000037], [121.12866864600005, 31.329145052000058], [121.12896412300006, 31.328304745000025], [121.12870384400003, 31.32740373100006], [121.12818314800006, 31.327289094000037], [121.12747919100002, 31.327462126000057], [121.12693248900007, 31.327260506000073], [121.12684545800005, 31.32630174700006], [121.12684551600012, 31.325634991000072], [121.12703681500011, 31.325068440000052], [121.12647210700004, 31.32476084500007], [121.12660232300004, 31.324218207000058], [121.12621185700004, 31.32378188200005], [121.12583038500009, 31.323614473000077], [121.12468395700012, 31.32360809000005], [121.12431956700004, 31.322976891000053], [121.12437967400001, 31.322585107000066], [121.12464103200011, 31.32212758600008], [121.12400632800006, 31.321364121000045], [121.12331250000011, 31.321392305000074], [121.12264374500012, 31.32113164100008], [121.12235748000012, 31.32040659000006], [121.12246969400007, 31.31941908400006], [121.12246975100004, 31.318753333000075], [121.1232516770001, 31.318521306000036], [121.12363318300004, 31.31788298500004], [121.12359821200005, 31.317069251000078], [121.1235732350001, 31.316461450000077], [121.12403281700006, 31.316084127000067], [121.12385867300009, 31.315329209000026], [121.12348628100005, 31.314748997000038], [121.12336422700002, 31.313705252000034], [121.12389388300005, 31.313386987000058], [121.12450164100005, 31.31312580100007], [121.12426745200003, 31.312023943000042], [121.1247881270001, 31.311559739000074], [121.12484927300011, 31.31074512400005], [121.1251707240001, 31.31013774200005], [121.12452800000005, 31.309354274000043], [121.12458816800006, 31.308251770000027], [121.12510892600005, 31.30691790900005], [121.12530927500006, 31.30575660100004], [121.1250229740001, 31.305118505000053], [121.12534343400011, 31.30442116300003], [121.12670718700008, 31.30424891000007], [121.12754931200004, 31.304016067000077], [121.1291725210001, 31.30390122400007], [121.13505912700009, 31.304831126000067], [121.13473747400008, 31.306571975000054], [121.1343648190001, 31.307470081000076], [121.13488557300002, 31.308108599000036], [121.13708993800003, 31.30972928500006], [121.139191245, 31.311545849000026], [121.142322938, 31.30778232700004], [121.14448716800007, 31.303269670000077], [121.14454327400006, 31.303204789000063], [121.14621451000005, 31.30087853300006], [121.14435715200011, 31.30073544700008], [121.14425300000005, 31.300342427000032], [121.14321116800011, 31.300055806000046], [121.14342761700004, 31.299304462000066], [121.1447399430001, 31.299553556000035], [121.14495239900009, 31.298712247000026], [121.1456937370001, 31.298801466000043], [121.14595026800009, 31.29807019200007], [121.14689298100006, 31.298289717000046], [121.14694107500009, 31.298231824000027], [121.14815051800008, 31.295943824000062], [121.14653554000006, 31.295765109000058], [121.14671804500006, 31.293799208000053], [121.14746441900002, 31.293870465000055], [121.14800344700006, 31.29358451300004], [121.14832407300003, 31.29326320000007], [121.14857566800003, 31.291833213000075], [121.15012358400008, 31.29192289300005], [121.15039909400002, 31.29208331600006], [121.15050343600001, 31.29042916900005], [121.15177887900006, 31.290453428000035], [121.15183508700011, 31.28928200400003], [121.15378488400006, 31.289142567000056], [121.15396720800004, 31.289518745000066], [121.15474873800008, 31.289544153000065], [121.15638021100006, 31.286621325000056], [121.15673598100011, 31.285870285000044], [121.15614584100001, 31.285517347000052], [121.15587635600002, 31.284955084000046], [121.1544535920001, 31.284502675000056], [121.15485246500009, 31.283456831000024], [121.15375835500004, 31.283056011000042], [121.15268226700005, 31.28297510300007], [121.15098101800004, 31.28263620200005], [121.15092000100003, 31.28147557300008], [121.15092010100011, 31.280315055000074], [121.14981707000004, 31.279502442000023], [121.1496528350001, 31.27861252300005], [121.14917494000008, 31.27851772400004], [121.1458238240001, 31.27730844000007], [121.14372304200003, 31.277242931000046], [121.14063265200002, 31.27715391600003], [121.13841390200002, 31.277326335000055], [121.13829752100003, 31.27951924000007], [121.13681509100002, 31.27962791400006], [121.1365707870001, 31.27859297400005], [121.13594080100006, 31.278349125000034], [121.13480798700004, 31.278730281000037], [121.13412194000011, 31.278562346000058], [121.13378637500011, 31.279157611000073], [121.13300917300012, 31.279445374000034], [121.13344072600012, 31.28059751400008], [121.13126642300006, 31.281487077000065], [121.130575539, 31.28020765900004], [121.1290914120001, 31.280732448000037], [121.12958898300008, 31.282101542000078], [121.12929055400002, 31.28226707700003], [121.12707949200001, 31.283204823000062], [121.12644978200001, 31.28194655300007], [121.12260399600007, 31.283041539000067], [121.12253587700002, 31.283507271000076], [121.12305535600001, 31.28491228000007], [121.12301621000006, 31.286077758000033], [121.12103900500006, 31.285802682000053], [121.12035725300007, 31.286022868000032], [121.12040728700003, 31.286239831000046], [121.1203452200001, 31.28625975800003], [121.11645327300005, 31.28760237700004], [121.1164872710001, 31.287977255000044], [121.1157536180001, 31.287976591000074], [121.11557552800002, 31.287212744000044], [121.11489993700002, 31.28738008600004], [121.11467378600003, 31.28694506900007], [121.11310148500002, 31.28751254200006], [121.1117384900001, 31.287477508000052], [121.11037560700004, 31.28709268600005], [121.10932503100003, 31.28625332300004], [121.10785733700004, 31.284751026000038], [121.1064947650001, 31.283561742000074], [121.1049142600001, 31.281603748000066], [121.10341188300004, 31.279821818000073], [121.10204860700003, 31.27852783000003], [121.09920120700008, 31.277147556000045], [121.09922726000002, 31.27657180400007], [121.10118955300004, 31.276861234000023], [121.10082460000001, 31.27547270200006], [121.0985582510001, 31.27592792300004], [121.09692609700005, 31.27696220200005], [121.09418319400004, 31.278070514000035], [121.09343621400001, 31.279199039000048], [121.0937400360001, 31.280661430000066], [121.09323705200006, 31.281491089000042], [121.09275007300005, 31.282386734000056], [121.09195102800004, 31.28505368200007], [121.09077903500008, 31.28881926400004], [121.08964131400012, 31.290131904000077], [121.08846979700002, 31.290025187000026], [121.08896444300001, 31.291693404000057], [121.08757512000011, 31.291019009000024], [121.08704529300007, 31.292049743000064], [121.0855179880001, 31.293717574000027], [121.08417181300001, 31.293896032000077], [121.08228718100008, 31.293539053000075], [121.08271295600002, 31.292474269000024], [121.08235726400005, 31.29197664700007], [121.0800823410001, 31.289419949000035], [121.07780704800007, 31.282744183000034], [121.0767484480001, 31.279084479000062], [121.07993450100003, 31.27753193800004], [121.07836320100012, 31.27468215700003], [121.07753813000011, 31.27336529400003], [121.07581007200008, 31.271986195000068], [121.07456850300002, 31.271713341000066], [121.07203363800011, 31.271553727000025], [121.06813514300006, 31.270982097000058], [121.06584276900003, 31.270370097000068], [121.06410569200011, 31.269939511000075], [121.06210022500011, 31.26979231000007], [121.05866173000004, 31.269756417000053], [121.05788132500004, 31.269302836000065], [121.05768977500009, 31.26856645500004], [121.05834945600009, 31.26851543400005], [121.05779392200009, 31.26442006900004], [121.05736818500009, 31.259799755000074], [121.05807178400005, 31.259554741000045], [121.05757683200011, 31.258974780000074], [121.05750706700007, 31.25788936600003], [121.05665683900008, 31.257557888000065], [121.05672574500011, 31.256998021000072], [121.05733349600007, 31.25701502800007], [121.05731671900003, 31.25482801700008], [121.05693477700004, 31.25164204400005], [121.05623636100006, 31.25007988400006], [121.05640515700009, 31.24835237600007], [121.05511087200011, 31.248597432000054], [121.05453806500009, 31.249105186000065], [121.05357419500001, 31.248911951000025], [121.05310825900006, 31.248622906000037], [121.05373292100012, 31.248019072000034], [121.054199874, 31.24826514600005], [121.05523268200011, 31.247774594000077], [121.05577956200011, 31.247279895000077], [121.05625057800012, 31.247217139000043], [121.05650704200002, 31.247225713000034], [121.05660084800002, 31.247224560000063], [121.056676691, 31.247215440000048], [121.05675752600007, 31.24719231800003], [121.0569211940001, 31.247129080000036], [121.05707388200005, 31.247108841000056], [121.05768953100005, 31.248233348000042], [121.05857574400011, 31.248402877000046], [121.0597644610001, 31.247994238000047], [121.05956494300005, 31.246870043000058], [121.05959101600001, 31.245442645000026], [121.06047736400001, 31.244999518000043], [121.06013809100011, 31.24401246700006], [121.05898331500009, 31.244080187000066], [121.05898342000012, 31.24285574000004], [121.05953048800006, 31.241323598000065], [121.05932198000005, 31.24030337800008], [121.05748166600006, 31.239962412000068], [121.05666536400008, 31.23968885900007], [121.05738602800011, 31.238022450000074], [121.05742103600005, 31.23710481300003], [121.05802885500009, 31.236560095000073], [121.05914860300004, 31.23700314900003], [121.05908780700008, 31.23601569500005], [121.05997309600002, 31.236015352000038], [121.05999914900008, 31.234823860000063], [121.06279500700009, 31.234789856000077], [121.06279509300009, 31.233802309000055], [121.0625865510001, 31.23278306800006], [121.06119804900004, 31.23305391100007], [121.06006920400011, 31.232645759000036], [121.06044168200003, 31.23050119800007], [121.06013837400008, 31.229140280000024], [121.05822812300005, 31.22883434700003], [121.05831104100002, 31.227877663000072], [121.05835995100006, 31.227783630000033], [121.05820731200004, 31.227132174000076], [121.05805367000005, 31.226535695000052], [121.05820241600009, 31.226031696000064], [121.05861262400003, 31.22576917600003], [121.05860265900003, 31.225591275000056], [121.05850089500007, 31.225192621000076], [121.05871748800007, 31.22495139700004], [121.05883925900002, 31.22481927000007], [121.05880136700011, 31.22442951100004], [121.05880042600006, 31.22377681900008], [121.05885735700008, 31.223271969000052], [121.05903906600008, 31.222523041000045], [121.05918485400002, 31.221678215000054], [121.05930566400002, 31.22115827600004], [121.05956025800003, 31.220144368000035], [121.05975396100007, 31.219269489000055], [121.05987878100007, 31.218574631000024], [121.05991075700001, 31.218150784000045], [121.0601733200001, 31.21741274200008], [121.06031009100002, 31.21706570300006], [121.06040195500009, 31.21662477600006], [121.06039300900011, 31.216188997000074], [121.06056471500006, 31.215850905000025], [121.06067755300012, 31.215268017000028], [121.06081637400007, 31.214335259000052], [121.06103202200006, 31.21374522700006], [121.061193806, 31.212786451000056], [121.06131065700004, 31.211996662000047], [121.06145445700008, 31.21125481100006], [121.06160725200004, 31.210383011000033], [121.0619846840001, 31.209004140000047], [121.06246502200008, 31.206667596000045], [121.06269172300006, 31.205452870000045], [121.062860494, 31.204636035000078], [121.06322400700003, 31.20287339600003], [121.06352053600006, 31.20235524700007], [121.06402377600011, 31.201128174000075], [121.06423946400002, 31.20048320500007], [121.06462699000008, 31.198393723000038], [121.0636985540001, 31.198574859000075], [121.06222810600002, 31.199019657000065], [121.06202247400006, 31.199064923000037], [121.06221332000007, 31.19684274800005], [121.06500945700009, 31.197183825000025], [121.06552176100001, 31.195483012000068], [121.06759652100004, 31.195040710000058], [121.06797009600007, 31.19340608500005], [121.06725819100006, 31.193304967000074], [121.06602514500003, 31.193169527000066], [121.06630277700003, 31.192284624000024], [121.06575570300004, 31.191739572000074], [121.06575580000003, 31.190615131000072], [121.0668760430001, 31.190309911000043], [121.06691903800004, 31.18957822300007], [121.06714576200011, 31.18869739200005], [121.06709291900006, 31.187835885000027], [121.06626824600005, 31.187492054000074], [121.06416677000004, 31.186776089000034], [121.06488773000001, 31.184773154000027], [121.07039321100001, 31.186258983000073], [121.07099152600006, 31.184724136000057], [121.0666330250001, 31.183345690000067], [121.06681491100005, 31.181355474000043], [121.0696369750001, 31.178102899000066], [121.0708355480001, 31.175323052000067], [121.06793577100007, 31.174580590000062], [121.06816951300004, 31.17350687000004], [121.06752751600004, 31.173137802000042], [121.06732788600004, 31.172397416000024], [121.06779624900003, 31.171490332000076], [121.07087376700008, 31.172197608000033], [121.07270174300004, 31.167898019000063], [121.07277178200002, 31.166419715000075], [121.06853469100008, 31.165142753000055], [121.06910798600006, 31.163597914000036], [121.07219867800006, 31.164505249000058], [121.07253730700006, 31.163767307000057], [121.07246749700005, 31.162591983000027], [121.07145982200007, 31.162424052000063], [121.07243273600011, 31.16034118500005], [121.06924618500011, 31.158964170000047], [121.0690385370001, 31.15835871400003], [121.06843943400008, 31.158157489000075], [121.06797019400005, 31.157486376000065], [121.06843864400003, 31.155739754000024], [121.0674581510001, 31.155403061000072], [121.0668239690001, 31.15731681500006], [121.06598133200009, 31.157015001000048], [121.06631993000008, 31.15540242800006], [121.0638979790001, 31.154863806000037], [121.06319525300012, 31.154193104000058], [121.0643664800001, 31.151396009000052], [121.0645402560001, 31.15060020100003], [121.06386344300006, 31.15016332400006], [121.06114526200008, 31.150499927000055], [121.06084175700005, 31.15130494400006], [121.06151945500005, 31.151875663000055], [121.06148443500001, 31.152850201000035], [121.05956505500001, 31.15274708700008], [121.05949607600007, 31.154058503000044], [121.05812477400002, 31.15402564200008], [121.05798496700004, 31.155032334000055], [121.05584038800009, 31.15492987700003], [121.05281899300007, 31.154695231000062], [121.05110001000003, 31.153720881000027], [121.05127370500009, 31.152579158000037], [121.04928539000002, 31.15278081200006], [121.04734118800002, 31.152410830000065], [121.04572625200001, 31.152644991000045], [121.04556156500007, 31.153921660000037], [121.04458886000009, 31.156540317000065], [121.04088984700002, 31.155969638000045], [121.04072451400009, 31.15351729200006], [121.0389106770001, 31.152576902000078], [121.0369573590001, 31.151771877000044], [121.037026405, 31.148883238000053], [121.03786901400008, 31.14834554500004], [121.03900576400008, 31.148412879000034], [121.04024735600001, 31.147473552000065], [121.03830222600004, 31.143039352000073], [121.0372953110001, 31.140855867000028], [121.0362534620001, 31.139545033000047], [121.03413581400002, 31.13887450800007], [121.03359736000004, 31.139813330000038], [121.03272903400011, 31.13944467700003], [121.03175703000011, 31.139342166000063], [121.03161820700007, 31.142298938000067], [121.0296732160001, 31.14313844800006], [121.02909999200006, 31.14357469600003], [121.02859654300005, 31.144179682000072], [121.02667776500004, 31.143641012000046], [121.02429959800008, 31.14323960300004], [121.02399554600004, 31.14394505300004], [121.02432541000007, 31.144448890000035], [121.02389073100005, 31.145859321000046], [121.02225122400012, 31.145756864000077], [121.02271874700011, 31.14465016500003], [121.02214667300007, 31.144615757000054], [121.02177297900005, 31.14407707600003], [121.02120899900001, 31.142768335000028], [121.01844843300012, 31.14293499200005], [121.01781466600005, 31.142467040000042], [121.01835298500009, 31.140315659000066], [121.01485451600001, 31.13658767900006], [121.0140464110001, 31.136116276000052], [121.01260553700001, 31.136016535000067], [121.00286591700001, 31.135477895000065], [120.98691179200011, 31.135278516000028], [120.98137400600001, 31.13396879700008], [120.97959439300007, 31.133834125000078], [120.97018497900001, 31.135784055000045], [120.94842687300002, 31.140454935000037], [120.9261655030001, 31.143648942000027], [120.9174698280001, 31.140258206000055], [120.91276583400008, 31.138444882000044], [120.90846930600003, 31.13767280600007], [120.90423476500007, 31.13693585900006], [120.90225559500004, 31.136532574000057], [120.90124892600011, 31.13646579600004], [120.89506962100006, 31.13831297100006], [120.89386356700004, 31.13818087900006], [120.8771394690001, 31.136973083000044], [120.87620267500006, 31.136402592000024], [120.87458820100005, 31.135629562000076], [120.87352921400009, 31.134647091000033], [120.87227095900005, 31.13373834400005], [120.87063029600006, 31.13171174000007], [120.86923277100004, 31.13027900000003], [120.86818255800006, 31.129405292000058], [120.86738467500004, 31.127938166000035], [120.86685414800002, 31.12605056500007], [120.8668543330001, 31.123777801000074], [120.86642892800012, 31.121961283000076], [120.86454660100003, 31.119511316000057], [120.86179489000006, 31.116992137000068], [120.86084853300008, 31.116387195000073], [120.8598420290001, 31.116085979000047], [120.85906086900002, 31.115506206000077], [120.85807137300003, 31.114745219000042], [120.85719409700005, 31.113136836000024], [120.85604034000005, 31.111566006000032], [120.85467711500007, 31.110936309000067], [120.85373152000011, 31.11076096200003], [120.85389687400004, 31.109892694000052], [120.85272506800004, 31.10721736000005], [120.85267206300011, 31.106133876000058], [120.85262005900006, 31.105070384000044], [120.8543732390001, 31.10308519000006], [120.85558932700008, 31.102529332000074], [120.85788901300009, 31.103297277000024], [120.85858318800001, 31.102368785000067], [120.85982410100007, 31.102554422000026], [120.86032802700004, 31.100621192000062], [120.86157796000009, 31.099879299000065], [120.86541440700012, 31.099481444000048], [120.86564858200006, 31.10120177300007], [120.86727167100003, 31.101573505000033], [120.86838209900009, 31.101150019000045], [120.86901575800005, 31.10257993600004], [120.86972759800005, 31.102712647000033], [120.87247874200011, 31.102208800000028], [120.87185423200003, 31.100129327000047], [120.87481326000011, 31.100653899000065], [120.8740847140001, 31.098481433000075], [120.87392859200008, 31.09802853800005], [120.87447516800012, 31.09768924000008], [120.87824161300011, 31.097456609000062], [120.88333633800005, 31.09635376400007], [120.88612182600002, 31.096266317000072], [120.88687713800005, 31.096585494000067], [120.88681699300002, 31.098063641000067], [120.88707699100007, 31.099453983000046], [120.88820540800009, 31.099773282000058], [120.88869966000004, 31.098818006000045], [120.88863869500005, 31.098121371000047], [120.88803161100009, 31.096470054000065], [120.88855291000004, 31.095107023000025], [120.88971539700003, 31.09368723600005], [120.89127684700009, 31.092991100000063], [120.89194608200012, 31.09171698700004], [120.89218026200001, 31.09000700200005], [120.89255340800003, 31.088932690000036], [120.89362053700006, 31.088962880000054], [120.89515660400002, 31.089222945000074], [120.8963196090001, 31.088990169000056], [120.89796855600002, 31.087946787000078], [120.89788162000002, 31.08728016300006], [120.89753473300004, 31.086381671000026], [120.89788175000001, 31.085687061000044], [120.89868869000009, 31.085005420000073], [120.90058146700005, 31.08278750000005], [120.9008844760001, 31.08167808500008], [120.90047665500003, 31.080814630000077], [120.89926196500005, 31.08035901100004], [120.89769120000005, 31.08040704600006], [120.89646727200011, 31.080734835000044], [120.89547830200001, 31.08065281200004], [120.89520036900001, 31.079789274000063], [120.89546044200006, 31.07892079100003], [120.89543456600006, 31.07738666000006], [120.89472292100004, 31.07281018300006], [120.89347311600011, 31.069293000000073], [120.89177218300006, 31.06537587500003], [120.89047925500006, 31.060962047000032], [120.89042662600002, 31.05619677100003], [120.89130312100008, 31.052633077000053], [120.89234442000009, 31.051333086000056], [120.8930735880001, 31.050531702000058], [120.89288277700007, 31.047889191000024], [120.8955994370001, 31.04191604500005], [120.89731842300012, 31.041067621000025], [120.89783845700003, 31.039958265000053], [120.89736984400008, 31.035804682000048], [120.89727434000008, 31.029787189000047], [120.89720550400011, 31.02782733300006], [120.89684877800005, 31.024782105000043], [120.89642396600004, 31.02275327500007], [120.89691808200007, 31.020958346000043], [120.89722214900007, 31.019826016000025], [120.89623321300007, 31.019791000000055], [120.89613726000005, 31.019251311000062], [120.89100872000006, 31.019686168000078], [120.89050505500006, 31.01404133300008], [120.88748420000002, 31.012414181000054], [120.88721560300007, 31.006070796000074], [120.88530683200008, 31.004777643000068], [120.87602846100003, 31.001220260000025], [120.87596749600004, 31.00008787400003], [120.87579435400005, 30.99985286100008], [120.87404968100009, 30.999606414000027], [120.87246203400002, 30.999540911000054], [120.87143793500002, 30.999287019000064], [120.87054297300006, 30.99865645400007], [120.8698842440001, 30.998211009000045], [120.86921548600003, 30.997760541000048], [120.8689631950001, 30.997582365000028], [120.86892014500006, 30.997571323000045], [120.86755745500011, 30.997586763000072], [120.86691563500005, 30.997602002000065], [120.86493600800009, 30.99765657200004], [120.86461557000007, 30.997665168000026], [120.86387754700002, 30.99767822900003], [120.86373842900002, 30.99673161000004], [120.86365235300002, 30.996176827000056], [120.86360830800004, 30.995967894000046], [120.86355626400007, 30.99560404300007], [120.86354825900003, 30.995523081000044], [120.86331402500002, 30.99433248300005], [120.86323596400007, 30.993708750000053], [120.8631749110001, 30.99329691400004], [120.86305273800008, 30.993285763000074], [120.8628194050001, 30.99327946300008], [120.86273227900006, 30.993288344000064], [120.86225458400008, 30.993346683000027], [120.86169075400005, 30.99340989600006], [120.8614383790001, 30.993446537000068], [120.86132621100012, 30.993466374000036], [120.86130818700008, 30.99342737300003], [120.86132622100001, 30.993335452000053], [120.86136930900011, 30.99304068400005], [120.86140437900008, 30.992819862000033], [120.86147351300008, 30.99242418800003], [120.86149956100007, 30.992307292000078], [120.86149957000009, 30.992194359000052], [120.86148255100011, 30.992120380000074], [120.86145651600009, 30.99206837500003], [120.86141245500005, 30.992023343000028], [120.86133534300006, 30.991994256000055], [120.86124821500005, 30.991971152000076], [120.86118712500001, 30.99195807800004], [120.86108297100009, 30.991948943000068], [120.86070139800006, 30.991971411000065], [120.86056218700003, 30.99197521900004], [120.86041496500002, 30.99196702200004], [120.86024070200006, 30.99194979400005], [120.86013654400006, 30.991947651000032], [120.85992822500009, 30.99196435400006], [120.85985010200011, 30.992001223000045], [120.8597980190001, 30.99204112800004], [120.85977197700004, 30.992071073000034], [120.85971187500002, 30.99218792100004], [120.8596507640001, 30.992400711000073], [120.85962471200003, 30.992541591000077], [120.85960767300003, 30.992704471000025], [120.85958162700001, 30.992776392000053], [120.8595465730001, 30.99277634300006], [120.85948547900011, 30.99277026200008], [120.85932122700001, 30.992750044000047], [120.8589476520001, 30.992674563000037], [120.85864418000006, 30.99264415300007], [120.85829663600009, 30.992593688000056], [120.85820148500011, 30.99259455200007], [120.85815841700003, 30.992590492000033], [120.8581063360001, 30.992576426000028], [120.8580712810001, 30.992566382000064], [120.85795810200011, 30.992546232000052], [120.8578799820001, 30.992501146000052], [120.85779284700004, 30.992451050000057], [120.85768968500008, 30.99241392400006], [120.8575935340001, 30.992377806000036], [120.8575594780001, 30.992396746000054], [120.85745528900009, 30.992672432000063], [120.85744626500002, 30.99278735100006], [120.85708165300002, 30.99308264700005], [120.8564476360001, 30.992893829000025], [120.85640456700003, 30.99287177900004], [120.85626534400001, 30.992811608000068], [120.85588372900008, 30.992651137000053], [120.85584065800003, 30.992640080000058], [120.85515553900007, 30.99238620500006], [120.85486005000007, 30.992286818000025], [120.85459962000004, 30.992182485000058], [120.85448643200004, 30.992138339000064], [120.85445137200009, 30.992145282000024], [120.85438225300004, 30.99217316000005], [120.85431313300012, 30.992204036000032], [120.85424401300008, 30.99224090900003], [120.85419993400001, 30.992279819000032], [120.85417388700012, 30.99231875600003], [120.85408772300002, 30.992531498000062], [120.8540526600001, 30.992572421000034], [120.85391340700005, 30.992766093000057], [120.85372305800001, 30.99304763500004], [120.85344455100005, 30.99341498800004], [120.85319309300007, 30.99370342900005], [120.85308088700003, 30.99385116700006], [120.85301977600011, 30.993908039000075], [120.85293261800007, 30.994002848000036], [120.85287250900001, 30.994063718000064], [120.85263808400009, 30.99426523300008], [120.85253389700006, 30.994337029000064], [120.85235157000011, 30.99443668300006], [120.85219528700009, 30.99454537500003], [120.85213417600005, 30.994595248000053], [120.85194383200007, 30.994708882000054], [120.85170940700004, 30.99485842300004], [120.85147498200001, 30.99497998000004], [120.8512405570001, 30.995092541000076], [120.85109328900012, 30.995156269000063], [120.85099711400005, 30.99520308700005], [120.8508328150001, 30.99526578700005], [120.85078873500004, 30.99528170800005], [120.85052926000003, 30.99541021600004], [120.85036395800012, 30.99546391800004], [120.85018963900006, 30.995516606000024], [120.85011249800004, 30.99552947400008], [120.85005138800011, 30.995535372000063], [120.84986004100006, 30.995538061000047], [120.84963463300005, 30.995524703000058], [120.8494953820001, 30.99549449400007], [120.84939119700005, 30.995435359000055], [120.84915677900005, 30.995312049000063], [120.8490796420001, 30.99525595700004], [120.8488452260001, 30.99508267500005], [120.8485326760001, 30.99477834100003], [120.8483673830001, 30.99463315500003], [120.8481069180001, 30.994417852000026], [120.84788953200007, 30.994209614000056], [120.84765611300008, 30.99401434200007], [120.8473866280001, 30.993795023000075], [120.84695284800011, 30.993382542000063], [120.84674446800011, 30.993237278000038], [120.84657015100004, 30.99309407000004], [120.84606722600006, 30.992771412000025], [120.84598908300006, 30.992706319000035], [120.84590192000007, 30.99265819900006], [120.84578971100007, 30.99260803900006], [120.84561538500009, 30.992536786000073], [120.84540799500007, 30.992465475000074], [120.84532984900011, 30.99241936900006], [120.84512946900009, 30.99237205600008], [120.84471267800006, 30.99225041400007], [120.84454836500004, 30.992211156000053], [120.84445318200005, 30.99221099300007], [120.84434898400002, 30.992167840000036], [120.84393218700006, 30.99205119000004], [120.84375885400004, 30.992000921000056], [120.84361958700003, 30.991959705000056], [120.84348132000002, 30.991935479000063], [120.84338513300008, 30.99191832300005], [120.84320278000007, 30.991884027000026], [120.84315969500005, 30.99189494600006], [120.8431336430001, 30.991909892000024], [120.8430815370001, 30.991961770000046], [120.84302942900001, 30.992029640000055], [120.84297731900006, 30.99213148900003], [120.8428380260001, 30.99237410300003], [120.8427428230001, 30.992579815000056], [120.84270774700008, 30.992666703000054], [120.84265563600002, 30.992775547000065], [120.84254339300003, 30.993051189000028], [120.84249127700002, 30.993216000000075], [120.8423259110001, 30.99372141300006], [120.84228281500009, 30.993863254000075], [120.84216956600005, 30.994177869000055], [120.84210041200004, 30.994390623000072], [120.84204830100009, 30.994485475000033], [120.84195310200005, 30.994622228000026], [120.84190901200009, 30.99465513100006], [120.84182284000008, 30.994684962000065], [120.84170961000007, 30.994752723000033], [120.84166652400006, 30.994763641000077], [120.84163145500008, 30.994761581000034], [120.84151923400009, 30.99474239400007], [120.84123267200005, 30.994652942000073], [120.84107636400006, 30.994615688000067], [120.84082486800003, 30.994549282000037], [120.8406164590001, 30.994461965000028], [120.8405483250001, 30.99443985700003], [120.84033390400009, 30.99433953600004], [120.84010445000001, 30.99426517200004], [120.8399621640001, 30.994264918000056], [120.83964251600003, 30.994345301000067], [120.83933889600007, 30.99443970200008], [120.83907535000003, 30.994602135000036], [120.83878774300001, 30.994905440000025], [120.83859733700001, 30.995159948000037], [120.83834180400004, 30.995338382000057], [120.83782167000004, 30.996258901000033], [120.83697883800005, 30.997588590000078], [120.83585933000006, 31.00009407400006], [120.82661550800003, 31.004453328000068], [120.8187333620001, 31.007936462000032], [120.81664085200009, 31.008590171000037], [120.81006108400004, 31.007973442000036], [120.79862739600003, 31.00760585200004], [120.7766635270001, 31.00311502900007], [120.77456204500004, 31.00179159000004], [120.77395446600008, 31.000091977000068], [120.77176717100008, 30.99783719000004], [120.77075112900002, 30.997222623000027], [120.769621959, 30.997239619000027], [120.76810243700004, 30.997548169000027], [120.76765992300011, 30.99870213400004], [120.76713039300012, 30.99916244600007], [120.76633167600005, 30.99912086300003], [120.76559406100012, 30.998784518000036], [120.76551504000008, 30.99821379800005], [120.7653330930001, 30.99569615300004], [120.76483881100012, 30.994098748000056], [120.76401324000005, 30.992904891000023], [120.76373611500003, 30.991763382000045], [120.76350110200008, 30.98970444500003], [120.76370946800012, 30.987237040000025], [120.76452536300008, 30.984302322000076], [120.76536817300007, 30.982972699000072], [120.76587173400003, 30.98141498500007], [120.76584580700012, 30.980268644000034], [120.76536846300007, 30.979474770000024], [120.7622861320001, 30.978312424000023], [120.75895195400005, 30.978127716000074], [120.75634760500009, 30.977595895000036], [120.75413371600007, 30.976709652000068], [120.75244922400009, 30.975469925000027], [120.75122397200005, 30.974222395000027], [120.74937579900006, 30.971268847000033], [120.74748266000006, 30.96963164600004], [120.74639766900009, 30.96844931000004], [120.74524273400004, 30.967203058000052], [120.74368888300012, 30.965848954000023], [120.7422040670001, 30.96523649200003], [120.74160419400005, 30.964676918000066], [120.73846988000003, 30.96448474700003], [120.7359437240001, 30.964469601000076], [120.73368666500005, 30.964951272000064], [120.73177658200007, 30.96590066600004], [120.73034429800009, 30.967461547000028], [120.7287112250001, 30.969145558000037], [120.72760886100002, 30.970885262000024], [120.72325920800006, 30.973350122000056], [120.72127104600008, 30.97372063800003], [120.71900537400006, 30.973518899000055], [120.71654012300007, 30.97326656900003], [120.71433476900006, 30.97301014100003], [120.71200774200008, 30.97276200400006], [120.70993254900009, 30.97249971900004], [120.7075538470001, 30.97327834300006], [120.70577440900001, 30.974102266000045], [120.70510544000001, 30.97388332500003], [120.70430769900008, 30.973490680000054], [120.70388144500009, 30.972463895000033], [120.70352610900011, 30.97114918300008], [120.70310885200001, 30.970122394000043], [120.70230220600001, 30.969278071000076], [120.70122500000002, 30.96866403200005], [120.7000190010001, 30.968507945000056], [120.69843861000004, 30.96915599700003], [120.69699796100008, 30.970725337000033], [120.69530479500008, 30.972472028000027], [120.6939152440001, 30.973005991000036], [120.69316068900002, 30.97210078200004], [120.69187516300008, 30.970733754000037], [120.69079026500003, 30.969722201000025], [120.68978321500003, 30.96904533600008], [120.68908865300011, 30.967562421000025], [120.6865108390001, 30.96479360400008], [120.6852254480001, 30.963608607000026], [120.6838113230001, 30.96259076800004], [120.68123273600008, 30.959415377000028], [120.68019100200002, 30.95742748600003], [120.68379591900009, 30.955686890000038], [120.6883122380001, 30.954140737000046], [120.69255636700007, 30.95298013100006], [120.69327308900006, 30.95257117500006], [120.6946408010001, 30.95033224000008], [120.69480951600008, 30.950139078000063], [120.69606842200005, 30.948429047000047], [120.69826879400011, 30.946135912000045], [120.69971948300008, 30.944416686000068], [120.70120016900012, 30.942816394000033], [120.70314430000008, 30.93970637500007], [120.70514754700002, 30.935400077000054], [120.70632910800009, 30.931273889000067], [120.70686751500011, 30.928806617000077], [120.70746585300003, 30.92621934500005], [120.70789945500007, 30.923438413000042], [120.70835288500007, 30.92247538600003], [120.70837889300003, 30.921926676000055], [120.70805750200009, 30.920108172000027], [120.70774115300003, 30.917732992000026], [120.70778517200006, 30.916730525000048], [120.70756864700002, 30.91475397800008], [120.70707651100008, 30.912977683000065], [120.70631177200005, 30.911366669000074], [120.70551909200003, 30.909782693000068], [120.70543733000011, 30.908388626000033], [120.705792083, 30.904892193000023], [120.7063934890001, 30.901177551000046], [120.7073773410001, 30.897544357000072], [120.70830632800005, 30.89358444800007], [120.70841539500009, 30.890879889000075], [120.70860330900007, 30.888679930000023], [120.7089519320001, 30.887295288000075], [120.7040731840001, 30.886948120000056], [120.70179782000002, 30.88658263900004], [120.69827370200005, 30.886294175000046], [120.69699795500003, 30.885621580000077], [120.6964420170001, 30.884484133000058], [120.69634631300005, 30.882932192000055], [120.69724889100007, 30.881091824000066], [120.69834312900002, 30.879639946000054], [120.69911595200006, 30.878023687000052], [120.69999271400002, 30.87520697900004], [120.69962848600005, 30.873207697000055], [120.6973964450001, 30.87123132100004], [120.69565158700004, 30.870106768000028], [120.69452359500008, 30.870124598000075], [120.69321189000004, 30.871054231000073], [120.692630871, 30.872037634000037], [120.69137215600006, 30.872511487000054], [120.69017340900007, 30.872363627000027], [120.68885485600003, 30.872951572000034], [120.68847250600004, 30.87392767500006], [120.68836858800012, 30.87536002400003], [120.68972188000009, 30.877007709000054], [120.68624140400004, 30.878892734000033], [120.68320328700008, 30.88007353200004], [120.68188386500003, 30.88077853900006], [120.68143271300005, 30.881474964000063], [120.68137974900003, 30.88233855900006], [120.68174488000011, 30.883994920000077], [120.68122386200002, 30.884797413000058], [120.68063401600011, 30.88521226200004], [120.67976577200011, 30.885222868000028], [120.67856723800003, 30.88484132900004], [120.67754344500008, 30.883415083000045], [120.67684898400012, 30.88199621800004], [120.67657065300011, 30.880791445000057], [120.67562467200003, 30.879890758000045], [120.67335042000002, 30.87923746200005], [120.67107618000011, 30.878691126000035], [120.66940969500001, 30.878030704000025], [120.66886289600006, 30.877228220000063], [120.66610209500004, 30.871479856000065], [120.66357660000006, 30.868015702000037], [120.66176245200006, 30.866551014000038], [120.66052911500003, 30.864852342000063], [120.6590492250001, 30.863658835000024], [120.65889753200008, 30.863675112000067], [120.65880770700005, 30.863766229000078], [120.65859309900009, 30.864274341000055], [120.65774965100002, 30.86616983400006], [120.6575919490001, 30.866406994000045], [120.65719871100009, 30.866771521000032], [120.65703703200006, 30.866825793000032], [120.65686737100009, 30.866848098000048], [120.65670968500001, 30.86687137900003], [120.65647115700006, 30.866950779000035], [120.65627953500007, 30.867018099000063], [120.6561657530001, 30.867131246000042], [120.65601901700006, 30.867493311000032], [120.655917208, 30.86764041500004], [120.65574754200009, 30.86769769800003], [120.6554531270001, 30.86770824000007], [120.65526150700009, 30.867730583000025], [120.65508086200009, 30.867775893000044], [120.65484233500001, 30.867787329000066], [120.65460181500009, 30.867739801000027], [120.65448904700008, 30.867626077000068], [120.65444615700005, 30.867315336000047], [120.6544042910001, 30.866678781000076], [120.65436140400004, 30.86632506500007], [120.65427758800001, 30.86609935100006], [120.65371874200002, 30.86545575400004], [120.65356306900003, 30.865201187000025], [120.6535062050001, 30.864904464000062], [120.65356312400002, 30.864522579000038], [120.65371886200012, 30.86397061100007], [120.65385960800006, 30.863688515000035], [120.653888574, 30.86340562500004], [120.65381773500008, 30.863136910000037], [120.65369000600003, 30.862896285000033], [120.65367606300003, 30.86254251500003], [120.65368325600002, 30.859975981000048], [120.65362642600007, 30.85925250300005], [120.6535815310001, 30.85904870300004], [120.6534797490001, 30.858822021000037], [120.65325320600004, 30.858675521000066], [120.65286896700002, 30.858562291000055], [120.65186793100008, 30.858375228000057], [120.65114334700002, 30.858172660000037], [120.65084992200002, 30.858036269000024], [120.65066928500005, 30.85784370600004], [120.65057848600009, 30.857516058000044], [120.65057753100007, 30.856984366000063], [120.65062355300006, 30.855615070000056], [120.65066258800005, 30.85426377500005], [120.65062970300005, 30.85361920500003], [120.65066268300006, 30.853086451000024], [120.6508324350001, 30.85212569600003], [120.65100217500003, 30.851310856000055], [120.65109305300007, 30.85064407300007], [120.65114898200011, 30.850191231000053], [120.65119491900009, 30.849874330000034], [120.6511490260001, 30.849648542000068], [120.65100232100008, 30.849500892000037], [120.65068593600006, 30.849410516000034], [120.65034658900004, 30.849376147000044], [120.64980361900007, 30.84945607700007], [120.6494642560001, 30.849546632000056], [120.64857091600004, 30.84988602900006], [120.64811775600003, 30.850021755000057], [120.64763165400007, 30.850134548000028], [120.64742104400011, 30.850160903000074], [120.64606848500011, 30.850831881000033], [120.64363873700006, 30.85246410800005], [120.6411998860001, 30.85387036800006], [120.64055694300009, 30.85440011600008], [120.64029634400003, 30.854918243000043], [120.64046189600003, 30.85697779000003], [120.64052976000005, 30.857240529000023], [120.64034804800008, 30.857503673000053], [120.63998364300005, 30.857752121000033], [120.6393846420001, 30.85784303400004], [120.6382784760001, 30.857816811000077], [120.63721022000004, 30.857713544000035], [120.63435877200004, 30.856736444000035], [120.63269230200001, 30.85634610900007], [120.63204125900006, 30.85628108000003], [120.63062224500004, 30.85678878300007], [120.62965856300002, 30.85703696300004], [120.6285780180001, 30.857128362000026], [120.62770516500007, 30.857167488000073], [120.62656957200011, 30.85779858500007], [120.62564371000008, 30.857960653000077], [120.62403761200005, 30.85822445200006], [120.62352719500007, 30.858326996000073], [120.62263619200007, 30.858440963000078], [120.62205982300009, 30.858484591000035], [120.62152641300008, 30.85830129200008], [120.6204166440001, 30.857427004000044], [120.61889626400011, 30.856029395000064], [120.61786530500001, 30.855119948000038], [120.61665044600011, 30.85439553100008], [120.61562832700008, 30.85415061200007], [120.61499686800005, 30.853756399000076], [120.61442436100003, 30.853179228000045], [120.61383383100008, 30.852877900000067], [120.61274464900009, 30.852421050000032], [120.61135559800005, 30.85202734300003], [120.60916290600005, 30.851547152000023], [120.6069339930001, 30.85118072700004], [120.60448791800002, 30.850674285000025], [120.60400704800008, 30.850796436000053], [120.60352715900001, 30.851015520000033], [120.60275833300011, 30.85111078400007], [120.6020064810001, 30.851120066000078], [120.60122860500007, 30.851129332000028], [120.60026771700007, 30.851129633000028], [120.59947276900004, 30.851199811000072], [120.59886078000011, 30.85133888200005], [120.59786475200008, 30.851627927000038], [120.59628360200009, 30.85210889800004], [120.59466731900011, 30.852537793000067], [120.59337499100002, 30.852932596000073], [120.5909171080001, 30.853902895000033], [120.58996969100008, 30.854166615000054], [120.58901020600001, 30.854609191000065], [120.58727123900007, 30.85496157600005], [120.58660782000004, 30.855179258000078], [120.58540393700002, 30.856385165000063], [120.5849195720001, 30.856719793000025], [120.58482049000008, 30.856851679000044], [120.58414404200005, 30.85623176400003], [120.58320638800001, 30.855289895000055], [120.58212155500007, 30.854393885000036], [120.57944923000002, 30.852258592000055], [120.57866751600011, 30.851154720000068], [120.57779172700009, 30.84930118300008], [120.57674965300009, 30.848099114000036], [120.57181156600006, 30.845044613000027], [120.57009314300001, 30.84400547300004], [120.56804500900012, 30.84329664300003], [120.56521641200004, 30.841211444000066], [120.5625516880001, 30.839455936000036], [120.55962705700006, 30.837928610000063], [120.55774324600009, 30.836433568000075], [120.55530510300002, 30.833932031000074], [120.55442026600008, 30.831772757000067], [120.55446144200005, 30.830753403000074], [120.55399645200009, 30.829745175000028], [120.55300422500011, 30.828624078000075], [120.55039407200002, 30.82657450000005], [120.54896864200009, 30.824700861000053], [120.5475752000001, 30.822891170000048], [120.54591099100003, 30.82053716400003], [120.5445975670001, 30.818920374000072], [120.54342845300005, 30.817542694000053], [120.54206780300001, 30.815364999000053], [120.54046643600009, 30.812498090000076], [120.53907353200009, 30.81027220800007], [120.53726430300003, 30.80796634400008], [120.53486217600005, 30.80485940500006], [120.53220408000004, 30.80104804800004], [120.53013760200008, 30.798294403000057], [120.52933004700003, 30.797057035000023], [120.5288725900001, 30.796356252000066], [120.52650290100007, 30.793185855000047], [120.52582970200001, 30.792096684000057], [120.52421332200004, 30.790062507000073], [120.52185834500006, 30.78722870000007], [120.52110678200006, 30.786155233000045], [120.52027392500008, 30.784970589000068], [120.51912095700004, 30.78317637300006], [120.5161907370001, 30.778564652000057], [120.51391663600009, 30.775569791000066], [120.51313181000012, 30.77462504700003], [120.51107533700008, 30.772351325000045], [120.50714791400003, 30.76766634100005], [120.50614819600003, 30.766639938000026], [120.50486843500005, 30.765143945000034], [120.50369805700007, 30.76390113000008], [120.50231083900007, 30.762558711000054], [120.50100593400009, 30.761098589000028], [120.50007942700006, 30.760283250000043], [120.49951927400002, 30.76014864600006], [120.4991056670001, 30.760258350000072], [120.49854546800009, 30.760648467000067], [120.49796016900007, 30.761074490000055], [120.49662093200004, 30.76168415500007], [120.49518331400009, 30.76221956200004], [120.49395352800002, 30.76242676700008], [120.49262533500007, 30.76295051200003], [120.49093272100004, 30.76359610600008], [120.4897872680001, 30.76381556900003], [120.48838683400004, 30.764034280000033], [120.48726546500006, 30.76452168800006], [120.48501169600002, 30.765678403000038], [120.48467136700003, 30.76594725600006], [120.4846573000001, 30.766107130000023], [120.48464621700009, 30.766604834000077], [120.48401275000003, 30.767067722000036], [120.48372047500004, 30.76894386500004]]]}}]}