{"type": "FeatureCollection", "features": [{"type": "Feature", "properties": {"township_name": "锦丰镇", "district_code": "zhangjiagang", "district_name": "张家港市", "areacode": "32058201", "class": "乡镇界"}, "geometry": {"type": "Polygon", "coordinates": [[[120.74252262900006, 31.977484288000028], [120.74163293400011, 31.97653260100003], [120.74085933300012, 31.975798034000036], [120.74016318700001, 31.97518085400003], [120.73852216700004, 31.973890419000043], [120.73761051600002, 31.972937270000045], [120.73345391500004, 31.96913432100007], [120.73040504700009, 31.96641498400004], [120.72882147400003, 31.96504360600005], [120.72553088000006, 31.96230191500007], [120.72212009200007, 31.959337877000053], [120.72103921200005, 31.958450339000024], [120.71996716900003, 31.957655725000052], [120.7189041690001, 31.956995403000064], [120.71786206600007, 31.956501394000043], [120.71687611800007, 31.956154944000048], [120.71610430700002, 31.955967453000028], [120.715378525, 31.955899138000063], [120.71491655600005, 31.955940920000046], [120.71448823500009, 31.95603830600004], [120.714053293, 31.956175037000037], [120.71362514100008, 31.956341820000034], [120.71317279900006, 31.956561326000042], [120.71242011100003, 31.956977519000077], [120.70995121500005, 31.958463821000066], [120.7090655510001, 31.95888374100008], [120.70852609200006, 31.959048110000026], [120.70774764200007, 31.95923866100003], [120.70740506700008, 31.959303971000054], [120.70702119400005, 31.95931309200006], [120.70661751300008, 31.959225915000047], [120.70596833200011, 31.958889612000064], [120.70526349900001, 31.95834768700007], [120.70455402300001, 31.957662669000058], [120.70276812100008, 31.955620870000075], [120.70135459800008, 31.953744177000033], [120.69995903000006, 31.95177343000006], [120.69955554100011, 31.951158366000072], [120.69924641900002, 31.950594290000026], [120.6989608350001, 31.949858300000074], [120.69841880000001, 31.948207787000058], [120.69785949000004, 31.94699107400004], [120.69713131800006, 31.94573252600003], [120.69627374700008, 31.94446339500007], [120.69531588600012, 31.943215646000056], [120.69427785200003, 31.942024838000066], [120.69317187200011, 31.940933321000045], [120.69200306800008, 31.93999384400007], [120.69076989000007, 31.939273678000063], [120.6894642210001, 31.938859303000072], [120.68834301000004, 31.938801228000045], [120.68717766600003, 31.938957594000044], [120.6859791390001, 31.939278784000066], [120.68475632800005, 31.939724183000067], [120.683516542, 31.940260325000054], [120.68210549800006, 31.940938679000055], [120.67785383900002, 31.943106673000045], [120.67645087200003, 31.94376446900003], [120.67506680000008, 31.944328789000053], [120.67371094400005, 31.944753019000075], [120.67239514000005, 31.94497930800003], [120.67113459100005, 31.94493479500005], [120.66988660400011, 31.944535116000054], [120.66870334300006, 31.943834799000058], [120.6675729750001, 31.942909532000044], [120.66648894200011, 31.94181674500004], [120.66544987300006, 31.940599074000033], [120.66445981200002, 31.939287276000073], [120.66352883500008, 31.93790262300007], [120.66267406800011, 31.93645881200007], [120.66191023400006, 31.934959271000025], [120.66124206500001, 31.933435074000045], [120.66067247000001, 31.931911806000073], [120.6602157210001, 31.93041578100008], [120.65989946500008, 31.92897672500004], [120.6597676780001, 31.927630776000058], [120.65988458000004, 31.926423899000042], [120.65997651900011, 31.92610615500007], [120.66047900000001, 31.925113559000067], [120.66120280000007, 31.924223750000067], [120.66208279500006, 31.923316949000025], [120.66265675200009, 31.922681572000045], [120.66422235200002, 31.920706215000052], [120.66484990200001, 31.919859385000052], [120.66536506700004, 31.919052427000054], [120.66571149600009, 31.918313785000066], [120.66584793000004, 31.917671917000064], [120.66583010000011, 31.917379726000036], [120.66559240700008, 31.91684370100006], [120.66518498000005, 31.91661199600003], [120.65465336800003, 31.907541000000037], [120.65307570200002, 31.906225445000075], [120.65149942200003, 31.905017894000025], [120.6504488280001, 31.904349788000047], [120.64949705200002, 31.903836265000052], [120.64839220800002, 31.903187243000048], [120.64671607100001, 31.902092690000075], [120.64563296200004, 31.901282215000037], [120.64463963000003, 31.90042174200005], [120.64368431300011, 31.89954222700004], [120.64315129500005, 31.89910178200006], [120.64256665200003, 31.898686690000034], [120.64195436400007, 31.898330972000053], [120.6414747660001, 31.898108345000026], [120.64080301500007, 31.897853515000065], [120.63999007200005, 31.897668630000055], [120.63962802100002, 31.897644327000023], [120.6392845260001, 31.89768450300005], [120.63903535300005, 31.897781812000062], [120.63895263300003, 31.89787506400006], [120.63888732700002, 31.898211626000034], [120.63851600100008, 31.89886394000007], [120.63785893500005, 31.89972802500006], [120.6369267560001, 31.90068556500006], [120.63572664900005, 31.90161299700003], [120.6341027090001, 31.902475426000024], [120.63224902400009, 31.903130576000024], [120.63027483200005, 31.903593270000044], [120.62829798700011, 31.903893210000035], [120.62643971200009, 31.904065307000053], [120.62480581400007, 31.904151643000034], [120.62329161800005, 31.90427424300003], [120.62187640600007, 31.904497160000062], [120.62059884700011, 31.904863654000053], [120.61950657300008, 31.905425293000064], [120.61863796000011, 31.906199284000024], [120.6179031580001, 31.907097388000068], [120.61721028600005, 31.908004181000024], [120.61647384500009, 31.908808390000047], [120.61560831000008, 31.909394889000055], [120.61458092700002, 31.90967390800006], [120.61339984400001, 31.909720571000037], [120.61210895700003, 31.90961145800003], [120.60789883600012, 31.90895997100006], [120.60646548000011, 31.908816475000037], [120.60505227300007, 31.908803722000073], [120.60367977800001, 31.90898788100003], [120.602322576, 31.909431271000074], [120.60099970700003, 31.910060678000036], [120.59833297900002, 31.911512409000068], [120.59692373100006, 31.912163598000063], [120.5953995650001, 31.912677647000066], [120.59379784200007, 31.91306008400005], [120.5921390310001, 31.913343687000065], [120.59043878200009, 31.913553987000057], [120.58870892000004, 31.913710639000044], [120.58695829200008, 31.91382868000005], [120.58341944000006, 31.913992433000033], [120.57807591300002, 31.914170289000026], [120.57452289100002, 31.914319773000045], [120.57275821400003, 31.914429007000024], [120.57100730200011, 31.91457887000007], [120.5692765550001, 31.914788876000046], [120.56757479700002, 31.915086016000032], [120.56591414500008, 31.91550740300005], [120.56439934700006, 31.916047252000055], [120.56292368300001, 31.91670570900004], [120.56141039500005, 31.917500981000046], [120.55972608400009, 31.91850167700005], [120.55792989600002, 31.919650784000055], [120.55427152700008, 31.92214648600003], [120.55097783500003, 31.924502767000035], [120.54791548300011, 31.926736659000028], [120.54766588400003, 31.926888203000033], [120.5560032630001, 31.93951869600005], [120.55892495900002, 31.944040999000038], [120.56070477300011, 31.946937217000027], [120.56155279000006, 31.948400278000065], [120.5623579710001, 31.949878356000056], [120.56310444300004, 31.95137677200006], [120.56377135000002, 31.95290246600007], [120.56433161000007, 31.954464379000058], [120.56477175600003, 31.956101406000073], [120.56510645800006, 31.95777341400003], [120.56536831900007, 31.959468599000047], [120.56558334400006, 31.96117693800005], [120.56615587900001, 31.96628735300004], [120.56638944400004, 31.96795003400007], [120.56668385000012, 31.96956802300008], [120.56707128700009, 31.971120016000043], [120.56759348900005, 31.972577744000034], [120.56830515900003, 31.97390369200008], [120.56925704700006, 31.975072182000076], [120.57040470600009, 31.976104986000053], [120.57169596100005, 31.977038416000028], [120.57309119700005, 31.977900013000067], [120.57456069800003, 31.978710413000044], [120.5760824350001, 31.979484894000052], [120.57764027000007, 31.98023463000004], [120.58082092500001, 31.981689807000066], [120.59615585100005, 31.988419737000072], [120.59858274400005, 31.98951792400004], [120.66240998800004, 31.99159733600004], [120.6943301020001, 31.992684748000045], [120.6996433380001, 31.992765863000045], [120.70141087800005, 31.99274771000006], [120.7031752800001, 31.992690426000024], [120.70493528600002, 31.992578922000064], [120.70668188600007, 31.99240171200006], [120.70842413900004, 31.99217019200006], [120.71016332300007, 31.991899054000044], [120.71190039700002, 31.991599458000053], [120.71537072600006, 31.990946026000074], [120.72056980000002, 31.98989697500008], [120.72574890200008, 31.98879825700004], [120.72916212300004, 31.988010991000067], [120.73087819900002, 31.98754759800005], [120.73272690900001, 31.986874397000065], [120.73462173500002, 31.985981378000076], [120.73645372400006, 31.984877380000057], [120.73811862600007, 31.983577510000032], [120.7394525840001, 31.982226824000065], [120.74055554600011, 31.98085312300003], [120.74142209800004, 31.97957592100005], [120.742044899, 31.978512219000038], [120.74241538600006, 31.97777747300006], [120.74252262900006, 31.977484288000028]]]}}, {"type": "Feature", "properties": {"township_name": "大新镇", "district_code": "zhangjiagang", "district_name": "张家港市", "areacode": "32058202", "class": "乡镇界"}, "geometry": {"type": "Polygon", "coordinates": [[[120.59858274400005, 31.98951792400004], [120.59615585100005, 31.988419737000072], [120.58082092500001, 31.981689807000066], [120.57764027000007, 31.98023463000004], [120.5760824350001, 31.979484894000052], [120.57456069800003, 31.978710413000044], [120.57309119700005, 31.977900013000067], [120.57169596100005, 31.977038416000028], [120.57040470600009, 31.976104986000053], [120.56925704700006, 31.975072182000076], [120.56830515900003, 31.97390369200008], [120.56759348900005, 31.972577744000034], [120.56707128700009, 31.971120016000043], [120.56668385000012, 31.96956802300008], [120.56638944400004, 31.96795003400007], [120.56615587900001, 31.96628735300004], [120.56558334400006, 31.96117693800005], [120.56536831900007, 31.959468599000047], [120.56510645800006, 31.95777341400003], [120.56477175600003, 31.956101406000073], [120.56433161000007, 31.954464379000058], [120.56377135000002, 31.95290246600007], [120.56310444300004, 31.95137677200006], [120.5623579710001, 31.949878356000056], [120.56155279000006, 31.948400278000065], [120.56070477300011, 31.946937217000027], [120.55892495900002, 31.944040999000038], [120.5560032630001, 31.93951869600005], [120.54766588400003, 31.926888203000033], [120.53197104500009, 31.933173972000077], [120.52860518900002, 31.934498027000075], [120.52526073000001, 31.93572664900006], [120.52306787400005, 31.936409471000047], [120.52199377300008, 31.93667421300006], [120.52094293100004, 31.936862253000072], [120.5199243190001, 31.93694690600006], [120.51894978000007, 31.936893772000076], [120.51804751400005, 31.936688683000057], [120.51635340200005, 31.93609065700008], [120.51553836000005, 31.935858573000075], [120.51473246600005, 31.935785400000043], [120.51389140000003, 31.935953823000034], [120.51305074800007, 31.93633483800005], [120.51220977900005, 31.93687338700005], [120.51136808900003, 31.937527257000056], [120.51052548300004, 31.938264507000042], [120.50883735800005, 31.93989982900007], [120.50629868400006, 31.942554851000068], [120.49780571800011, 31.951694185000065], [120.49639860400009, 31.951386386000024], [120.5178246700001, 31.972727465000048], [120.51809750400002, 31.980155814000057], [120.51825659800011, 31.98283336700007], [120.5184110560001, 31.984142537000025], [120.51852704300006, 31.98478180500007], [120.51868187700006, 31.985405719000028], [120.51888909000002, 31.98600893300005], [120.51917366400005, 31.986614248000024], [120.51951382000004, 31.987197596000044], [120.51989370000001, 31.98776524400006], [120.52116928900011, 31.989414461000024], [120.53261930800011, 32.00283381700007], [120.5365599370001, 32.00478191700006], [120.55033684800003, 31.997673189000068], [120.55494540500001, 31.995361355000057], [120.55727354200008, 31.994290198000044], [120.55845051500012, 31.993800460000045], [120.5596407170001, 31.99335772200004], [120.56084904500005, 31.99297937800003], [120.56205626400003, 31.99268433900005], [120.56328080100002, 31.99245082300007], [120.56451787500009, 31.992261846000076], [120.56576390200007, 31.992104675000064], [120.5682729020001, 31.99185053700006], [120.59858274400005, 31.98951792400004]]]}}, {"type": "Feature", "properties": {"township_name": "阳澄湖镇", "district_code": "xiangcheng", "district_name": "相城区", "areacode": "32058701", "class": "乡镇界"}, "geometry": {"type": "MultiPolygon", "coordinates": [[[[120.79410683700007, 31.440631001000042], [120.79375849000007, 31.44057332700004], [120.79384545900007, 31.440868481000052], [120.79427507700007, 31.441454957000076], [120.79663958800006, 31.44433429600008], [120.79753457700008, 31.445543702000066], [120.79837554200003, 31.44684969900004], [120.79909885000006, 31.448251879000054], [120.79963620300009, 31.449677216000055], [120.80006359700008, 31.451164057000028], [120.80080608700007, 31.45421022900007], [120.80122830200003, 31.455720007000025], [120.80176096100001, 31.457188614000074], [120.8024500790001, 31.458598134000056], [120.8032685820001, 31.459956231000035], [120.80417654400003, 31.46127647900005], [120.80709940200006, 31.465122579000024], [120.80803113200011, 31.466400743000065], [120.80887967800004, 31.46769516300003], [120.80959691900011, 31.46901914700004], [120.81012222000004, 31.470389002000047], [120.8104153160001, 31.471910235000053], [120.81048252400001, 31.473487490000025], [120.81038711000008, 31.475105751000058], [120.80995604400005, 31.478729374000068], [120.8097611610001, 31.480848196000068], [120.80966097300006, 31.48304248100004], [120.80971026400005, 31.485206280000057], [120.80995088000009, 31.487235679000037], [120.81034107900007, 31.48890042900007], [120.81081725800004, 31.490302886000052], [120.81129228700001, 31.491378933000078], [120.8116847550001, 31.492063376000033], [120.81192878400009, 31.492287985000075], [120.81259049200003, 31.491368160000036], [120.81301586000006, 31.490895850000072], [120.81731232000004, 31.487142771000038], [120.81735135800011, 31.48705048800008], [120.81376138600001, 31.47157376900003], [120.8112946550001, 31.467683071000067], [120.81018454100001, 31.465880260000063], [120.80904144500005, 31.463958544000036], [120.80794872400008, 31.462024708000058], [120.80699293500004, 31.460187744000052], [120.80626369100003, 31.458558921000076], [120.80585181000004, 31.45725068300004], [120.80580970900007, 31.45630598200006], [120.80611591700006, 31.455605109000032], [120.8067706920001, 31.455192030000035], [120.80769333900002, 31.454967030000034], [120.808779576, 31.454866156000037], [120.81217413000002, 31.45482986500008], [120.813086913, 31.454773545000023], [120.81374535500004, 31.45463025500004], [120.81404211800009, 31.45435593800005], [120.81386576400007, 31.453876007000076], [120.81326940600002, 31.453238687000066], [120.81236841400005, 31.452485930000023], [120.81124932500006, 31.45164940400008], [120.80997653600002, 31.450752916000056], [120.80714887200008, 31.448847968000052], [120.80112984700008, 31.444917373000067], [120.7969638300001, 31.442259440000043], [120.79481789300007, 31.440981411000053], [120.79410683700007, 31.440631001000042]]], [[[120.7700053430001, 31.53666115900006], [120.77589822900006, 31.532188828000073], [120.77650031900009, 31.531760124000073], [120.7774990040001, 31.531371939000053], [120.78912084900003, 31.52649057700006], [120.7920458210001, 31.525330204000056], [120.79341494200003, 31.524826208000036], [120.79475591300002, 31.524374300000034], [120.79605671700006, 31.52399688500003], [120.79730099000005, 31.523724513000047], [120.79846672200006, 31.523598323000044], [120.79952466800012, 31.523673041000052], [120.80043644600005, 31.524020566000047], [120.8011698680001, 31.524693935000073], [120.80176491400005, 31.525627703000055], [120.80226517100004, 31.52674262800008], [120.80270502600001, 31.527977303000057], [120.80392997500007, 31.531944200000055], [120.80438885000001, 31.53322417800007], [120.80491912000002, 31.53441495800007], [120.80555688800007, 31.53546549300006], [120.80634790900001, 31.53631185100005], [120.80726022400006, 31.536870168000064], [120.80831149700009, 31.537237822000066], [120.80946487200004, 31.537460121000038], [120.810690668, 31.53757084500006], [120.81196446800004, 31.53759395000003], [120.81326531800005, 31.537544793000052], [120.81457397700001, 31.53743087400005], [120.81587113400008, 31.537252000000024], [120.81713551300004, 31.536999877000028], [120.81834170500008, 31.536657022000043], [120.81945769100003, 31.536194989000023], [120.82044196300001, 31.535571849000064], [120.82135138500007, 31.53455007000008], [120.82214158600004, 31.533126139000046], [120.82282059500005, 31.53142460500004], [120.82339722800009, 31.529569921000075], [120.82387876700011, 31.527684088000058], [120.8242702340001, 31.525886229000037], [120.82493541800011, 31.522197616000028], [120.82500408800001, 31.521945852000044], [120.81014988600009, 31.517644345000065], [120.80752384700008, 31.516804182000044], [120.80673569200007, 31.51650434000004], [120.80602614700001, 31.516186478000066], [120.80542807600011, 31.51584293700006], [120.80498567300003, 31.515463398000065], [120.80475764100004, 31.515034120000053], [120.80478641700006, 31.51456214800004], [120.80501597400007, 31.514043497000046], [120.80539225600012, 31.513490682000054], [120.80587404000005, 31.51291309800007], [120.80643002700003, 31.512317648000078], [120.80964201400002, 31.50919215600004], [120.8108704870001, 31.507880938000028], [120.81141300200011, 31.50720209900004], [120.8118766990001, 31.50649911200003], [120.81222859500008, 31.505762100000027], [120.81244242900004, 31.504969407000033], [120.8125327670001, 31.50413432000005], [120.81250684100007, 31.503160180000066], [120.81238164100012, 31.502050592000046], [120.81218368200007, 31.500862505000043], [120.81193879800003, 31.499652569000034], [120.81167156200002, 31.498476998000058], [120.81081588400002, 31.495072110000024], [120.80730688900007, 31.492876959000057], [120.80541305500003, 31.491809853000063], [120.80450480100001, 31.49136436400005], [120.80367376400011, 31.49102452300008], [120.8029284050001, 31.49080908700006], [120.80218150300004, 31.490689862000067], [120.80140693400006, 31.490679430000057], [120.80062248000002, 31.490757832000043], [120.7998311, 31.49089847600004], [120.79903493100005, 31.491082146000053], [120.79663083800006, 31.49177323600003], [120.78536437200012, 31.49542395700007], [120.77088621000007, 31.500052174000075], [120.7709051270001, 31.499770570000067], [120.77078390500003, 31.495788455000024], [120.77076243200008, 31.493797931000074], [120.77078411800005, 31.491660834000072], [120.77087004900011, 31.489488925000046], [120.77104333000011, 31.487396054000044], [120.77132921700002, 31.485498329000052], [120.77175422800008, 31.483913253000026], [120.77234523300001, 31.48274175100005], [120.77315346300009, 31.481863850000025], [120.77422135200004, 31.481251000000043], [120.77549090800005, 31.480846988000053], [120.77689625900007, 31.480584029000056], [120.77838529600001, 31.480408899000054], [120.78144718100009, 31.48015410900007], [120.78294501200003, 31.48000094500003], [120.78436935700006, 31.479781633000073], [120.78567553200003, 31.479454652000072], [120.78680986400002, 31.478970853000078], [120.78770611300001, 31.478270232000057], [120.78831235500002, 31.47730598000004], [120.78867898200008, 31.47612513100006], [120.78886810800009, 31.474785935000057], [120.78892606700003, 31.473333638000042], [120.78888636800002, 31.47180359300006], [120.78877198600003, 31.47022395700003], [120.78859706700007, 31.468618021000054], [120.78836802100011, 31.467006257000037], [120.78808410800002, 31.465408190000062], [120.78773750000005, 31.463844159000075], [120.7873128760001, 31.462337071000036], [120.7867865500001, 31.460914217000038], [120.78612515400005, 31.459609194000052], [120.78528392200008, 31.458463976000075], [120.78423444200007, 31.457515856000043], [120.7830124620001, 31.45671972100007], [120.78166802200008, 31.456027840000047], [120.78024130900008, 31.455399905000036], [120.77726748000009, 31.454196937000063], [120.77577294600007, 31.453556610000078], [120.77430512500007, 31.452845228000058], [120.77278364800009, 31.45197581900004], [120.7713075150001, 31.451012126000023], [120.76986635700007, 31.449978457000043], [120.76845186300011, 31.44889356400006], [120.76567809100004, 31.446623603000035], [120.76294952900002, 31.444278249000035], [120.76024475500003, 31.441898473000037], [120.74143140100011, 31.425132262000034], [120.73875989200008, 31.42271530100004], [120.73611685800006, 31.42026236600003], [120.7348148960001, 31.419012542000075], [120.73233847100005, 31.416529211000068], [120.72871146900002, 31.412694484000042], [120.72635090900008, 31.410071045000052], [120.72519736700008, 31.408734052000057], [120.7240708490001, 31.407375139000067], [120.72298192900007, 31.40598882000006], [120.72194499700004, 31.404568092000034], [120.72097918600002, 31.40310431300003], [120.72008428900006, 31.401564488000076], [120.71926239100003, 31.399994631000027], [120.71637003800004, 31.39398108900008], [120.71569961300008, 31.392738182000073], [120.71504372100003, 31.39171754000006], [120.71440453200012, 31.391011073000072], [120.71378764400004, 31.390738678000048], [120.71323316400003, 31.39097354100005], [120.71273227000006, 31.39161180800005], [120.71231536900007, 31.39255505500006], [120.71202028100004, 31.39372895500003], [120.71187663900002, 31.395104222000043], [120.71186714100008, 31.396606586000075], [120.71196110200003, 31.398193150000054], [120.71213742300006, 31.39983046900005], [120.71238353800004, 31.40149156500007], [120.71269477100009, 31.403153357000065], [120.71307412500005, 31.404794366000033], [120.71353252200004, 31.406392622000055], [120.71408949600004, 31.40792362700006], [120.71477434500002, 31.409358344000054], [120.71562771200001, 31.410661099000038], [120.71666341100001, 31.411785992000034], [120.71785916500005, 31.412782202000074], [120.71917189400006, 31.413683079000066], [120.72056804700003, 31.414515148000078], [120.72202147300004, 31.41529967300005], [120.72804524800006, 31.418280175000064], [120.72953279900003, 31.41905557800004], [120.7309854990001, 31.419873490000043], [120.73238678700011, 31.420753638000065], [120.73371664500007, 31.421720336000078], [120.73500927000009, 31.422839576000058], [120.73622389100001, 31.424053359000027], [120.73738102000004, 31.42533667200007], [120.73849644500001, 31.426670406000028], [120.73958217200004, 31.42804015200005], [120.7416983810001, 31.430847698000036], [120.7499984210001, 31.442351699000028], [120.75733821000006, 31.452437274000033], [120.7593601000001, 31.455285348000075], [120.76031647900004, 31.456690783000056], [120.76121059000002, 31.458075782000037], [120.76201362600011, 31.45943143100004], [120.76268640900003, 31.460745650000035], [120.76317634300005, 31.462002289000054], [120.76341372200011, 31.463180038000075], [120.76330739100001, 31.464251171000058], [120.7628412250001, 31.465124487000026], [120.7620889000001, 31.465913647000036], [120.76113695200002, 31.466649981000046], [120.75776997100002, 31.46881660100007], [120.75667511300003, 31.469615068000053], [120.75569083000005, 31.470502259000057], [120.75488168100003, 31.47151545500003], [120.75426657500009, 31.47276207400006], [120.75385885200001, 31.47414856200004], [120.75359663600011, 31.475630314000057], [120.75342735600009, 31.477168466000023], [120.75318389600011, 31.48027031500004], [120.75302108900007, 31.48175922100006], [120.75276703700001, 31.483148501000073], [120.75236473400003, 31.484382650000043], [120.75174504600011, 31.485391640000046], [120.75094822400001, 31.48605801100007], [120.74996678100001, 31.486510415000055], [120.7488544150001, 31.486778533000063], [120.74765730600006, 31.486878621000074], [120.74641653100002, 31.486813795000046], [120.74517041800004, 31.48657378300004], [120.74395686100002, 31.486134118000052], [120.74267514000007, 31.485382892000075], [120.74146428100005, 31.48440968600005], [120.74030848600012, 31.48327386400007], [120.73919506200002, 31.482020439000053], [120.7381139580001, 31.48068311600008], [120.73705732000008, 31.47928679000006], [120.73601020300009, 31.477836326000045], [120.73358164900003, 31.474300561000064], [120.72671802800005, 31.463929458000052], [120.72602217500003, 31.462935388000062], [120.70040133900011, 31.459104739000054], [120.70058268600008, 31.459758021000027], [120.70230796800001, 31.465141075000076], [120.70300922800004, 31.46759867600008], [120.70326562900004, 31.468663922000076], [120.70343225300007, 31.46956999400004], [120.70352654100009, 31.470420172000047], [120.70353047700007, 31.471220016000075], [120.70341301400003, 31.47195226900004], [120.70313389600005, 31.472594549000064], [120.70263825800009, 31.473150374000056], [120.70197622600006, 31.473613577000037], [120.70119660800003, 31.474011288000042], [120.70033517900004, 31.474363433000065], [120.69941806700001, 31.474684617000037], [120.69357835400001, 31.47644170600006], [120.69265147500005, 31.476770515000055], [120.69177310900011, 31.47713361500007], [120.69096507500001, 31.477546352000047], [120.6902566010001, 31.478029363000076], [120.68968677300006, 31.478610290000063], [120.68929165300005, 31.47930408900004], [120.68903499900011, 31.480095692000077], [120.6888800270001, 31.480959081000037], [120.68879877600011, 31.48187448500005], [120.68877025100005, 31.482827066000027], [120.68877886900009, 31.48380581200007], [120.68892827400009, 31.486828924000065], [120.68975425500003, 31.49810707900008], [120.69823512300002, 31.512283125000067], [120.70023355900003, 31.515487404000055], [120.70092313500004, 31.516517942000064], [120.70163389600009, 31.517514591000065], [120.7023747180001, 31.518463199000053], [120.70315753700004, 31.519344742000044], [120.70399821300009, 31.520133952000037], [120.70491758100002, 31.520797646000062], [120.70589436700004, 31.52129333000005], [120.70694414000002, 31.521672645000024], [120.70804740300002, 31.521966715000076], [120.70918921600003, 31.52219944500007], [120.71035815400012, 31.522389213000054], [120.71635443100001, 31.523116082000058], [120.71872184400002, 31.523485210000047], [120.71987449300002, 31.523734155000056], [120.72099391900008, 31.524051496000027], [120.7220670800001, 31.524463987000047], [120.72311784800002, 31.525014990000045], [120.72411727700012, 31.525671481000074], [120.72507823400008, 31.52640693400008], [120.72601062600006, 31.527200950000065], [120.72692965500005, 31.528046138000036], [120.72794348500008, 31.529040102000067], [120.73020244200006, 31.53137672400004], [120.7356380010001, 31.537217223000027], [120.74734825400003, 31.533801122000057], [120.74929178600007, 31.533254141000043], [120.75121145100002, 31.53276316800003], [120.75215407700011, 31.53255745000007], [120.75307817100008, 31.532394212000042], [120.75397601000009, 31.532290862000025], [120.7548372220001, 31.53227072800007], [120.75564802200006, 31.532364734000055], [120.75639031500009, 31.532613384000058], [120.7570420300001, 31.533042202000047], [120.75762803800001, 31.53361825500008], [120.75816695100002, 31.534298569000043], [120.75867323000011, 31.535048990000064], [120.76057394200006, 31.538232298000025], [120.76105891300006, 31.53895146600007], [120.761564754, 31.539580886000067], [120.76210249000007, 31.540078322000056], [120.76268604300003, 31.540389024000035], [120.76335255700008, 31.540465966000056], [120.76407038600007, 31.54033566000004], [120.76482615500004, 31.54005266200005], [120.76560965800002, 31.539658486000064], [120.76641320800002, 31.53918432100005], [120.76723108200008, 31.538653301000068], [120.76805908000006, 31.53808235300005], [120.7700053430001, 31.53666115900006]]]]}}, {"type": "Feature", "properties": {"township_name": "甪直镇", "district_code": "wuzhong", "district_name": "吴中区", "areacode": "32058601", "class": "乡镇界"}, "geometry": {"type": "Polygon", "coordinates": [[[120.86033765400009, 31.312542394000047], [120.8610195550001, 31.30980069800006], [120.86144815300008, 31.308304531000033], [120.86168348100011, 31.307583734000048], [120.8619285530001, 31.306921884000076], [120.86218010300001, 31.30634942300003], [120.86280234200001, 31.30523782000006], [120.86350604500001, 31.304164809000042], [120.86462475400003, 31.302585211000064], [120.87721581100004, 31.28534158900004], [120.87752311600002, 31.28453057200005], [120.8781842080001, 31.282452266000064], [120.87854929200012, 31.281116676000067], [120.87888304400008, 31.27967875400003], [120.87914246300011, 31.27821093800003], [120.87928259400007, 31.276786750000042], [120.8792572970001, 31.27548054400006], [120.87902112100005, 31.274366669000074], [120.87852726800008, 31.273467906000064], [120.87788824500001, 31.272751285000027], [120.8765929330001, 31.271406440000078], [120.87610871300001, 31.27071464100004], [120.87585397100008, 31.269969752000065], [120.8759029150001, 31.269125624000026], [120.87620941000011, 31.268215302000044], [120.87670126800003, 31.267256974000077], [120.87732478100008, 31.26626420300005], [120.87804027900006, 31.265246947000037], [120.878818507, 31.26421238200004], [120.88303308000002, 31.25890429800006], [120.88385162400004, 31.257822931000078], [120.88463119900007, 31.256732579000072], [120.88535283400006, 31.255629999000064], [120.88599161100001, 31.254510495000034], [120.88651447400002, 31.25336756400003], [120.88687759900006, 31.25219243300006], [120.88704617300004, 31.250962896000033], [120.88705274100005, 31.24970151100007], [120.88694614000008, 31.248419074000026], [120.88676678400009, 31.24712500000004], [120.88613898800008, 31.243265027000064], [120.88602082000011, 31.24202308200006], [120.88603269400005, 31.240823281000075], [120.88635892900004, 31.239591894000057], [120.88706062000006, 31.238389364000057], [120.88806245600006, 31.237226545000055], [120.88925750300007, 31.236128703000077], [120.89054031900002, 31.235121734000074], [120.89180846400006, 31.23423270400008], [120.89296229600006, 31.23348971000007], [120.8947484250001, 31.232418606000067], [120.89523600200005, 31.230941660000042], [120.89536128600002, 31.230681503000028], [120.89542862000008, 31.230641951000052], [120.89556205500003, 31.23064234800006], [120.89613721300009, 31.230803652000077], [120.89740087200005, 31.231102537000027], [120.8974250220001, 31.230814932000044], [120.89733420900006, 31.23052539100007], [120.89683459900004, 31.228308480000067], [120.89640971300003, 31.226651986000036], [120.89586280300011, 31.224804091000067], [120.89518952600008, 31.22289574000007], [120.8943832980001, 31.22106066400005], [120.89343490400006, 31.219435858000054], [120.89233368400005, 31.218160096000076], [120.89117876600005, 31.217383127000062], [120.88994298400007, 31.21692107800004], [120.8886109340001, 31.216583943000046], [120.88721042800012, 31.216331918000037], [120.8857625920001, 31.216138881000063], [120.88428244400006, 31.215986266000073], [120.88126434800006, 31.215753929000073], [120.86825527600001, 31.215004615000055], [120.86341800600007, 31.214651685000035], [120.86022529700006, 31.214314255000033], [120.85864701700007, 31.21408552300005], [120.85708717400007, 31.213794645000064], [120.85555271400005, 31.213417638000067], [120.85408850400006, 31.21294824900008], [120.85264900600009, 31.212394731000074], [120.85122791700007, 31.211778609000078], [120.8484227240001, 31.21042078800008], [120.84564661000002, 31.208964493000053], [120.84285051200004, 31.207440275000067], [120.82911793100004, 31.19979912200006], [120.81709619000003, 31.196441268000058], [120.81499335500007, 31.19582649800003], [120.81363185600003, 31.195368553000037], [120.8129760270001, 31.195109905000038], [120.81234638400008, 31.194820075000052], [120.81175324000003, 31.194486779000044], [120.8112102770001, 31.194093727000052], [120.8107271130001, 31.193625952000048], [120.81029448900006, 31.193097994000027], [120.80989863900004, 31.192526245000067], [120.80952917800005, 31.191923071000076], [120.80884050400005, 31.190656886000056], [120.80786861400009, 31.188684824000063], [120.80278860700002, 31.178044027000055], [120.7940222420001, 31.182957126000076], [120.7834281910001, 31.18882663100004], [120.7793286960001, 31.191160652000065], [120.7780044540001, 31.191957521000063], [120.7767208140001, 31.192772398000045], [120.77549660800003, 31.193613554000024], [120.77435769600004, 31.194492342000046], [120.77333917900012, 31.19542414700004], [120.77248815600001, 31.19642959600003], [120.77186704500002, 31.197535996000056], [120.77153168200005, 31.19873188300005], [120.77141268600008, 31.200022473000047], [120.77144817400006, 31.201380332000042], [120.77158936900003, 31.20278361900006], [120.77249304500003, 31.20851730100003], [120.77264297700003, 31.20990148800007], [120.77268754600004, 31.211226784000075], [120.77257366300012, 31.212464539000052], [120.77223212800004, 31.213577104000024], [120.77161264400002, 31.21452238200004], [120.77075716800005, 31.215338233000068], [120.7697242050001, 31.216056838000043], [120.76855893300001, 31.21670302600006], [120.76727308000011, 31.217303387000072], [120.76571846800005, 31.21792915800006], [120.76394039500008, 31.21857914700007], [120.76203353900007, 31.219234077000067], [120.75820416900001, 31.220477190000054], [120.75378225000009, 31.22185326600004], [120.75302640900009, 31.222097403000078], [120.75279279000006, 31.22220528300005], [120.74283965200004, 31.212215152000056], [120.73241443500001, 31.234998877000066], [120.7334437080001, 31.235550225000054], [120.7361632190001, 31.236905539000077], [120.7379465460001, 31.23774940900006], [120.73990190600011, 31.238630886000067], [120.74194685400005, 31.23949348700006], [120.74399885800005, 31.240279265000026], [120.74597503700011, 31.24092933600008], [120.74779196500003, 31.24138522100003], [120.74938915100006, 31.24160050900008], [120.7508474770001, 31.241636566000068], [120.75508039800002, 31.241441361000057], [120.75639477800007, 31.24147547900003], [120.75762791500006, 31.241661634000025], [120.75875279200011, 31.242071103000058], [120.75984303100006, 31.24284140000003], [120.76080812900011, 31.243883754000024], [120.76168346500003, 31.245122353000056], [120.76249525900005, 31.246500748000074], [120.76326282500008, 31.247977244000026], [120.7640004000001, 31.24952114200005], [120.76471860400011, 31.251109727000028], [120.76683260000004, 31.255988432000038], [120.76827313400008, 31.25921507000004], [120.76902599200002, 31.26078276000004], [120.76981582000008, 31.26229687700004], [120.77065879100007, 31.26373333500004], [120.77157650800007, 31.26506018200007], [120.77259766800012, 31.26623507200003], [120.77376004400003, 31.26720231400003], [120.77505325700008, 31.267899174000036], [120.77648084500004, 31.26839842800007], [120.7780077000001, 31.268751739000038], [120.77960654200001, 31.26899904100003], [120.78125611100006, 31.26917112800004], [120.78293953900004, 31.26929191800008], [120.78974916100003, 31.269605048000074], [120.79140459900009, 31.26971591100005], [120.7930064950001, 31.269874791000063], [120.79452816300011, 31.270106896000073], [120.79593367700011, 31.270445641000038], [120.79717449400005, 31.27093582300006], [120.7981852800001, 31.271637508000026], [120.79890504500008, 31.27259298200005], [120.79938784400008, 31.273766386000034], [120.7996919200001, 31.275104283000076], [120.79986237000003, 31.276565274000063], [120.79993019200003, 31.278168183000048], [120.79990557800011, 31.280083768000054], [120.7998090430001, 31.282235540000045], [120.79966180000008, 31.284517041000072], [120.79929152800003, 31.289051119000078], [120.79880475800007, 31.294237941000063], [120.79873326200004, 31.295122078000077], [120.79874959900008, 31.29540019600006], [120.81338287400001, 31.29111080000007], [120.82661379100011, 31.287130665000063], [120.82953660300007, 31.28628918000004], [120.83098644800009, 31.285901099000057], [120.83242298800008, 31.285550615000034], [120.83383991800008, 31.285255534000044], [120.83522857700007, 31.28504033300004], [120.83657718800009, 31.284938278000027], [120.83786993500007, 31.28499406800006], [120.83908580000002, 31.28526707700007], [120.84022650000009, 31.285817646000055], [120.8412874490001, 31.286593547000052], [120.8422903500001, 31.287533454000027], [120.84325158600006, 31.28859108100005], [120.84418337000011, 31.28973192400008], [120.84599212100011, 31.292168486000037], [120.84776271200008, 31.29471286900008], [120.85564767300002, 31.30635723300003], [120.86006105600006, 31.312794199000052], [120.86033765400009, 31.312542394000047]]]}}, {"type": "Feature", "properties": {"township_name": "郭巷街道", "district_code": "wuzhong", "district_name": "吴中区", "areacode": "32058602", "class": "乡镇界"}, "geometry": {"type": "Polygon", "coordinates": [[[120.73241443500001, 31.234998877000066], [120.74283965200004, 31.212215152000056], [120.74119432300006, 31.21025164300005], [120.72974837400011, 31.196274476000042], [120.72758527200006, 31.193711482000026], [120.72651326700009, 31.19249241800003], [120.72545142800004, 31.191342688000077], [120.72440391500004, 31.190293156000052], [120.72337632900008, 31.189385867000055], [120.72237613000004, 31.188677446000042], [120.72141314400005, 31.18824326400005], [120.72050016100002, 31.188182448000077], [120.71966353900007, 31.188561510000056], [120.7188719400001, 31.189291694000076], [120.71810991600012, 31.190271289000066], [120.71736416700003, 31.191420950000065], [120.71509977300002, 31.195308426000054], [120.71428866600002, 31.196591815000033], [120.71341821700003, 31.197791683000048], [120.71246176700004, 31.198853755000073], [120.71138454600009, 31.199712146000024], [120.71013217500001, 31.20032241100006], [120.70875115000001, 31.20070928000007], [120.70727537900007, 31.200930190000065], [120.70573069700004, 31.20102920200003], [120.70413654300012, 31.201039705000028], [120.70250738100003, 31.20098672200004], [120.7008538340001, 31.200888791000068], [120.69918360500003, 31.200759477000076], [120.69561425500001, 31.20042169100003], [120.68175158700001, 31.198915664000026], [120.68056738500002, 31.198811688000035], [120.68043208800009, 31.198701604000064], [120.67787995700007, 31.195942752000065], [120.67599393100011, 31.193962944000077], [120.67415454600007, 31.192164569000056], [120.67335839500004, 31.191476054000077], [120.67262570500009, 31.190931095000053], [120.67188793500009, 31.190487463000068], [120.67114351700002, 31.19018197200006], [120.67039053100007, 31.190063128000077], [120.66964533100008, 31.19016385900005], [120.6688929710001, 31.190436374000058], [120.6681363130001, 31.19083127600004], [120.66737807300001, 31.19131268700005], [120.66662111700009, 31.191855088000068], [120.66586879900001, 31.192440856000076], [120.6643963030001, 31.193701110000063], [120.66368912300004, 31.194366048000063], [120.66301384200005, 31.195053940000037], [120.66238397000006, 31.195768789000056], [120.66181756600008, 31.196518042000037], [120.66133854400005, 31.197312942000053], [120.66096696600005, 31.198161648000053], [120.66068303800012, 31.19905497700006], [120.66046322300008, 31.199980432000075], [120.66014903900009, 31.201892658000077], [120.6598381870001, 31.204835493000076], [120.65855740500001, 31.220645218000072], [120.64999669300005, 31.259152524000058], [120.64560860600011, 31.273124301000053], [120.6487292700001, 31.282189061000054], [120.66074051800001, 31.269553606000045], [120.66308856800003, 31.267138316000057], [120.66455804800012, 31.265741340000034], [120.66523497000003, 31.265172625000048], [120.66585186400005, 31.264739246000033], [120.66638576200012, 31.264493512000058], [120.66680639900005, 31.264504463000037], [120.66708987200002, 31.26482883600005], [120.66726056000005, 31.26540944000004], [120.6673496200001, 31.26617606600007], [120.6673808920001, 31.26707573300007], [120.66737271300008, 31.268068835000065], [120.66717807600003, 31.273630861000072], [120.66718655500006, 31.27476740800006], [120.66724420500009, 31.275890064000066], [120.66737379900007, 31.276989530000037], [120.6676058490001, 31.278054715000053], [120.66797383300002, 31.279093258000046], [120.66845339700001, 31.28009352500004], [120.66901671800008, 31.281064970000045], [120.66971615400007, 31.282104378000042], [120.6705652500001, 31.283248358000037], [120.67249416900006, 31.285650231000034], [120.67632574600009, 31.290136904000065], [120.67643231500006, 31.289877371000046], [120.67751046300009, 31.286420967000026], [120.67869995700005, 31.28278815300007], [120.67938186700007, 31.280839934000028], [120.68009897000002, 31.278923208000037], [120.68083542300008, 31.27712847600003], [120.68157612000005, 31.275546786000064], [120.68232457200008, 31.27421870200004], [120.68316462500002, 31.272986785000057], [120.68415063100008, 31.271810611000035], [120.68523496800003, 31.27070623700007], [120.68638814100007, 31.26965212700003], [120.68758885500006, 31.26863273200007], [120.68882192800004, 31.267636965000065], [120.69134555000005, 31.265687399000058], [120.70934481800009, 31.25228426700005], [120.73241443500001, 31.234998877000066]]]}}, {"type": "Feature", "properties": {"township_name": "同里镇", "district_code": "wujiang", "district_name": "吴江区", "areacode": "32058401", "class": "乡镇界"}, "geometry": {"type": "Polygon", "coordinates": [[[120.80278860700002, 31.178044027000055], [120.80297903600001, 31.17793310600007], [120.8036110590001, 31.177668667000034], [120.80891444000008, 31.17548479000004], [120.8121595020001, 31.174038667000048], [120.8136616490001, 31.173306214000036], [120.81497799700003, 31.172595843000067], [120.81605464900008, 31.171916172000067], [120.81700987900001, 31.171191861000068], [120.81784386100003, 31.170389861000046], [120.8185165210001, 31.169485424000072], [120.81899749100012, 31.168458462000046], [120.81932239100001, 31.16733539300003], [120.81953342300005, 31.16614575500006], [120.81966041300007, 31.164912483000023], [120.8197233080001, 31.16365395500003], [120.81973401100004, 31.162385768000036], [120.81969759200001, 31.16112229500004], [120.81961293100005, 31.159878135000042], [120.8194728630001, 31.158669519000057], [120.81926385600002, 31.157515774000046], [120.8189652310001, 31.156440901000053], [120.81854798500001, 31.155475350000074], [120.81797320100009, 31.154657989000043], [120.81725320900011, 31.15404583700007], [120.8164030800001, 31.153559933000054], [120.8154727860001, 31.153155644000037], [120.81354997800008, 31.15243594900005], [120.81264512400003, 31.15204596800004], [120.81184186700011, 31.151583091000077], [120.81119737800009, 31.151001163000046], [120.81074092100005, 31.150221007000027], [120.81047603800005, 31.14929430400008], [120.81035554700009, 31.14825700800003], [120.81034279000005, 31.147137100000066], [120.8104096080001, 31.145956093000052], [120.81053461900001, 31.144730346000074], [120.81070176700007, 31.14347215400005], [120.81090522000011, 31.14215820100003], [120.81146817800004, 31.13897403200008], [120.81321980400003, 31.12988246100008], [120.81336764000002, 31.128990486000077], [120.79837662400007, 31.126942670000062], [120.78666254300003, 31.125279383000077], [120.78503536400001, 31.12510175600005], [120.78424958100004, 31.125048998000068], [120.78349508100007, 31.125036805000036], [120.78278651500011, 31.125084172000072], [120.78214442000001, 31.125217728000052], [120.78159722300006, 31.12547433700007], [120.78117840200002, 31.125875629000063], [120.78085520600007, 31.126413564000075], [120.78059293400008, 31.127155402000028], [120.78037950300006, 31.12806996300003], [120.78020772000002, 31.129095328000062], [120.78007109700002, 31.13017049800004], [120.77988262800011, 31.132233039000027], [120.77974648500003, 31.134233719000065], [120.77971542900002, 31.134366645000057], [120.77961737700002, 31.13473355800005], [120.77915187600001, 31.135208370000043], [120.77834295100001, 31.135647454000036], [120.77714811900012, 31.13591011300008], [120.77565687700007, 31.135920499000065], [120.77394593300005, 31.13569092000006], [120.77209837200007, 31.135255629000028], [120.77020019100007, 31.134658131000037], [120.76833855400002, 31.133944687000053], [120.76660097800004, 31.133161382000026], [120.76505627200004, 31.132350557000052], [120.76357024100002, 31.131514684000024], [120.76210215200001, 31.130645534000053], [120.76065944800007, 31.12973557600003], [120.75925138100001, 31.12877358000003], [120.75785752800005, 31.127729268000053], [120.75649836800005, 31.12663454300008], [120.75384678600005, 31.124348094000027], [120.75124642800006, 31.121987536000063], [120.74740191900003, 31.118374414000073], [120.74488492000012, 31.11592345100007], [120.74365125400004, 31.11467971600007], [120.74244373300007, 31.113418309000053], [120.74127317600005, 31.11213304200004], [120.74015431200007, 31.11081563700003], [120.73910688400008, 31.10945526100005], [120.73815699500005, 31.108037969000065], [120.73730957900011, 31.10652415900006], [120.73655859600001, 31.10496370000004], [120.73456931800001, 31.100304764000043], [120.73390178300008, 31.098878781000053], [120.73318317000007, 31.097598748000053], [120.73237648400004, 31.09653830800005], [120.73143480800002, 31.095796534000044], [120.73032989800004, 31.095461164000028], [120.72907946700002, 31.09545981100007], [120.72771472800002, 31.095711186000074], [120.72608513600005, 31.096239573000048], [120.72418414800006, 31.097017857000026], [120.7221187880001, 31.097967378000078], [120.71999515800007, 31.09901192700005], [120.71599106000008, 31.101096967000046], [120.71214485700011, 31.103161758000056], [120.71186112900011, 31.103261959000065], [120.71182311600012, 31.103548255000078], [120.7110242120001, 31.10737700900006], [120.71026616800009, 31.11142430500007], [120.70991662800009, 31.113606751000077], [120.70963210700006, 31.115765295000074], [120.70944886400002, 31.11780139600006], [120.70940439700007, 31.11961577900007], [120.7095336540001, 31.121125681000024], [120.70984564200012, 31.12247976200007], [120.71038170200006, 31.123716845000047], [120.7111973640001, 31.124842271000034], [120.71221040900002, 31.125861400000076], [120.71333445300002, 31.12681616800006], [120.71562305900011, 31.128668567000034], [120.71664887500003, 31.129627196000058], [120.7174964300001, 31.130648775000054], [120.7180777530001, 31.131768460000046], [120.71832581600006, 31.133028084000046], [120.7182931430001, 31.13439334700007], [120.71805595400008, 31.135835865000047], [120.71767169600002, 31.137334202000034], [120.71718317800003, 31.138872355000046], [120.71662196500006, 31.140438506000066], [120.71601108700008, 31.142024027000048], [120.71470204700006, 31.14523005500007], [120.70514502600008, 31.16785632600005], [120.70373527200002, 31.17103971100005], [120.70299890400008, 31.172609546000047], [120.70222818800005, 31.174156237000034], [120.70140852700001, 31.175670333000028], [120.70052027000008, 31.177139055000055], [120.69954940200012, 31.17854789000006], [120.69850778000011, 31.179910084000028], [120.6974135700001, 31.181237589000034], [120.69511980200002, 31.183823035000046], [120.6913525110001, 31.18779706500004], [120.68056738500002, 31.198811688000035], [120.68175158700001, 31.198915664000026], [120.69561425500001, 31.20042169100003], [120.69918360500003, 31.200759477000076], [120.7008538340001, 31.200888791000068], [120.70250738100003, 31.20098672200004], [120.70413654300012, 31.201039705000028], [120.70573069700004, 31.20102920200003], [120.70727537900007, 31.200930190000065], [120.70875115000001, 31.20070928000007], [120.71013217500001, 31.20032241100006], [120.71138454600009, 31.199712146000024], [120.71246176700004, 31.198853755000073], [120.71341821700003, 31.197791683000048], [120.71428866600002, 31.196591815000033], [120.71509977300002, 31.195308426000054], [120.71736416700003, 31.191420950000065], [120.71810991600012, 31.190271289000066], [120.7188719400001, 31.189291694000076], [120.71966353900007, 31.188561510000056], [120.72050016100002, 31.188182448000077], [120.72141314400005, 31.18824326400005], [120.72237613000004, 31.188677446000042], [120.72337632900008, 31.189385867000055], [120.72440391500004, 31.190293156000052], [120.72545142800004, 31.191342688000077], [120.72651326700009, 31.19249241800003], [120.72758527200006, 31.193711482000026], [120.72974837400011, 31.196274476000042], [120.74119432300006, 31.21025164300005], [120.74283965200004, 31.212215152000056], [120.75279279000006, 31.22220528300005], [120.75302640900009, 31.222097403000078], [120.75378225000009, 31.22185326600004], [120.75820416900001, 31.220477190000054], [120.76203353900007, 31.219234077000067], [120.76394039500008, 31.21857914700007], [120.76571846800005, 31.21792915800006], [120.76727308000011, 31.217303387000072], [120.76855893300001, 31.21670302600006], [120.7697242050001, 31.216056838000043], [120.77075716800005, 31.215338233000068], [120.77161264400002, 31.21452238200004], [120.77223212800004, 31.213577104000024], [120.77257366300012, 31.212464539000052], [120.77268754600004, 31.211226784000075], [120.77264297700003, 31.20990148800007], [120.77249304500003, 31.20851730100003], [120.77158936900003, 31.20278361900006], [120.77144817400006, 31.201380332000042], [120.77141268600008, 31.200022473000047], [120.77153168200005, 31.19873188300005], [120.77186704500002, 31.197535996000056], [120.77248815600001, 31.19642959600003], [120.77333917900012, 31.19542414700004], [120.77435769600004, 31.194492342000046], [120.77549660800003, 31.193613554000024], [120.7767208140001, 31.192772398000045], [120.7780044540001, 31.191957521000063], [120.7793286960001, 31.191160652000065], [120.7834281910001, 31.18882663100004], [120.7940222420001, 31.182957126000076], [120.80278860700002, 31.178044027000055]]]}}, {"type": "Feature", "properties": {"township_name": "汾湖镇", "district_code": "wujiang", "district_name": "吴江区", "areacode": "32058402", "class": "乡镇界"}, "geometry": {"type": "Polygon", "coordinates": [[[120.81336764000002, 31.128990486000077], [120.85234535100005, 31.107203580000032], [120.85994816000004, 31.10799701600007], [120.86029057100006, 31.107504035000034], [120.86222060800003, 31.105949985000052], [120.86632069300003, 31.10330389300003], [120.86908074500002, 31.100852815000053], [120.87425085900009, 31.098464724000053], [120.8788509630001, 31.09675065400006], [120.88345106800011, 31.095035584000073], [120.88673113700008, 31.093057514000066], [120.89025121600002, 31.091543456000068], [120.8930212680001, 31.089092377000043], [120.89634132700007, 31.08573527200008], [120.89728132200003, 31.081857167000067], [120.89661127900001, 31.078395081000053], [120.89668126700008, 31.076562033000073], [120.89627123000002, 31.073105947000045], [120.89586119400008, 31.06965186000008], [120.89520114900006, 31.065960768000025], [120.89405108100004, 31.060879644000067], [120.89335104200006, 31.058106576000057], [120.89298100000008, 31.053732465000053], [120.89234094900007, 31.049124350000056], [120.8919509110001, 31.04544125800004], [120.89159086600012, 31.040610135000065], [120.89327089300002, 31.038588074000074], [120.89494092000007, 31.036566012000037], [120.89614092500005, 31.03315391800004], [120.89598089700007, 31.02993583500006], [120.89643087200011, 31.025125708000076], [120.89501079900003, 31.02026759100005], [120.89536079100003, 31.01797853000005], [120.89571078300003, 31.01569346900004], [120.89584075800008, 31.012023374000023], [120.89244065700007, 31.010095343000046], [120.88826053200012, 31.00769030400005], [120.8832903870001, 31.00526227000006], [120.87854025500008, 31.00375925700007], [120.8745701470001, 31.00296325900007], [120.86987000800002, 31.00031021700005], [120.8641298340001, 30.99671515500006], [120.8581296530001, 30.99287909000003], [120.84900937800012, 30.987354998000058], [120.84454924800002, 30.985169967000047], [120.83978911800011, 30.984120967000024], [120.8373990560001, 30.98405597800007], [120.8351890140001, 30.98583303600003], [120.83351898600006, 30.987855098000068], [120.83097894800005, 30.991460204000077], [120.82871891600007, 30.994846305000067], [120.82605890100001, 31.00188950100005], [120.82182884000008, 31.008203688000037], [120.81912877600007, 31.00881971900003], [120.8142986580001, 31.009607766000045], [120.81002855100007, 31.00972179300004], [120.80496841800004, 31.00935381100004], [120.79836823800008, 31.007795808000026], [120.7949281430001, 31.006784800000048], [120.79070802600006, 31.005521792000025], [120.78435785300007, 31.004199793000055], [120.77617762700004, 31.001908779000075], [120.77148748500008, 30.999025730000028], [120.76809738300005, 30.996865694000064], [120.76659732600001, 30.994300636000048], [120.76587729200003, 30.992213586000048], [120.7647472210001, 30.986671449000028], [120.76381717100003, 30.98320136500007], [120.76257712000006, 30.98064230500006], [120.76051705300006, 30.97874926800006], [120.75478688200008, 30.975375213000063], [120.74619662100008, 30.96985711800005], [120.73998643100003, 30.965667045000032], [120.72652613200012, 30.971738276000053], [120.70836568600009, 30.974090438000076], [120.70224552200011, 30.97298044200005], [120.69598530100006, 30.964788266000028], [120.69544172200006, 30.964486262000037], [120.68520938600011, 30.96741832200007], [120.68496264300006, 30.96754078300006], [120.67944201800003, 30.96955177500007], [120.67752695600007, 30.970306367000035], [120.67563146300006, 30.971107905000054], [120.67387633400006, 30.97193020000003], [120.67238574500004, 30.972747863000052], [120.67128555500005, 30.973536068000044], [120.6706369750001, 30.97429919500007], [120.6703492360001, 30.97512522100004], [120.67047605000005, 30.976062429000024], [120.67092364500002, 30.97706899900004], [120.67156555600002, 30.978125359000046], [120.67303390600011, 30.980338774000074], [120.67368577400009, 30.981482648000053], [120.67416578200005, 30.982648346000076], [120.6743741040001, 30.98383736100004], [120.6742552180001, 30.98496177000004], [120.67388813600007, 30.986104604000047], [120.67334147200006, 30.987262587000032], [120.67266984800006, 30.98843421600003], [120.66952942800003, 30.99328693800004], [120.66879671100003, 30.994566022000072], [120.66815270600011, 30.995889791000025], [120.66760753300002, 30.997321790000058], [120.66716901100006, 30.99880154600004], [120.66681056900006, 31.000316337000072], [120.66651160900005, 31.00185648400003], [120.66625634900004, 31.00341471200005], [120.66583206700011, 31.00656520900003], [120.6651474040001, 31.01292406500005], [120.66343823800003, 31.03043424400005], [120.66368218100001, 31.03056477000007], [120.66679263100002, 31.032806074000064], [120.66838263300008, 31.033911979000038], [120.67012963400009, 31.03507694500007], [120.67196186600006, 31.036228318000042], [120.67380749400002, 31.03729119600007], [120.67559460900009, 31.038188053000056], [120.67725125000004, 31.038839487000075], [120.67870856500008, 31.03916822000008], [120.680073934, 31.039193734000037], [120.6815042830001, 31.038902670000027], [120.68292727800008, 31.038353475000065], [120.68434549800008, 31.037623086000053], [120.68576096600009, 31.03676791500004], [120.68717533900008, 31.035829372000023], [120.69285127, 31.03177383900004], [120.69428324400008, 31.030786189000025], [120.6957249730001, 31.02985066000008], [120.69717976700008, 31.02899483300007], [120.69865182100011, 31.02825396000003], [120.70014640700003, 31.027673745000072], [120.7016700900001, 31.027313502000027], [120.70314140000005, 31.027219803000037], [120.70463420200008, 31.02732678800004], [120.7061374860001, 31.027585397000053], [120.7076401270001, 31.02795922200005], [120.70912996000004, 31.028422438000064], [120.71059275800008, 31.02895820200007], [120.71201105800003, 31.02955752500003], [120.71336277800003, 31.030218580000053], [120.71461960800002, 31.03094645300007], [120.71574511100005, 31.03175328800006], [120.71669252700008, 31.032658807000075], [120.71740227800001, 31.03369116500005], [120.71782337900004, 31.034845931000064], [120.7180318820001, 31.036118027000043], [120.7181013280001, 31.03747560000005], [120.71807386700004, 31.04035155500003], [120.71809145400005, 31.041833808000035], [120.71820578500001, 31.043326897000043], [120.71848311600002, 31.04492192400005], [120.71889796000005, 31.04651437600006], [120.71941546000005, 31.04810326200004], [120.72000721200004, 31.04968814600005], [120.720649707, 31.051268892000053], [120.72334225300006, 31.057548344000054], [120.72394973600001, 31.05910493300007], [120.72448327400002, 31.06065371300008], [120.72490923100008, 31.062192177000043], [120.72518484700004, 31.06371673700005], [120.72525559900009, 31.065222403000064], [120.72508884400008, 31.066664442000047], [120.72474466900007, 31.068084941000052], [120.72429372900001, 31.06948466700004], [120.72332278800002, 31.072214418000044], [120.72292485800006, 31.07353481800004], [120.72267246000001, 31.074814426000046], [120.72264151400009, 31.076040514000056], [120.72288875100003, 31.077215413000033], [120.7233332620001, 31.078335123000045], [120.72436911200009, 31.08045681200008], [120.7247350020001, 31.081474487000037], [120.72483152200004, 31.08246934400006], [120.72454972800006, 31.083451042000036], [120.72394281800007, 31.084417630000075], [120.72309195100001, 31.085374112000068], [120.72206134600003, 31.08632454700006], [120.72090194000009, 31.08727247300004], [120.7170260360001, 31.090151969000033], [120.71565430800001, 31.09131558400003], [120.71431800500011, 31.09267527600008], [120.71312085800002, 31.09418600300006], [120.71216189600011, 31.095801383000037], [120.71152652400008, 31.09747040900004], [120.71124355200004, 31.099175523000042], [120.71124606400008, 31.100738491000072], [120.71141847400008, 31.102026650000028], [120.71165329400003, 31.102909676000024], [120.71186112900011, 31.103261959000065], [120.71214485700011, 31.103161758000056], [120.71599106000008, 31.101096967000046], [120.71999515800007, 31.09901192700005], [120.7221187880001, 31.097967378000078], [120.72418414800006, 31.097017857000026], [120.72608513600005, 31.096239573000048], [120.72771472800002, 31.095711186000074], [120.72907946700002, 31.09545981100007], [120.73032989800004, 31.095461164000028], [120.73143480800002, 31.095796534000044], [120.73237648400004, 31.09653830800005], [120.73318317000007, 31.097598748000053], [120.73390178300008, 31.098878781000053], [120.73456931800001, 31.100304764000043], [120.73655859600001, 31.10496370000004], [120.73730957900011, 31.10652415900006], [120.73815699500005, 31.108037969000065], [120.73910688400008, 31.10945526100005], [120.74015431200007, 31.11081563700003], [120.74127317600005, 31.11213304200004], [120.74244373300007, 31.113418309000053], [120.74365125400004, 31.11467971600007], [120.74488492000012, 31.11592345100007], [120.74740191900003, 31.118374414000073], [120.75124642800006, 31.121987536000063], [120.75384678600005, 31.124348094000027], [120.75649836800005, 31.12663454300008], [120.75785752800005, 31.127729268000053], [120.75925138100001, 31.12877358000003], [120.76065944800007, 31.12973557600003], [120.76210215200001, 31.130645534000053], [120.76357024100002, 31.131514684000024], [120.76505627200004, 31.132350557000052], [120.76660097800004, 31.133161382000026], [120.76833855400002, 31.133944687000053], [120.77020019100007, 31.134658131000037], [120.77209837200007, 31.135255629000028], [120.77394593300005, 31.13569092000006], [120.77565687700007, 31.135920499000065], [120.77714811900012, 31.13591011300008], [120.77834295100001, 31.135647454000036], [120.77915187600001, 31.135208370000043], [120.77961737700002, 31.13473355800005], [120.77971542900002, 31.134366645000057], [120.77974648500003, 31.134233719000065], [120.77988262800011, 31.132233039000027], [120.78007109700002, 31.13017049800004], [120.78020772000002, 31.129095328000062], [120.78037950300006, 31.12806996300003], [120.78059293400008, 31.127155402000028], [120.78085520600007, 31.126413564000075], [120.78117840200002, 31.125875629000063], [120.78159722300006, 31.12547433700007], [120.78214442000001, 31.125217728000052], [120.78278651500011, 31.125084172000072], [120.78349508100007, 31.125036805000036], [120.78424958100004, 31.125048998000068], [120.78503536400001, 31.12510175600005], [120.78666254300003, 31.125279383000077], [120.79837662400007, 31.126942670000062], [120.81336764000002, 31.128990486000077]]]}}, {"type": "Feature", "properties": {"township_name": "双凤镇", "district_code": "taicang", "district_name": "太仓市", "areacode": "32058502", "class": "乡镇界"}, "geometry": {"type": "Polygon", "coordinates": [[[121.06123319300002, 31.53470012400004], [121.06096240000011, 31.53447245600006], [121.06047400600005, 31.533784694000076], [121.05986384300002, 31.53271641300006], [121.05924107200008, 31.531343751000065], [121.05872034600009, 31.529741735000073], [121.0584221790001, 31.52798484500005], [121.05845646400007, 31.526036727000076], [121.05882465600007, 31.52408687600007], [121.0594436130001, 31.522224614000038], [121.0602177500001, 31.520540079000057], [121.06185337500006, 31.517700896000065], [121.06258256600006, 31.516358250000053], [121.06318293400011, 31.515076236000027], [121.06359197500001, 31.513877415000024], [121.06373249300009, 31.512791528000037], [121.06350739700008, 31.511857273000032], [121.06289150200007, 31.511142263000067], [121.06196217900003, 31.510556730000076], [121.06081568600007, 31.510061433000033], [121.05952976600008, 31.50962503200003], [121.05545812600008, 31.508424828000045], [121.05422169100007, 31.50798840400006], [121.05315071400003, 31.507495404000053], [121.05232363200003, 31.506917833000045], [121.05183609500011, 31.50622185000003], [121.0517717780001, 31.505320814000072], [121.05209242500007, 31.504285147000076], [121.05269408700008, 31.503151202000026], [121.05349820300012, 31.501946496000073], [121.05444616600005, 31.50069159900005], [121.0554947920001, 31.499401696000064], [121.05661265000003, 31.498087869000074], [121.05897207700002, 31.495418070000028], [121.06509262500003, 31.48866873600008], [121.06749900800003, 31.485974154000075], [121.0697886700001, 31.483295699000053], [121.07085137800004, 31.481966705000048], [121.07182646600006, 31.480648047000045], [121.07267776900005, 31.479343585000038], [121.07335652000006, 31.47805852700003], [121.07379782900011, 31.476799807000077], [121.07391655000004, 31.475576517000036], [121.073691972, 31.47451491100003], [121.07322148200001, 31.473479741000062], [121.07259278200002, 31.472460971000032], [121.07116686500001, 31.47043661600003], [121.0705135720001, 31.469413493000047], [121.06999861700001, 31.468370606000065], [121.06970437900009, 31.467297193000036], [121.06970789500008, 31.46604650200004], [121.0699832250001, 31.46475674800007], [121.07042145300011, 31.46344049000004], [121.07139020300008, 31.460769543000026], [121.07171954900002, 31.45943300400006], [121.07179316700001, 31.45810768700005], [121.0715321130001, 31.456853395000053], [121.07099355000003, 31.45561410600004], [121.07024627100009, 31.454386292000038], [121.06934375800006, 31.45316717000003], [121.06832708400009, 31.451954561000036], [121.06722742600004, 31.450746792000075], [121.06606817500005, 31.44954258300004], [121.06486666900003, 31.44834097100005], [121.06215986100005, 31.445732624000073], [121.05175461300007, 31.436004836000052], [121.05090864900001, 31.43517646500004], [121.0508087390001, 31.434788042000037], [121.05042634000006, 31.434063224000056], [121.0497780820001, 31.433156937000035], [121.04887592300008, 31.43224105400003], [121.04772980700011, 31.431494629000042], [121.04636929000003, 31.43107450000008], [121.04483769900003, 31.430987901000037], [121.04320405100009, 31.431187782000052], [121.0415416300001, 31.43161028800006], [121.03992513200001, 31.432185868000033], [121.0369514350001, 31.43349978300006], [121.03544853100004, 31.43410803900008], [121.03391002800004, 31.434639756000024], [121.0322129870001, 31.43510447500006], [121.0304910860001, 31.43548643500003], [121.02536882700008, 31.436491569000054], [121.02374794200011, 31.436889870000073], [121.02221768000004, 31.43738101300005], [121.02081833300008, 31.438011779000078], [121.01960211500011, 31.438840181000046], [121.01869678800006, 31.43980165800008], [121.0179584220001, 31.440925436000043], [121.0173607050001, 31.44216291600003], [121.01688864700009, 31.443474019000064], [121.01653759700002, 31.444824648000065], [121.01631268000006, 31.446184361000064], [121.01622858000007, 31.447524257000055], [121.01630963200012, 31.448814991000063], [121.016585469, 31.45010677700003], [121.01730700400003, 31.452441901000043], [121.01750687200001, 31.453483961000074], [121.01742528900002, 31.454431575000058], [121.01698305200011, 31.45525135400004], [121.01624917800007, 31.456003629000065], [121.01531717800003, 31.456719832000033], [121.01317638400008, 31.45816145300006], [121.01211255200008, 31.458947393000074], [121.01115001800008, 31.459822382000027], [121.01036878900004, 31.460827794000068], [121.00984814000003, 31.461954898000045], [121.0095377020001, 31.463206958000058], [121.00940566200006, 31.46454803900008], [121.00943239800006, 31.465948153000056], [121.00960966700006, 31.46738169200006], [121.0099401110001, 31.468826062000062], [121.01046859400003, 31.470374165000067], [121.01113465600008, 31.47191171600008], [121.01189340300004, 31.473440310000058], [121.01437142800012, 31.477986008000073], [121.01515728100003, 31.47949053600007], [121.01586437700007, 31.480989587000067], [121.01644796300002, 31.48248183800007], [121.01685200400004, 31.483964780000065], [121.01700511600006, 31.485434346000034], [121.01684690800005, 31.486894680000034], [121.01642661800008, 31.488331344000073], [121.0158081080001, 31.489737019000074], [121.01503778500012, 31.491100068000037], [121.01414726100006, 31.49240328600007], [121.01315536400011, 31.493622224000035], [121.01206944600005, 31.494723012000065], [121.01088601600009, 31.495659585000055], [121.00959069500004, 31.496370255000045], [121.00836570800004, 31.496762166000053], [121.00706115900005, 31.496983880000073], [121.00569548500005, 31.49708646700003], [121.00428273900002, 31.497114254000053], [120.99765496700002, 31.497091484000066], [120.99033421500008, 31.497186182000064], [120.98116036900001, 31.497437820000073], [120.97468615600008, 31.49767466800006], [121.00174274200003, 31.524456044000033], [121.01061787700007, 31.531204939000077], [121.0130414030001, 31.53301437600004], [121.01465917000007, 31.53415939100006], [121.01546902700011, 31.534693838000067], [121.01627975400004, 31.53518803600008], [121.01709155500009, 31.53562581700004], [121.0179046720001, 31.535985563000054], [121.01871938600004, 31.536238699000023], [121.01953599800004, 31.53634792400004], [121.02035102500008, 31.53628689800007], [121.02116583100008, 31.536101493000047], [121.02358033900009, 31.535341472000027], [121.02436240800012, 31.535191138000073], [121.02512395000008, 31.535187628000074], [121.02584674200011, 31.535374495000042], [121.02654908600005, 31.53572024300007], [121.02723637000008, 31.53618419600008], [121.02791270700004, 31.536735066000062], [121.02858119500002, 31.537349074000076], [121.02990324400002, 31.538699589000032], [121.03186823200008, 31.54088008000008], [121.03970541500007, 31.549865115000046], [121.0449329270001, 31.549552325000036], [121.04716092100011, 31.549364379000053], [121.04838113000005, 31.549175260000027], [121.0489331230001, 31.54903825400004], [121.04942592500004, 31.54885794000006], [121.04983781900012, 31.54861835500003], [121.05014036900002, 31.548298592000037], [121.0503093100001, 31.54789062100008], [121.05037579900011, 31.547407434000036], [121.05036906900011, 31.546870411000043], [121.05031126200004, 31.546295646000033], [121.0497467780001, 31.543200505000073], [121.04959231400005, 31.541986184000052], [121.04958013100008, 31.541411937000078], [121.04963727500001, 31.54087320800005], [121.04979072200001, 31.540383932000054], [121.05006907100005, 31.539947891000054], [121.05044907700005, 31.539564145000043], [121.05090384500011, 31.539218919000064], [121.05141290300003, 31.53890172000007], [121.05253629900005, 31.53832182600007], [121.05435440200006, 31.53752124400006], [121.06123319300002, 31.53470012400004]]]}}, {"type": "Feature", "properties": {"township_name": "沙溪镇", "district_code": "taicang", "district_name": "太仓市", "areacode": "32058503", "class": "乡镇界"}, "geometry": {"type": "Polygon", "coordinates": [[[121.09938729700002, 31.61852447600006], [121.09908720300007, 31.618365333000042], [121.09902056400006, 31.618329994000078], [121.09825226200007, 31.61781710300005], [121.09732630600001, 31.617089260000057], [121.0972485100001, 31.617028109000046], [121.09715041400011, 31.61693390100004], [121.09618646900003, 31.616008169000054], [121.09533368600012, 31.614911762000077], [121.0952492350001, 31.614803185000028], [121.09462769700008, 31.613458922000063], [121.09447662100001, 31.611997452000026], [121.09476819000008, 31.610496488000024], [121.0953685180001, 31.609044331000064], [121.09538093100002, 31.609014304000027], [121.09538938100002, 31.60899944500005], [121.09617995700012, 31.607609156000024], [121.09701553100001, 31.60625827900003], [121.0977574310001, 31.604819939000038], [121.09832752200009, 31.603341541000077], [121.09869149700012, 31.602090555000075], [121.09878043900005, 31.601784863000034], [121.09886622400006, 31.60140824700005], [121.09914772400009, 31.600172403000045], [121.09945358400012, 31.598520862000044], [121.09971662400005, 31.59684273700003], [121.10060054900009, 31.590034676000073], [121.10109682400002, 31.586676622000027], [121.10140522400002, 31.58504172100004], [121.10178051900004, 31.58345569100004], [121.10225029500009, 31.581938969000078], [121.10275178200004, 31.580751977000034], [121.10285045, 31.580518434000055], [121.10306063900009, 31.580169657000056], [121.10362742200005, 31.57922916900003], [121.1046520000001, 31.578067221000026], [121.10586197400005, 31.577046516000053], [121.10720686900004, 31.576133157000072], [121.10851230500009, 31.57538246200005], [121.10864860200002, 31.575304084000038], [121.11015884100004, 31.57454572000006], [121.1105508920001, 31.574371443000075], [121.11171682200006, 31.573853154000062], [121.11330759600003, 31.573229860000026], [121.11492064900006, 31.572687976000054], [121.11492253200004, 31.572687469000073], [121.11654884200004, 31.572249130000046], [121.11708318300009, 31.57215023300006], [121.11818760400001, 31.57194582300008], [121.11983434400008, 31.571823325000025], [121.12146360700001, 31.57191809400007], [121.12150107000002, 31.571920273000046], [121.12211709400003, 31.572022606000075], [121.1231720510001, 31.572197853000034], [121.124845445, 31.57260671100005], [121.12652010200009, 31.57310969100007], [121.12807783100004, 31.57363926800008], [121.12819535800008, 31.573679223000056], [121.1282803260001, 31.57371045700006], [121.12987089, 31.57429513900007], [121.13322246200005, 31.57561204700005], [121.13799621300006, 31.57757653400006], [121.14494260900005, 31.58043510400006], [121.14824982900006, 31.58170168600003], [121.14926264000007, 31.58205222400005], [121.14987734100009, 31.582264974000054], [121.15059159000009, 31.582482282000058], [121.15147530500008, 31.582751149000046], [121.15221288900011, 31.582929147000073], [121.1530301140001, 31.583126364000066], [121.15452320200006, 31.583344630000056], [121.15592959500009, 31.583344301000068], [121.15721617500003, 31.583043872000076], [121.15834793200008, 31.582383238000034], [121.15936061600007, 31.581425875000036], [121.16028587100004, 31.58025161200004], [121.16079320400002, 31.579467844000078], [121.16114707100007, 31.578921163000075], [121.16140201500002, 31.57846963600008], [121.16196072000002, 31.577480122000054], [121.16273749600009, 31.57596235400007], [121.16348296800004, 31.574392783000064], [121.16419792600004, 31.57278967900004], [121.16487835500004, 31.57116649200003], [121.16551500000003, 31.569533355000033], [121.16609250200008, 31.567898315000036], [121.16658806200007, 31.566268396000055], [121.16696955200007, 31.564650562000054], [121.16716772000007, 31.56323375900007], [121.16719305100003, 31.563052652000067], [121.16719715600004, 31.562089912000033], [121.16719973500005, 31.561485006000055], [121.16719973800002, 31.561484363000034], [121.16718950500001, 31.56142161400004], [121.16696513000011, 31.56004569600003], [121.16654529700008, 31.558644361000063], [121.16600405400004, 31.557283881000046], [121.16539853500001, 31.555972015000066], [121.16421466100007, 31.553552801000023], [121.16392336000001, 31.552880421000054], [121.16375563500003, 31.55249328000008], [121.16348123500006, 31.551582249000035], [121.16348462100007, 31.55087464500008], [121.16348463200006, 31.550872436000077], [121.16382748600006, 31.55041309300003], [121.1644697260001, 31.550094905000037], [121.16543509900009, 31.54972287800007], [121.16662582300012, 31.54919962500003], [121.1679242460001, 31.54844806500006], [121.16934727700004, 31.547326548000058], [121.17070462100003, 31.545997631000034], [121.17193802200006, 31.544601726000053], [121.17298947200004, 31.543275248000043], [121.17379926800004, 31.54214991500004], [121.17430402200011, 31.541353048000076], [121.17441615300004, 31.541039038000065], [121.17442929600008, 31.54100223100005], [121.17442908200007, 31.54100205800006], [121.16738335500008, 31.535313019000057], [121.1516749750001, 31.53351661800008], [121.14538418600011, 31.532733261000033], [121.14227415100004, 31.53225480100008], [121.14073827800007, 31.531968861000053], [121.13922313400008, 31.531635105000078], [121.13773742700005, 31.53123578000003], [121.13629283800003, 31.53074754800008], [121.1349048410001, 31.530140089000042], [121.13364402400009, 31.529426759000046], [121.13243631900002, 31.52860993400003], [121.13126935500009, 31.527723124000033], [121.13013469700002, 31.526794970000026], [121.1268903670001, 31.524023897000063], [121.1258664500001, 31.52319993100008], [121.12488183200003, 31.52248661400006], [121.12394883000002, 31.521934799000064], [121.12308488800011, 31.521610259000056], [121.12231374200007, 31.521598441000037], [121.12165557600008, 31.52196856000006], [121.12108932400008, 31.52265443400006], [121.12058920200002, 31.523570610000036], [121.12013403800006, 31.524647557000037], [121.11886468000012, 31.52829048700005], [121.11841781900011, 31.529473771000028], [121.1179253150001, 31.53054785300003], [121.11725514600005, 31.531397620000064], [121.11632652700007, 31.531877305000023], [121.11520744800009, 31.531909295000048], [121.11393125500001, 31.531587350000052], [121.11257747000002, 31.53101112300004], [121.1112245600001, 31.53027761100003], [121.10994946100004, 31.52947981500006], [121.10882778500002, 31.52870717500008], [121.10713419000001, 31.52741727800003], [121.10526571900004, 31.529629751000073], [121.10437285600005, 31.53060886600008], [121.10338293600012, 31.531611428000076], [121.10233224800004, 31.53256245600005], [121.10125664200007, 31.533384451000074], [121.10019162900005, 31.533997894000038], [121.09917274500003, 31.53432322900005], [121.09824261100005, 31.53432226700005], [121.0973053460001, 31.534133453000038], [121.09634758200002, 31.533826960000056], [121.09537628900011, 31.533440900000073], [121.09439694800005, 31.53300430300004], [121.09048635700003, 31.53116954400008], [121.08953298600011, 31.530782644000055], [121.08860110300009, 31.53046847400003], [121.08769928900006, 31.53025752700006], [121.08683856200003, 31.53018848000005], [121.08603305200006, 31.53031064000004], [121.08526760900008, 31.530679959000054], [121.08456017700007, 31.53125069300006], [121.08389458200008, 31.531967085000076], [121.08325821100004, 31.532785818000036], [121.08264105900003, 31.533672781000064], [121.08082669500004, 31.53648226100006], [121.08021023000003, 31.537390962000075], [121.0795743110001, 31.538243574000035], [121.07890807900003, 31.53900727900003], [121.07819749600003, 31.53964003200008], [121.0774241150001, 31.540086861000077], [121.07653909500004, 31.540305070000045], [121.07558398700007, 31.540315434000036], [121.07457696400002, 31.540171747000045], [121.07353188100001, 31.539915043000065], [121.07245915100009, 31.539576184000055], [121.07126450300007, 31.53913298200007], [121.06842918400002, 31.53794428200007], [121.06547197800012, 31.536618974000078], [121.06203548200006, 31.535035167000046], [121.06123319300002, 31.53470012400004], [121.05435440200006, 31.53752124400006], [121.05253629900005, 31.53832182600007], [121.05141290300003, 31.53890172000007], [121.05090384500011, 31.539218919000064], [121.05044907700005, 31.539564145000043], [121.05006907100005, 31.539947891000054], [121.04979072200001, 31.540383932000054], [121.04963727500001, 31.54087320800005], [121.04958013100008, 31.541411937000078], [121.04959231400005, 31.541986184000052], [121.0497467780001, 31.543200505000073], [121.05031126200004, 31.546295646000033], [121.05036906900011, 31.546870411000043], [121.05037579900011, 31.547407434000036], [121.0503093100001, 31.54789062100008], [121.05014036900002, 31.548298592000037], [121.04983781900012, 31.54861835500003], [121.04942592500004, 31.54885794000006], [121.0489331230001, 31.54903825400004], [121.04838113000005, 31.549175260000027], [121.04716092100011, 31.549364379000053], [121.0449329270001, 31.549552325000036], [121.03970541500007, 31.549865115000046], [121.03186823200008, 31.54088008000008], [121.02990324400002, 31.538699589000032], [121.02858119500002, 31.537349074000076], [121.02791270700004, 31.536735066000062], [121.02723637000008, 31.53618419600008], [121.02654908600005, 31.53572024300007], [121.02584674200011, 31.535374495000042], [121.02512395000008, 31.535187628000074], [121.02436240800012, 31.535191138000073], [121.02358033900009, 31.535341472000027], [121.02116583100008, 31.536101493000047], [121.02035102500008, 31.53628689800007], [121.01953599800004, 31.53634792400004], [121.01871938600004, 31.536238699000023], [121.0179046720001, 31.535985563000054], [121.01709155500009, 31.53562581700004], [121.01627975400004, 31.53518803600008], [121.01546902700011, 31.534693838000067], [121.01465917000007, 31.53415939100006], [121.0130414030001, 31.53301437600004], [121.01061787700007, 31.531204939000077], [121.00174274200003, 31.524456044000033], [121.00162849900005, 31.52471410100003], [120.99968240900012, 31.53026708400006], [120.99892487900001, 31.532288364000067], [120.99810099800004, 31.534368863000054], [120.99723049400006, 31.53641028000004], [120.99633194000012, 31.538312678000068], [120.99542313600011, 31.539974769000025], [120.99451643400005, 31.54130833800008], [120.99352780200002, 31.542439775000048], [120.99239785400005, 31.543393998000056], [120.99104474600006, 31.544167911000045], [120.98955418800006, 31.544763792000026], [120.98797404300001, 31.545236344000045], [120.98634344100003, 31.545626638000044], [120.98148930500008, 31.54658818300004], [120.980005301, 31.546911891000036], [120.97866576000001, 31.547271050000063], [120.97753559600005, 31.547688711000035], [120.97669858800009, 31.548192504000042], [120.97626293300004, 31.548816671000054], [120.97631878900006, 31.549600593000036], [120.97678311900006, 31.550508528000023], [120.97754309300001, 31.55150664000007], [120.97851378000007, 31.552569445000074], [120.97963182100011, 31.55367799800007], [120.9808501760001, 31.55481839400005], [120.98613846400008, 31.55953646000006], [120.98875767300001, 31.561932961000025], [120.98999883400006, 31.563135027000044], [120.99116343000003, 31.564339491000055], [120.9922201500001, 31.56554685100008], [120.99312825900006, 31.566758004000064], [120.99383478400011, 31.56797421500005], [120.99427142600007, 31.569197081000027], [120.99439564700003, 31.57036229700003], [120.99433761700004, 31.571525544000053], [120.99422482200009, 31.572676799000078], [120.99418113700006, 31.573805082000035], [120.99433392000003, 31.57489782500005], [120.99480230500001, 31.575984148000032], [120.99552920100007, 31.57703269600006], [120.99642882700005, 31.578057392000062], [120.99944542800006, 31.581107365000037], [121.00033109500009, 31.58215468800006], [121.00103432500009, 31.583239098000035], [121.00146578500005, 31.58437684900008], [121.00156314000003, 31.585530378000044], [121.00142611900003, 31.586727454000027], [121.00115597100012, 31.58794673500006], [121.00084642600007, 31.589167943000064], [121.00058950000005, 31.59037060000003], [121.00048139800003, 31.591532698000037], [121.00062851700011, 31.59262933900004], [121.00114496100002, 31.593686235000064], [121.00197237400005, 31.594665355000075], [121.00303007800005, 31.595586926000067], [121.0042559850001, 31.596466470000053], [121.00560295800005, 31.59731572900006], [121.00703567700009, 31.59814347100007], [121.00852800700011, 31.59895616600005], [121.01162045100011, 31.60055397900004], [121.02115162000007, 31.60528690500007], [121.02588543400009, 31.607696630000078], [121.02898213700007, 31.609372687000075], [121.03049817700003, 31.61025194700005], [121.03198180900006, 31.611173869000027], [121.03342126900009, 31.61215478300005], [121.03478483900005, 31.61319082700004], [121.03610496800002, 31.614285296000048], [121.03739285500001, 31.615423028000066], [121.03865710500008, 31.61659238200008], [121.04113920100008, 31.618992880000064], [121.04480264900008, 31.622672358000045], [121.05934730500007, 31.63752577500003], [121.06795567500001, 31.633997283000042], [121.07060567200006, 31.63296771100005], [121.07193261600003, 31.632539139000073], [121.0725971490001, 31.63237182100005], [121.07326277300001, 31.632252822000055], [121.0739298960001, 31.632200185000045], [121.0745837710001, 31.632227011000055], [121.07523907500001, 31.632317040000032], [121.07589541400012, 31.63245295100006], [121.07655249400011, 31.632621719000042], [121.07786806600006, 31.633021666000047], [121.09301345300003, 31.63834378100006], [121.09938729700002, 31.61852447600006]]]}}, {"type": "Feature", "properties": {"township_name": "浏河镇", "district_code": "taicang", "district_name": "太仓市", "areacode": "32058504", "class": "乡镇界"}, "geometry": {"type": "Polygon", "coordinates": [[[121.28863447800006, 31.545183311000073], [121.28863519300012, 31.545182019000038], [121.29192642400005, 31.53736987600007], [121.29223483400006, 31.53663782600006], [121.2927785820001, 31.53532836100004], [121.29615912600002, 31.527187260000062], [121.29760697600011, 31.523857973000077], [121.29864789300007, 31.521729675000074], [121.29921474500009, 31.52072144500005], [121.29983016200003, 31.519771751000064], [121.3002113440001, 31.519287090000034], [121.3005130900001, 31.518903430000023], [121.30059974400001, 31.518818874000033], [121.30128859500007, 31.51814669600003], [121.3021847760001, 31.51752144900007], [121.30317466700001, 31.51700915300006], [121.30423257200005, 31.516578838000044], [121.30533916000002, 31.516207200000053], [121.3076446880001, 31.515575240000032], [121.31060831000002, 31.51489999000006], [121.31121460700001, 31.514761847000045], [121.31306869200012, 31.514369673000033], [121.32098510500009, 31.512695201000042], [121.33162942400008, 31.510380992000023], [121.33163297400006, 31.51038022000006], [121.33229608600004, 31.50580547000004], [121.33209569400003, 31.505962620000048], [121.32943561200011, 31.504154589000052], [121.32602550900003, 31.50223955900003], [121.32173539900009, 31.502140582000038], [121.31821531700007, 31.503204629000038], [121.31436524100002, 31.50609972600006], [121.31160519100001, 31.50856080500006], [121.30968515100005, 31.509893850000026], [121.3045550280001, 31.510919906000026], [121.30167493800002, 31.50878786800007], [121.3012648990001, 31.505108775000053], [121.30056485600005, 31.501877696000065], [121.29931480200003, 31.499094632000038], [121.29600467500006, 31.49373851400003], [121.29073451800002, 31.49086047000003], [121.28622439300011, 31.489608463000025], [121.27955421600007, 31.488762480000048], [121.2726540220001, 31.486534462000066], [121.26526380500002, 31.48291941100007], [121.25838360800003, 31.480232382000054], [121.25416348700003, 31.478523362000033], [121.25017337500003, 31.477281353000024], [121.24693329900003, 31.47812439300003], [121.24448324500008, 31.479211435000025], [121.24251321500003, 31.481918516000064], [121.24025318700001, 31.485765628000024], [121.23881317400003, 31.48871671200004], [121.23947322300012, 31.492864815000075], [121.2372631820001, 31.494877879000057], [121.23364305900009, 31.49088879800007], [121.23087199800011, 31.48941384300008], [121.23006495700008, 31.49467588500005], [121.2238010420001, 31.495544891000065], [121.2216299270001, 31.495897300000024], [121.21938996900008, 31.496306078000032], [121.21718358700002, 31.496771626000054], [121.21511411600011, 31.497295591000068], [121.21328547500002, 31.49788011000004], [121.21175523800002, 31.498535815000025], [121.21034500600001, 31.499328975000026], [121.20902646700006, 31.500296552000066], [121.20778859500001, 31.501392460000034], [121.20660700000008, 31.502568273000065], [121.2032404580001, 31.50618673500003], [121.20214230700003, 31.50729963200007], [121.20104345300001, 31.508294568000053], [121.19993748000002, 31.509115318000056], [121.19881785400003, 31.509691049000025], [121.19767736500012, 31.509931721000044], [121.19649912300008, 31.509762943000055], [121.19529841200006, 31.509256056000027], [121.19408093900006, 31.508503160000032], [121.19285104700009, 31.507574223000063], [121.19161199900009, 31.50652231600003], [121.19036622600004, 31.505388049000032], [121.18660427800012, 31.501784977000057], [121.18534549000003, 31.500598597000078], [121.18408549500009, 31.49946133900005], [121.18282491000002, 31.498404552000068], [121.18156442400004, 31.497467870000037], [121.1803048920001, 31.49670265700007], [121.17904745100009, 31.49617599900006], [121.17779365400008, 31.49597529400006], [121.17653502700011, 31.496174075000056], [121.17528015100004, 31.496703810000042], [121.17402770500007, 31.49747584000005], [121.17277722000006, 31.49842264800003], [121.17152922700006, 31.499493469000072], [121.17028550400005, 31.500650593000046], [121.16904945500005, 31.50186633000004], [121.16782668200005, 31.503120559000024], [121.16545942200003, 31.50569067600003], [121.16434590400002, 31.50698874400007], [121.16331113000001, 31.508287546000076], [121.16239131200007, 31.509582882000075], [121.16163648500003, 31.51087121100005], [121.16111500700003, 31.512149157000067], [121.16091922300006, 31.51341306100005], [121.16113542100004, 31.514686416000075], [121.16169712300007, 31.515945085000055], [121.16250846700007, 31.517192876000024], [121.16349368700003, 31.51843314000007], [121.16459148000001, 31.519669019000048], [121.16691998500005, 31.522163626000065], [121.16803579700002, 31.523623755000074], [121.16897988500011, 31.52526432800005], [121.16963251100003, 31.527016251000077], [121.16988803600009, 31.528808991000062], [121.16973315500002, 31.530448621000062], [121.16930497300007, 31.53197594100004], [121.16873497400002, 31.533308103000024], [121.16814796300002, 31.534362845000032], [121.16766266500008, 31.535058255000024], [121.16738335500008, 31.535313019000057], [121.17442908200007, 31.54100205800006], [121.17442929600008, 31.54100223100005], [121.1744977520001, 31.540897622000045], [121.17534203800005, 31.539607456000056], [121.17591908500003, 31.53878454900007], [121.17597460400009, 31.538705374000074], [121.17608116500003, 31.538566587000048], [121.17672789100004, 31.53772427800004], [121.17757570600008, 31.536747587000036], [121.1784921740001, 31.535861019000038], [121.17945185300005, 31.53515327200006], [121.18042964400001, 31.53471533700008], [121.18149767900002, 31.534622289000026], [121.18223751000005, 31.534822550000058], [121.18249371500008, 31.534891901000037], [121.18344851600011, 31.53537962400003], [121.18441925800005, 31.535975275000055], [121.18530699200005, 31.536578736000024], [121.18540084100005, 31.536642533000077], [121.18546667200008, 31.536690021000027], [121.18638989600004, 31.537356001000035], [121.19140338400007, 31.541117248000035], [121.19245232000003, 31.541838176000056], [121.19344816800003, 31.54252261700003], [121.1944870530001, 31.543155394000053], [121.19524989500007, 31.543559882000068], [121.19554242000004, 31.54371499000007], [121.19592041700002, 31.543875769000067], [121.19662010600007, 31.54417337700005], [121.19772771300006, 31.544493685000077], [121.19879387300011, 31.544641080000076], [121.19936869100002, 31.544655575000036], [121.19988427600003, 31.54466857600005], [121.20019733200002, 31.54465201200003], [121.20098991400005, 31.544610075000037], [121.20181326400007, 31.54452364800005], [121.20210241300003, 31.54449329600004], [121.20246211200003, 31.544441289000076], [121.20539143400003, 31.54401775100007], [121.20643370700009, 31.543887535000067], [121.20718439600012, 31.543829177000077], [121.20742216700012, 31.54381069300007], [121.20833306500003, 31.54381771900006], [121.20913490800001, 31.54394727700003], [121.20978603500009, 31.544249274000038], [121.21009006500003, 31.54458601300007], [121.21025205600006, 31.544765432000077], [121.21056559700003, 31.545460131000027], [121.21062091900001, 31.54568306400006], [121.210770464, 31.546285689000058], [121.2110250500001, 31.548202315000026], [121.21120407500007, 31.549123827000074], [121.21124096100004, 31.549313693000045], [121.21152695700005, 31.55026112400003], [121.2115873790001, 31.55046128500004], [121.21158765100006, 31.550461879000068], [121.2120921820001, 31.551564060000032], [121.21237215600001, 31.551965961000064], [121.21277641800009, 31.552546277000033], [121.21327428200004, 31.553015737000067], [121.21365132900007, 31.55337127200005], [121.21461147800005, 31.554015354000057], [121.21547254600011, 31.55445130800007], [121.21554967200007, 31.55449035600003], [121.2155511410001, 31.55449092500004], [121.21636269400005, 31.554805035000072], [121.2168110020001, 31.554926694000073], [121.2169511730001, 31.554964733000077], [121.21702796500006, 31.55496512900004], [121.2172248710001, 31.554966144000048], [121.2173542810001, 31.554759098000034], [121.21739022800011, 31.55470158600008], [121.21752617600009, 31.554563823000024], [121.21795631700002, 31.554127940000058], [121.21885654200003, 31.553316265000035], [121.22003080200011, 31.552346681000074], [121.2214211480001, 31.55130266200007], [121.22142219700004, 31.551301960000046], [121.22297083600006, 31.55027066300005], [121.22462349600005, 31.549339559000032], [121.22637523100002, 31.548553049000077], [121.22956967900006, 31.547360850000075], [121.23077590900004, 31.54681079200003], [121.23144671900002, 31.54630889300006], [121.23172128700003, 31.546103462000076], [121.231882229, 31.54588364400007], [121.23248448300001, 31.54506107700007], [121.23306113000001, 31.543773608000038], [121.23351093800011, 31.542317076000074], [121.2338793560001, 31.540749554000058], [121.23482605000004, 31.535802138000065], [121.23518162800008, 31.534189344000026], [121.23528651100003, 31.53381003100003], [121.23560562500006, 31.53265594000004], [121.23573403900002, 31.53231379600004], [121.23613417900003, 31.531247672000063], [121.23681220300011, 31.530021634000036], [121.23758901700012, 31.529168587000072], [121.23769654600005, 31.529050506000033], [121.23861897200004, 31.528513819000068], [121.23881638800003, 31.528398958000025], [121.2388165210001, 31.52839891800005], [121.23893847700003, 31.52836196000004], [121.24013380600002, 31.52799972200006], [121.24159032500006, 31.527787637000074], [121.24306744400008, 31.527719044000037], [121.24313933000008, 31.527715706000038], [121.24315811200006, 31.527716131000034], [121.2447424720001, 31.527751950000038], [121.24636640200004, 31.52787707300007], [121.24797973500006, 31.528082957000038], [121.24934390700002, 31.528333971000052], [121.24955011700001, 31.528371915000037], [121.25104126200006, 31.528756706000024], [121.25240982600008, 31.52926124700008], [121.2524965240001, 31.52930930100007], [121.25360200400007, 31.529922036000073], [121.25454978200003, 31.530790214000035], [121.25495793200002, 31.53149096900006], [121.25520060100007, 31.53190760800004], [121.25537681200001, 31.532468574000063], [121.25561380200008, 31.533223027000076], [121.25566264700001, 31.533503832000065], [121.2558661160001, 31.534673550000036], [121.25598493600012, 31.53583974000003], [121.25602238200008, 31.53620726200006], [121.25610957900005, 31.53729045600005], [121.25627521100012, 31.539347983000027], [121.25648472000012, 31.54087114500004], [121.25682541000003, 31.542267563000053], [121.25683385100001, 31.542302162000055], [121.25695788400003, 31.542583213000057], [121.257400372, 31.543585859000075], [121.25740234600005, 31.543588471000078], [121.25743226300006, 31.54362806300003], [121.2581260390001, 31.544546205000074], [121.25903950400004, 31.545367025000076], [121.25937663200011, 31.54558859000008], [121.26010031100009, 31.546064202000025], [121.26127677200009, 31.54664536300004], [121.26244739600008, 31.547074165000026], [121.26254465300008, 31.547109791000025], [121.26281460300004, 31.547177864000048], [121.26388604500005, 31.547448047000046], [121.26551278600004, 31.547672528000078], [121.26719802800005, 31.547752480000042], [121.26892449500008, 31.547726096000076], [121.27068234300009, 31.547621827000057], [121.27249613700008, 31.54744910900007], [121.27265411100007, 31.54743406600005], [121.2733389760001, 31.54735273400007], [121.27487652100001, 31.547170141000038], [121.27963545700004, 31.54651479900008], [121.28738402900001, 31.54533499000007], [121.28794061500002, 31.54525426600003], [121.28832137600011, 31.545199043000025], [121.28842755800008, 31.54519328300006], [121.28863447800006, 31.545183311000073]]]}}, {"type": "Feature", "properties": {"township_name": "璜泾镇", "district_code": "taicang", "district_name": "太仓市", "areacode": "32058505", "class": "乡镇界"}, "geometry": {"type": "Polygon", "coordinates": [[[121.15145002500003, 31.673956926000074], [121.15144998300002, 31.673956463000025], [121.15141814300011, 31.673925987000075], [121.15123672000004, 31.67375233200005], [121.15088871800003, 31.673470044000055], [121.15056097100012, 31.673204187000067], [121.14306147500008, 31.667254719000027], [121.14000860500005, 31.66479563100006], [121.13956745300004, 31.664440283000033], [121.13873278900007, 31.66374326400006], [121.13669004000008, 31.662037388000044], [121.13542991200006, 31.66092630000003], [121.13421830000004, 31.65979930000003], [121.13307434700005, 31.658650213000044], [121.13202370200008, 31.657470784000054], [121.13110133900011, 31.656251449000024], [121.13110032400004, 31.656250107000062], [121.13034866200007, 31.65497393700008], [121.12982623800008, 31.65362387400006], [121.1295788010001, 31.65219860900004], [121.129550257, 31.65070293200006], [121.12968017600008, 31.64915638800005], [121.12992239800008, 31.647574101000032], [121.13024137600007, 31.645968005000043], [121.13178415300001, 31.63948958000003], [121.13213061900001, 31.63790165900008], [121.13233931100001, 31.636760674000072], [121.1324145420001, 31.636349361000043], [121.13248305900004, 31.635806763000062], [121.13260392500001, 31.63484959500005], [121.13265764300002, 31.633424517000037], [121.13252214300007, 31.632103279000034], [121.13220995800009, 31.631170350000048], [121.13212756100006, 31.630924115000028], [121.13138695900011, 31.629886731000056], [121.1307939720001, 31.629372627000066], [121.13036697000007, 31.629002427000046], [121.13021121500003, 31.62890442500003], [121.12914085500006, 31.628230942000073], [121.12776456400002, 31.62754154600003], [121.12628032300006, 31.626911070000062], [121.12497990600002, 31.626420434000067], [121.12471963900009, 31.626322238000057], [121.12447361800002, 31.626236884000036], [121.12310575300012, 31.62576232300006], [121.1197813660001, 31.624694789000046], [121.10189059700008, 31.61931246200004], [121.1004096150001, 31.61884628000007], [121.09938729700002, 31.61852447600006], [121.09301345300003, 31.63834378100006], [121.07786806600006, 31.633021666000047], [121.07655249400011, 31.632621719000042], [121.07589541400012, 31.63245295100006], [121.07523907500001, 31.632317040000032], [121.0745837710001, 31.632227011000055], [121.0739298960001, 31.632200185000045], [121.07326277300001, 31.632252822000055], [121.0725971490001, 31.63237182100005], [121.07193261600003, 31.632539139000073], [121.07060567200006, 31.63296771100005], [121.06795567500001, 31.633997283000042], [121.05934730500007, 31.63752577500003], [121.03671533900001, 31.648875088000068], [121.01962297300008, 31.657370532000073], [121.01746900300009, 31.658520724000027], [121.01646652500006, 31.65910622900003], [121.01554897100004, 31.659703600000057], [121.01475769300009, 31.66031861400006], [121.0141549440001, 31.660963928000058], [121.01390787200012, 31.661746979000043], [121.0141236720001, 31.662680133000038], [121.01472252700012, 31.663715060000072], [121.01558778200001, 31.66479421100007], [121.01660540500006, 31.66586040100003], [121.01766580900005, 31.66685707000005], [121.02020925700003, 31.66902646400007], [121.02465985200001, 31.67265728700005], [121.02489772900003, 31.67285134800005], [121.02994593800008, 31.676877903000047], [121.03304287200001, 31.679241819000026], [121.03435818300011, 31.680187886000056], [121.03496693900001, 31.68060435800004], [121.03566716800003, 31.68108341100003], [121.03698146200009, 31.681923590000054], [121.03830099000004, 31.682690509000054], [121.039625064, 31.683361261000073], [121.0409520180001, 31.683906964000073], [121.04220081900007, 31.684295236000025], [121.04455723400008, 31.68496229300007], [121.04558444800011, 31.68539455000007], [121.0461719650001, 31.685807442000055], [121.04644569900006, 31.68599981500006], [121.04680122900004, 31.686466323000047], [121.04714679300002, 31.68691975200005], [121.04717900700007, 31.686992812000028], [121.04765313000007, 31.688068091000048], [121.04801985600011, 31.68938236300005], [121.04819447600005, 31.690312667000057], [121.04828882400011, 31.69081531200004], [121.0483340830001, 31.691153134000047], [121.04849194600001, 31.692331444000047], [121.04908457300007, 31.698780938000027], [121.04926778400011, 31.700415776000057], [121.04950408700006, 31.702036706000058], [121.04982016600002, 31.70363204800003], [121.05025049400001, 31.70518811100004], [121.05082878700011, 31.706704884000033], [121.05084469600001, 31.706738426000072], [121.05152775400006, 31.70817855100006], [121.05206716700002, 31.70916512200006], [121.05231584600006, 31.709619948000068], [121.0531690150001, 31.711037426000075], [121.05384958600007, 31.712071778000052], [121.05500281500008, 31.71382449200007], [121.05596012100011, 31.71520243100008], [121.0579111190001, 31.717919254000037], [121.05823973600002, 31.71837686300006], [121.06590614800007, 31.728817763000052], [121.06590749800012, 31.728819336000072], [121.06610867000006, 31.72905374100003], [121.06652703300006, 31.72954121400005], [121.06652734900001, 31.729541582000024], [121.07445586300003, 31.726905670000065], [121.07473321600003, 31.72667591000004], [121.07500560100004, 31.726522329000034], [121.07549085500011, 31.72624872600005], [121.07604657900004, 31.725981013000023], [121.07664086900002, 31.725694721000025], [121.07809462600005, 31.72509612700003], [121.0797630940001, 31.724539949000075], [121.08155664500009, 31.724117887000034], [121.08338500800005, 31.723925614000052], [121.08497051800009, 31.724014305000026], [121.08514411400006, 31.724024016000044], [121.08543780800005, 31.72407854200003], [121.08679453000002, 31.72433042800003], [121.08958789300004, 31.72504348700005], [121.09087287300008, 31.72516581700006], [121.09226418600008, 31.724979706000056], [121.09368633000008, 31.724529810000035], [121.09513037200009, 31.723892446000036], [121.09658930300009, 31.723123402000056], [121.09805737800002, 31.722262818000047], [121.0995294820001, 31.72133917900004], [121.10246479400007, 31.71937636100006], [121.10534298400012, 31.717330394000044], [121.10673572000007, 31.716290697000034], [121.10807721700007, 31.71524372500005], [121.10934555100005, 31.714191115000062], [121.11051142100007, 31.71313408800006], [121.1115360230001, 31.712073931000077], [121.11199661800003, 31.711486714000046], [121.1123685660001, 31.71101251400006], [121.112638102, 31.71051572300007], [121.1129434400001, 31.709952943000076], [121.11320490600008, 31.709002310000074], [121.11330192100002, 31.70810447100007], [121.11334246100012, 31.707311038000057], [121.11343102900003, 31.706680978000065], [121.11367451500007, 31.70628354400003], [121.1141786720001, 31.70616613900006], [121.11490908100006, 31.706259859000056], [121.11565219900001, 31.706415761000073], [121.11581648600009, 31.70645022700006], [121.11686395600009, 31.706629018000058], [121.11700742700009, 31.706636287000038], [121.11802515400007, 31.706687849000048], [121.11931683000012, 31.70653481200003], [121.12068259900002, 31.70619178800007], [121.12210142800006, 31.70570527900003], [121.12355770300007, 31.70511177900005], [121.12491261900004, 31.704497297000046], [121.12503997400006, 31.704439539000077], [121.12578463400007, 31.704068758000062], [121.12805171000002, 31.702939936000064], [121.13109496000004, 31.701322421000043], [121.13414831300008, 31.699649734000047], [121.13871662500003, 31.697097453000026], [121.14172496300012, 31.695372845000065], [121.14465110700007, 31.693607042000053], [121.14605432200005, 31.69269305000006], [121.14718111900004, 31.69189271500005], [121.14739103300008, 31.691743618000032], [121.14863024300007, 31.69074153400004], [121.14923437800007, 31.69012798600005], [121.14973245800002, 31.689622146000033], [121.15064056300002, 31.688161638000054], [121.15064099000006, 31.688160951000043], [121.15126681100003, 31.68638673600003], [121.15132438300009, 31.686082604000035], [121.15164489800009, 31.684389431000056], [121.15180088900001, 31.682591658000035], [121.15182728700006, 31.68228743000003], [121.15183741500005, 31.681709743000056], [121.15186392100009, 31.68019795600003], [121.15180153300003, 31.678236466000044], [121.15168424900003, 31.676517029000024], [121.15153643800011, 31.674901437000074], [121.15145002500003, 31.673956926000074]]]}}, {"type": "Feature", "properties": {"township_name": "唯亭镇", "district_code": "sip", "district_name": "苏州工业园区", "areacode": "32051102", "class": "乡镇界"}, "geometry": {"type": "MultiPolygon", "coordinates": [[[[120.67525196400004, 31.338378626000065], [120.67205192600011, 31.338363419000075], [120.67161911800008, 31.338382343000035], [120.67147944900012, 31.338427731000024], [120.67139838900005, 31.338559883000073], [120.67138586900012, 31.33875722700003], [120.67143657800011, 31.33909753200004], [120.67131539600007, 31.339435476000062], [120.67127706600002, 31.339708490000078], [120.67129832100011, 31.339826079000034], [120.67135664900002, 31.339914668000063], [120.67155569200008, 31.340007263000075], [120.67207343200005, 31.340038078000077], [120.67446523800004, 31.340054423000026], [120.67512127400005, 31.340024947000074], [120.6753246830001, 31.339966892000064], [120.67539637000004, 31.339914194000073], [120.67545805100008, 31.339765744000033], [120.67543295400003, 31.339389723000068], [120.67525196400004, 31.338378626000065]]], [[[120.78710668400004, 31.406443576000072], [120.78631388100007, 31.40445053600007], [120.78567306600007, 31.402440587000058], [120.78526186700003, 31.40049408200008], [120.78513534400008, 31.39862057600004], [120.78527312000006, 31.397014268000078], [120.7855409010001, 31.39558202300003], [120.78636527100002, 31.39215715100005], [120.78648614500003, 31.391513866000025], [120.78644188300007, 31.391269976000046], [120.78621760200008, 31.391464849000045], [120.78584287400008, 31.391978377000044], [120.7847644310001, 31.393576006000046], [120.78410070000007, 31.39450701900006], [120.78336930400008, 31.39544028100005], [120.78257487700012, 31.39631694800005], [120.78171751100001, 31.39707810400006], [120.7807085820001, 31.397743519000073], [120.77970178800001, 31.39830542900006], [120.7787797100001, 31.398870874000067], [120.77802886200004, 31.39954607800007], [120.77754520400003, 31.400326110000037], [120.77719915500006, 31.40121630300007], [120.7766082820001, 31.40305008400003], [120.7762100760001, 31.40385451900005], [120.77563456200005, 31.40448335800005], [120.77471717700007, 31.404905119000034], [120.77355159700005, 31.405086508000068], [120.77220247200012, 31.40509071400004], [120.770720288, 31.40496612800007], [120.76914460900002, 31.404749218000063], [120.76750705100005, 31.404466979000063], [120.76583396600006, 31.404138903000046], [120.76247526000009, 31.40339464400006], [120.76083826400009, 31.40299196500007], [120.75926807300004, 31.402571731000023], [120.75780246900001, 31.40213182800005], [120.75649029300007, 31.40166669000007], [120.7553953800001, 31.40116694200003], [120.7546011600001, 31.400618740000027], [120.75421591300005, 31.400002869000048], [120.75430437400007, 31.399343627000064], [120.75474041100006, 31.398611067000047], [120.75540793200003, 31.39780872800003], [120.7570505330001, 31.395978267000032], [120.75785367000003, 31.394925749000038], [120.75853368100002, 31.39375353400004], [120.7590349080001, 31.392416035000053], [120.75936856800001, 31.390964066000038], [120.75957836500004, 31.38943252200005], [120.75970131700001, 31.387850719000028], [120.75986085700004, 31.383057527000062], [120.75994331000004, 31.381530071000043], [120.76009523200003, 31.38008939100007], [120.76035780400002, 31.378776739000045], [120.76078156800008, 31.377644159000056], [120.76142953700003, 31.376757760000032], [120.76237314700006, 31.376161343000035], [120.76355287400008, 31.375821879000057], [120.76490676900005, 31.375672260000044], [120.76638699300008, 31.375661285000035], [120.76795682200009, 31.37575058500005], [120.7695880330001, 31.375912034000066], [120.77125864600009, 31.37612566400003], [120.77464993500007, 31.37666103600003], [120.77801093200003, 31.377308390000053], [120.77964190000012, 31.377677219000077], [120.7812142250001, 31.378085474000045], [120.7827024180001, 31.378545230000043], [120.78407356700006, 31.37907319900006], [120.78528500400012, 31.379691412000057], [120.78628163000008, 31.380428004000066], [120.78702449800005, 31.381295413000032], [120.78757536700004, 31.38220976300005], [120.78801619800004, 31.383064146000038], [120.78842151700007, 31.38374488200003], [120.78886347100001, 31.384124143000065], [120.7894195770001, 31.384104050000076], [120.79010054800005, 31.38378674100005], [120.79092361300002, 31.383330304000026], [120.79191759800005, 31.382883655000057], [120.79300746000001, 31.382582282000044], [120.79422994700008, 31.382377133000034], [120.79830562900008, 31.381974058000026], [120.79968959700011, 31.381783023000025], [120.80103232400006, 31.381488356000034], [120.8022974590001, 31.381031635000056], [120.80341229700002, 31.380398167000067], [120.80445158500004, 31.37961733000003], [120.80553993100011, 31.378731893000065], [120.8068008250001, 31.377803571000072], [120.80822394200004, 31.376936646000047], [120.80979635400001, 31.376231163000057], [120.81161681700007, 31.37572675200005], [120.81347120300006, 31.37545241400005], [120.8152439800001, 31.375351213000044], [120.81682139300005, 31.37536973300007], [120.81809136300001, 31.37545830700003], [120.81894298300006, 31.37557070400004], [120.81926768000005, 31.375668836000045], [120.83062561200006, 31.37461282000004], [120.83271277800009, 31.374395195000034], [120.83402383600003, 31.374209407000023], [120.83463057400002, 31.374091556000053], [120.8351864650001, 31.373947566000027], [120.83567183500008, 31.373767216000033], [120.836060642, 31.37353694600006], [120.83631880500002, 31.373238984000068], [120.83642009500011, 31.372834918000024], [120.83639210600006, 31.37240619100004], [120.83590594400005, 31.370466644000032], [120.8358630460001, 31.370000788000027], [120.83592852600009, 31.36957399100004], [120.83614584300005, 31.369187914000065], [120.83649186500008, 31.368849659000034], [120.83693457700008, 31.368547487000058], [120.83744916800003, 31.36827226500003], [120.83801664700002, 31.368016974000057], [120.8392563760001, 31.367546176000076], [120.84154503800005, 31.36680579700004], [120.84676538600002, 31.36522750300003], [120.8481935000001, 31.344819931000075], [120.84047471100007, 31.346036878000064], [120.83699109600002, 31.34577173300005], [120.83538163800006, 31.345607570000027], [120.83365028100002, 31.345387677000076], [120.83188428200003, 31.34510247700007], [120.83017162100009, 31.34474083400005], [120.82860079400007, 31.34429056500005], [120.8272601110001, 31.343739991000064], [120.82614688000001, 31.343084771000065], [120.82508445500002, 31.342327700000055], [120.82405322900001, 31.341502288000072], [120.82002597100006, 31.337982750000037], [120.8190011910001, 31.33714351800006], [120.81795185900012, 31.336361457000066], [120.81686689600008, 31.335663822000072], [120.81573261300002, 31.335084994000056], [120.81453720500008, 31.334652650000066], [120.81329451300007, 31.33434421900006], [120.81202018900001, 31.33413187600007], [120.81072730700009, 31.33399753300006], [120.80942742500008, 31.33393172600006], [120.80813159000002, 31.333933005000063], [120.80685135300007, 31.334007893000035], [120.80559980600003, 31.334171396000045], [120.80439271700004, 31.334448079000026], [120.80324976400004, 31.334873713000036], [120.8022314420001, 31.335448364000058], [120.8012740910001, 31.336156595000034], [120.80036117700001, 31.336960112000042], [120.79947919200004, 31.337827461000074], [120.79691073100003, 31.340553701000033], [120.79604733500003, 31.341420482000046], [120.79516204200002, 31.34221749200003], [120.79424063900001, 31.342905167000026], [120.79323627800011, 31.34342863100005], [120.79196280600002, 31.343720500000074], [120.79048400200008, 31.343786456000032], [120.78888087400003, 31.34367573000003], [120.78723452100007, 31.34343774000007], [120.78562542000009, 31.34312003100007], [120.78413322800009, 31.342767722000076], [120.78091466900003, 31.341880872000047], [120.77847699800009, 31.340498726000078], [120.77687761400011, 31.33965836400006], [120.77507713600005, 31.338804139000047], [120.77319198800001, 31.338043018000064], [120.77134073500008, 31.33748681000003], [120.76964405500007, 31.337252368000065], [120.76822339500006, 31.337458697000045], [120.7672010230001, 31.338149371000043], [120.76646359300003, 31.339192239000056], [120.76581071700002, 31.340430140000024], [120.76399015800007, 31.344583439000075], [120.76333297000008, 31.34592398500007], [120.7626007230001, 31.347151979000046], [120.76175694300002, 31.348205178000057], [120.7607571960001, 31.34900952600003], [120.75954887400007, 31.34951301700005], [120.75818111100011, 31.349760024000034], [120.75669772900005, 31.349821184000064], [120.75513145800005, 31.349749442000075], [120.75350645200001, 31.349584062000076], [120.75184032300001, 31.349353859000075], [120.74843172600004, 31.348776858000065], [120.72579103800001, 31.344457718000058], [120.7224699730001, 31.343749024000033], [120.72089641000002, 31.343359991000057], [120.71941626700004, 31.342932184000063], [120.71806814700005, 31.342448585000056], [120.71690363900007, 31.34188643600004], [120.7159907890001, 31.34121566400006], [120.71541815600006, 31.340397023000037], [120.71525342400003, 31.33947567200005], [120.71537316900003, 31.33842529900005], [120.71568816400008, 31.337279567000053], [120.71707622000008, 31.333516990000078], [120.71746721500006, 31.33221701800005], [120.71770926800002, 31.330920336000077], [120.71772349500009, 31.32964209800008], [120.7174062680001, 31.328273696000053], [120.71679876400003, 31.326945030000047], [120.71597585500001, 31.32565787300007], [120.7149944140001, 31.324419025000054], [120.7138966770001, 31.323241464000034], [120.71271309300005, 31.32214590600006], [120.71146462200011, 31.321162852000043], [120.71016450100001, 31.320335241000066], [120.70881954600009, 31.31972176200003], [120.70743103500001, 31.319400873000063], [120.7059992080001, 31.319436420000045], [120.70453378700006, 31.31976349100006], [120.70304480700008, 31.320302301000027], [120.70153955400008, 31.320992408000052], [120.70002330200009, 31.321788679000065], [120.69849991900003, 31.322657917000072], [120.69544330800011, 31.32452640100007], [120.69087611400005, 31.327474430000052], [120.6878973370001, 31.329486876000033], [120.68645495100009, 31.33051190100008], [120.68506575000004, 31.33155825700004], [120.6837547780001, 31.332637115000068], [120.68255708000004, 31.33376449900004], [120.68152116800002, 31.334962758000074], [120.68071342100006, 31.336262503000057], [120.68019028000003, 31.337693131000037], [120.67990565000002, 31.339230586000042], [120.67979769700003, 31.340846903000056], [120.67981925000004, 31.34252080300007], [120.67993498900012, 31.344237328000077], [120.68014834200005, 31.346165520000056], [120.68045271300002, 31.34835802500004], [120.68081764100009, 31.350703029000044], [120.68161598800009, 31.355407409000065], [120.68259138300004, 31.36085225900007], [120.68274941800007, 31.36179633300003], [120.68276700600006, 31.362115261000042], [120.68212347300005, 31.36436291600006], [120.68653173700011, 31.365705297000034], [120.68854859400005, 31.366382318000035], [120.69069749300002, 31.367166995000048], [120.69286040400004, 31.368046669000023], [120.69491774300002, 31.369010506000052], [120.69674886600001, 31.370048740000072], [120.69823365900004, 31.37115061600008], [120.6993625880001, 31.372286127000052], [120.70039620300008, 31.373534815000028], [120.70136530000002, 31.374857888000065], [120.70229306600004, 31.376224027000035], [120.70499825600007, 31.38032352600004], [120.70592180400001, 31.38160535600008], [120.70688083000005, 31.382794268000055], [120.70789322400003, 31.383849862000034], [120.70898081100006, 31.38472121500007], [120.71017074000008, 31.385343782000064], [120.71147596500009, 31.385666128000025], [120.71288110600005, 31.385746451000045], [120.71435885900007, 31.385650722000037], [120.71588776300007, 31.385430416000077], [120.71745066300002, 31.385126203000027], [120.72377716400001, 31.383676412000057], [120.72531458500009, 31.383392405000052], [120.72680419500011, 31.383202390000065], [120.7282250940001, 31.38314884600004], [120.72955084400007, 31.383285233000038], [120.7307478680001, 31.383679328000028], [120.7318204720001, 31.384412008000027], [120.73275777800006, 31.38541680800006], [120.73359674200003, 31.38662070600003], [120.73436638900012, 31.387967213000024], [120.735089775, 31.389412695000033], [120.73786758800009, 31.395593985000062], [120.73861237200003, 31.397128139000074], [120.73941411200008, 31.39861656200003], [120.74029802500002, 31.400034979000054], [120.74129591000008, 31.401354110000057], [120.74244442300005, 31.40256139400003], [120.74371012200004, 31.403665300000057], [120.7450620300001, 31.40469285100005], [120.74647648700011, 31.40566484200008], [120.74793566000005, 31.40659708000004], [120.75093866400005, 31.40838676900006], [120.75400252600002, 31.41012458000006], [120.77255845700006, 31.420460926000032], [120.77558429600003, 31.42209951500007], [120.77706209500002, 31.422860169000046], [120.77850054600003, 31.423552450000045], [120.77988106700002, 31.424141845000065], [120.78117732100009, 31.424578860000054], [120.78235651000011, 31.424788139000043], [120.78346376000002, 31.424529946000064], [120.78439280600003, 31.42376822400007], [120.78527408900004, 31.422607020000044], [120.78616726200005, 31.421187728000064], [120.79028298700007, 31.414417184000058], [120.79071890400007, 31.41376603200007], [120.79092217000004, 31.41358451900004], [120.7907535280001, 31.413381754000056], [120.79030443900001, 31.41266625800006], [120.789644984, 31.41153203400006], [120.78884510500006, 31.41006320400004], [120.78797509700007, 31.408340661000068], [120.78710668400004, 31.406443576000072]]]]}}, {"type": "Feature", "properties": {"township_name": "胜浦镇", "district_code": "sip", "district_name": "苏州工业园区", "areacode": "32051104", "class": "乡镇界"}, "geometry": {"type": "Polygon", "coordinates": [[[120.8481935000001, 31.344819931000075], [120.86006105600006, 31.312794199000052], [120.85564767300002, 31.30635723300003], [120.84776271200008, 31.29471286900008], [120.84599212100011, 31.292168486000037], [120.84418337000011, 31.28973192400008], [120.84325158600006, 31.28859108100005], [120.8422903500001, 31.287533454000027], [120.8412874490001, 31.286593547000052], [120.84022650000009, 31.285817646000055], [120.83908580000002, 31.28526707700007], [120.83786993500007, 31.28499406800006], [120.83657718800009, 31.284938278000027], [120.83522857700007, 31.28504033300004], [120.83383991800008, 31.285255534000044], [120.83242298800008, 31.285550615000034], [120.83098644800009, 31.285901099000057], [120.82953660300007, 31.28628918000004], [120.82661379100011, 31.287130665000063], [120.81338287400001, 31.29111080000007], [120.79874959900008, 31.29540019600006], [120.79856964500004, 31.29548124400003], [120.7959395370001, 31.296336506000046], [120.79325555000003, 31.297291637000058], [120.79187059200001, 31.29784356700003], [120.79056471100012, 31.298427632000028], [120.78942128200003, 31.299031702000036], [120.78852490100007, 31.29964417000008], [120.78795050700012, 31.300257127000066], [120.78763778000007, 31.30092752300004], [120.78758016300003, 31.301724567000065], [120.78772783800002, 31.30259558700004], [120.78799810400005, 31.30351481300005], [120.78864174800003, 31.30542166400005], [120.7888972830001, 31.306379186000072], [120.78902870600007, 31.307321733000038], [120.78896748700004, 31.308235943000057], [120.78866473800008, 31.30910406000004], [120.78816440000003, 31.309941062000064], [120.78752191400008, 31.310755966000045], [120.78678030600008, 31.31155618400004], [120.78597346300012, 31.31234809700004], [120.7834209780001, 31.314733894000028], [120.78260293900007, 31.31555516900005], [120.78184266000005, 31.31640438900007], [120.78117156100006, 31.31729431100007], [120.78062902300007, 31.318241563000072], [120.78024952600003, 31.31925277700003], [120.7800025680001, 31.320322300000043], [120.77985417500008, 31.321434975000045], [120.77977824100003, 31.32257919600005], [120.77975493800011, 31.32374618500006], [120.77981047900005, 31.32612389800005], [120.77994245200011, 31.32853377300006], [120.78091466900003, 31.341880872000047], [120.78413322800009, 31.342767722000076], [120.78562542000009, 31.34312003100007], [120.78723452100007, 31.34343774000007], [120.78888087400003, 31.34367573000003], [120.79048400200008, 31.343786456000032], [120.79196280600002, 31.343720500000074], [120.79323627800011, 31.34342863100005], [120.79424063900001, 31.342905167000026], [120.79516204200002, 31.34221749200003], [120.79604733500003, 31.341420482000046], [120.79691073100003, 31.340553701000033], [120.79947919200004, 31.337827461000074], [120.80036117700001, 31.336960112000042], [120.8012740910001, 31.336156595000034], [120.8022314420001, 31.335448364000058], [120.80324976400004, 31.334873713000036], [120.80439271700004, 31.334448079000026], [120.80559980600003, 31.334171396000045], [120.80685135300007, 31.334007893000035], [120.80813159000002, 31.333933005000063], [120.80942742500008, 31.33393172600006], [120.81072730700009, 31.33399753300006], [120.81202018900001, 31.33413187600007], [120.81329451300007, 31.33434421900006], [120.81453720500008, 31.334652650000066], [120.81573261300002, 31.335084994000056], [120.81686689600008, 31.335663822000072], [120.81795185900012, 31.336361457000066], [120.8190011910001, 31.33714351800006], [120.82002597100006, 31.337982750000037], [120.82405322900001, 31.341502288000072], [120.82508445500002, 31.342327700000055], [120.82614688000001, 31.343084771000065], [120.8272601110001, 31.343739991000064], [120.82860079400007, 31.34429056500005], [120.83017162100009, 31.34474083400005], [120.83188428200003, 31.34510247700007], [120.83365028100002, 31.345387677000076], [120.83538163800006, 31.345607570000027], [120.83699109600002, 31.34577173300005], [120.84047471100007, 31.346036878000064], [120.8481935000001, 31.344819931000075]]]}}, {"type": "Feature", "properties": {"township_name": "浮桥镇", "district_code": "taicang", "district_name": "太仓市", "areacode": "32058506", "class": "乡镇界"}, "geometry": {"type": "MultiPolygon", "coordinates": [[[[121.28364372300007, 31.57136726400006], [121.282857895, 31.57091331500004], [121.28145790100007, 31.57004356400006], [121.28013801500003, 31.56912803700004], [121.27896308900006, 31.56816291800004], [121.27801322900007, 31.56712532000006], [121.27739906400006, 31.566003799000043], [121.27721214300004, 31.56484413100003], [121.27734184200006, 31.56360054000004], [121.27771949700002, 31.56229591400006], [121.27827644400008, 31.56094932600007], [121.27900505000002, 31.55952262900007], [121.2799739840001, 31.557867050000027], [121.2811298370001, 31.55604362500003], [121.2823925020001, 31.554136276000065], [121.28497886600007, 31.550390244000027], [121.28850364700008, 31.545419693000042], [121.28863447800006, 31.545183311000073], [121.28842755800008, 31.54519328300006], [121.28832137600011, 31.545199043000025], [121.28794061500002, 31.54525426600003], [121.28738402900001, 31.54533499000007], [121.27963545700004, 31.54651479900008], [121.27487652100001, 31.547170141000038], [121.2733389760001, 31.54735273400007], [121.27265411100007, 31.54743406600005], [121.27249613700008, 31.54744910900007], [121.27068234300009, 31.547621827000057], [121.26892449500008, 31.547726096000076], [121.26719802800005, 31.547752480000042], [121.26551278600004, 31.547672528000078], [121.26388604500005, 31.547448047000046], [121.26281460300004, 31.547177864000048], [121.26254465300008, 31.547109791000025], [121.26244739600008, 31.547074165000026], [121.26127677200009, 31.54664536300004], [121.26010031100009, 31.546064202000025], [121.25937663200011, 31.54558859000008], [121.25903950400004, 31.545367025000076], [121.2581260390001, 31.544546205000074], [121.25743226300006, 31.54362806300003], [121.25740234600005, 31.543588471000078], [121.257400372, 31.543585859000075], [121.25695788400003, 31.542583213000057], [121.25683385100001, 31.542302162000055], [121.25682541000003, 31.542267563000053], [121.25648472000012, 31.54087114500004], [121.25627521100012, 31.539347983000027], [121.25610957900005, 31.53729045600005], [121.25602238200008, 31.53620726200006], [121.25598493600012, 31.53583974000003], [121.2558661160001, 31.534673550000036], [121.25566264700001, 31.533503832000065], [121.25561380200008, 31.533223027000076], [121.25537681200001, 31.532468574000063], [121.25520060100007, 31.53190760800004], [121.25495793200002, 31.53149096900006], [121.25454978200003, 31.530790214000035], [121.25360200400007, 31.529922036000073], [121.2524965240001, 31.52930930100007], [121.25240982600008, 31.52926124700008], [121.25104126200006, 31.528756706000024], [121.24955011700001, 31.528371915000037], [121.24934390700002, 31.528333971000052], [121.24797973500006, 31.528082957000038], [121.24636640200004, 31.52787707300007], [121.2447424720001, 31.527751950000038], [121.24315811200006, 31.527716131000034], [121.24313933000008, 31.527715706000038], [121.24306744400008, 31.527719044000037], [121.24159032500006, 31.527787637000074], [121.24013380600002, 31.52799972200006], [121.23893847700003, 31.52836196000004], [121.2388165210001, 31.52839891800005], [121.23881638800003, 31.528398958000025], [121.23861897200004, 31.528513819000068], [121.23769654600005, 31.529050506000033], [121.23758901700012, 31.529168587000072], [121.23681220300011, 31.530021634000036], [121.23613417900003, 31.531247672000063], [121.23573403900002, 31.53231379600004], [121.23560562500006, 31.53265594000004], [121.23528651100003, 31.53381003100003], [121.23518162800008, 31.534189344000026], [121.23482605000004, 31.535802138000065], [121.2338793560001, 31.540749554000058], [121.23351093800011, 31.542317076000074], [121.23306113000001, 31.543773608000038], [121.23248448300001, 31.54506107700007], [121.231882229, 31.54588364400007], [121.23172128700003, 31.546103462000076], [121.23144671900002, 31.54630889300006], [121.23077590900004, 31.54681079200003], [121.22956967900006, 31.547360850000075], [121.22637523100002, 31.548553049000077], [121.22462349600005, 31.549339559000032], [121.22297083600006, 31.55027066300005], [121.22142219700004, 31.551301960000046], [121.2214211480001, 31.55130266200007], [121.22003080200011, 31.552346681000074], [121.21885654200003, 31.553316265000035], [121.21795631700002, 31.554127940000058], [121.21752617600009, 31.554563823000024], [121.21739022800011, 31.55470158600008], [121.2173542810001, 31.554759098000034], [121.2172248710001, 31.554966144000048], [121.21702796500006, 31.55496512900004], [121.2169511730001, 31.554964733000077], [121.2168110020001, 31.554926694000073], [121.21636269400005, 31.554805035000072], [121.2155511410001, 31.55449092500004], [121.21554967200007, 31.55449035600003], [121.21547254600011, 31.55445130800007], [121.21461147800005, 31.554015354000057], [121.21365132900007, 31.55337127200005], [121.21327428200004, 31.553015737000067], [121.21277641800009, 31.552546277000033], [121.21237215600001, 31.551965961000064], [121.2120921820001, 31.551564060000032], [121.21158765100006, 31.550461879000068], [121.2115873790001, 31.55046128500004], [121.21152695700005, 31.55026112400003], [121.21124096100004, 31.549313693000045], [121.21120407500007, 31.549123827000074], [121.2110250500001, 31.548202315000026], [121.210770464, 31.546285689000058], [121.21062091900001, 31.54568306400006], [121.21056559700003, 31.545460131000027], [121.21025205600006, 31.544765432000077], [121.21009006500003, 31.54458601300007], [121.20978603500009, 31.544249274000038], [121.20913490800001, 31.54394727700003], [121.20833306500003, 31.54381771900006], [121.20742216700012, 31.54381069300007], [121.20718439600012, 31.543829177000077], [121.20643370700009, 31.543887535000067], [121.20539143400003, 31.54401775100007], [121.20246211200003, 31.544441289000076], [121.20210241300003, 31.54449329600004], [121.20181326400007, 31.54452364800005], [121.20098991400005, 31.544610075000037], [121.20019733200002, 31.54465201200003], [121.19988427600003, 31.54466857600005], [121.19936869100002, 31.544655575000036], [121.19879387300011, 31.544641080000076], [121.19772771300006, 31.544493685000077], [121.19662010600007, 31.54417337700005], [121.19592041700002, 31.543875769000067], [121.19554242000004, 31.54371499000007], [121.19524989500007, 31.543559882000068], [121.1944870530001, 31.543155394000053], [121.19344816800003, 31.54252261700003], [121.19245232000003, 31.541838176000056], [121.19140338400007, 31.541117248000035], [121.18638989600004, 31.537356001000035], [121.18546667200008, 31.536690021000027], [121.18540084100005, 31.536642533000077], [121.18530699200005, 31.536578736000024], [121.18441925800005, 31.535975275000055], [121.18344851600011, 31.53537962400003], [121.18249371500008, 31.534891901000037], [121.18223751000005, 31.534822550000058], [121.18149767900002, 31.534622289000026], [121.18042964400001, 31.53471533700008], [121.17945185300005, 31.53515327200006], [121.1784921740001, 31.535861019000038], [121.17757570600008, 31.536747587000036], [121.17672789100004, 31.53772427800004], [121.17608116500003, 31.538566587000048], [121.17597460400009, 31.538705374000074], [121.17591908500003, 31.53878454900007], [121.17534203800005, 31.539607456000056], [121.1744977520001, 31.540897622000045], [121.17442929600008, 31.54100223100005], [121.17441615300004, 31.541039038000065], [121.17430402200011, 31.541353048000076], [121.17379926800004, 31.54214991500004], [121.17298947200004, 31.543275248000043], [121.17193802200006, 31.544601726000053], [121.17070462100003, 31.545997631000034], [121.16934727700004, 31.547326548000058], [121.1679242460001, 31.54844806500006], [121.16662582300012, 31.54919962500003], [121.16543509900009, 31.54972287800007], [121.1644697260001, 31.550094905000037], [121.16382748600006, 31.55041309300003], [121.16348463200006, 31.550872436000077], [121.16348462100007, 31.55087464500008], [121.16348123500006, 31.551582249000035], [121.16375563500003, 31.55249328000008], [121.16392336000001, 31.552880421000054], [121.16421466100007, 31.553552801000023], [121.16539853500001, 31.555972015000066], [121.16600405400004, 31.557283881000046], [121.16654529700008, 31.558644361000063], [121.16696513000011, 31.56004569600003], [121.16718950500001, 31.56142161400004], [121.16719973800002, 31.561484363000034], [121.16719973500005, 31.561485006000055], [121.16719715600004, 31.562089912000033], [121.16719305100003, 31.563052652000067], [121.16716772000007, 31.56323375900007], [121.16696955200007, 31.564650562000054], [121.16658806200007, 31.566268396000055], [121.16609250200008, 31.567898315000036], [121.16551500000003, 31.569533355000033], [121.16487835500004, 31.57116649200003], [121.16419792600004, 31.57278967900004], [121.16348296800004, 31.574392783000064], [121.16273749600009, 31.57596235400007], [121.16196072000002, 31.577480122000054], [121.16140201500002, 31.57846963600008], [121.16114707100007, 31.578921163000075], [121.16079320400002, 31.579467844000078], [121.16028587100004, 31.58025161200004], [121.15936061600007, 31.581425875000036], [121.15834793200008, 31.582383238000034], [121.15721617500003, 31.583043872000076], [121.15592959500009, 31.583344301000068], [121.15452320200006, 31.583344630000056], [121.1530301140001, 31.583126364000066], [121.15221288900011, 31.582929147000073], [121.15147530500008, 31.582751149000046], [121.15059159000009, 31.582482282000058], [121.14987734100009, 31.582264974000054], [121.14926264000007, 31.58205222400005], [121.14824982900006, 31.58170168600003], [121.14494260900005, 31.58043510400006], [121.13799621300006, 31.57757653400006], [121.13322246200005, 31.57561204700005], [121.12987089, 31.57429513900007], [121.1282803260001, 31.57371045700006], [121.12819535800008, 31.573679223000056], [121.12807783100004, 31.57363926800008], [121.12652010200009, 31.57310969100007], [121.124845445, 31.57260671100005], [121.1231720510001, 31.572197853000034], [121.12211709400003, 31.572022606000075], [121.12150107000002, 31.571920273000046], [121.12146360700001, 31.57191809400007], [121.11983434400008, 31.571823325000025], [121.11818760400001, 31.57194582300008], [121.11708318300009, 31.57215023300006], [121.11654884200004, 31.572249130000046], [121.11492253200004, 31.572687469000073], [121.11492064900006, 31.572687976000054], [121.11330759600003, 31.573229860000026], [121.11171682200006, 31.573853154000062], [121.1105508920001, 31.574371443000075], [121.11015884100004, 31.57454572000006], [121.10864860200002, 31.575304084000038], [121.10851230500009, 31.57538246200005], [121.10720686900004, 31.576133157000072], [121.10586197400005, 31.577046516000053], [121.1046520000001, 31.578067221000026], [121.10362742200005, 31.57922916900003], [121.10306063900009, 31.580169657000056], [121.10285045, 31.580518434000055], [121.10275178200004, 31.580751977000034], [121.10225029500009, 31.581938969000078], [121.10178051900004, 31.58345569100004], [121.10140522400002, 31.58504172100004], [121.10109682400002, 31.586676622000027], [121.10060054900009, 31.590034676000073], [121.09971662400005, 31.59684273700003], [121.09945358400012, 31.598520862000044], [121.09914772400009, 31.600172403000045], [121.09886622400006, 31.60140824700005], [121.09878043900005, 31.601784863000034], [121.09869149700012, 31.602090555000075], [121.09832752200009, 31.603341541000077], [121.0977574310001, 31.604819939000038], [121.09701553100001, 31.60625827900003], [121.09617995700012, 31.607609156000024], [121.09538938100002, 31.60899944500005], [121.09538093100002, 31.609014304000027], [121.0953685180001, 31.609044331000064], [121.09476819000008, 31.610496488000024], [121.09447662100001, 31.611997452000026], [121.09462769700008, 31.613458922000063], [121.0952492350001, 31.614803185000028], [121.09533368600012, 31.614911762000077], [121.09618646900003, 31.616008169000054], [121.09715041400011, 31.61693390100004], [121.0972485100001, 31.617028109000046], [121.09732630600001, 31.617089260000057], [121.09825226200007, 31.61781710300005], [121.09902056400006, 31.618329994000078], [121.09908720300007, 31.618365333000042], [121.09938729700002, 31.61852447600006], [121.1004096150001, 31.61884628000007], [121.10189059700008, 31.61931246200004], [121.1197813660001, 31.624694789000046], [121.12310575300012, 31.62576232300006], [121.12447361800002, 31.626236884000036], [121.12471963900009, 31.626322238000057], [121.12497990600002, 31.626420434000067], [121.12628032300006, 31.626911070000062], [121.12776456400002, 31.62754154600003], [121.12914085500006, 31.628230942000073], [121.13021121500003, 31.62890442500003], [121.13036697000007, 31.629002427000046], [121.1307939720001, 31.629372627000066], [121.13138695900011, 31.629886731000056], [121.13212756100006, 31.630924115000028], [121.13220995800009, 31.631170350000048], [121.13252214300007, 31.632103279000034], [121.13265764300002, 31.633424517000037], [121.13260392500001, 31.63484959500005], [121.13248305900004, 31.635806763000062], [121.1324145420001, 31.636349361000043], [121.13233931100001, 31.636760674000072], [121.13213061900001, 31.63790165900008], [121.13178415300001, 31.63948958000003], [121.13024137600007, 31.645968005000043], [121.12992239800008, 31.647574101000032], [121.12968017600008, 31.64915638800005], [121.129550257, 31.65070293200006], [121.1295788010001, 31.65219860900004], [121.12982623800008, 31.65362387400006], [121.13034866200007, 31.65497393700008], [121.13110032400004, 31.656250107000062], [121.13110133900011, 31.656251449000024], [121.13202370200008, 31.657470784000054], [121.13307434700005, 31.658650213000044], [121.13421830000004, 31.65979930000003], [121.13542991200006, 31.66092630000003], [121.13669004000008, 31.662037388000044], [121.13873278900007, 31.66374326400006], [121.13956745300004, 31.664440283000033], [121.14000860500005, 31.66479563100006], [121.14306147500008, 31.667254719000027], [121.15056097100012, 31.673204187000067], [121.15088871800003, 31.673470044000055], [121.15123672000004, 31.67375233200005], [121.15141814300011, 31.673925987000075], [121.15144998300002, 31.673956463000025], [121.15145002500003, 31.673956926000074], [121.15529060400002, 31.678670883000052], [121.15626335200011, 31.679811478000033], [121.15693092400011, 31.680505753000034], [121.15727806100006, 31.68081474300004], [121.15763282800003, 31.681081772000027], [121.15800285400007, 31.681295395000063], [121.15839195300009, 31.68142891000008], [121.1588039400001, 31.681470871000045], [121.15923500000008, 31.68143653800007], [121.15968132000012, 31.681352616000027], [121.16060066200009, 31.681074142000057], [121.16366767900001, 31.679906845000062], [121.16425514200012, 31.67976951600008], [121.16440773000011, 31.679803848000063], [121.16443443300011, 31.679925918000038], [121.16436195400001, 31.680124283000055], [121.16420936600002, 31.680379867000056], [121.16375160300004, 31.68100547800003], [121.16260337900007, 31.682386398000062], [121.16049385100007, 31.684843063000073], [121.16259193400003, 31.683423996000045], [121.16567420900003, 31.68127632200003], [121.1692371370001, 31.678674698000066], [121.17096900900003, 31.67733955400007], [121.17254066400005, 31.676050186000055], [121.17385673500007, 31.67486763000005], [121.17483329800007, 31.673833847000026], [121.17557716400006, 31.67284202600007], [121.17608833300005, 31.671865463000074], [121.17632102900006, 31.670988083000054], [121.17640113800007, 31.67017936700006], [121.1764354710001, 31.669496536000054], [121.17651558000011, 31.668996811000056], [121.17672920200005, 31.668748855000047], [121.1771526330001, 31.66879844700003], [121.1793613430001, 31.669839859000035], [121.18030738800007, 31.67016410900004], [121.18132209800001, 31.670316697000032], [121.18246269200006, 31.670217514000058], [121.1836299900001, 31.669878006000033], [121.18477821300007, 31.669351577000043], [121.18586158800008, 31.66867256100005], [121.18683815000009, 31.667871475000027], [121.18764686500003, 31.66696739200006], [121.18822288500007, 31.665956497000025], [121.18852043200002, 31.664903641000024], [121.18863487200008, 31.663805008000054], [121.18871116600008, 31.661630631000037], [121.18884849500012, 31.660642624000047], [121.1891803740001, 31.659780502000046], [121.1898479460001, 31.65902519200006], [121.19075965900004, 31.658422470000062], [121.19179725600009, 31.657915116000027], [121.19386100800011, 31.656984329000068], [121.19468498200001, 31.656473160000075], [121.1952190400001, 31.65586280800005], [121.19538307200003, 31.65516090400007], [121.19530296300002, 31.654390335000073], [121.19492530800005, 31.65285682700005], [121.19486808800002, 31.652215957000067], [121.1950664520001, 31.651750564000054], [121.19562339800007, 31.65151786800004], [121.1964778900001, 31.65146827700005], [121.19756126400011, 31.65154838600006], [121.20160865800005, 31.652120590000038], [121.20309639000004, 31.652292251000063], [121.20460319500012, 31.652387619000024], [121.20611000100007, 31.652357101000064], [121.20759010300003, 31.65214729300004], [121.20911216700006, 31.65168190000003], [121.21059227, 31.65101432800003], [121.21204185500005, 31.650190353000028], [121.21346855200011, 31.64925956700006], [121.21487617500009, 31.64824867300007], [121.21627235400001, 31.647184372000027], [121.21903801000008, 31.64495658900006], [121.23003578100008, 31.635690689000057], [121.23972129800006, 31.627595902000053], [121.24239540100007, 31.62530326800004], [121.24366951000002, 31.62416648800007], [121.24487113900011, 31.62304115300003], [121.24596977200008, 31.621934891000024], [121.24692344700009, 31.620851516000073], [121.24766349800007, 31.619798660000072], [121.24811363200001, 31.61879158000005], [121.24817085200004, 31.617845535000072], [121.2478008270001, 31.617036820000067], [121.24709892300007, 31.616285324000046], [121.24616050700001, 31.615568161000056], [121.24506187500003, 31.61487770100007], [121.24148750300003, 31.61286735500005], [121.24040412900001, 31.612188339000056], [121.23948860100006, 31.611494064000055], [121.23882103000005, 31.61077308700004], [121.23850440900003, 31.61001396200004], [121.23863029500001, 31.609155655000052], [121.23916053800008, 31.60825157200003], [121.2399883270001, 31.607316970000056], [121.24102973900006, 31.60636329700003], [121.24222755400001, 31.60539817800003], [121.2435359960001, 31.604429245000063], [121.24491691500009, 31.603467941000076], [121.24635124200006, 31.60252189700003], [121.24781990000008, 31.601606369000024], [121.24930763200007, 31.60073661800004], [121.2508068080001, 31.599939346000042], [121.25230980000003, 31.599241256000028], [121.25380516100006, 31.598684311000056], [121.25528526300002, 31.598321914000053], [121.25675010700002, 31.598218918000043], [121.25816535900003, 31.598428726000066], [121.2595424650001, 31.59887886000007], [121.26086998000005, 31.599485397000024], [121.26213264500007, 31.600172043000043], [121.26522255000009, 31.602048874000047], [121.26586723300011, 31.602373123000064], [121.26619529700008, 31.602399826000067], [121.26614570600009, 31.602041244000077], [121.26578331000007, 31.60136604300004], [121.26521110500005, 31.600465775000032], [121.26299858100003, 31.597177506000037], [121.26233100900004, 31.596082687000035], [121.26181984000004, 31.595094681000035], [121.26155281000001, 31.59427833600006], [121.26164054900005, 31.59371376000007], [121.26210975700008, 31.593477249000046], [121.2628841400001, 31.59346580500005], [121.26389122000012, 31.593614579000075], [121.26505470300003, 31.593873977000044], [121.26900672900001, 31.594900132000078], [121.27032661400006, 31.595197678000034], [121.2715740210001, 31.595407486000056], [121.27269935600009, 31.595487595000066], [121.27364158600005, 31.59537696800004], [121.27434349100008, 31.595033646000047], [121.27474403400004, 31.59452629100008], [121.27477836600008, 31.593931198000064], [121.2743968960001, 31.593309403000035], [121.27368354800001, 31.592679977000046], [121.27273750300003, 31.592042923000065], [121.269289017, 31.590024948000064], [121.26816749600005, 31.589292526000065], [121.26717186000008, 31.58851432800003], [121.26638603200001, 31.587675094000076], [121.26589393600011, 31.58674430900004], [121.2657871240001, 31.585618973000066], [121.2660465240001, 31.58440971400006], [121.26657676700006, 31.58315849300004], [121.26730918900012, 31.58190727300007], [121.26819801300007, 31.580698014000063], [121.26920890800011, 31.57958030700007], [121.27031517000012, 31.578607559000034], [121.27150917100005, 31.57785606400006], [121.27279090900004, 31.577413559000036], [121.27409935000003, 31.577344894000078], [121.27545738200001, 31.57756233200007], [121.27683448800008, 31.577974320000067], [121.27819633500008, 31.578519821000043], [121.27950859100008, 31.579133987000034], [121.28181266800004, 31.58035850500005], [121.2835216530001, 31.58134651200004], [121.28076744100008, 31.579557419000025], [121.27963066100006, 31.57876396200004], [121.27846717800003, 31.577894211000057], [121.27734184200006, 31.57696342500003], [121.27631950400007, 31.57599067700005], [121.27548027000012, 31.57497978200007], [121.2749118800001, 31.573942184000032], [121.27470207200008, 31.573053360000074], [121.27472877500009, 31.572198868000044], [121.27495765700007, 31.571428299000047], [121.27537727300012, 31.570806504000075], [121.27598381000007, 31.57038688700004], [121.27694892900001, 31.57022666900008], [121.27810859700003, 31.570371628000032], [121.27940559400008, 31.57073783800007], [121.28078651500005, 31.57125663800008], [121.28220558200007, 31.571874618000038], [121.2836246490001, 31.572549820000063], [121.28929328900006, 31.57546424900005], [121.28841590900004, 31.57489967300006], [121.28016853300005, 31.56991767900007], [121.27862358100003, 31.568937301000062], [121.27840232800008, 31.568750382000076], [121.27867698700004, 31.568845749000047], [121.27936363300012, 31.569169998000064], [121.28152656600003, 31.570261002000052], [121.28364372300007, 31.57136726400006]]], [[[121.28364372300007, 31.57136726400006], [121.28428459100007, 31.571737289000055], [121.28700828500007, 31.573213578000036], [121.29004097000006, 31.574758529000064], [121.28687858600006, 31.57305717500003], [121.28364372300007, 31.57136726400006]]]]}}, {"type": "Feature", "properties": {"township_name": "碧溪街道", "district_code": "changshu", "district_name": "常熟市", "areacode": "32058109", "class": "乡镇界"}, "geometry": {"type": "MultiPolygon", "coordinates": [[[[120.96260643000005, 31.767114640000045], [120.96271324100007, 31.765661240000043], [120.96297264100008, 31.76420784000004], [120.96342277500003, 31.76309394900005], [120.96399879400008, 31.762506485000074], [120.96470451400012, 31.76224708600006], [120.9654712680001, 31.76220893800007], [120.96624183600011, 31.762262345000067], [120.96700096100005, 31.762193680000053], [120.96776771500004, 31.761907577000045], [120.96857643200008, 31.76149177600007], [120.96950721700011, 31.76106834500007], [120.97073173500007, 31.76069831800004], [120.97213172900001, 31.76042747500003], [120.97365760800005, 31.760225296000044], [120.97527122500003, 31.76008033800008], [120.97865867600001, 31.759889602000044], [120.98216438300005, 31.759771347000026], [120.99105262700004, 31.759550095000066], [120.99459648100003, 31.75938606300008], [120.99635124200006, 31.759256363000077], [120.99809837400005, 31.759077072000025], [120.99982643100009, 31.75882911700006], [121.00152778600011, 31.758489609000037], [121.00321006800004, 31.758028031000038], [121.00486946100011, 31.757474899000044], [121.00650978100009, 31.756853103000026], [121.00813865700002, 31.75618171700006], [121.009756089, 31.755475998000065], [121.01297950700007, 31.753999710000073], [121.03542900100001, 31.743276596000044], [121.06590749800012, 31.728819336000072], [121.06590614800007, 31.728817763000052], [121.05823973600002, 31.71837686300006], [121.0579111190001, 31.717919254000037], [121.05596012100011, 31.71520243100008], [121.05500281500008, 31.71382449200007], [121.05384958600007, 31.712071778000052], [121.0531690150001, 31.711037426000075], [121.05231584600006, 31.709619948000068], [121.05206716700002, 31.70916512200006], [121.05152775400006, 31.70817855100006], [121.05084469600001, 31.706738426000072], [121.05082878700011, 31.706704884000033], [121.05025049400001, 31.70518811100004], [121.04982016600002, 31.70363204800003], [121.04950408700006, 31.702036706000058], [121.04926778400011, 31.700415776000057], [121.04908457300007, 31.698780938000027], [121.04849194600001, 31.692331444000047], [121.0483340830001, 31.691153134000047], [121.04828882400011, 31.69081531200004], [121.04819447600005, 31.690312667000057], [121.04801985600011, 31.68938236300005], [121.04765313000007, 31.688068091000048], [121.04717900700007, 31.686992812000028], [121.04714679300002, 31.68691975200005], [121.04680122900004, 31.686466323000047], [121.04644569900006, 31.68599981500006], [121.0461719650001, 31.685807442000055], [121.04558444800011, 31.68539455000007], [121.04455723400008, 31.68496229300007], [121.04220081900007, 31.684295236000025], [121.0409520180001, 31.683906964000073], [121.039625064, 31.683361261000073], [121.03830099000004, 31.682690509000054], [121.03698146200009, 31.681923590000054], [121.03566716800003, 31.68108341100003], [121.03496693900001, 31.68060435800004], [121.03435818300011, 31.680187886000056], [121.03304287200001, 31.679241819000026], [121.02994593800008, 31.676877903000047], [121.02489772900003, 31.67285134800005], [121.02465985200001, 31.67265728700005], [121.02020925700003, 31.66902646400007], [121.01841122700012, 31.670121401000074], [121.01768276500002, 31.670528663000027], [121.01712341900009, 31.67076170200005], [121.01672999800007, 31.67083657300003], [121.01631824700007, 31.670841809000024], [121.01591041300003, 31.670806129000027], [121.01568789100008, 31.67078666100008], [121.01124139100011, 31.670179018000056], [121.00995671900012, 31.670003459000043], [121.01013575900004, 31.670375740000054], [121.01026211800001, 31.67126293900003], [121.01023201900011, 31.672523212000044], [121.00992304200008, 31.674007490000065], [121.00923917700004, 31.67556316300005], [121.00819831400008, 31.67711845900004], [121.00687852100009, 31.67861691300004], [121.00537495600008, 31.680009677000044], [121.00378857700002, 31.68125036300006], [121.00222087200007, 31.682292612000026], [120.99916780100011, 31.684075737000057], [120.99607322700001, 31.685830157000055], [120.99139739400005, 31.688389259000076], [120.9882621480001, 31.68998559700003], [120.98668711900007, 31.69071918700007], [120.9854156670001, 31.691255229000035], [120.98510532300008, 31.69138607000008], [120.98400508200007, 31.691783747000045], [120.98351489400011, 31.691960923000067], [120.98191354700009, 31.692410361000043], [120.98029858100006, 31.692690936000076], [120.97872477600004, 31.692772337000065], [120.97714579300009, 31.692719668000052], [120.97401745900004, 31.69247470700003], [120.97281000500004, 31.692421686000046], [120.97249541700012, 31.692407872000047], [120.97232987900009, 31.692414574000054], [120.97102521500005, 31.69246739700003], [120.96963104800011, 31.692731924000043], [120.96894155100006, 31.69301063900008], [120.96841286100005, 31.693224351000026], [120.96800483400011, 31.693473707000066], [120.96727749200011, 31.693918205000045], [120.96621995400005, 31.694763874000046], [120.96524213300006, 31.695721501000037], [120.9643533850001, 31.69675888100005], [120.96357155100009, 31.697849533000067], [120.96292445800009, 31.698970932000066], [120.9624519140001, 31.70010287100007], [120.96220818600011, 31.701225863000047], [120.9622356960001, 31.70236435700008], [120.96243456900004, 31.70336869500005], [120.9624537950001, 31.703465788000074], [120.96248347900007, 31.703580844000044], [120.9627273860001, 31.70452623700004], [120.96279677500002, 31.705543825000063], [120.96280096700002, 31.705605305000063], [120.96280091400001, 31.705605481000077], [120.96248042700006, 31.706673153000054], [120.96160480600008, 31.707734693000077], [120.96029781900006, 31.70869925100004], [120.95927873000005, 31.709257343000047], [120.95873466700004, 31.70955529300005], [120.95801598900005, 31.70987567900005], [120.95708681500003, 31.710289904000035], [120.95551983400003, 31.710888545000046], [120.95419415100002, 31.711335532000078], [120.95359738900004, 31.71150738800003], [120.95289116200001, 31.711710767000056], [120.95071495400009, 31.710446610000076], [120.93989703200009, 31.704162491000034], [120.93731882800012, 31.702630772000077], [120.9356479700001, 31.701572058000067], [120.9348427320001, 31.701019908000035], [120.93406960900006, 31.70044394200005], [120.93369477400006, 31.70013030700005], [120.9333416610001, 31.699834848000023], [120.93301803500003, 31.699516420000066], [120.93267637400004, 31.699180246000026], [120.932096881, 31.698463865000065], [120.9316543220001, 31.69773546400006], [120.93128459100001, 31.696956167000053], [120.9310901990001, 31.696458990000053], [120.93096650400003, 31.69614262600004], [120.9298905600001, 31.692829687000028], [120.92960006600003, 31.692061411000054], [120.92940301500005, 31.691640327000073], [120.92926985400004, 31.691355773000055], [120.92906458100003, 31.691032644000074], [120.92887928700009, 31.690740965000032], [120.92858606000004, 31.69044124000004], [120.92840237100006, 31.690253480000024], [120.92780325900003, 31.68991833000007], [120.92725589400004, 31.689763553000034], [120.92710888300007, 31.689721983000027], [120.92644874200005, 31.689643024000077], [120.9263424510001, 31.68963031100003], [120.92552200900002, 31.68961685200003], [120.92475854500003, 31.689656309000043], [120.92466141600005, 31.689661329000046], [120.92455407600005, 31.68967213800005], [120.92373646600004, 31.689754467000057], [120.92265514000007, 31.689903241000025], [120.9207471420001, 31.69022068000004], [120.9202084750001, 31.69031030000008], [120.91824862400006, 31.690680728000075], [120.91494857900011, 31.69130446400004], [120.91431527200007, 31.69139785300007], [120.91379182500009, 31.692573680000066], [120.91315668400011, 31.693882201000065], [120.91231374200004, 31.69550306900004], [120.91129221400001, 31.69731147600004], [120.91011967200006, 31.69918111100003], [120.90882177500009, 31.70098287600007], [120.90742273400008, 31.702584826000077], [120.90594680600009, 31.703853906000063], [120.90441809600009, 31.704695180000044], [120.9028994900001, 31.70520009200004], [120.9013431510001, 31.705592916000057], [120.89831291400003, 31.706257527000048], [120.89694307900004, 31.706615941000052], [120.89575155400007, 31.70704751900007], [120.89481600700003, 31.707598791000066], [120.89423368000007, 31.708324650000066], [120.89410278100002, 31.70909169600003], [120.89407571200002, 31.70925031400003], [120.89408728400008, 31.70933074800007], [120.89423293400012, 31.710343076000072], [120.89458659200011, 31.711550462000048], [120.89475367900002, 31.71203065800006], [120.89549134000004, 31.71415064100006], [120.89577752500009, 31.715173022000045], [120.89586356100006, 31.71548037900004], [120.89596684800006, 31.716173152000067], [120.89605929400011, 31.716793206000034], [120.89605487500012, 31.71685776000004], [120.8959724340001, 31.718062110000062], [120.8955260460001, 31.719254050000075], [120.8947803320001, 31.720391404000054], [120.89381321700012, 31.72148754600005], [120.8926842510001, 31.722552884000038], [120.89143847600008, 31.72359543400006], [120.89010972900007, 31.724621342000034], [120.88729873700004, 31.726641149000045], [120.88293347700005, 31.72963840400007], [120.88006717000007, 31.73164818300006], [120.87869034000005, 31.73266783300005], [120.87738000700006, 31.733705197000063], [120.87616771900002, 31.734768917000054], [120.87509671800001, 31.735870857000066], [120.87422614000002, 31.737027244000046], [120.87363625600005, 31.738260092000075], [120.87339586600001, 31.739590587000066], [120.87344878400006, 31.74100108300007], [120.87352201300007, 31.74139718600003], [120.87372058000005, 31.74247125000005], [120.87390509000011, 31.74311567600006], [120.87415413300005, 31.743985490000057], [120.87471137800003, 31.745542791000048], [120.87511471500011, 31.746511971000075], [120.87545195700011, 31.74732233000003], [120.87635549900006, 31.749317545000054], [120.8763967540001, 31.749404335000065], [120.87736071200004, 31.75143226600005], [120.8793650670001, 31.755483893000076], [120.87944152900002, 31.755638454000064], [120.88189579200002, 31.76046801500007], [120.8823073640001, 31.761303084000076], [120.88240568000003, 31.761588261000043], [120.88240527700009, 31.76158819300008], [120.88240623500008, 31.761590958000056], [120.89938926700006, 31.75977516200004], [120.9045352930001, 31.75927162100004], [120.90793418900012, 31.759004593000043], [120.90963172900001, 31.758909225000025], [120.91132926900002, 31.75885200500005], [120.913022995, 31.75884437600007], [120.9147129050001, 31.758905411000057], [120.9164638520001, 31.75905799800006], [120.91821098300011, 31.759283066000023], [120.91995430000009, 31.75956153900006], [120.92169380200005, 31.759874343000035], [120.9251766210001, 31.760568619000026], [120.93737602200008, 31.763227463000078], [120.94086265500005, 31.76395225500005], [120.94433403000005, 31.764593124000044], [120.94605445900004, 31.76486015300003], [120.94775962800009, 31.76506233200007], [120.94944191000002, 31.765176773000064], [120.95108985900004, 31.76517295800005], [120.95268440300003, 31.76499748300006], [120.95415306100006, 31.76463127100004], [120.95556068400003, 31.76412773100003], [120.95816612200008, 31.762998581000033], [120.9593791960001, 31.762651444000028], [120.96047401400006, 31.762662887000033], [120.96136283900012, 31.763143539000055], [120.96200370800011, 31.764181137000037], [120.96240425100007, 31.765600205000055], [120.96260643000005, 31.767114640000045]]], [[[120.96260643000005, 31.767114640000045], [120.96259498600011, 31.767267228000037], [120.96256828300011, 31.768835068000044], [120.96265602100004, 31.771543503000032], [120.96269798200001, 31.77016258200007], [120.96269798200001, 31.768785476000062], [120.9626178740001, 31.767202377000046], [120.96260643000005, 31.767114640000045]]]]}}, {"type": "Feature", "properties": {"township_name": "娄葑镇", "district_code": "sip", "district_name": "苏州工业园区", "areacode": "32051105", "class": "乡镇界"}, "geometry": {"type": "Polygon", "coordinates": [[[120.68212347300005, 31.36436291600006], [120.68276700600006, 31.362115261000042], [120.68274941800007, 31.36179633300003], [120.68259138300004, 31.36085225900007], [120.68161598800009, 31.355407409000065], [120.68081764100009, 31.350703029000044], [120.68045271300002, 31.34835802500004], [120.68014834200005, 31.346165520000056], [120.67993498900012, 31.344237328000077], [120.67981925000004, 31.34252080300007], [120.67979769700003, 31.340846903000056], [120.67990565000002, 31.339230586000042], [120.68019028000003, 31.337693131000037], [120.68071342100006, 31.336262503000057], [120.68152116800002, 31.334962758000074], [120.68255708000004, 31.33376449900004], [120.6837547780001, 31.332637115000068], [120.68506575000004, 31.33155825700004], [120.68645495100009, 31.33051190100008], [120.6878973370001, 31.329486876000033], [120.69087611400005, 31.327474430000052], [120.69544330800011, 31.32452640100007], [120.69849991900003, 31.322657917000072], [120.70002330200009, 31.321788679000065], [120.70153955400008, 31.320992408000052], [120.70304480700008, 31.320302301000027], [120.70453378700006, 31.31976349100006], [120.7059992080001, 31.319436420000045], [120.70743103500001, 31.319400873000063], [120.70881954600009, 31.31972176200003], [120.71016450100001, 31.320335241000066], [120.71146462200011, 31.321162852000043], [120.71271309300005, 31.32214590600006], [120.7138966770001, 31.323241464000034], [120.7149944140001, 31.324419025000054], [120.71597585500001, 31.32565787300007], [120.71679876400003, 31.326945030000047], [120.7174062680001, 31.328273696000053], [120.71772349500009, 31.32964209800008], [120.71770926800002, 31.330920336000077], [120.71746721500006, 31.33221701800005], [120.71707622000008, 31.333516990000078], [120.71568816400008, 31.337279567000053], [120.71537316900003, 31.33842529900005], [120.71525342400003, 31.33947567200005], [120.71541815600006, 31.340397023000037], [120.7159907890001, 31.34121566400006], [120.71690363900007, 31.34188643600004], [120.71806814700005, 31.342448585000056], [120.71941626700004, 31.342932184000063], [120.72089641000002, 31.343359991000057], [120.7224699730001, 31.343749024000033], [120.72579103800001, 31.344457718000058], [120.74843172600004, 31.348776858000065], [120.75184032300001, 31.349353859000075], [120.75350645200001, 31.349584062000076], [120.75513145800005, 31.349749442000075], [120.75669772900005, 31.349821184000064], [120.75818111100011, 31.349760024000034], [120.75954887400007, 31.34951301700005], [120.7607571960001, 31.34900952600003], [120.76175694300002, 31.348205178000057], [120.7626007230001, 31.347151979000046], [120.76333297000008, 31.34592398500007], [120.76399015800007, 31.344583439000075], [120.76581071700002, 31.340430140000024], [120.76646359300003, 31.339192239000056], [120.7672010230001, 31.338149371000043], [120.76822339500006, 31.337458697000045], [120.76964405500007, 31.337252368000065], [120.77134073500008, 31.33748681000003], [120.77319198800001, 31.338043018000064], [120.77507713600005, 31.338804139000047], [120.77687761400011, 31.33965836400006], [120.77847699800009, 31.340498726000078], [120.78091466900003, 31.341880872000047], [120.77994245200011, 31.32853377300006], [120.77981047900005, 31.32612389800005], [120.77975493800011, 31.32374618500006], [120.77977824100003, 31.32257919600005], [120.77985417500008, 31.321434975000045], [120.7800025680001, 31.320322300000043], [120.78024952600003, 31.31925277700003], [120.78062902300007, 31.318241563000072], [120.78117156100006, 31.31729431100007], [120.78184266000005, 31.31640438900007], [120.78260293900007, 31.31555516900005], [120.7834209780001, 31.314733894000028], [120.78597346300012, 31.31234809700004], [120.78678030600008, 31.31155618400004], [120.78752191400008, 31.310755966000045], [120.78816440000003, 31.309941062000064], [120.78866473800008, 31.30910406000004], [120.78896748700004, 31.308235943000057], [120.78902870600007, 31.307321733000038], [120.7888972830001, 31.306379186000072], [120.78864174800003, 31.30542166400005], [120.78799810400005, 31.30351481300005], [120.78772783800002, 31.30259558700004], [120.78758016300003, 31.301724567000065], [120.78763778000007, 31.30092752300004], [120.78795050700012, 31.300257127000066], [120.78852490100007, 31.29964417000008], [120.78942128200003, 31.299031702000036], [120.79056471100012, 31.298427632000028], [120.79187059200001, 31.29784356700003], [120.79325555000003, 31.297291637000058], [120.7959395370001, 31.296336506000046], [120.79856964500004, 31.29548124400003], [120.79874959900008, 31.29540019600006], [120.79873326200004, 31.295122078000077], [120.79880475800007, 31.294237941000063], [120.79929152800003, 31.289051119000078], [120.79966180000008, 31.284517041000072], [120.7998090430001, 31.282235540000045], [120.79990557800011, 31.280083768000054], [120.79993019200003, 31.278168183000048], [120.79986237000003, 31.276565274000063], [120.7996919200001, 31.275104283000076], [120.79938784400008, 31.273766386000034], [120.79890504500008, 31.27259298200005], [120.7981852800001, 31.271637508000026], [120.79717449400005, 31.27093582300006], [120.79593367700011, 31.270445641000038], [120.79452816300011, 31.270106896000073], [120.7930064950001, 31.269874791000063], [120.79140459900009, 31.26971591100005], [120.78974916100003, 31.269605048000074], [120.78293953900004, 31.26929191800008], [120.78125611100006, 31.26917112800004], [120.77960654200001, 31.26899904100003], [120.7780077000001, 31.268751739000038], [120.77648084500004, 31.26839842800007], [120.77505325700008, 31.267899174000036], [120.77376004400003, 31.26720231400003], [120.77259766800012, 31.26623507200003], [120.77157650800007, 31.26506018200007], [120.77065879100007, 31.26373333500004], [120.76981582000008, 31.26229687700004], [120.76902599200002, 31.26078276000004], [120.76827313400008, 31.25921507000004], [120.76683260000004, 31.255988432000038], [120.76471860400011, 31.251109727000028], [120.7640004000001, 31.24952114200005], [120.76326282500008, 31.247977244000026], [120.76249525900005, 31.246500748000074], [120.76168346500003, 31.245122353000056], [120.76080812900011, 31.243883754000024], [120.75984303100006, 31.24284140000003], [120.75875279200011, 31.242071103000058], [120.75762791500006, 31.241661634000025], [120.75639477800007, 31.24147547900003], [120.75508039800002, 31.241441361000057], [120.7508474770001, 31.241636566000068], [120.74938915100006, 31.24160050900008], [120.74779196500003, 31.24138522100003], [120.74597503700011, 31.24092933600008], [120.74399885800005, 31.240279265000026], [120.74194685400005, 31.23949348700006], [120.73990190600011, 31.238630886000067], [120.7379465460001, 31.23774940900006], [120.7361632190001, 31.236905539000077], [120.7334437080001, 31.235550225000054], [120.73241443500001, 31.234998877000066], [120.70934481800009, 31.25228426700005], [120.69134555000005, 31.265687399000058], [120.68882192800004, 31.267636965000065], [120.68758885500006, 31.26863273200007], [120.68638814100007, 31.26965212700003], [120.68523496800003, 31.27070623700007], [120.68415063100008, 31.271810611000035], [120.68316462500002, 31.272986785000057], [120.68232457200008, 31.27421870200004], [120.68157612000005, 31.275546786000064], [120.68083542300008, 31.27712847600003], [120.68009897000002, 31.278923208000037], [120.67938186700007, 31.280839934000028], [120.67869995700005, 31.28278815300007], [120.67751046300009, 31.286420967000026], [120.67643231500006, 31.289877371000046], [120.67632574600009, 31.290136904000065], [120.67249416900006, 31.285650231000034], [120.6705652500001, 31.283248358000037], [120.66971615400007, 31.282104378000042], [120.66901671800008, 31.281064970000045], [120.66845339700001, 31.28009352500004], [120.66797383300002, 31.279093258000046], [120.6676058490001, 31.278054715000053], [120.66737379900007, 31.276989530000037], [120.66724420500009, 31.275890064000066], [120.66718655500006, 31.27476740800006], [120.66717807600003, 31.273630861000072], [120.66737271300008, 31.268068835000065], [120.6673808920001, 31.26707573300007], [120.6673496200001, 31.26617606600007], [120.66726056000005, 31.26540944000004], [120.66708987200002, 31.26482883600005], [120.66680639900005, 31.264504463000037], [120.66638576200012, 31.264493512000058], [120.66585186400005, 31.264739246000033], [120.66523497000003, 31.265172625000048], [120.66455804800012, 31.265741340000034], [120.66308856800003, 31.267138316000057], [120.66074051800001, 31.269553606000045], [120.6487292700001, 31.282189061000054], [120.64986091100002, 31.28744620100008], [120.65020972700006, 31.28934782600004], [120.65035952000005, 31.29053889200003], [120.65039864300002, 31.29113366100006], [120.6504020110001, 31.291757420000067], [120.65035951700008, 31.292377243000033], [120.65017580800009, 31.29361465200003], [120.64977422800007, 31.295467899000073], [120.64529532900008, 31.313368887000024], [120.64257837100001, 31.324423077000063], [120.64213658400001, 31.32597862800003], [120.64177789700011, 31.326987319000068], [120.64142226400008, 31.327759839000066], [120.64064485200004, 31.32910126300004], [120.63978941500011, 31.33040759800008], [120.6374154770001, 31.333894857000075], [120.63672068400001, 31.33500433300003], [120.63575553700002, 31.336745604000043], [120.63536702800002, 31.337615564000032], [120.63518653400001, 31.338183684000057], [120.63716999200005, 31.338062382000032], [120.63842696100005, 31.338055076000046], [120.63980478700012, 31.338128742000038], [120.64119496900003, 31.33832361800006], [120.6424861480001, 31.338682993000077], [120.64356472400004, 31.339252800000054], [120.64427442500005, 31.33996435000006], [120.64473916500003, 31.340810029000068], [120.6450155660001, 31.34172575300005], [120.64568721100011, 31.34471065500003], [120.64595708200011, 31.34571283500003], [120.64629455700003, 31.34668717900007], [120.64673028600009, 31.347614818000068], [120.64734565100002, 31.348560646000067], [120.6480786410001, 31.349446671000067], [120.64889656300011, 31.35028905200005], [120.64977506600007, 31.351099942000076], [120.65069621500004, 31.351888373000065], [120.65164693800011, 31.35266099200004], [120.65360206700007, 31.354176804000076], [120.667606094, 31.364586073000055], [120.68055237500005, 31.374266629000033], [120.68212347300005, 31.36436291600006]], [[120.67525196400004, 31.338378626000065], [120.67543295400003, 31.339389723000068], [120.67545805100008, 31.339765744000033], [120.67539637000004, 31.339914194000073], [120.6753246830001, 31.339966892000064], [120.67512127400005, 31.340024947000074], [120.67446523800004, 31.340054423000026], [120.67207343200005, 31.340038078000077], [120.67155569200008, 31.340007263000075], [120.67135664900002, 31.339914668000063], [120.67129832100011, 31.339826079000034], [120.67127706600002, 31.339708490000078], [120.67131539600007, 31.339435476000062], [120.67143657800011, 31.33909753200004], [120.67138586900012, 31.33875722700003], [120.67139838900005, 31.338559883000073], [120.67147944900012, 31.338427731000024], [120.67161911800008, 31.338382343000035], [120.67205192600011, 31.338363419000075], [120.67525196400004, 31.338378626000065]]]}}, {"type": "Feature", "properties": {"township_name": "周庄镇", "district_code": "kunshan", "district_name": "昆山市", "areacode": "32058301", "class": "乡镇界"}, "geometry": {"type": "Polygon", "coordinates": [[[120.87849958900006, 31.13359067400006], [120.87701118300004, 31.13205857500003], [120.87579112900005, 31.129040504000045], [120.87561110700005, 31.126740445000053], [120.87305101900006, 31.123686381000027], [120.86783086000003, 31.120333324000057], [120.8619306600001, 31.113749187000053], [120.8588805500001, 31.109534095000072], [120.85994816000004, 31.10799701600007], [120.85234535100005, 31.107203580000032], [120.81336764000002, 31.128990486000077], [120.81321980400003, 31.12988246100008], [120.81146817800004, 31.13897403200008], [120.81090522000011, 31.14215820100003], [120.81070176700007, 31.14347215400005], [120.81053461900001, 31.144730346000074], [120.8104096080001, 31.145956093000052], [120.81034279000005, 31.147137100000066], [120.81035554700009, 31.14825700800003], [120.81047603800005, 31.14929430400008], [120.81074092100005, 31.150221007000027], [120.81119737800009, 31.151001163000046], [120.81184186700011, 31.151583091000077], [120.81264512400003, 31.15204596800004], [120.81354997800008, 31.15243594900005], [120.8154727860001, 31.153155644000037], [120.8164030800001, 31.153559933000054], [120.81725320900011, 31.15404583700007], [120.81797320100009, 31.154657989000043], [120.81854798500001, 31.155475350000074], [120.8189652310001, 31.156440901000053], [120.81926385600002, 31.157515774000046], [120.8194728630001, 31.158669519000057], [120.81961293100005, 31.159878135000042], [120.81969759200001, 31.16112229500004], [120.81973401100004, 31.162385768000036], [120.8197233080001, 31.16365395500003], [120.81966041300007, 31.164912483000023], [120.81953342300005, 31.16614575500006], [120.81932239100001, 31.16733539300003], [120.81899749100012, 31.168458462000046], [120.8185165210001, 31.169485424000072], [120.81784386100003, 31.170389861000046], [120.81700987900001, 31.171191861000068], [120.81605464900008, 31.171916172000067], [120.81497799700003, 31.172595843000067], [120.8136616490001, 31.173306214000036], [120.8121595020001, 31.174038667000048], [120.80891444000008, 31.17548479000004], [120.8036110590001, 31.177668667000034], [120.80297903600001, 31.17793310600007], [120.80278860700002, 31.178044027000055], [120.80786861400009, 31.188684824000063], [120.80884050400005, 31.190656886000056], [120.80952917800005, 31.191923071000076], [120.80989863900004, 31.192526245000067], [120.81029448900006, 31.193097994000027], [120.8107271130001, 31.193625952000048], [120.8112102770001, 31.194093727000052], [120.81175324000003, 31.194486779000044], [120.81234638400008, 31.194820075000052], [120.8129760270001, 31.195109905000038], [120.81363185600003, 31.195368553000037], [120.81499335500007, 31.19582649800003], [120.81709619000003, 31.196441268000058], [120.82911793100004, 31.19979912200006], [120.83718826300003, 31.18996760600004], [120.83721060500011, 31.18968810800004], [120.83742566900003, 31.189126513000076], [120.83782577700003, 31.18835771700003], [120.83841074400004, 31.187467644000037], [120.83918297100001, 31.186546048000025], [120.84014717000002, 31.185686176000047], [120.84141175000002, 31.184913249000033], [120.84284189200002, 31.184329271000024], [120.84435587200005, 31.183917818000054], [120.84586574000002, 31.183652893000044], [120.84728130400003, 31.183505138000044], [120.84857129600005, 31.183411310000054], [120.84981455800005, 31.183263663000048], [120.85099085500008, 31.18302377400005], [120.8520711540001, 31.182650435000028], [120.85302018100003, 31.182093894000047], [120.85385034400008, 31.18126825400003], [120.85453998100002, 31.180246099000044], [120.85512955200011, 31.179083999000056], [120.85564876500007, 31.177823508000074], [120.85611917900007, 31.17649479800008], [120.85655627000006, 31.17511955100008], [120.85776203400007, 31.17084708400006], [120.86081329100011, 31.159236011000075], [120.86236974300004, 31.15346287400007], [120.86319227400008, 31.15060797600006], [120.8636304260001, 31.149198270000056], [120.86409891200003, 31.147808224000073], [120.86461247700004, 31.146447180000052], [120.86527997500002, 31.14503762100003], [120.86619644400002, 31.143552199000055], [120.86722867800006, 31.142205949000072], [120.86839016500005, 31.14090238500006], [120.86961177700005, 31.139671005000025], [120.87082535800005, 31.138541927000063], [120.87196398800006, 31.137546061000023], [120.87444709800002, 31.13552376000007], [120.87849958900006, 31.13359067400006]]]}}, {"type": "Feature", "properties": {"township_name": "周市镇", "district_code": "kunshan", "district_name": "昆山市", "areacode": "32058302", "class": "乡镇界"}, "geometry": {"type": "Polygon", "coordinates": [[[120.97468615600008, 31.49767466800006], [120.98116036900001, 31.497437820000073], [120.99033421500008, 31.497186182000064], [120.99765496700002, 31.497091484000066], [121.00428273900002, 31.497114254000053], [121.00569548500005, 31.49708646700003], [121.00706115900005, 31.496983880000073], [121.00836570800004, 31.496762166000053], [121.00959069500004, 31.496370255000045], [121.01088601600009, 31.495659585000055], [121.01206944600005, 31.494723012000065], [121.01315536400011, 31.493622224000035], [121.01414726100006, 31.49240328600007], [121.01503778500012, 31.491100068000037], [121.0158081080001, 31.489737019000074], [121.01642661800008, 31.488331344000073], [121.01684690800005, 31.486894680000034], [121.01700511600006, 31.485434346000034], [121.01685200400004, 31.483964780000065], [121.01644796300002, 31.48248183800007], [121.01586437700007, 31.480989587000067], [121.01515728100003, 31.47949053600007], [121.01437142800012, 31.477986008000073], [121.01189340300004, 31.473440310000058], [121.01113465600008, 31.47191171600008], [121.01046859400003, 31.470374165000067], [121.0099401110001, 31.468826062000062], [121.00960966700006, 31.46738169200006], [121.00943239800006, 31.465948153000056], [121.00940566200006, 31.46454803900008], [121.0095377020001, 31.463206958000058], [121.00984814000003, 31.461954898000045], [121.01036878900004, 31.460827794000068], [121.01115001800008, 31.459822382000027], [121.01211255200008, 31.458947393000074], [121.01317638400008, 31.45816145300006], [121.01531717800003, 31.456719832000033], [121.01624917800007, 31.456003629000065], [121.01698305200011, 31.45525135400004], [121.01742528900002, 31.454431575000058], [121.01750687200001, 31.453483961000074], [121.01730700400003, 31.452441901000043], [121.016585469, 31.45010677700003], [121.01630963200012, 31.448814991000063], [121.01622858000007, 31.447524257000055], [121.01631268000006, 31.446184361000064], [121.01653759700002, 31.444824648000065], [121.01688864700009, 31.443474019000064], [121.0173607050001, 31.44216291600003], [121.0179584220001, 31.440925436000043], [121.01869678800006, 31.43980165800008], [121.01960211500011, 31.438840181000046], [121.02081833300008, 31.438011779000078], [121.02221768000004, 31.43738101300005], [121.02374794200011, 31.436889870000073], [121.02536882700008, 31.436491569000054], [121.0304910860001, 31.43548643500003], [121.0322129870001, 31.43510447500006], [121.03391002800004, 31.434639756000024], [121.03544853100004, 31.43410803900008], [121.0369514350001, 31.43349978300006], [121.03992513200001, 31.432185868000033], [121.0415416300001, 31.43161028800006], [121.04320405100009, 31.431187782000052], [121.04483769900003, 31.430987901000037], [121.04636929000003, 31.43107450000008], [121.04772980700011, 31.431494629000042], [121.04887592300008, 31.43224105400003], [121.0497780820001, 31.433156937000035], [121.05042634000006, 31.434063224000056], [121.0508087390001, 31.434788042000037], [121.05090864900001, 31.43517646500004], [121.06571867000002, 31.424829551000073], [121.04875453200009, 31.41271394200004], [121.04591749100007, 31.410718106000047], [121.04306012400002, 31.408771453000043], [121.04161742200006, 31.407832045000077], [121.04016002500009, 31.406928196000024], [121.03868218500008, 31.406073811000056], [121.03717629800008, 31.405287289000057], [121.03563242300004, 31.40459268500007], [121.03402124600007, 31.40400197400004], [121.03237188600008, 31.40350365300003], [121.03069497700005, 31.403071990000058], [121.0272882270001, 31.402336741000056], [121.0238425230001, 31.401695749000055], [121.00130106000006, 31.397878655000056], [120.97705330400004, 31.393700999000032], [120.97670049100009, 31.393821136000042], [120.97583402500004, 31.39422582000003], [120.9746116230001, 31.394904843000063], [120.97319473800007, 31.395850206000034], [120.97174772900007, 31.397055615000056], [120.97043984200002, 31.398517611000045], [120.96940876800011, 31.40023727700003], [120.9686957460001, 31.402112757000054], [120.96828053800004, 31.404027925000037], [120.96813557500002, 31.405862402000025], [120.96815549700011, 31.407617379000044], [120.9683079780001, 31.411191126000062], [120.968762577, 31.41842368500005], [120.96895642900006, 31.42201706800006], [120.96901687100001, 31.423790420000046], [120.96903518400006, 31.425536958000066], [120.96899178300009, 31.42724429200007], [120.96885998200003, 31.428895555000054], [120.96860375200004, 31.430467992000047], [120.96817500700001, 31.43193125700003], [120.9675103940001, 31.433245414000055], [120.96661186400001, 31.434327318000044], [120.96550115100001, 31.43527580800003], [120.96423767600004, 31.436129149000067], [120.96286829300004, 31.436917894000032], [120.96143055400012, 31.437667024000064], [120.95700197200006, 31.439882827000076], [120.9555759640001, 31.440677108000045], [120.95422259800011, 31.441536926000026], [120.9529771010001, 31.442491249000057], [120.95188247600004, 31.44357583200008], [120.9509434790001, 31.444864875000064], [120.95016565800006, 31.446291366000025], [120.94950345900008, 31.447815309000077], [120.94892084700007, 31.449404136000055], [120.94687155600002, 31.455887062000045], [120.94632513200008, 31.45741050600003], [120.94572347600001, 31.458830791000025], [120.94504150700004, 31.46010226100003], [120.94424936000007, 31.461166724000066], [120.94333162200007, 31.461983432000068], [120.94237077900004, 31.462610763000043], [120.9414703000001, 31.463128030000064], [120.94073958700005, 31.463604563000047], [120.94030079900006, 31.46410400800005], [120.9402280810001, 31.464586582000038], [120.94036128800008, 31.465098428000033], [120.94082586100001, 31.466070796000054], [120.94095044100004, 31.46645385800008], [120.94085665000011, 31.466707435000046], [120.94038770800012, 31.466793581000047], [120.93959001200005, 31.466704420000042], [120.93854446600005, 31.466484740000055], [120.93731430700007, 31.466169282000067], [120.93448431000002, 31.465352003000078], [120.92812799400008, 31.463421784000047], [120.92486678400007, 31.462504138000043], [120.92320431000007, 31.462146261000044], [120.92143791500007, 31.461995916000035], [120.91966420100005, 31.462106282000036], [120.91798439000002, 31.462524919000032], [120.91649380400008, 31.463288144000046], [120.91530621100003, 31.464327575000027], [120.91435751800009, 31.46553300200003], [120.91363887700004, 31.466747610000027], [120.91314425600001, 31.467819535000046], [120.91287009300004, 31.468600540000068], [120.91281880700001, 31.468950326000027], [120.91432125600011, 31.470351403000052], [120.91535396300003, 31.471271499000068], [120.91656154900011, 31.472290290000046], [120.91789007400007, 31.473331174000066], [120.91928603200006, 31.47431547000008], [120.9206962400001, 31.475161933000038], [120.92206757800011, 31.475787505000028], [120.92334650600003, 31.476109720000068], [120.92453926000007, 31.476104786000064], [120.9257441640001, 31.475915711000027], [120.92695920400001, 31.475611413000024], [120.93167065400007, 31.47409722900005], [120.9327319680001, 31.473825280000028], [120.93370001700009, 31.473676346000047], [120.93453909400012, 31.47370474300004], [120.93520293800009, 31.473978962000047], [120.93563875200005, 31.47451899400005], [120.93592152000008, 31.475280131000034], [120.93609962300002, 31.476198536000027], [120.93621315200005, 31.47722329100003], [120.93638311100005, 31.479431524000063], [120.93650424600003, 31.480547181000077], [120.93669560900003, 31.481627953000043], [120.93699819500011, 31.48263992300008], [120.93746169700012, 31.483544468000048], [120.93817089800007, 31.484352208000075], [120.93906464500003, 31.485032026000056], [120.9400915110001, 31.48561919000008], [120.94121048400007, 31.48614224100004], [120.94598784400011, 31.48804154700008], [120.94711265800004, 31.488578741000026], [120.94813816900012, 31.48919790900004], [120.9490226910001, 31.489999578000038], [120.94969524900011, 31.491081637000036], [120.9502150720001, 31.492419496000025], [120.95060427200008, 31.49392366400008], [120.95088489500006, 31.495504766000067], [120.95107741400011, 31.497074762000068], [120.95120033400008, 31.498547220000034], [120.95133912500012, 31.501752072000045], [120.9603810960001, 31.50383354300004], [120.97468615600008, 31.49767466800006]]]}}, {"type": "Feature", "properties": {"township_name": "张浦镇", "district_code": "kunshan", "district_name": "昆山市", "areacode": "32058303", "class": "乡镇界"}, "geometry": {"type": "MultiPolygon", "coordinates": [[[[120.95207122400006, 31.18981684700003], [120.95200487800003, 31.189786765000065], [120.95195477700008, 31.18983221700006], [120.95188669100003, 31.190089430000057], [120.95182834900004, 31.19070198600008], [120.9516440210001, 31.194930554000052], [120.9548435270001, 31.195708601000035], [120.95252968600005, 31.19062349400008], [120.95223712600011, 31.19004897700006], [120.95207122400006, 31.18981684700003]]], [[[120.9775711630001, 31.322067898000057], [120.9876405980001, 31.311795446000076], [120.99512058800008, 31.304234148000035], [120.99613492300011, 31.30314689100004], [120.996608906, 31.302598936000038], [120.99704510700008, 31.302046054000073], [120.99742528000002, 31.301485868000043], [120.99772357200004, 31.300915005000036], [120.99790385900008, 31.300328756000056], [120.99792185100011, 31.299732774000063], [120.99777735600003, 31.299034821000077], [120.99750427600009, 31.298265236000077], [120.99713915100006, 31.297458542000072], [120.99671779800008, 31.29664917200006], [120.99584311000001, 31.29515926600004], [120.99489580500006, 31.293649361000064], [120.99236253000004, 31.293417047000048], [120.97561614400001, 31.292032107000068], [120.9705290170001, 31.291540717000032], [120.96739497400006, 31.29113035000006], [120.96597850300009, 31.29087605500007], [120.96471582100003, 31.290571231000058], [120.96366339400004, 31.29019700400005], [120.9628949700001, 31.28972865000003], [120.9625057180001, 31.28913416200004], [120.96258011900011, 31.288349891000053], [120.96303677900005, 31.287435681000034], [120.9637411870001, 31.286433531000057], [120.96546232600008, 31.284293046000073], [120.96628953200002, 31.283206377000056], [120.96696848500005, 31.282139763000032], [120.96739273800006, 31.281117007000034], [120.96743657400009, 31.280164687000024], [120.96702886500009, 31.279338531000064], [120.96625668400009, 31.27858247100005], [120.96521877300006, 31.27787816500006], [120.9639937390001, 31.27721098300003], [120.96264522100012, 31.27656907800008], [120.9583674490001, 31.274700671000062], [120.95702071300002, 31.27406810000008], [120.95579973600002, 31.273414810000077], [120.95476986100005, 31.272728764000078], [120.95401202700009, 31.271994977000077], [120.9536279570001, 31.27119448600007], [120.95368512700009, 31.270354411000028], [120.95408354500012, 31.26945039800006], [120.95473013100002, 31.268496434000042], [120.95554891800009, 31.267502508000064], [120.95844438300003, 31.264329657000076], [120.9593853450001, 31.26320905700004], [120.9602297030001, 31.262049619000038], [120.96091966100005, 31.260841924000033], [120.96138760600002, 31.25957267700005], [120.96158356700005, 31.258157828000037], [120.96152533100008, 31.25667741600006], [120.96127751100005, 31.255148846000054], [120.96089033300007, 31.253585589000068], [120.96040266300008, 31.25199814100006], [120.95984468900008, 31.250394904000075], [120.9592403050001, 31.24878297500004], [120.9573362860001, 31.24396239500004], [120.95617181700004, 31.240847079000048], [120.95568956300008, 31.239358379000066], [120.95531931400001, 31.237944062000054], [120.95510886000011, 31.236634769000034], [120.95512157700011, 31.235471451000024], [120.95544113300002, 31.234508365000067], [120.95615247600006, 31.23377922700007], [120.95718533500008, 31.233259168000075], [120.9584541910001, 31.23289180900008], [120.95989296700009, 31.23263309300006], [120.96145068800001, 31.23244826000007], [120.968177276, 31.23192683700006], [120.96984718600004, 31.23172762400003], [120.97145653300004, 31.231437893000077], [120.97303317800004, 31.230901163000055], [120.9745591620001, 31.229941240000073], [120.97582583500002, 31.228679949000025], [120.97694419000004, 31.227150008000024], [120.97791701400001, 31.225467236000043], [120.97874583400005, 31.223745535000035], [120.97943016500005, 31.222096065000073], [120.97996765700009, 31.220627681000053], [120.98035484200011, 31.219448224000075], [120.98066344300003, 31.218392462000054], [120.97418422700002, 31.222667603000048], [120.9707383010001, 31.223017154000047], [120.96892429400009, 31.22308721400003], [120.96808727100006, 31.223055117000058], [120.96735607000005, 31.22295873400003], [120.96676929000012, 31.22278347200006], [120.96627090900006, 31.222513907000064], [120.96582523300003, 31.22211657300005], [120.96543942700009, 31.221625448000054], [120.96509577100005, 31.221068502000037], [120.96478178500001, 31.220466092000038], [120.96421255700011, 31.219179703000066], [120.96346796800003, 31.217169230000025], [120.96307409100007, 31.215835749000064], [120.96293285100012, 31.21518469800003], [120.96284911300006, 31.21455160800008], [120.96284523300005, 31.21394390200004], [120.96295103300008, 31.213371136000035], [120.96318816700011, 31.21284569000005], [120.96353349600008, 31.212354838000067], [120.96395792900012, 31.21188946500007], [120.96443941900009, 31.211442632000058], [120.96496144700006, 31.21100910900003], [120.96608147000006, 31.21016743900003], [120.96725484000001, 31.20934416500006], [120.97678650300008, 31.20282738900005], [120.97687720200008, 31.201763551000056], [120.97692481600006, 31.200506978000078], [120.97692176600003, 31.198933380000028], [120.97682886100006, 31.197161765000033], [120.97660544700011, 31.19531087000007], [120.97620837900001, 31.193501308000066], [120.9755919380001, 31.191856791000077], [120.97466547200008, 31.190413039000077], [120.97353472000009, 31.189360935000025], [120.97230788000002, 31.188755877000062], [120.97105921000002, 31.188560086000052], [120.96979427100007, 31.18866448600005], [120.96855174300003, 31.18909306300003], [120.96732363900003, 31.18977559800004], [120.96610635100001, 31.190635331000067], [120.96489628400002, 31.191614317000074], [120.96368996000001, 31.192668171000037], [120.96005935000005, 31.195952728000066], [120.95883330700008, 31.196996626000043], [120.9575925690001, 31.197968153000033], [120.95633229900011, 31.19883360700004], [120.95504699700007, 31.199552304000065], [120.95373045200006, 31.200074193000034], [120.95231344400008, 31.20037398900007], [120.95089432300006, 31.200488456000073], [120.9482222150001, 31.200502993000043], [120.94707162400005, 31.20056089800005], [120.94613125400008, 31.200760745000025], [120.94548617300006, 31.20119450800007], [120.94520154700001, 31.20193531700005], [120.94520433800005, 31.202922243000046], [120.94539811000004, 31.20407447200006], [120.9463435340001, 31.207861498000057], [120.946537895, 31.209027811000055], [120.94653879000009, 31.210032624000064], [120.94624581500011, 31.210790416000066], [120.94557779500008, 31.21123205300006], [120.94459680200009, 31.211409760000038], [120.94338419300004, 31.21139226300005], [120.94200258700005, 31.211232558000063], [120.94049976500003, 31.210971294000046], [120.93891207800004, 31.210639729000036], [120.93219146100012, 31.20904530300004], [120.93050803300002, 31.208671739000067], [120.92885847100001, 31.20835126000003], [120.92726654900002, 31.20811649500007], [120.92576139200003, 31.208018851000077], [120.92433140800006, 31.20827952600007], [120.923066403, 31.209039394000058], [120.92206819900002, 31.210315207000065], [120.92131680800003, 31.21196952300005], [120.9207719210001, 31.213825447000033], [120.92039645200009, 31.215710800000068], [120.92015687700007, 31.21745848100005], [120.92002185500007, 31.218904285000065], [120.91993727300007, 31.22022600500003], [120.90175293000004, 31.228356451000025], [120.90072130300007, 31.228867292000075], [120.89964227200005, 31.229458643000044], [120.8974250220001, 31.230814932000044], [120.89740087200005, 31.231102537000027], [120.8947484250001, 31.232418606000067], [120.89296229600006, 31.23348971000007], [120.89180846400006, 31.23423270400008], [120.89054031900002, 31.235121734000074], [120.88925750300007, 31.236128703000077], [120.88806245600006, 31.237226545000055], [120.88706062000006, 31.238389364000057], [120.88635892900004, 31.239591894000057], [120.88603269400005, 31.240823281000075], [120.88602082000011, 31.24202308200006], [120.88613898800008, 31.243265027000064], [120.88676678400009, 31.24712500000004], [120.88694614000008, 31.248419074000026], [120.88705274100005, 31.24970151100007], [120.88704617300004, 31.250962896000033], [120.88687759900006, 31.25219243300006], [120.88651447400002, 31.25336756400003], [120.88599161100001, 31.254510495000034], [120.88535283400006, 31.255629999000064], [120.88463119900007, 31.256732579000072], [120.88385162400004, 31.257822931000078], [120.88303308000002, 31.25890429800006], [120.878818507, 31.26421238200004], [120.87804027900006, 31.265246947000037], [120.87732478100008, 31.26626420300005], [120.87670126800003, 31.267256974000077], [120.87620941000011, 31.268215302000044], [120.8759029150001, 31.269125624000026], [120.87585397100008, 31.269969752000065], [120.87610871300001, 31.27071464100004], [120.8765929330001, 31.271406440000078], [120.87788824500001, 31.272751285000027], [120.87852726800008, 31.273467906000064], [120.87902112100005, 31.274366669000074], [120.8792572970001, 31.27548054400006], [120.87928259400007, 31.276786750000042], [120.87914246300011, 31.27821093800003], [120.87888304400008, 31.27967875400003], [120.87854929200012, 31.281116676000067], [120.8781842080001, 31.282452266000064], [120.87752311600002, 31.28453057200005], [120.87721581100004, 31.28534158900004], [120.86462475400003, 31.302585211000064], [120.86350604500001, 31.304164809000042], [120.86280234200001, 31.30523782000006], [120.86218010300001, 31.30634942300003], [120.8619285530001, 31.306921884000076], [120.86168348100011, 31.307583734000048], [120.86144815300008, 31.308304531000033], [120.8610195550001, 31.30980069800006], [120.86033765400009, 31.312542394000047], [120.86935853300008, 31.312967393000065], [120.87407464800003, 31.313296554000033], [120.87626192100004, 31.31350969500005], [120.87818892500002, 31.313761405000037], [120.87991659000011, 31.314069233000055], [120.88161429200011, 31.314466304000064], [120.88327269800004, 31.31498169200006], [120.88476741800002, 31.315584254000044], [120.88622946200007, 31.316280737000056], [120.88766802600003, 31.317039409000074], [120.89330078100011, 31.320209808000072], [120.89469560100008, 31.320922949000078], [120.8960891380001, 31.32155129800003], [120.89748266200002, 31.322058901000048], [120.89887724300002, 31.322400839000068], [120.90027384200005, 31.32252070000004], [120.90170276700007, 31.322369597000034], [120.90313388000004, 31.321995550000054], [120.90456629700009, 31.32146491800006], [120.90599910200001, 31.320832039000038], [120.91028859500011, 31.318762097000047], [120.91171039200003, 31.318153022000047], [120.91312457600009, 31.31766047900004], [120.9145280460001, 31.31734157900007], [120.91591682400008, 31.317266218000043], [120.91734966600006, 31.31750650400005], [120.91876660000003, 31.318015884000033], [120.92017201700003, 31.31872332100005], [120.92156923900006, 31.31957472000005], [120.92296073500006, 31.320529400000055], [120.92434830600007, 31.321557088000077], [120.92711628300003, 31.323747835000063], [120.9353795190001, 31.330564614000025], [120.93674365600009, 31.331634826000027], [120.93809886000008, 31.332647055000052], [120.93944129600004, 31.33357436500006], [120.94076576600003, 31.33437984300008], [120.94206531200007, 31.335013271000037], [120.94333072100005, 31.335406996000074], [120.94454995900003, 31.335470910000026], [120.94569584100009, 31.335141024000052], [120.9468048980001, 31.334498411000027], [120.94789814800004, 31.333641372000045], [120.95130053200012, 31.330557456000065], [120.95256333900011, 31.329585672000064], [120.9539576630001, 31.32872872200005], [120.9554480590001, 31.327988193000067], [120.95701042500002, 31.327337630000045], [120.95862618900003, 31.32675596300004], [120.96028720700008, 31.326225217000058], [120.9621776250001, 31.325686895000047], [120.9643114800001, 31.32512870200003], [120.96888775100001, 31.324021016000074], [120.9775711630001, 31.322067898000057]], [[120.93010397000012, 31.229554449000034], [120.92337524300001, 31.221468793000042], [120.92259019500011, 31.220464286000038], [120.92245642000012, 31.220259903000056], [120.92242901800012, 31.220164011000065], [120.92252981900003, 31.220199483000044], [120.92301485500002, 31.220559501000025], [120.92412005100005, 31.221484687000043], [120.93373308500009, 31.229807667000046], [120.93010397000012, 31.229554449000034]], [[120.91236134700011, 31.22395804300004], [120.91546175600001, 31.225766908000026], [120.91191390800009, 31.225655802000063], [120.91157824700008, 31.22562190900004], [120.91141486800007, 31.225569449000034], [120.91135489100009, 31.225469144000044], [120.91143891600007, 31.225237579000066], [120.91236134700011, 31.22395804300004]]]]}}, {"type": "Feature", "properties": {"township_name": "玉山镇", "district_code": "kunshan", "district_name": "昆山市", "areacode": "32058305", "class": "乡镇界"}, "geometry": {"type": "Polygon", "coordinates": [[[120.91281880700001, 31.468950326000027], [120.91287009300004, 31.468600540000068], [120.91314425600001, 31.467819535000046], [120.91363887700004, 31.466747610000027], [120.91435751800009, 31.46553300200003], [120.91530621100003, 31.464327575000027], [120.91649380400008, 31.463288144000046], [120.91798439000002, 31.462524919000032], [120.91966420100005, 31.462106282000036], [120.92143791500007, 31.461995916000035], [120.92320431000007, 31.462146261000044], [120.92486678400007, 31.462504138000043], [120.92812799400008, 31.463421784000047], [120.93448431000002, 31.465352003000078], [120.93731430700007, 31.466169282000067], [120.93854446600005, 31.466484740000055], [120.93959001200005, 31.466704420000042], [120.94038770800012, 31.466793581000047], [120.94085665000011, 31.466707435000046], [120.94095044100004, 31.46645385800008], [120.94082586100001, 31.466070796000054], [120.94036128800008, 31.465098428000033], [120.9402280810001, 31.464586582000038], [120.94030079900006, 31.46410400800005], [120.94073958700005, 31.463604563000047], [120.9414703000001, 31.463128030000064], [120.94237077900004, 31.462610763000043], [120.94333162200007, 31.461983432000068], [120.94424936000007, 31.461166724000066], [120.94504150700004, 31.46010226100003], [120.94572347600001, 31.458830791000025], [120.94632513200008, 31.45741050600003], [120.94687155600002, 31.455887062000045], [120.94892084700007, 31.449404136000055], [120.94950345900008, 31.447815309000077], [120.95016565800006, 31.446291366000025], [120.9509434790001, 31.444864875000064], [120.95188247600004, 31.44357583200008], [120.9529771010001, 31.442491249000057], [120.95422259800011, 31.441536926000026], [120.9555759640001, 31.440677108000045], [120.95700197200006, 31.439882827000076], [120.96143055400012, 31.437667024000064], [120.96286829300004, 31.436917894000032], [120.96423767600004, 31.436129149000067], [120.96550115100001, 31.43527580800003], [120.96661186400001, 31.434327318000044], [120.9675103940001, 31.433245414000055], [120.96817500700001, 31.43193125700003], [120.96860375200004, 31.430467992000047], [120.96885998200003, 31.428895555000054], [120.96899178300009, 31.42724429200007], [120.96903518400006, 31.425536958000066], [120.96901687100001, 31.423790420000046], [120.96895642900006, 31.42201706800006], [120.968762577, 31.41842368500005], [120.9683079780001, 31.411191126000062], [120.96815549700011, 31.407617379000044], [120.96813557500002, 31.405862402000025], [120.96828053800004, 31.404027925000037], [120.9686957460001, 31.402112757000054], [120.96940876800011, 31.40023727700003], [120.97043984200002, 31.398517611000045], [120.97174772900007, 31.397055615000056], [120.97319473800007, 31.395850206000034], [120.9746116230001, 31.394904843000063], [120.97583402500004, 31.39422582000003], [120.97670049100009, 31.393821136000042], [120.97705330400004, 31.393700999000032], [120.9767593790001, 31.393654986000058], [120.97439222000003, 31.39351461600006], [120.97260501100004, 31.39337083500004], [120.97059663000005, 31.393151454000076], [120.96850264800003, 31.392836690000024], [120.9664613000001, 31.392404747000057], [120.96461460800003, 31.391831042000035], [120.96310772000004, 31.391088728000057], [120.96208589700007, 31.390150945000073], [120.961609468, 31.388994164000053], [120.96142828900008, 31.387648136000053], [120.96143350700004, 31.38616428000006], [120.96156767500008, 31.384584886000027], [120.96178967700007, 31.382940404000067], [120.96207008200008, 31.38125294200006], [120.96374242000002, 31.37266532900003], [120.9640403410001, 31.371006186000045], [120.96429191000004, 31.369405835000066], [120.96447498300006, 31.367891564000047], [120.96456031600007, 31.366499779000037], [120.96450918200003, 31.36527889200005], [120.9642705770001, 31.36429274900007], [120.96377796000002, 31.36362465800005], [120.9629712950001, 31.36334031900003], [120.96190940600002, 31.363375037000026], [120.96066127800009, 31.363641770000072], [120.95927948400004, 31.364073662000067], [120.95780389000004, 31.364619247000064], [120.95147962900012, 31.36722897800007], [120.94988403400009, 31.367845250000073], [120.94831440300004, 31.36838721600003], [120.94678914300005, 31.36881543000004], [120.94533089100003, 31.369079803000034], [120.94396847900009, 31.36911576700004], [120.94273910800007, 31.368839955000055], [120.94168845100012, 31.368197681000026], [120.94077410600005, 31.367251577000047], [120.93996796200008, 31.366081817000065], [120.93925205000005, 31.364750617000027], [120.93861779300005, 31.363306240000043], [120.93806570700008, 31.361786523000035], [120.93760561500005, 31.36022197500006], [120.93725736700003, 31.358638529000075], [120.93705210900009, 31.357060062000073], [120.93703406200007, 31.35551078800006], [120.93723375800005, 31.35404538100005], [120.93761256800008, 31.352657101000034], [120.93812654100009, 31.35137621800004], [120.93874335200007, 31.350242595000054], [120.93944036900007, 31.349308619000055], [120.94020312100008, 31.348642571000028], [120.9410241600001, 31.34833246000005], [120.94193561500003, 31.348454592000053], [120.94290202500008, 31.348918897000033], [120.94500289700011, 31.35033426900003], [120.94615309000005, 31.35104582300005], [120.9473897040001, 31.351603933000035], [120.94865382300009, 31.351905658000078], [120.94996840100009, 31.352004376000025], [120.95128775800003, 31.35193730900005], [120.95256524500007, 31.35173018100005], [120.953750033, 31.35139804000005], [120.95478362300003, 31.350945797000065], [120.95559608200006, 31.35036842200003], [120.95610195000006, 31.349650788000076], [120.9562386340001, 31.348819052000067], [120.95610612900009, 31.347878024000067], [120.9557997070001, 31.346864066000023], [120.95500293700002, 31.344739506000053], [120.95467509600007, 31.343684068000073], [120.9545087670001, 31.342669724000075], [120.95460257100001, 31.341726424000058], [120.9550999060001, 31.340792773000032], [120.95594367800004, 31.339956978000032], [120.95704492000004, 31.33919459300006], [120.95833501300001, 31.338486586000045], [120.9597615880001, 31.33781826300003], [120.96128493300012, 31.337178299000072], [120.96287493200009, 31.336557878000065], [120.97113748000004, 31.33351974900006], [120.97279110500006, 31.332745638000063], [120.9743989640001, 31.33175218100007], [120.9758406850001, 31.33056274100005], [120.97699986400005, 31.329202585000075], [120.97777488500003, 31.32770464500004], [120.97812748500007, 31.32612914300006], [120.97815845600007, 31.324623906000056], [120.97799721900003, 31.323344856000062], [120.97776577700006, 31.322444356000062], [120.9775711630001, 31.322067898000057], [120.96888775100001, 31.324021016000074], [120.9643114800001, 31.32512870200003], [120.9621776250001, 31.325686895000047], [120.96028720700008, 31.326225217000058], [120.95862618900003, 31.32675596300004], [120.95701042500002, 31.327337630000045], [120.9554480590001, 31.327988193000067], [120.9539576630001, 31.32872872200005], [120.95256333900011, 31.329585672000064], [120.95130053200012, 31.330557456000065], [120.94789814800004, 31.333641372000045], [120.9468048980001, 31.334498411000027], [120.94569584100009, 31.335141024000052], [120.94454995900003, 31.335470910000026], [120.94333072100005, 31.335406996000074], [120.94206531200007, 31.335013271000037], [120.94076576600003, 31.33437984300008], [120.93944129600004, 31.33357436500006], [120.93809886000008, 31.332647055000052], [120.93674365600009, 31.331634826000027], [120.9353795190001, 31.330564614000025], [120.92711628300003, 31.323747835000063], [120.92434830600007, 31.321557088000077], [120.92296073500006, 31.320529400000055], [120.92156923900006, 31.31957472000005], [120.92017201700003, 31.31872332100005], [120.91876660000003, 31.318015884000033], [120.91734966600006, 31.31750650400005], [120.91591682400008, 31.317266218000043], [120.9145280460001, 31.31734157900007], [120.91312457600009, 31.31766047900004], [120.91171039200003, 31.318153022000047], [120.91028859500011, 31.318762097000047], [120.90599910200001, 31.320832039000038], [120.90456629700009, 31.32146491800006], [120.90313388000004, 31.321995550000054], [120.90170276700007, 31.322369597000034], [120.90027384200005, 31.32252070000004], [120.89887724300002, 31.322400839000068], [120.89748266200002, 31.322058901000048], [120.8960891380001, 31.32155129800003], [120.89469560100008, 31.320922949000078], [120.89330078100011, 31.320209808000072], [120.88766802600003, 31.317039409000074], [120.88622946200007, 31.316280737000056], [120.88476741800002, 31.315584254000044], [120.88327269800004, 31.31498169200006], [120.88161429200011, 31.314466304000064], [120.87991659000011, 31.314069233000055], [120.87818892500002, 31.313761405000037], [120.87626192100004, 31.31350969500005], [120.87407464800003, 31.313296554000033], [120.86935853300008, 31.312967393000065], [120.86033765400009, 31.312542394000047], [120.86006105600006, 31.312794199000052], [120.8481935000001, 31.344819931000075], [120.84676538600002, 31.36522750300003], [120.8658782660001, 31.369903862000058], [120.88343628400003, 31.374054301000058], [120.88690153200002, 31.374916451000047], [120.888592603, 31.37537364600007], [120.89023504900001, 31.375861056000076], [120.89180525400002, 31.37639308400003], [120.89327075300002, 31.37698947900003], [120.89458752600001, 31.37767696700007], [120.89569667500007, 31.378491247000056], [120.89652047300001, 31.37947934700003], [120.89698387300007, 31.38063022800003], [120.89718133600002, 31.381943384000067], [120.89718368900003, 31.38337617700006], [120.89704488400002, 31.384895957000026], [120.896805416, 31.386477917000036], [120.89649515600001, 31.388103253000054], [120.89574182400008, 31.391429713000036], [120.89488596800004, 31.394791130000044], [120.89395726100008, 31.398119055000052], [120.89345935300003, 31.399745590000066], [120.89292869700012, 31.401328970000066], [120.89235241100005, 31.402850269000055], [120.89171262700006, 31.40428452200007], [120.89098541600004, 31.40559885400006], [120.89013945800002, 31.406750329000033], [120.88913448000005, 31.40768346200008], [120.88790540800005, 31.408372418000056], [120.88652504700008, 31.40885299100006], [120.88505414100007, 31.409207104000075], [120.88205996800002, 31.40981832700004], [120.88064749600005, 31.410208499000078], [120.87937516800002, 31.410747601000025], [120.87839584900007, 31.41141205400004], [120.87760819300001, 31.412208130000067], [120.8770383860001, 31.41308599200005], [120.8767285560001, 31.41400006500004], [120.87673911700006, 31.41490677400003], [120.87715646100003, 31.41582838800008], [120.87791655900003, 31.416696426000044], [120.87892870200005, 31.417512111000065], [120.88012316700008, 31.418272434000073], [120.88144680000005, 31.418969532000062], [120.88285924700006, 31.419589920000078], [120.8843297730001, 31.420113499000024], [120.88583459000006, 31.420512348000045], [120.88735460100008, 31.420749303000036], [120.88874239900008, 31.420801976000064], [120.89011410100011, 31.420744037000077], [120.89274541400005, 31.420528104000027], [120.89396809300001, 31.420481520000067], [120.89509854000005, 31.420552868000073], [120.89610809900012, 31.42080618500006], [120.89699666700005, 31.421297837000054], [120.89777873300011, 31.42195423800007], [120.89922453100007, 31.423387525000066], [120.89998361500011, 31.42398012800004], [120.90083191400004, 31.424359394000078], [120.90188151400002, 31.424444528000038], [120.90305366500002, 31.424253656000076], [120.90431409000007, 31.423866091000036], [120.9056340090001, 31.42334816600004], [120.90970869000012, 31.421567811000045], [120.9110273760001, 31.421076780000078], [120.91228235500012, 31.420736942000076], [120.91344010700004, 31.42062423300007], [120.91445926400002, 31.42083201300005], [120.91530799500003, 31.42143582500006], [120.91601396500005, 31.422368532000064], [120.91661432900003, 31.423544673000038], [120.91713710200008, 31.424897938000072], [120.91760266800009, 31.426377106000075], [120.91802496900004, 31.427942476000055], [120.91841233800005, 31.429562763000035], [120.91909009500012, 31.43286905800005], [120.91937160300006, 31.434511558000054], [120.91959949700004, 31.436117576000072], [120.91975373500009, 31.437661518000027], [120.91980567500002, 31.43911215600008], [120.91971598200007, 31.44043001400007], [120.91943197600006, 31.441564417000052], [120.91888441700007, 31.442450160000078], [120.91799882800001, 31.443043557000067], [120.91684292800005, 31.44338218100006], [120.91549223200002, 31.443537191000075], [120.91400631900001, 31.44356535600008], [120.91243299100006, 31.443512971000075], [120.90917896300004, 31.44332107100007], [120.90756796400001, 31.44325382900007], [120.90601574200002, 31.44325749400008], [120.90456491200007, 31.443379149000066], [120.90326803000005, 31.44367750600003], [120.902192119, 31.444227815000033], [120.90139373600005, 31.445092054000042], [120.90082851300008, 31.44621788200004], [120.90044005900006, 31.447537045000047], [120.90018672800011, 31.448996261000048], [120.90003951900007, 31.450553883000055], [120.89998064800011, 31.45217688400004], [120.90000288100009, 31.45383817000004], [120.90010975200005, 31.45551407000005], [120.90036903500004, 31.45725318500007], [120.90092362000007, 31.459151184000063], [120.90179421900007, 31.46109954600007], [120.90289205600004, 31.46288707800005], [120.9041709070001, 31.46457724800007], [120.90552545700007, 31.46612744600003], [120.90685302300005, 31.46749417700005], [120.90805298700002, 31.468632644000024], [120.90987103600003, 31.47020785400008], [120.91281880700001, 31.468950326000027]]]}}, {"type": "Feature", "properties": {"township_name": "千灯镇", "district_code": "kunshan", "district_name": "昆山市", "areacode": "32058307", "class": "乡镇界"}, "geometry": {"type": "Polygon", "coordinates": [[[121.037204169, 31.288791768000067], [121.0378286460001, 31.28363622100005], [121.0380196100001, 31.28236517700003], [121.03824634700004, 31.281254686000068], [121.03839187500012, 31.280723201000058], [121.03856953800005, 31.280215459000033], [121.03879052900004, 31.279739728000038], [121.0390693390001, 31.279306716000065], [121.03944081700001, 31.27890250200005], [121.03987425700006, 31.27854406700004], [121.04035158300007, 31.27821805600007], [121.04085956200004, 31.27791469300007], [121.04193187400006, 31.27734960400005], [121.05765528800009, 31.26996369300008], [121.06272182000009, 31.26901999200004], [121.06186694600001, 31.268388048000077], [121.05956686600007, 31.265576990000056], [121.05838680000011, 31.260954877000074], [121.05851677500004, 31.25728678200005], [121.05825670800004, 31.249243576000026], [121.05857664700011, 31.240298344000053], [121.05984657800002, 31.227016995000042], [121.06097647700005, 31.21005855100003], [121.06288772200003, 31.200752349000027], [121.06288067100002, 31.200751963000073], [121.05089539300002, 31.199829237000074], [121.0467205650001, 31.19957283100007], [121.04336292300002, 31.19947221500007], [121.04177125400008, 31.19948871500003], [121.04024795500004, 31.19957131600006], [121.03881779300002, 31.199743931000057], [121.03751326200006, 31.200037929000075], [121.03637651800011, 31.20049398200007], [121.03546158100005, 31.20116420000005], [121.03481912100006, 31.202058914000077], [121.03435789900004, 31.203126987000076], [121.03366435400005, 31.205472343000054], [121.03329090900002, 31.206609232000062], [121.03280613300001, 31.207628476000025], [121.03213285300001, 31.20845226000006], [121.0311873930001, 31.209030520000056], [121.03002406200005, 31.209386074000065], [121.02869903900012, 31.209578504000035], [121.02725557800011, 31.209654705000048], [121.02572665100001, 31.209651895000036], [121.01917206600001, 31.209398658000055], [121.01748838800006, 31.209393440000042], [121.01580320500011, 31.209462737000024], [121.01410500800012, 31.20963084600004], [121.01241134700001, 31.209882323000045], [121.01072201500006, 31.21019648200007], [121.00903665200008, 31.210557257000062], [121.00735482200002, 31.210952321000036], [121.00399998400007, 31.211810213000035], [120.99728759600009, 31.213662945000067], [120.98066344300003, 31.218392462000054], [120.98035484200011, 31.219448224000075], [120.97996765700009, 31.220627681000053], [120.97943016500005, 31.222096065000073], [120.97874583400005, 31.223745535000035], [120.97791701400001, 31.225467236000043], [120.97694419000004, 31.227150008000024], [120.97582583500002, 31.228679949000025], [120.9745591620001, 31.229941240000073], [120.97303317800004, 31.230901163000055], [120.97145653300004, 31.231437893000077], [120.96984718600004, 31.23172762400003], [120.968177276, 31.23192683700006], [120.96145068800001, 31.23244826000007], [120.95989296700009, 31.23263309300006], [120.9584541910001, 31.23289180900008], [120.95718533500008, 31.233259168000075], [120.95615247600006, 31.23377922700007], [120.95544113300002, 31.234508365000067], [120.95512157700011, 31.235471451000024], [120.95510886000011, 31.236634769000034], [120.95531931400001, 31.237944062000054], [120.95568956300008, 31.239358379000066], [120.95617181700004, 31.240847079000048], [120.9573362860001, 31.24396239500004], [120.9592403050001, 31.24878297500004], [120.95984468900008, 31.250394904000075], [120.96040266300008, 31.25199814100006], [120.96089033300007, 31.253585589000068], [120.96127751100005, 31.255148846000054], [120.96152533100008, 31.25667741600006], [120.96158356700005, 31.258157828000037], [120.96138760600002, 31.25957267700005], [120.96091966100005, 31.260841924000033], [120.9602297030001, 31.262049619000038], [120.9593853450001, 31.26320905700004], [120.95844438300003, 31.264329657000076], [120.95554891800009, 31.267502508000064], [120.95473013100002, 31.268496434000042], [120.95408354500012, 31.26945039800006], [120.95368512700009, 31.270354411000028], [120.9536279570001, 31.27119448600007], [120.95401202700009, 31.271994977000077], [120.95476986100005, 31.272728764000078], [120.95579973600002, 31.273414810000077], [120.95702071300002, 31.27406810000008], [120.9583674490001, 31.274700671000062], [120.96264522100012, 31.27656907800008], [120.9639937390001, 31.27721098300003], [120.96521877300006, 31.27787816500006], [120.96625668400009, 31.27858247100005], [120.96702886500009, 31.279338531000064], [120.96743657400009, 31.280164687000024], [120.96739273800006, 31.281117007000034], [120.96696848500005, 31.282139763000032], [120.96628953200002, 31.283206377000056], [120.96546232600008, 31.284293046000073], [120.9637411870001, 31.286433531000057], [120.96303677900005, 31.287435681000034], [120.96258011900011, 31.288349891000053], [120.9625057180001, 31.28913416200004], [120.9628949700001, 31.28972865000003], [120.96366339400004, 31.29019700400005], [120.96471582100003, 31.290571231000058], [120.96597850300009, 31.29087605500007], [120.96739497400006, 31.29113035000006], [120.9705290170001, 31.291540717000032], [120.97561614400001, 31.292032107000068], [120.99236253000004, 31.293417047000048], [120.99489580500006, 31.293649361000064], [120.99937859800002, 31.290928602000065], [121.00046637800006, 31.290308632000063], [121.00147911200008, 31.289798223000048], [121.00198543800002, 31.28958461800005], [121.00249172200006, 31.28941323300006], [121.00299794900002, 31.289299396000047], [121.00350409800001, 31.289263129000062], [121.00401939800008, 31.289321879000056], [121.00453461900008, 31.289458152000066], [121.00504978600009, 31.28964968500003], [121.00556491500004, 31.289880072000074], [121.00659510000003, 31.290412933000027], [121.02101675500012, 31.298810983000067], [121.01844378400006, 31.292343453000058], [121.02524201400001, 31.290653294000037], [121.02729931200008, 31.29011113400003], [121.02826119600002, 31.289809004000062], [121.02870482700007, 31.289641353000036], [121.02910963200009, 31.28945677200005], [121.02946066400011, 31.289249033000033], [121.02973816700012, 31.289009969000062], [121.02991633500005, 31.288729002000025], [121.02997472400011, 31.288414716000034], [121.02994535200003, 31.288065024000048], [121.02985480300003, 31.287692656000047], [121.02918561900003, 31.285888404000048], [121.02913999000009, 31.28563193000008], [121.02917713300008, 31.285454463000065], [121.02933250500007, 31.28537268200006], [121.02958761500008, 31.285383891000038], [121.02991684800008, 31.285463853000067], [121.03117551300011, 31.28595279500007], [121.037204169, 31.288791768000067]]]}}, {"type": "Feature", "properties": {"township_name": "陆家镇", "district_code": "kunshan", "district_name": "昆山市", "areacode": "32058308", "class": "乡镇界"}, "geometry": {"type": "Polygon", "coordinates": [[[121.09136747100001, 31.332275691000063], [121.09157601200002, 31.331930486000033], [121.0918577330001, 31.33120881600007], [121.09213805700006, 31.330219809000027], [121.09232804100009, 31.329084394000063], [121.09233331700011, 31.327927936000037], [121.09205391300009, 31.326880394000057], [121.09135144900006, 31.326003289000028], [121.09028435700009, 31.32539824500003], [121.08896549200006, 31.325034177000077], [121.08752232100005, 31.32486816100004], [121.08471715700011, 31.32486893300006], [121.08343864100004, 31.324815009000076], [121.0823068090001, 31.324647166000034], [121.08138639300012, 31.324314186000038], [121.08075491200009, 31.32375472700005], [121.08046170400007, 31.322885563000057], [121.08044734900011, 31.321794148000038], [121.08059995600001, 31.320564752000053], [121.08103449900011, 31.31796442900003], [121.08114401400007, 31.316715432000024], [121.08106042000009, 31.315583201000038], [121.08067702000005, 31.314638417000026], [121.07994200100006, 31.313956456000028], [121.07890872300004, 31.313463961000025], [121.07765528800007, 31.313111782000078], [121.07624134900004, 31.312862331000076], [121.07471208200002, 31.312687115000074], [121.07310154700008, 31.31256464300003], [121.07143547400005, 31.312478671000065], [121.06285265100007, 31.312229139000067], [121.05955751700003, 31.312049785000056], [121.05801038400011, 31.311896724000064], [121.05656971200006, 31.31167507300006], [121.05527756600009, 31.311356507000028], [121.05418984800008, 31.31090306300007], [121.05338027900007, 31.310264236000023], [121.05288973000006, 31.309360566000066], [121.05265429300005, 31.30826403900005], [121.05241530900003, 31.305743843000073], [121.05214678300001, 31.304425450000053], [121.05163229700008, 31.303143868000063], [121.0508962990001, 31.301884013000063], [121.04998505300011, 31.300637837000068], [121.04879042800007, 31.299268222000023], [121.04732490600009, 31.29776372200007], [121.04568484800006, 31.29619061300008], [121.04396603000009, 31.29461464700006], [121.04226268200011, 31.293101396000054], [121.03927165700009, 31.290526018000037], [121.037204169, 31.288791768000067], [121.03117551300011, 31.28595279500007], [121.02991684800008, 31.285463853000067], [121.02958761500008, 31.285383891000038], [121.02933250500007, 31.28537268200006], [121.02917713300008, 31.285454463000065], [121.02913999000009, 31.28563193000008], [121.02918561900003, 31.285888404000048], [121.02985480300003, 31.287692656000047], [121.02994535200003, 31.288065024000048], [121.02997472400011, 31.288414716000034], [121.02991633500005, 31.288729002000025], [121.02973816700012, 31.289009969000062], [121.02946066400011, 31.289249033000033], [121.02910963200009, 31.28945677200005], [121.02870482700007, 31.289641353000036], [121.02826119600002, 31.289809004000062], [121.02729931200008, 31.29011113400003], [121.02524201400001, 31.290653294000037], [121.01844378400006, 31.292343453000058], [121.02101675500012, 31.298810983000067], [121.020299711, 31.301443556000038], [121.01598674500008, 31.318030802000067], [121.01502922800012, 31.32147930800005], [121.01452168300011, 31.323171769000055], [121.01398210900004, 31.324828710000077], [121.01339614900007, 31.326434094000035], [121.01274419900005, 31.327965995000056], [121.01199980400008, 31.329394801000035], [121.01112768400003, 31.330681003000052], [121.01008138300006, 31.331772527000055], [121.00884294900004, 31.33261725600005], [121.00743724200004, 31.333275249000053], [121.00591035200011, 31.333798339000055], [121.00429688200006, 31.33422538800005], [121.00262274500005, 31.33458538800005], [121.00090749500009, 31.334900007000044], [120.99390558700009, 31.33599001700003], [120.99048952200008, 31.336591446000057], [120.98885947400004, 31.336952392000057], [120.98731752100002, 31.33738092300007], [120.9859033670001, 31.337906666000038], [120.9846713280001, 31.33856977000005], [120.98369519300002, 31.33942439100008], [120.98307255000009, 31.340438207000034], [120.98268895700005, 31.34162565200006], [120.98249003400008, 31.34294084100003], [120.982435183, 31.34434580900006], [120.98249584400003, 31.34580801800007], [120.98266023400004, 31.34730224300006], [120.9830417070001, 31.34887315700007], [120.98367846200006, 31.35045937800004], [120.98455991300011, 31.351954800000044], [120.98567472000002, 31.35325686500005], [120.9870047500001, 31.354273653000064], [120.98841409600004, 31.354926911000064], [120.98985442500009, 31.355322663000038], [120.99119682500009, 31.35551893400003], [120.99231401100008, 31.355569630000048], [120.99307858700001, 31.35552457700004], [120.99336151500006, 31.355422317000034], [121.09136747100001, 31.332275691000063]]]}}, {"type": "Feature", "properties": {"township_name": "经济开发区", "district_code": "kunshan", "district_name": "昆山市", "areacode": "32058309", "class": "开发区、保税"}, "geometry": {"type": "Polygon", "coordinates": [[[121.11300982700004, 31.37109976000005], [121.11289903700003, 31.370664393000027], [121.11113896500001, 31.367178313000068], [121.10775885700002, 31.364339260000065], [121.10707881100006, 31.36065116800006], [121.10688879100007, 31.358579116000044], [121.10728111800006, 31.357853222000074], [121.10305879300006, 31.355241395000064], [121.10279985800003, 31.355243820000055], [121.1026667430001, 31.352336523000076], [121.10252866200005, 31.350802504000058], [121.10242388100005, 31.35009369200003], [121.10228839700005, 31.349473773000057], [121.10211651800012, 31.348978319000025], [121.10189295200007, 31.34856796500003], [121.10159825900007, 31.34822775500004], [121.10118822100003, 31.347953417000042], [121.10070215000007, 31.347754061000046], [121.10016295100002, 31.34760710000006], [121.0989876220001, 31.347408750000056], [121.09589530500011, 31.347063786000035], [121.09473601800005, 31.34684779300005], [121.09420829600003, 31.346687833000033], [121.09373516100004, 31.34647325000003], [121.09333773600008, 31.346182904000045], [121.09304348400008, 31.345815714000025], [121.09282054800008, 31.345377160000055], [121.09265016600011, 31.344886018000068], [121.09251802900008, 31.344356609000045], [121.09241334300009, 31.343799732000036], [121.09225623200007, 31.34263369400003], [121.09136747100001, 31.332275691000063], [120.99336151500006, 31.355422317000034], [120.99307858700001, 31.35552457700004], [120.99231401100008, 31.355569630000048], [120.99119682500009, 31.35551893400003], [120.98985442500009, 31.355322663000038], [120.98841409600004, 31.354926911000064], [120.9870047500001, 31.354273653000064], [120.98567472000002, 31.35325686500005], [120.98455991300011, 31.351954800000044], [120.98367846200006, 31.35045937800004], [120.9830417070001, 31.34887315700007], [120.98266023400004, 31.34730224300006], [120.98249584400003, 31.34580801800007], [120.982435183, 31.34434580900006], [120.98249003400008, 31.34294084100003], [120.98268895700005, 31.34162565200006], [120.98307255000009, 31.340438207000034], [120.98369519300002, 31.33942439100008], [120.9846713280001, 31.33856977000005], [120.9859033670001, 31.337906666000038], [120.98731752100002, 31.33738092300007], [120.98885947400004, 31.336952392000057], [120.99048952200008, 31.336591446000057], [120.99390558700009, 31.33599001700003], [121.00090749500009, 31.334900007000044], [121.00262274500005, 31.33458538800005], [121.00429688200006, 31.33422538800005], [121.00591035200011, 31.333798339000055], [121.00743724200004, 31.333275249000053], [121.00884294900004, 31.33261725600005], [121.01008138300006, 31.331772527000055], [121.01112768400003, 31.330681003000052], [121.01199980400008, 31.329394801000035], [121.01274419900005, 31.327965995000056], [121.01339614900007, 31.326434094000035], [121.01398210900004, 31.324828710000077], [121.01452168300011, 31.323171769000055], [121.01502922800012, 31.32147930800005], [121.01598674500008, 31.318030802000067], [121.020299711, 31.301443556000038], [121.02101675500012, 31.298810983000067], [121.00659510000003, 31.290412933000027], [121.00556491500004, 31.289880072000074], [121.00504978600009, 31.28964968500003], [121.00453461900008, 31.289458152000066], [121.00401939800008, 31.289321879000056], [121.00350409800001, 31.289263129000062], [121.00299794900002, 31.289299396000047], [121.00249172200006, 31.28941323300006], [121.00198543800002, 31.28958461800005], [121.00147911200008, 31.289798223000048], [121.00046637800006, 31.290308632000063], [120.99937859800002, 31.290928602000065], [120.99489580500006, 31.293649361000064], [120.99584311000001, 31.29515926600004], [120.99671779800008, 31.29664917200006], [120.99713915100006, 31.297458542000072], [120.99750427600009, 31.298265236000077], [120.99777735600003, 31.299034821000077], [120.99792185100011, 31.299732774000063], [120.99790385900008, 31.300328756000056], [120.99772357200004, 31.300915005000036], [120.99742528000002, 31.301485868000043], [120.99704510700008, 31.302046054000073], [120.996608906, 31.302598936000038], [120.99613492300011, 31.30314689100004], [120.99512058800008, 31.304234148000035], [120.9876405980001, 31.311795446000076], [120.9775711630001, 31.322067898000057], [120.97776577700006, 31.322444356000062], [120.97799721900003, 31.323344856000062], [120.97815845600007, 31.324623906000056], [120.97812748500007, 31.32612914300006], [120.97777488500003, 31.32770464500004], [120.97699986400005, 31.329202585000075], [120.9758406850001, 31.33056274100005], [120.9743989640001, 31.33175218100007], [120.97279110500006, 31.332745638000063], [120.97113748000004, 31.33351974900006], [120.96287493200009, 31.336557878000065], [120.96128493300012, 31.337178299000072], [120.9597615880001, 31.33781826300003], [120.95833501300001, 31.338486586000045], [120.95704492000004, 31.33919459300006], [120.95594367800004, 31.339956978000032], [120.9550999060001, 31.340792773000032], [120.95460257100001, 31.341726424000058], [120.9545087670001, 31.342669724000075], [120.95467509600007, 31.343684068000073], [120.95500293700002, 31.344739506000053], [120.9557997070001, 31.346864066000023], [120.95610612900009, 31.347878024000067], [120.9562386340001, 31.348819052000067], [120.95610195000006, 31.349650788000076], [120.95559608200006, 31.35036842200003], [120.95478362300003, 31.350945797000065], [120.953750033, 31.35139804000005], [120.95256524500007, 31.35173018100005], [120.95128775800003, 31.35193730900005], [120.94996840100009, 31.352004376000025], [120.94865382300009, 31.351905658000078], [120.9473897040001, 31.351603933000035], [120.94615309000005, 31.35104582300005], [120.94500289700011, 31.35033426900003], [120.94290202500008, 31.348918897000033], [120.94193561500003, 31.348454592000053], [120.9410241600001, 31.34833246000005], [120.94020312100008, 31.348642571000028], [120.93944036900007, 31.349308619000055], [120.93874335200007, 31.350242595000054], [120.93812654100009, 31.35137621800004], [120.93761256800008, 31.352657101000034], [120.93723375800005, 31.35404538100005], [120.93703406200007, 31.35551078800006], [120.93705210900009, 31.357060062000073], [120.93725736700003, 31.358638529000075], [120.93760561500005, 31.36022197500006], [120.93806570700008, 31.361786523000035], [120.93861779300005, 31.363306240000043], [120.93925205000005, 31.364750617000027], [120.93996796200008, 31.366081817000065], [120.94077410600005, 31.367251577000047], [120.94168845100012, 31.368197681000026], [120.94273910800007, 31.368839955000055], [120.94396847900009, 31.36911576700004], [120.94533089100003, 31.369079803000034], [120.94678914300005, 31.36881543000004], [120.94831440300004, 31.36838721600003], [120.94988403400009, 31.367845250000073], [120.95147962900012, 31.36722897800007], [120.95780389000004, 31.364619247000064], [120.95927948400004, 31.364073662000067], [120.96066127800009, 31.363641770000072], [120.96190940600002, 31.363375037000026], [120.9629712950001, 31.36334031900003], [120.96377796000002, 31.36362465800005], [120.9642705770001, 31.36429274900007], [120.96450918200003, 31.36527889200005], [120.96456031600007, 31.366499779000037], [120.96447498300006, 31.367891564000047], [120.96429191000004, 31.369405835000066], [120.9640403410001, 31.371006186000045], [120.96374242000002, 31.37266532900003], [120.96207008200008, 31.38125294200006], [120.96178967700007, 31.382940404000067], [120.96156767500008, 31.384584886000027], [120.96143350700004, 31.38616428000006], [120.96142828900008, 31.387648136000053], [120.961609468, 31.388994164000053], [120.96208589700007, 31.390150945000073], [120.96310772000004, 31.391088728000057], [120.96461460800003, 31.391831042000035], [120.9664613000001, 31.392404747000057], [120.96850264800003, 31.392836690000024], [120.97059663000005, 31.393151454000076], [120.97260501100004, 31.39337083500004], [120.97439222000003, 31.39351461600006], [120.9767593790001, 31.393654986000058], [120.97705330400004, 31.393700999000032], [121.00130106000006, 31.397878655000056], [121.0238425230001, 31.401695749000055], [121.0272882270001, 31.402336741000056], [121.03069497700005, 31.403071990000058], [121.03237188600008, 31.40350365300003], [121.03402124600007, 31.40400197400004], [121.03563242300004, 31.40459268500007], [121.03717629800008, 31.405287289000057], [121.03868218500008, 31.406073811000056], [121.04016002500009, 31.406928196000024], [121.04161742200006, 31.407832045000077], [121.04306012400002, 31.408771453000043], [121.04591749100007, 31.410718106000047], [121.04875453200009, 31.41271394200004], [121.06571867000002, 31.424829551000073], [121.07109777200003, 31.429173116000072], [121.07663558400009, 31.43371125400006], [121.07844865900006, 31.435141601000055], [121.07964264300006, 31.435980382000025], [121.0802304880001, 31.436328506000052], [121.08080868500008, 31.43660146700006], [121.08137339900009, 31.436769377000076], [121.08191952600009, 31.43679248500007], [121.0824420350001, 31.436638611000035], [121.08294592300001, 31.436339673000077], [121.0834362280001, 31.43593491100006], [121.08391675900009, 31.43545399900006], [121.08485913900006, 31.43434662100003], [121.08624982700007, 31.43250728000004], [121.09316464800008, 31.423009713000056], [121.0927363620001, 31.42208084200007], [121.08601142100008, 31.408304245000068], [121.084771681, 31.40563105900003], [121.0841906070001, 31.404301040000064], [121.08365214000003, 31.402979223000045], [121.08317485900011, 31.40167001900005], [121.08278398200002, 31.400379590000057], [121.08251334400006, 31.399116422000077], [121.08240782100006, 31.39789205200003], [121.082526228, 31.39672197400006], [121.0829071070001, 31.395637260000058], [121.08350032500005, 31.394616864000056], [121.08424533100003, 31.39365891700004], [121.08509559000004, 31.392768062000073], [121.08601501300006, 31.391955921000033], [121.08697494000012, 31.391241997000066], [121.08795156800011, 31.390654992000066], [121.08892373900005, 31.390234587000066], [121.08987096400006, 31.39003362400007], [121.09072519000006, 31.390075591000027], [121.09153839600003, 31.390258303000053], [121.09230840300006, 31.390473133000057], [121.09303002100012, 31.390611086000035], [121.0936945090001, 31.39055582900005], [121.09431209700006, 31.390198557000076], [121.09487311500004, 31.38957632300003], [121.09539155200002, 31.388752133000025], [121.09587825000006, 31.387775514000054], [121.09634152300009, 31.386684933000026], [121.09722147800005, 31.384273025000027], [121.0986174090001, 31.379874758000028], [121.10198695700001, 31.36855819300007], [121.11300982700004, 31.37109976000005]]]}}, {"type": "Feature", "properties": {"township_name": "锦溪镇", "district_code": "kunshan", "district_name": "昆山市", "areacode": "32058310", "class": "乡镇界"}, "geometry": {"type": "MultiPolygon", "coordinates": [[[[120.91546175600001, 31.225766908000026], [120.91236134700011, 31.22395804300004], [120.91143891600007, 31.225237579000066], [120.91135489100009, 31.225469144000044], [120.91141486800007, 31.225569449000034], [120.91157824700008, 31.22562190900004], [120.91191390800009, 31.225655802000063], [120.91546175600001, 31.225766908000026]]], [[[120.92252981900003, 31.220199483000044], [120.92242901800012, 31.220164011000065], [120.92245642000012, 31.220259903000056], [120.92259019500011, 31.220464286000038], [120.92337524300001, 31.221468793000042], [120.93010397000012, 31.229554449000034], [120.93373308500009, 31.229807667000046], [120.92412005100005, 31.221484687000043], [120.92301485500002, 31.220559501000025], [120.92252981900003, 31.220199483000044]]], [[[120.92433140800006, 31.20827952600007], [120.92576139200003, 31.208018851000077], [120.92726654900002, 31.20811649500007], [120.92885847100001, 31.20835126000003], [120.93050803300002, 31.208671739000067], [120.93219146100012, 31.20904530300004], [120.93891207800004, 31.210639729000036], [120.94049976500003, 31.210971294000046], [120.94200258700005, 31.211232558000063], [120.94338419300004, 31.21139226300005], [120.94459680200009, 31.211409760000038], [120.94557779500008, 31.21123205300006], [120.94624581500011, 31.210790416000066], [120.94653879000009, 31.210032624000064], [120.946537895, 31.209027811000055], [120.9463435340001, 31.207861498000057], [120.94539811000004, 31.20407447200006], [120.94520433800005, 31.202922243000046], [120.94520154700001, 31.20193531700005], [120.94548617300006, 31.20119450800007], [120.94613125400008, 31.200760745000025], [120.94707162400005, 31.20056089800005], [120.9482222150001, 31.200502993000043], [120.95089432300006, 31.200488456000073], [120.95231344400008, 31.20037398900007], [120.95373045200006, 31.200074193000034], [120.95504699700007, 31.199552304000065], [120.95633229900011, 31.19883360700004], [120.9575925690001, 31.197968153000033], [120.95883330700008, 31.196996626000043], [120.96005935000005, 31.195952728000066], [120.96368996000001, 31.192668171000037], [120.96489628400002, 31.191614317000074], [120.96610635100001, 31.190635331000067], [120.96732363900003, 31.18977559800004], [120.96855174300003, 31.18909306300003], [120.96979427100007, 31.18866448600005], [120.97105921000002, 31.188560086000052], [120.97230788000002, 31.188755877000062], [120.97353472000009, 31.189360935000025], [120.97466547200008, 31.190413039000077], [120.9755919380001, 31.191856791000077], [120.97620837900001, 31.193501308000066], [120.97660544700011, 31.19531087000007], [120.97682886100006, 31.197161765000033], [120.97692176600003, 31.198933380000028], [120.97692481600006, 31.200506978000078], [120.97687720200008, 31.201763551000056], [120.97678650300008, 31.20282738900005], [120.97915417700005, 31.203173161000052], [120.98064873600003, 31.203319806000025], [120.98225732700007, 31.20338973500003], [120.9838355820001, 31.203326633000074], [120.98523489600007, 31.203071070000078], [120.98630217300001, 31.20256032800006], [120.98694394400002, 31.201683502000037], [120.98709038800007, 31.200548979000075], [120.98683532000007, 31.199274125000045], [120.98639750600012, 31.19790615100004], [120.98586703700005, 31.196470199000032], [120.98527606800008, 31.194989857000053], [120.98399222000012, 31.191954403000068], [120.97449987700008, 31.17033540600005], [120.96147565000001, 31.14041637400004], [120.95949335800003, 31.140885340000068], [120.95341318900012, 31.13911932900004], [120.94464295700004, 31.137972348000062], [120.9355427270001, 31.13842241100008], [120.92484245700007, 31.138832481000065], [120.91926230800004, 31.137995491000027], [120.9110120900001, 31.137089514000024], [120.90007180900011, 31.13680356900005], [120.88803150500007, 31.13740265100006], [120.88113132100011, 31.136299661000066], [120.87849958900006, 31.13359067400006], [120.87444709800002, 31.13552376000007], [120.87196398800006, 31.137546061000023], [120.87082535800005, 31.138541927000063], [120.86961177700005, 31.139671005000025], [120.86839016500005, 31.14090238500006], [120.86722867800006, 31.142205949000072], [120.86619644400002, 31.143552199000055], [120.86527997500002, 31.14503762100003], [120.86461247700004, 31.146447180000052], [120.86409891200003, 31.147808224000073], [120.8636304260001, 31.149198270000056], [120.86319227400008, 31.15060797600006], [120.86236974300004, 31.15346287400007], [120.86081329100011, 31.159236011000075], [120.85776203400007, 31.17084708400006], [120.85655627000006, 31.17511955100008], [120.85611917900007, 31.17649479800008], [120.85564876500007, 31.177823508000074], [120.85512955200011, 31.179083999000056], [120.85453998100002, 31.180246099000044], [120.85385034400008, 31.18126825400003], [120.85302018100003, 31.182093894000047], [120.8520711540001, 31.182650435000028], [120.85099085500008, 31.18302377400005], [120.84981455800005, 31.183263663000048], [120.84857129600005, 31.183411310000054], [120.84728130400003, 31.183505138000044], [120.84586574000002, 31.183652893000044], [120.84435587200005, 31.183917818000054], [120.84284189200002, 31.184329271000024], [120.84141175000002, 31.184913249000033], [120.84014717000002, 31.185686176000047], [120.83918297100001, 31.186546048000025], [120.83841074400004, 31.187467644000037], [120.83782577700003, 31.18835771700003], [120.83742566900003, 31.189126513000076], [120.83721060500011, 31.18968810800004], [120.83718826300003, 31.18996760600004], [120.82911793100004, 31.19979912200006], [120.84285051200004, 31.207440275000067], [120.84564661000002, 31.208964493000053], [120.8484227240001, 31.21042078800008], [120.85122791700007, 31.211778609000078], [120.85264900600009, 31.212394731000074], [120.85408850400006, 31.21294824900008], [120.85555271400005, 31.213417638000067], [120.85708717400007, 31.213794645000064], [120.85864701700007, 31.21408552300005], [120.86022529700006, 31.214314255000033], [120.86341800600007, 31.214651685000035], [120.86825527600001, 31.215004615000055], [120.88126434800006, 31.215753929000073], [120.88428244400006, 31.215986266000073], [120.8857625920001, 31.216138881000063], [120.88721042800012, 31.216331918000037], [120.8886109340001, 31.216583943000046], [120.88994298400007, 31.21692107800004], [120.89117876600005, 31.217383127000062], [120.89233368400005, 31.218160096000076], [120.89343490400006, 31.219435858000054], [120.8943832980001, 31.22106066400005], [120.89518952600008, 31.22289574000007], [120.89586280300011, 31.224804091000067], [120.89640971300003, 31.226651986000036], [120.89683459900004, 31.228308480000067], [120.89733420900006, 31.23052539100007], [120.8974250220001, 31.230814932000044], [120.89964227200005, 31.229458643000044], [120.90072130300007, 31.228867292000075], [120.90175293000004, 31.228356451000025], [120.91993727300007, 31.22022600500003], [120.92002185500007, 31.218904285000065], [120.92015687700007, 31.21745848100005], [120.92039645200009, 31.215710800000068], [120.9207719210001, 31.213825447000033], [120.92131680800003, 31.21196952300005], [120.92206819900002, 31.210315207000065], [120.923066403, 31.209039394000058], [120.92433140800006, 31.20827952600007]], [[120.95195477700008, 31.18983221700006], [120.95200487800003, 31.189786765000065], [120.95207122400006, 31.18981684700003], [120.95223712600011, 31.19004897700006], [120.95252968600005, 31.19062349400008], [120.9548435270001, 31.195708601000035], [120.9516440210001, 31.194930554000052], [120.95182834900004, 31.19070198600008], [120.95188669100003, 31.190089430000057], [120.95195477700008, 31.18983221700006]]], [[[120.89556205500003, 31.23064234800006], [120.89542862000008, 31.230641951000052], [120.89536128600002, 31.230681503000028], [120.89523600200005, 31.230941660000042], [120.8947484250001, 31.232418606000067], [120.89740087200005, 31.231102537000027], [120.89613721300009, 31.230803652000077], [120.89556205500003, 31.23064234800006]]]]}}, {"type": "Feature", "properties": {"township_name": "花桥镇", "district_code": "kunshan", "district_name": "昆山市", "areacode": "32058314", "class": "乡镇界"}, "geometry": {"type": "Polygon", "coordinates": [[[121.06272182000009, 31.26901999200004], [121.05765528800009, 31.26996369300008], [121.04193187400006, 31.27734960400005], [121.04085956200004, 31.27791469300007], [121.04035158300007, 31.27821805600007], [121.03987425700006, 31.27854406700004], [121.03944081700001, 31.27890250200005], [121.0390693390001, 31.279306716000065], [121.03879052900004, 31.279739728000038], [121.03856953800005, 31.280215459000033], [121.03839187500012, 31.280723201000058], [121.03824634700004, 31.281254686000068], [121.0380196100001, 31.28236517700003], [121.0378286460001, 31.28363622100005], [121.037204169, 31.288791768000067], [121.03927165700009, 31.290526018000037], [121.04226268200011, 31.293101396000054], [121.04396603000009, 31.29461464700006], [121.04568484800006, 31.29619061300008], [121.04732490600009, 31.29776372200007], [121.04879042800007, 31.299268222000023], [121.04998505300011, 31.300637837000068], [121.0508962990001, 31.301884013000063], [121.05163229700008, 31.303143868000063], [121.05214678300001, 31.304425450000053], [121.05241530900003, 31.305743843000073], [121.05265429300005, 31.30826403900005], [121.05288973000006, 31.309360566000066], [121.05338027900007, 31.310264236000023], [121.05418984800008, 31.31090306300007], [121.05527756600009, 31.311356507000028], [121.05656971200006, 31.31167507300006], [121.05801038400011, 31.311896724000064], [121.05955751700003, 31.312049785000056], [121.06285265100007, 31.312229139000067], [121.07143547400005, 31.312478671000065], [121.07310154700008, 31.31256464300003], [121.07471208200002, 31.312687115000074], [121.07624134900004, 31.312862331000076], [121.07765528800007, 31.313111782000078], [121.07890872300004, 31.313463961000025], [121.07994200100006, 31.313956456000028], [121.08067702000005, 31.314638417000026], [121.08106042000009, 31.315583201000038], [121.08114401400007, 31.316715432000024], [121.08103449900011, 31.31796442900003], [121.08059995600001, 31.320564752000053], [121.08044734900011, 31.321794148000038], [121.08046170400007, 31.322885563000057], [121.08075491200009, 31.32375472700005], [121.08138639300012, 31.324314186000038], [121.0823068090001, 31.324647166000034], [121.08343864100004, 31.324815009000076], [121.08471715700011, 31.32486893300006], [121.08752232100005, 31.32486816100004], [121.08896549200006, 31.325034177000077], [121.09028435700009, 31.32539824500003], [121.09135144900006, 31.326003289000028], [121.09205391300009, 31.326880394000057], [121.09233331700011, 31.327927936000037], [121.09232804100009, 31.329084394000063], [121.09213805700006, 31.330219809000027], [121.0918577330001, 31.33120881600007], [121.09157601200002, 31.331930486000033], [121.09136747100001, 31.332275691000063], [121.09225623200007, 31.34263369400003], [121.09241334300009, 31.343799732000036], [121.09251802900008, 31.344356609000045], [121.09265016600011, 31.344886018000068], [121.09282054800008, 31.345377160000055], [121.09304348400008, 31.345815714000025], [121.09333773600008, 31.346182904000045], [121.09373516100004, 31.34647325000003], [121.09420829600003, 31.346687833000033], [121.09473601800005, 31.34684779300005], [121.09589530500011, 31.347063786000035], [121.0989876220001, 31.347408750000056], [121.10016295100002, 31.34760710000006], [121.10070215000007, 31.347754061000046], [121.10118822100003, 31.347953417000042], [121.10159825900007, 31.34822775500004], [121.10189295200007, 31.34856796500003], [121.10211651800012, 31.348978319000025], [121.10228839700005, 31.349473773000057], [121.10242388100005, 31.35009369200003], [121.10252866200005, 31.350802504000058], [121.1026667430001, 31.352336523000076], [121.10279985800003, 31.355243820000055], [121.10305879300006, 31.355241395000064], [121.10728111800006, 31.357853222000074], [121.10945881900011, 31.353823979000026], [121.11112884900001, 31.35202692300004], [121.11309887900006, 31.349553849000074], [121.11504891100003, 31.347075774000075], [121.1180189800001, 31.346230735000063], [121.12043904100005, 31.346060716000068], [121.12281910900003, 31.347037728000032], [121.12678921800011, 31.348052732000042], [121.12945928900001, 31.348347725000053], [121.13058930600005, 31.346770677000052], [121.13148930600005, 31.34380859600003], [121.1321492940001, 31.340153498000063], [121.13340928600007, 31.334904356000038], [121.13468927100007, 31.328738190000024], [121.13204919600003, 31.327755180000054], [121.12645904500005, 31.326697184000068], [121.12363894600003, 31.323185109000065], [121.12104886000009, 31.320597057000043], [121.11874877800005, 31.317554993000044], [121.11782871900004, 31.312942879000047], [121.11869872700004, 31.311126827000066], [121.12039875100004, 31.30864375300007], [121.12232878500004, 31.306627691000074], [121.12504884600003, 31.30554564700003], [121.12799891800012, 31.305158621000032], [121.13336905300002, 31.304832582000074], [121.13929919600002, 31.303600516000074], [121.14627936600004, 31.302623452000034], [121.14691936000008, 31.299657371000023], [121.14727934900009, 31.297140305000028], [121.1476693300001, 31.293247203000078], [121.1470292780001, 31.288640087000033], [121.14535918900003, 31.282631942000023], [121.1444491630001, 31.282345940000027], [121.14218910000011, 31.281634934000067], [121.1376489810001, 31.281292952000058], [121.13313885800005, 31.28026495100005], [121.12940876000005, 31.279942963000053], [121.12405862300011, 31.279810990000044], [121.12240859100007, 31.28114803400007], [121.12023854200004, 31.282012069000075], [121.11730846300009, 31.28148007200008], [121.1138583710001, 31.280935077000038], [121.1120183160001, 31.279973063000057], [121.10990825500005, 31.279001050000034], [121.1058981540001, 31.279132076000053], [121.10105803600004, 31.279930124000032], [121.09832797600006, 31.281238173000077], [121.09534791100009, 31.28254322300006], [121.09046779900007, 31.28425729500003], [121.08670770700007, 31.284851332000073], [121.08319762600001, 31.285911380000073], [121.07971753600009, 31.28582339600007], [121.07706746300005, 31.28507039200008], [121.07472738800004, 31.283174357000064], [121.07269731300005, 31.28013929000008], [121.0706272440001, 31.27802024700003], [121.06835715500006, 31.274063158000047], [121.06604707700001, 31.27147810400004], [121.06272182000009, 31.26901999200004]]]}}, {"type": "Feature", "properties": {"township_name": "淀山湖镇", "district_code": "kunshan", "district_name": "昆山市", "areacode": "32058315", "class": "乡镇界"}, "geometry": {"type": "Polygon", "coordinates": [[[120.98066344300003, 31.218392462000054], [120.99728759600009, 31.213662945000067], [121.00399998400007, 31.211810213000035], [121.00735482200002, 31.210952321000036], [121.00903665200008, 31.210557257000062], [121.01072201500006, 31.21019648200007], [121.01241134700001, 31.209882323000045], [121.01410500800012, 31.20963084600004], [121.01580320500011, 31.209462737000024], [121.01748838800006, 31.209393440000042], [121.01917206600001, 31.209398658000055], [121.02572665100001, 31.209651895000036], [121.02725557800011, 31.209654705000048], [121.02869903900012, 31.209578504000035], [121.03002406200005, 31.209386074000065], [121.0311873930001, 31.209030520000056], [121.03213285300001, 31.20845226000006], [121.03280613300001, 31.207628476000025], [121.03329090900002, 31.206609232000062], [121.03366435400005, 31.205472343000054], [121.03435789900004, 31.203126987000076], [121.03481912100006, 31.202058914000077], [121.03546158100005, 31.20116420000005], [121.03637651800011, 31.20049398200007], [121.03751326200006, 31.200037929000075], [121.03881779300002, 31.199743931000057], [121.04024795500004, 31.19957131600006], [121.04177125400008, 31.19948871500003], [121.04336292300002, 31.19947221500007], [121.0467205650001, 31.19957283100007], [121.05089539300002, 31.199829237000074], [121.06288067100002, 31.200751963000073], [121.06288772200003, 31.200752349000027], [121.063556446, 31.19749621300008], [121.06525641000007, 31.18698093300003], [121.06836639300002, 31.17443159100003], [121.06967637600007, 31.167807414000038], [121.070836385, 31.16508133700006], [121.07283640900005, 31.161457232000032], [121.07047633800005, 31.160021208000046], [121.06812626600004, 31.158587185000044], [121.06466617400008, 31.158039191000057], [121.06093607700006, 31.157715203000066], [121.05693597300001, 31.157614223000053], [121.04918577600006, 31.15764826800006], [121.04448563200003, 31.154545214000052], [121.04486561700003, 31.151339129000064], [121.04771565200008, 31.146362985000053], [121.04740559600009, 31.13992482100008], [121.04477551900004, 31.13871180500007], [121.04132542700006, 31.138164810000035], [121.03731532500001, 31.138294836000057], [121.0303451530001, 31.139032894000024], [121.02603504900003, 31.13984293900006], [121.0214549420001, 31.141101998000067], [121.01557479400003, 31.141413038000053], [121.01103467700011, 31.14129506100005], [121.00759458200002, 31.140290055000037], [121.00418448200003, 31.138594030000036], [121.00023436800006, 31.136887009000077], [120.99706428100001, 31.136116006000066], [120.99229415000002, 31.13484600000004], [120.98593397800005, 31.133536002000028], [120.98115384900007, 31.132721008000033], [120.97636372400007, 31.13236802600005], [120.97098359400002, 31.133377082000038], [120.96714351700007, 31.136032172000057], [120.96492347800006, 31.13850124800007], [120.9629934410001, 31.140057300000024], [120.96147565000001, 31.14041637400004], [120.97449987700008, 31.17033540600005], [120.98399222000012, 31.191954403000068], [120.98527606800008, 31.194989857000053], [120.98586703700005, 31.196470199000032], [120.98639750600012, 31.19790615100004], [120.98683532000007, 31.199274125000045], [120.98709038800007, 31.200548979000075], [120.98694394400002, 31.201683502000037], [120.98630217300001, 31.20256032800006], [120.98523489600007, 31.203071070000078], [120.9838355820001, 31.203326633000074], [120.98225732700007, 31.20338973500003], [120.98064873600003, 31.203319806000025], [120.97915417700005, 31.203173161000052], [120.97678650300008, 31.20282738900005], [120.96725484000001, 31.20934416500006], [120.96608147000006, 31.21016743900003], [120.96496144700006, 31.21100910900003], [120.96443941900009, 31.211442632000058], [120.96395792900012, 31.21188946500007], [120.96353349600008, 31.212354838000067], [120.96318816700011, 31.21284569000005], [120.96295103300008, 31.213371136000035], [120.96284523300005, 31.21394390200004], [120.96284911300006, 31.21455160800008], [120.96293285100012, 31.21518469800003], [120.96307409100007, 31.215835749000064], [120.96346796800003, 31.217169230000025], [120.96421255700011, 31.219179703000066], [120.96478178500001, 31.220466092000038], [120.96509577100005, 31.221068502000037], [120.96543942700009, 31.221625448000054], [120.96582523300003, 31.22211657300005], [120.96627090900006, 31.222513907000064], [120.96676929000012, 31.22278347200006], [120.96735607000005, 31.22295873400003], [120.96808727100006, 31.223055117000058], [120.96892429400009, 31.22308721400003], [120.9707383010001, 31.223017154000047], [120.97418422700002, 31.222667603000048], [120.98066344300003, 31.218392462000054]]]}}, {"type": "Feature", "properties": {"township_name": "支塘镇", "district_code": "changshu", "district_name": "常熟市", "areacode": "32058101", "class": "乡镇界"}, "geometry": {"type": "Polygon", "coordinates": [[[121.02020925700003, 31.66902646400007], [121.01766580900005, 31.66685707000005], [121.01660540500006, 31.66586040100003], [121.01558778200001, 31.66479421100007], [121.01472252700012, 31.663715060000072], [121.0141236720001, 31.662680133000038], [121.01390787200012, 31.661746979000043], [121.0141549440001, 31.660963928000058], [121.01475769300009, 31.66031861400006], [121.01554897100004, 31.659703600000057], [121.01646652500006, 31.65910622900003], [121.01746900300009, 31.658520724000027], [121.01962297300008, 31.657370532000073], [121.03671533900001, 31.648875088000068], [121.05934730500007, 31.63752577500003], [121.04480264900008, 31.622672358000045], [121.04113920100008, 31.618992880000064], [121.03865710500008, 31.61659238200008], [121.03739285500001, 31.615423028000066], [121.03610496800002, 31.614285296000048], [121.03478483900005, 31.61319082700004], [121.03342126900009, 31.61215478300005], [121.03198180900006, 31.611173869000027], [121.03049817700003, 31.61025194700005], [121.02898213700007, 31.609372687000075], [121.02588543400009, 31.607696630000078], [121.02115162000007, 31.60528690500007], [121.01162045100011, 31.60055397900004], [121.00852800700011, 31.59895616600005], [121.00703567700009, 31.59814347100007], [121.00560295800005, 31.59731572900006], [121.0042559850001, 31.596466470000053], [121.00303007800005, 31.595586926000067], [121.00197237400005, 31.594665355000075], [121.00114496100002, 31.593686235000064], [121.00062851700011, 31.59262933900004], [121.00048139800003, 31.591532698000037], [121.00058950000005, 31.59037060000003], [121.00084642600007, 31.589167943000064], [121.00115597100012, 31.58794673500006], [121.00142611900003, 31.586727454000027], [121.00156314000003, 31.585530378000044], [121.00146578500005, 31.58437684900008], [121.00103432500009, 31.583239098000035], [121.00033109500009, 31.58215468800006], [120.99944542800006, 31.581107365000037], [120.99642882700005, 31.578057392000062], [120.99552920100007, 31.57703269600006], [120.99480230500001, 31.575984148000032], [120.99433392000003, 31.57489782500005], [120.99418113700006, 31.573805082000035], [120.99422482200009, 31.572676799000078], [120.99433761700004, 31.571525544000053], [120.99439564700003, 31.57036229700003], [120.99427142600007, 31.569197081000027], [120.99383478400011, 31.56797421500005], [120.99312825900006, 31.566758004000064], [120.9922201500001, 31.56554685100008], [120.99116343000003, 31.564339491000055], [120.98999883400006, 31.563135027000044], [120.98875767300001, 31.561932961000025], [120.98613846400008, 31.55953646000006], [120.9808501760001, 31.55481839400005], [120.97963182100011, 31.55367799800007], [120.97851378000007, 31.552569445000074], [120.97754309300001, 31.55150664000007], [120.97678311900006, 31.550508528000023], [120.97631878900006, 31.549600593000036], [120.97626293300004, 31.548816671000054], [120.97669858800009, 31.548192504000042], [120.97753559600005, 31.547688711000035], [120.97866576000001, 31.547271050000063], [120.980005301, 31.546911891000036], [120.98148930500008, 31.54658818300004], [120.98634344100003, 31.545626638000044], [120.98797404300001, 31.545236344000045], [120.98955418800006, 31.544763792000026], [120.99104474600006, 31.544167911000045], [120.99239785400005, 31.543393998000056], [120.99352780200002, 31.542439775000048], [120.99451643400005, 31.54130833800008], [120.99542313600011, 31.539974769000025], [120.99633194000012, 31.538312678000068], [120.99723049400006, 31.53641028000004], [120.99810099800004, 31.534368863000054], [120.99892487900001, 31.532288364000067], [120.99968240900012, 31.53026708400006], [121.00162849900005, 31.52471410100003], [121.00174274200003, 31.524456044000033], [120.97468615600008, 31.49767466800006], [120.9603810960001, 31.50383354300004], [120.95133912500012, 31.501752072000045], [120.95142016700004, 31.50198087600006], [120.95142747700004, 31.502597277000064], [120.9513358160001, 31.503534132000027], [120.951110072, 31.504723424000076], [120.95084351000003, 31.505700571000034], [120.9501904120001, 31.507483852000064], [120.94930784100006, 31.509383936000063], [120.94825142500008, 31.51132350900008], [120.94708601800005, 31.513228497000057], [120.9458798600001, 31.515025715000036], [120.94470176800007, 31.516641637000077], [120.93600846800007, 31.527639812000075], [120.93517288100008, 31.52865135500008], [120.93433237200009, 31.529534864000027], [120.93345363800006, 31.530230822000078], [120.93250146800005, 31.530667763000054], [120.93131851900011, 31.530786230000047], [120.93003144200009, 31.530587860000026], [120.92866851300005, 31.53016189400006], [120.92725151800005, 31.52957692800004], [120.92579730300008, 31.528886197000077], [120.92133289000003, 31.526572870000052], [120.91984330600008, 31.525832043000037], [120.91836859200009, 31.525163125000063], [120.9169196690001, 31.524607999000068], [120.91550988900008, 31.52421879900004], [120.91415615400001, 31.524062040000047], [120.91372539700001, 31.524075565000032], [120.91259920900006, 31.524297242000046], [120.91153123400011, 31.524741251000023], [120.91052837300003, 31.525348765000047], [120.90960163600005, 31.526070246000074], [120.90776444800008, 31.527775378000058], [120.90694326000005, 31.52844157000004], [120.90605741400009, 31.528970772000037], [120.90494169100009, 31.52934331700004], [120.90373608900006, 31.529516498000078], [120.90248029600002, 31.529555798000047], [120.89998158900005, 31.52947503000007], [120.89883420700005, 31.52948738300006], [120.8978645420001, 31.52976297600003], [120.89719544700006, 31.530423607000046], [120.89691821500003, 31.531426113000066], [120.89694339500011, 31.532713150000063], [120.89720680100004, 31.534170905000053], [120.89764553600003, 31.535687805000066], [120.89819764700007, 31.537156048000043], [120.89879957500011, 31.538472286000058], [120.89941202400007, 31.539597964000052], [120.8998828550001, 31.54033669200004], [120.9000950200001, 31.54058060500006], [120.90035024000008, 31.540746312000067], [120.90381916500007, 31.542669336000074], [120.90552236700012, 31.54368712200005], [120.90732609200006, 31.544841268000027], [120.9091251000001, 31.54610155900008], [120.91081194700007, 31.54743925400004], [120.91227735000007, 31.548826846000054], [120.91341191800007, 31.550236901000062], [120.91417954300005, 31.551698997000074], [120.91475033000006, 31.55324508500007], [120.91520847400011, 31.554866900000036], [120.91558999100005, 31.556540509000058], [120.9159208320001, 31.558248750000075], [120.91705776000003, 31.56521986300004], [120.91767540400008, 31.568687702000034], [120.91803916900005, 31.570391537000035], [120.91846302300007, 31.57206132500005], [120.91897119200007, 31.57368253800007], [120.91959532300007, 31.57523606600006], [120.92037655100012, 31.57669689000005], [120.9213019020001, 31.577988687000072], [120.92237039100007, 31.579194872000073], [120.92354320300001, 31.580337605000068], [120.92478936200007, 31.581433508000032], [120.92608349900001, 31.58249469200007], [120.9313149080001, 31.586516307000068], [120.93252300200004, 31.587473170000067], [120.93363075900004, 31.588404748000073], [120.93459317400004, 31.589303356000073], [120.93535153800008, 31.590157962000035], [120.93582921500001, 31.590953514000034], [120.9359266890001, 31.591670109000063], [120.93557186200007, 31.592285059000062], [120.93485050000004, 31.59282711700007], [120.93386721500008, 31.59332098200008], [120.93270832500002, 31.59378848700004], [120.93015074400012, 31.594726991000073], [120.92888240500008, 31.595242046000067], [120.92770981000001, 31.595822674000033], [120.92670931400005, 31.596502740000062], [120.92597240900011, 31.59732534300008], [120.92555942500007, 31.59840093400004], [120.92547175100003, 31.599646318000055], [120.92562783100004, 31.60101809500003], [120.92596480200007, 31.602483015000075], [120.92643535200011, 31.604017055000043], [120.92707898600008, 31.605770946000064], [120.92789743700007, 31.60778663600007], [120.92882918100008, 31.609956473000068], [120.93079597100007, 31.614333646000034], [120.93356145400003, 31.62030247000007], [120.93366643500008, 31.620593348000057], [120.93327844100008, 31.62068976100005], [120.93244926600005, 31.620962895000048], [120.93136727100011, 31.621384160000048], [120.93022969700007, 31.621925141000077], [120.92923847700001, 31.62255748000007], [120.92860291500006, 31.62325284900004], [120.92850812900008, 31.62403055900006], [120.92898949100004, 31.624813550000056], [120.9299338830001, 31.625567747000048], [120.9312108150001, 31.626259058000073], [120.9326857420001, 31.62686585600005], [120.93424811000011, 31.62745651800003], [120.93917467100005, 31.629228399000056], [120.94591799800003, 31.631576792000033], [120.95098232900011, 31.63328786900007], [120.95433667500004, 31.63435977100005], [120.95764657600012, 31.635314514000072], [120.95927103800011, 31.635719359000063], [120.9608632610001, 31.63605345700006], [120.96241014600002, 31.636294106000037], [120.96389407200002, 31.636412844000063], [120.9665455490001, 31.63636959400003], [120.9677316420001, 31.636431017000064], [120.96880262800005, 31.636719416000062], [120.96968529200001, 31.63728481800007], [120.97048435900001, 31.63809212800004], [120.97123450400011, 31.639073430000053], [120.97350421300007, 31.642529171000035], [120.9743736690001, 31.643703514000038], [120.97546261900004, 31.644950736000055], [120.9766607580001, 31.64614197700007], [120.97794001300008, 31.647289571000044], [120.97927876200004, 31.64840354200004], [120.98207312600005, 31.65056088800003], [120.98641531800001, 31.653695150000033], [120.99229616800005, 31.65779539300007], [121.00995671900012, 31.670003459000043], [121.01124139100011, 31.670179018000056], [121.01568789100008, 31.67078666100008], [121.01591041300003, 31.670806129000027], [121.01631824700007, 31.670841809000024], [121.01672999800007, 31.67083657300003], [121.01712341900009, 31.67076170200005], [121.01768276500002, 31.670528663000027], [121.01841122700012, 31.670121401000074], [121.02020925700003, 31.66902646400007]]]}}, {"type": "Feature", "properties": {"township_name": "虞山林场", "district_code": "changshu", "district_name": "常熟市", "areacode": "32058104", "class": "国有农、林、"}, "geometry": {"type": "Polygon", "coordinates": [[[120.7124318320001, 31.681077575000074], [120.71374674800006, 31.68105682500004], [120.71491109700003, 31.68126336800003], [120.71582151500002, 31.681676914000036], [120.71740598300005, 31.682724547000078], [120.71819523600004, 31.683111559000054], [120.71896067400007, 31.683263622000027], [120.71972958200001, 31.683227275000036], [120.72044718600011, 31.683022124000047], [120.72105565100003, 31.682658106000076], [120.72149181400005, 31.682135876000075], [120.72171550300004, 31.68144441700008], [120.72178146300007, 31.68063189800006], [120.72178227400002, 31.67881392700008], [120.72188238900003, 31.67788157500007], [120.72216328600007, 31.67697817900006], [120.72277358800011, 31.67602404300004], [120.72363906600003, 31.675122257000055], [120.72468084800005, 31.67424824400007], [120.72703160300011, 31.672485108000046], [120.72822439600009, 31.671542396000063], [120.72935321000011, 31.670517002000054], [120.7303569290001, 31.669370112000024], [120.73120747500002, 31.66803432100005], [120.73190242700002, 31.666567455000063], [120.73247946900005, 31.665007140000057], [120.73296601900006, 31.663384217000043], [120.73338045900005, 31.661725038000043], [120.73373298000001, 31.660053706000042], [120.73402598000007, 31.658394319000024], [120.73425396900006, 31.656773308000027], [120.73440294000011, 31.655221965000067], [120.73444918300004, 31.653779292000024], [120.73435749700002, 31.652495258000044], [120.73407878400008, 31.65143455900005], [120.73354702600011, 31.650680929000032], [120.73269558600009, 31.650299027000074], [120.7315870540001, 31.65023235900003], [120.73029183200003, 31.650395630000048], [120.72886322500005, 31.650724026000034], [120.7273410360001, 31.651168962000042], [120.72575458000006, 31.651694502000055], [120.72412513800009, 31.65227442300005], [120.72079360700002, 31.653527455000074], [120.71066351500008, 31.657464189000052], [120.70393101900004, 31.660046023000064], [120.68881064700008, 31.665706681000074], [120.6854966520001, 31.66697311200005], [120.68228851100002, 31.668288090000033], [120.68076542200004, 31.66898366600003], [120.67933438300008, 31.66972284900004], [120.67803991800008, 31.67052689800005], [120.67694530900008, 31.671425998000075], [120.67614914500007, 31.67250907600004], [120.6757952700001, 31.673933546000058], [120.67580443600002, 31.67567213700005], [120.6760937030001, 31.677612589000034], [120.6765806200001, 31.67964287500007], [120.67718607200004, 31.681652555000028], [120.67783477500006, 31.68353301700006], [120.67845401300008, 31.685176867000052], [120.67931033900004, 31.687323751000065], [120.67938455700005, 31.68760364900004], [120.68616330200007, 31.690047394000032], [120.69685458600009, 31.685919153000043], [120.70302261000006, 31.683620190000056], [120.70632198700002, 31.68250093000006], [120.7079306920001, 31.68201178100003], [120.70949748400005, 31.681593235000037], [120.71100542200008, 31.68127073100004], [120.7124318320001, 31.681077575000074]]]}}, {"type": "Feature", "properties": {"township_name": "沙家浜镇", "district_code": "changshu", "district_name": "常熟市", "areacode": "32058105", "class": "乡镇界"}, "geometry": {"type": "Polygon", "coordinates": [[[120.86914683300006, 31.576154449000057], [120.86920378700006, 31.57462296600005], [120.86930900200002, 31.573629528000026], [120.86949326500007, 31.572519147000037], [120.86977939700012, 31.571367432000045], [120.87019217900001, 31.570251634000044], [120.87075831300001, 31.569250657000055], [120.87155890100007, 31.568372225000076], [120.87249384200004, 31.567726118000053], [120.87348158300006, 31.56730443300006], [120.8745115910001, 31.566978849000066], [120.87557931600008, 31.566686531000073], [120.8788581340001, 31.565888004000044], [120.88098194700001, 31.56533048700004], [120.88198151300003, 31.56501589100003], [120.88291133300004, 31.56466023100006], [120.88374189100011, 31.564245812000024], [120.884434209, 31.56374939500006], [120.88493707700002, 31.563140520000047], [120.88520765400006, 31.562402642000052], [120.88529347500003, 31.56155506600004], [120.88524516500001, 31.560627840000052], [120.8851009760001, 31.559643639000058], [120.88488970000003, 31.558619470000053], [120.88434795600006, 31.55649920600007], [120.88344906200007, 31.55325780000004], [120.8829362570001, 31.55112930000007], [120.88275399300005, 31.550096908000057], [120.88265467100007, 31.549100510000073], [120.88267494700005, 31.548156066000047], [120.88286482600006, 31.547285268000053], [120.8832471390001, 31.546537863000026], [120.88379618600004, 31.545862856000042], [120.88450840000007, 31.545223973000077], [120.8854552790001, 31.544557818000044], [120.88657863100002, 31.543877008000038], [120.88781006300007, 31.543200074000026], [120.88908250100008, 31.542546108000067], [120.8914896340001, 31.541386698000053], [120.89379172000008, 31.54032358300003], [120.89394099800006, 31.54022575700003], [120.89373171000011, 31.540083123000045], [120.89312505800001, 31.53980239200007], [120.89046775400004, 31.538711254000077], [120.88784784900008, 31.537724869000044], [120.88447657800009, 31.53655262700005], [120.88286182800005, 31.53592072500004], [120.88217071800011, 31.53560467400007], [120.88069964400006, 31.534776717000057], [120.87947246400006, 31.533920864000038], [120.87650360300006, 31.53173608000003], [120.87526592500001, 31.53063067100004], [120.87419244300008, 31.52947434200007], [120.87316974300006, 31.528210063000074], [120.87220647600009, 31.526862949000076], [120.8713170100001, 31.525449313000024], [120.87068009400002, 31.524294187000066], [120.87012028200002, 31.52312697700006], [120.86963049200006, 31.521904516000063], [120.8693020390001, 31.52090091100007], [120.8690140860001, 31.519886996000025], [120.86812860200007, 31.51653698000007], [120.86767172900011, 31.51516882800007], [120.86711793600011, 31.513852022000037], [120.86650132800003, 31.512557834000063], [120.86588350800002, 31.511336072000063], [120.865236546, 31.51015547600008], [120.86454559600008, 31.50904617300006], [120.86379279100004, 31.508045004000053], [120.86295595000001, 31.507196613000076], [120.86200758400003, 31.50655563600003], [120.86073502200009, 31.506122515000072], [120.85931772000004, 31.505966921000038], [120.85779783400005, 31.50601567500007], [120.85620909200009, 31.506214601000067], [120.85457938000002, 31.506524988000024], [120.85293317300011, 31.50692080700003], [120.85129387000006, 31.50738665600005], [120.84968616000003, 31.50791642200005], [120.84813853200001, 31.508512599000028], [120.84668609200003, 31.509186251000074], [120.84537380200004, 31.50995755300005], [120.84514629600005, 31.510116526000047], [120.84408298900007, 31.511020020000046], [120.84323489000008, 31.51201127300004], [120.8426837940001, 31.51296621000006], [120.84237103200007, 31.51415441200004], [120.84230215100001, 31.515444940000066], [120.84237714900007, 31.516783996000072], [120.84258953300002, 31.519393685000068], [120.84253383200007, 31.520543045000068], [120.8422181950001, 31.521486895000066], [120.84158647600009, 31.522126952000065], [120.84059589100002, 31.522550515000034], [120.83915348100004, 31.52279192000003], [120.83736995700008, 31.52288362400003], [120.83536655000012, 31.522859039000025], [120.83326308500011, 31.522750340000073], [120.83117679400004, 31.522587637000072], [120.82922237900004, 31.522399118000067], [120.82528476000005, 31.521952744000032], [120.82500408800001, 31.521945852000044], [120.82493541800011, 31.522197616000028], [120.8242702340001, 31.525886229000037], [120.82387876700011, 31.527684088000058], [120.82339722800009, 31.529569921000075], [120.82282059500005, 31.53142460500004], [120.82214158600004, 31.533126139000046], [120.82135138500007, 31.53455007000008], [120.82044196300001, 31.535571849000064], [120.81945769100003, 31.536194989000023], [120.81834170500008, 31.536657022000043], [120.81713551300004, 31.536999877000028], [120.81587113400008, 31.537252000000024], [120.81457397700001, 31.53743087400005], [120.81326531800005, 31.537544793000052], [120.81196446800004, 31.53759395000003], [120.810690668, 31.53757084500006], [120.80946487200004, 31.537460121000038], [120.80831149700009, 31.537237822000066], [120.80726022400006, 31.536870168000064], [120.80634790900001, 31.53631185100005], [120.80555688800007, 31.53546549300006], [120.80491912000002, 31.53441495800007], [120.80438885000001, 31.53322417800007], [120.80392997500007, 31.531944200000055], [120.80270502600001, 31.527977303000057], [120.80226517100004, 31.52674262800008], [120.80176491400005, 31.525627703000055], [120.8011698680001, 31.524693935000073], [120.80043644600005, 31.524020566000047], [120.79952466800012, 31.523673041000052], [120.79846672200006, 31.523598323000044], [120.79730099000005, 31.523724513000047], [120.79605671700006, 31.52399688500003], [120.79475591300002, 31.524374300000034], [120.79341494200003, 31.524826208000036], [120.7920458210001, 31.525330204000056], [120.78912084900003, 31.52649057700006], [120.7774990040001, 31.531371939000053], [120.77650031900009, 31.531760124000073], [120.77589822900006, 31.532188828000073], [120.7700053430001, 31.53666115900006], [120.76805908000006, 31.53808235300005], [120.76723108200008, 31.538653301000068], [120.76641320800002, 31.53918432100005], [120.76560965800002, 31.539658486000064], [120.76482615500004, 31.54005266200005], [120.76407038600007, 31.54033566000004], [120.76335255700008, 31.540465966000056], [120.76268604300003, 31.540389024000035], [120.76210249000007, 31.540078322000056], [120.761564754, 31.539580886000067], [120.76105891300006, 31.53895146600007], [120.76057394200006, 31.538232298000025], [120.75867323000011, 31.535048990000064], [120.75816695100002, 31.534298569000043], [120.75762803800001, 31.53361825500008], [120.7570420300001, 31.533042202000047], [120.75639031500009, 31.532613384000058], [120.75564802200006, 31.532364734000055], [120.7548372220001, 31.53227072800007], [120.75397601000009, 31.532290862000025], [120.75307817100008, 31.532394212000042], [120.75215407700011, 31.53255745000007], [120.75121145100002, 31.53276316800003], [120.74929178600007, 31.533254141000043], [120.74734825400003, 31.533801122000057], [120.7356380010001, 31.537217223000027], [120.73639055300009, 31.55657670900007], [120.74619931200004, 31.559403580000037], [120.75608153700011, 31.562173870000038], [120.75851734100002, 31.562893208000048], [120.7600647160001, 31.563431682000044], [120.76078960500001, 31.563738503000025], [120.76146209600006, 31.56408568100005], [120.76206029600007, 31.564490076000027], [120.76255460800007, 31.56497448500005], [120.76291567900012, 31.56554931900007], [120.76317260500002, 31.566204364000043], [120.76335252100012, 31.566918722000025], [120.76347616700002, 31.567676418000076], [120.76361332500005, 31.56927663400006], [120.76366688000007, 31.570948214000055], [120.76367644100003, 31.579463146000023], [120.76491358900012, 31.57937593200006], [120.76671944500004, 31.57932343400006], [120.76777347600012, 31.579340797000043], [120.76886446500009, 31.579406972000072], [120.76987930400003, 31.57952406800007], [120.77084682400005, 31.579690139000036], [120.77172956100003, 31.579895818000068], [120.77257354800008, 31.580154870000058], [120.77418748800005, 31.580741631000024], [120.77658806900001, 31.581705973000055], [120.80448982700011, 31.59334902300003], [120.80472219800004, 31.593263575000037], [120.81079507000004, 31.59045400900004], [120.8142096680001, 31.588977360000058], [120.8158484380001, 31.58832466000007], [120.81734826000002, 31.58778545800004], [120.81866893000006, 31.58739011600005], [120.81995819500003, 31.587093676000052], [120.8212471600001, 31.586910483000054], [120.822535603, 31.586876414000074], [120.82387588800009, 31.587027119000027], [120.8252151480001, 31.587325672000077], [120.82655307800007, 31.587723175000065], [120.82788911800003, 31.588181235000036], [120.83187494000003, 31.589616551000063], [120.83318983000004, 31.59001997300004], [120.83449279700005, 31.59033062800006], [120.83577914800003, 31.590504503000034], [120.83704264300002, 31.590485693000062], [120.8382838440001, 31.590227476000052], [120.83950205300005, 31.589772793000066], [120.84070360100009, 31.589175218000037], [120.84189323300006, 31.588475066000058], [120.84307446700006, 31.58770231300008], [120.84424988800004, 31.586879027000066], [120.84659032800005, 31.58514088100003], [120.85242744000004, 31.58063789600004], [120.85477471800004, 31.57888636100006], [120.85595847700006, 31.57805019400007], [120.8572941110001, 31.57724723700005], [120.85882959100002, 31.57652373800005], [120.86049887800004, 31.575947477000057], [120.86223478600004, 31.57558099700003], [120.8639498770001, 31.575453908000043], [120.8655657700001, 31.575507550000054], [120.8669874520001, 31.575670887000058], [120.86812065700008, 31.575876335000032], [120.8688715510001, 31.576058411000076], [120.86914683300006, 31.576154449000057]]]}}, {"type": "Feature", "properties": {"township_name": "梅李镇", "district_code": "changshu", "district_name": "常熟市", "areacode": "32058106", "class": "乡镇界"}, "geometry": {"type": "Polygon", "coordinates": [[[120.88240221100011, 31.76158767900006], [120.88240527700009, 31.76158819300008], [120.88240568000003, 31.761588261000043], [120.8823073640001, 31.761303084000076], [120.88189579200002, 31.76046801500007], [120.87944152900002, 31.755638454000064], [120.8793650670001, 31.755483893000076], [120.87736071200004, 31.75143226600005], [120.8763967540001, 31.749404335000065], [120.87635549900006, 31.749317545000054], [120.87545195700011, 31.74732233000003], [120.87511471500011, 31.746511971000075], [120.87471137800003, 31.745542791000048], [120.87415413300005, 31.743985490000057], [120.87390509000011, 31.74311567600006], [120.87372058000005, 31.74247125000005], [120.87352201300007, 31.74139718600003], [120.87344878400006, 31.74100108300007], [120.87339586600001, 31.739590587000066], [120.87363625600005, 31.738260092000075], [120.87422614000002, 31.737027244000046], [120.87509671800001, 31.735870857000066], [120.87616771900002, 31.734768917000054], [120.87738000700006, 31.733705197000063], [120.87869034000005, 31.73266783300005], [120.88006717000007, 31.73164818300006], [120.88293347700005, 31.72963840400007], [120.88729873700004, 31.726641149000045], [120.89010972900007, 31.724621342000034], [120.89143847600008, 31.72359543400006], [120.8926842510001, 31.722552884000038], [120.89381321700012, 31.72148754600005], [120.8947803320001, 31.720391404000054], [120.8955260460001, 31.719254050000075], [120.8959724340001, 31.718062110000062], [120.89605487500012, 31.71685776000004], [120.89605929400011, 31.716793206000034], [120.89596684800006, 31.716173152000067], [120.89586356100006, 31.71548037900004], [120.89577752500009, 31.715173022000045], [120.89549134000004, 31.71415064100006], [120.89475367900002, 31.71203065800006], [120.89458659200011, 31.711550462000048], [120.89423293400012, 31.710343076000072], [120.89408728400008, 31.70933074800007], [120.89407571200002, 31.70925031400003], [120.89410278100002, 31.70909169600003], [120.89423368000007, 31.708324650000066], [120.89481600700003, 31.707598791000066], [120.89575155400007, 31.70704751900007], [120.89694307900004, 31.706615941000052], [120.89831291400003, 31.706257527000048], [120.9013431510001, 31.705592916000057], [120.9028994900001, 31.70520009200004], [120.90441809600009, 31.704695180000044], [120.90594680600009, 31.703853906000063], [120.90742273400008, 31.702584826000077], [120.90882177500009, 31.70098287600007], [120.91011967200006, 31.69918111100003], [120.91129221400001, 31.69731147600004], [120.91231374200004, 31.69550306900004], [120.91315668400011, 31.693882201000065], [120.91379182500009, 31.692573680000066], [120.91431527200007, 31.69139785300007], [120.9140679300001, 31.69111554500006], [120.91377569500003, 31.690397992000044], [120.91351905400006, 31.689338020000037], [120.91339920600001, 31.688031721000073], [120.9135253610001, 31.686576597000055], [120.91402647400002, 31.684975834000056], [120.91488092400004, 31.683384899000032], [120.9160049950001, 31.68186120000007], [120.91729831700002, 31.680458009000063], [120.91865434400006, 31.679227429000036], [120.92250700500006, 31.67620983200004], [120.92365432300005, 31.67522460500004], [120.9246651310001, 31.674242136000032], [120.92548119300011, 31.67326201800006], [120.92602731800002, 31.672284259000037], [120.92620628500003, 31.671309214000075], [120.92594651600007, 31.670346976000076], [120.9253344760001, 31.669387098000072], [120.92446849900011, 31.668428894000044], [120.92342176700004, 31.66747187800007], [120.9222481490001, 31.666515709000066], [120.92098688300007, 31.665560155000037], [120.91966625300006, 31.664605055000038], [120.91692157600005, 31.662695796000037], [120.90847211900007, 31.65696646200007], [120.90429885600008, 31.65407968900007], [120.90159508800002, 31.652120311000033], [120.90028943800007, 31.651118720000056], [120.8990332510001, 31.650093517000073], [120.89784815200005, 31.649034597000025], [120.89674360400011, 31.647911045000058], [120.89565772900005, 31.646628129000078], [120.89463059000002, 31.645207523000067], [120.89365947500005, 31.64378348200006], [120.89270411500002, 31.642486335000058], [120.89173134200007, 31.641437860000053], [120.89072484600001, 31.640738018000036], [120.8897822670001, 31.64043115900006], [120.88893475800012, 31.640379418000066], [120.88829040900009, 31.640489484000057], [120.88793839100003, 31.640691398000058], [120.8877759930001, 31.640962324000043], [120.88719812700003, 31.641532617000053], [120.88627434500006, 31.64232818200003], [120.88506642800007, 31.643264842000065], [120.88363356900004, 31.644254640000042], [120.88203345000011, 31.645206114000075], [120.88032317000011, 31.64602476300007], [120.87848607800004, 31.646660663000034], [120.87670478900009, 31.64710059300006], [120.87378464000005, 31.647682299000053], [120.8727062690001, 31.648059756000066], [120.87184158100001, 31.64868023100007], [120.87123322900004, 31.649612647000026], [120.87083168100003, 31.650795394000056], [120.870574669, 31.65215399500005], [120.87041475400008, 31.653631365000024], [120.87031509200006, 31.655182943000057], [120.87009591700007, 31.659940634000066], [120.86996458400006, 31.661457667000036], [120.86975734400005, 31.662883604000058], [120.8694383510001, 31.664175216000046], [120.86896287900004, 31.66527873600006], [120.86827440100001, 31.66612638600003], [120.86736441500011, 31.66665342300007], [120.8662621530001, 31.666951569000048], [120.86502827000004, 31.66709587400004], [120.8610200390001, 31.667219681000063], [120.85972465000009, 31.66734678200004], [120.85852292000004, 31.667617971000027], [120.85746649300006, 31.668106994000027], [120.8566109630001, 31.668854063000026], [120.85590135500001, 31.669820731000073], [120.855293286, 31.67094501400004], [120.85474797200004, 31.672174534000078], [120.85370432700006, 31.674769627000046], [120.85313492400007, 31.676051346000065], [120.85248088900005, 31.677264575000038], [120.85169412400012, 31.678359680000028], [120.85068607400001, 31.67934086400004], [120.8495314170001, 31.680189472000052], [120.84695324000006, 31.681799285000068], [120.8455353390001, 31.68287599000007], [120.8441555820001, 31.684211752000067], [120.84295787500002, 31.68573073500005], [120.84190623900008, 31.687390141000037], [120.84100330700005, 31.689082021000047], [120.84025301800011, 31.69070010100006], [120.83966111000007, 31.692140145000053], [120.83923493100008, 31.69329947600005], [120.83898310600011, 31.694076263000056], [120.83891725000001, 31.69437016100005], [120.83866294300003, 31.694581089000053], [120.83808798900009, 31.695192361000068], [120.83727522600009, 31.696137140000076], [120.83631421600012, 31.697349967000036], [120.83529733700004, 31.698765817000037], [120.83432018600001, 31.700319845000024], [120.83348167200006, 31.701947179000058], [120.83288274000006, 31.70358273100004], [120.83260133700003, 31.705049166000038], [120.83252036800002, 31.70641052600007], [120.83253904500009, 31.707610688000045], [120.83251370800008, 31.708690457000046], [120.8322963820001, 31.70973789900006], [120.83172348800008, 31.710896615000024], [120.83087119000004, 31.71201564300003], [120.82982416800007, 31.71310679100003], [120.82864716300003, 31.714178739000033], [120.82739066600004, 31.715237887000058], [120.82353559100011, 31.718382246000033], [120.82234298900005, 31.719430706000026], [120.8212651560001, 31.720484896000073], [120.82035573200005, 31.721548889000076], [120.8196821570001, 31.722627826000064], [120.81932998100001, 31.72372837300003], [120.81933995100007, 31.724737211000047], [120.81957648800005, 31.725769893000063], [120.82032341900003, 31.727914585000065], [120.82064594100007, 31.729035731000067], [120.82080863300007, 31.730199493000043], [120.82072321100009, 31.73150755300003], [120.82040673000006, 31.732861874000037], [120.81991838600004, 31.73425006100007], [120.81930590700006, 31.735662653000077], [120.81860832500001, 31.73709249500007], [120.81631960200002, 31.741438223000046], [120.81558864400006, 31.74289519200005], [120.81492750500001, 31.744352891000062], [120.81437757100002, 31.74580979600006], [120.81399090700006, 31.74726451300006], [120.81383425400008, 31.748715626000035], [120.81396563400006, 31.75017777000005], [120.81433986100001, 31.751635742000076], [120.81489472900012, 31.753090443000076], [120.81558234600004, 31.754542599000047], [120.81636628900003, 31.75599279000005], [120.81721917200002, 31.75744147200004], [120.81812064000007, 31.758889001000057], [120.8200136910001, 31.76178164600003], [120.83019747000003, 31.776667771000064], [120.83084983300012, 31.77767114900007], [120.83167438500004, 31.777452409000034], [120.8612969400001, 31.766092859000025], [120.86479047800003, 31.764713873000062], [120.86698610500002, 31.763792484000078], [120.86800056200002, 31.763332536000064], [120.86892621400011, 31.762874484000065], [120.86972645900005, 31.76242014500008], [120.87035180200007, 31.761972310000033], [120.87073616400005, 31.761535183000035], [120.87083537000001, 31.761183448000054], [120.87079563000009, 31.760852588000034], [120.87064109500011, 31.760301494000032], [120.87070388600011, 31.76011352900008], [120.87101895400008, 31.759995909000054], [120.87160117300004, 31.75997135500006], [120.87252398300006, 31.760039619000054], [120.87371475600003, 31.76018188000006], [120.87654325100004, 31.76060479800003], [120.88240221100011, 31.76158767900006]]]}}, {"type": "Feature", "properties": {"township_name": "海虞镇", "district_code": "changshu", "district_name": "常熟市", "areacode": "32058107", "class": "乡镇界"}, "geometry": {"type": "Polygon", "coordinates": [[[120.81828377400007, 31.814365303000045], [120.82664425400003, 31.81119491700008], [120.82574441300005, 31.809615617000077], [120.82530063900003, 31.80892096100007], [120.82508150600006, 31.808577945000025], [120.82485993900002, 31.808259217000057], [120.82426878400008, 31.807408828000064], [120.82375205800008, 31.806738564000057], [120.82332396100003, 31.806183264000026], [120.82226345600009, 31.804977622000024], [120.82176498100011, 31.80450191500006], [120.82110252000007, 31.80386971200005], [120.82034835400009, 31.803299738000078], [120.81978693200006, 31.802875433000054], [120.81845533100011, 31.802093735000028], [120.81718673600005, 31.801528967000024], [120.81643249400008, 31.801247569000054], [120.81592609200004, 31.80105863600005], [120.81457141300007, 31.800607120000052], [120.81334232300003, 31.800197463000075], [120.8069393400001, 31.798191217000067], [120.80618306100007, 31.797929989000068], [120.80576303500004, 31.79778490600006], [120.80467014200008, 31.797369369000023], [120.80440984800009, 31.797254593000048], [120.80369693800003, 31.796940239000037], [120.80313567500002, 31.796627513000033], [120.80289222500005, 31.796491867000043], [120.8027663470001, 31.796387183000036], [120.8023210550001, 31.79601686700005], [120.80206920600006, 31.79550557300007], [120.80207241800008, 31.795492497000055], [120.802205275, 31.794951595000043], [120.80265818100008, 31.794361637000065], [120.80334210100011, 31.79374537700005], [120.80419220300007, 31.793110140000067], [120.80516007800009, 31.79246140300006], [120.80620998000006, 31.791803220000077], [120.80810530300005, 31.790690337000058], [120.80962543800001, 31.789797754000062], [120.81360759900008, 31.787535997000077], [120.8204888140001, 31.78362765600008], [120.83084983300012, 31.77767114900007], [120.83019747000003, 31.776667771000064], [120.8200136910001, 31.76178164600003], [120.81812064000007, 31.758889001000057], [120.81721917200002, 31.75744147200004], [120.81636628900003, 31.75599279000005], [120.81558234600004, 31.754542599000047], [120.81489472900012, 31.753090443000076], [120.81433986100001, 31.751635742000076], [120.81396563400006, 31.75017777000005], [120.81383425400008, 31.748715626000035], [120.81399090700006, 31.74726451300006], [120.81437757100002, 31.74580979600006], [120.81492750500001, 31.744352891000062], [120.81558864400006, 31.74289519200005], [120.81631960200002, 31.741438223000046], [120.81860832500001, 31.73709249500007], [120.81930590700006, 31.735662653000077], [120.81991838600004, 31.73425006100007], [120.82040673000006, 31.732861874000037], [120.82072321100009, 31.73150755300003], [120.82080863300007, 31.730199493000043], [120.82064594100007, 31.729035731000067], [120.82032341900003, 31.727914585000065], [120.81957648800005, 31.725769893000063], [120.81933995100007, 31.724737211000047], [120.81932998100001, 31.72372837300003], [120.8196821570001, 31.722627826000064], [120.82035573200005, 31.721548889000076], [120.8212651560001, 31.720484896000073], [120.82234298900005, 31.719430706000026], [120.82353559100011, 31.718382246000033], [120.82739066600004, 31.715237887000058], [120.82864716300003, 31.714178739000033], [120.82982416800007, 31.71310679100003], [120.83087119000004, 31.71201564300003], [120.83172348800008, 31.710896615000024], [120.8322963820001, 31.70973789900006], [120.83251370800008, 31.708690457000046], [120.83253904500009, 31.707610688000045], [120.83252036800002, 31.70641052600007], [120.83260133700003, 31.705049166000038], [120.83288274000006, 31.70358273100004], [120.83348167200006, 31.701947179000058], [120.83432018600001, 31.700319845000024], [120.83529733700004, 31.698765817000037], [120.83631421600012, 31.697349967000036], [120.83727522600009, 31.696137140000076], [120.83808798900009, 31.695192361000068], [120.83866294300003, 31.694581089000053], [120.83891725000001, 31.69437016100005], [120.80268685900012, 31.679000821000045], [120.8031112330001, 31.68138646600005], [120.80334399100002, 31.68297809200004], [120.8035296380001, 31.68477959100005], [120.80361300300001, 31.68667834200005], [120.8035362280001, 31.68855981300004], [120.8032380200001, 31.690307002000054], [120.80265453000004, 31.691801075000058], [120.80166347600004, 31.693021217000023], [120.80040288100008, 31.693816647000062], [120.79897250200008, 31.694386020000024], [120.79742118700005, 31.694868883000026], [120.79578798400007, 31.695293320000076], [120.7940997390001, 31.695678650000048], [120.79062547600006, 31.69638045000005], [120.77997350100009, 31.69832526700003], [120.77648411100006, 31.69900660600007], [120.77478862300006, 31.69937472400005], [120.77314901500006, 31.699773907000065], [120.77159113500011, 31.700218455000027], [120.77015038500008, 31.700727958000073], [120.76887463500009, 31.701328922000073], [120.76782776300001, 31.702056738000067], [120.76709385600009, 31.702958009000042], [120.76674637300005, 31.704034026000045], [120.76669506000007, 31.705274087000078], [120.76686193900002, 31.70663488300005], [120.76718741600007, 31.708083332000058], [120.76762644100006, 31.709594464000077], [120.76814523600001, 31.711149627000054], [120.76871858400011, 31.712735016000067], [120.77186715500011, 31.720837075000077], [120.77305248800008, 31.724071455000058], [120.7735792420001, 31.725671170000055], [120.7740354340001, 31.727251866000074], [120.7743929510001, 31.728805884000053], [120.77461463100008, 31.730323103000046], [120.7746517280001, 31.731790188000048], [120.77444099900003, 31.733189725000045], [120.77394082800004, 31.734492612000054], [120.7732065460001, 31.735730383000032], [120.77230897100003, 31.73692096800005], [120.77130686900011, 31.738078389000066], [120.76815871000008, 31.741449355000043], [120.76721434800004, 31.742561821000038], [120.76640587400004, 31.74367653400003], [120.76579488800007, 31.744796734000033], [120.7654556650001, 31.74592487600006], [120.76543287200002, 31.746994544000074], [120.76562454700002, 31.74805791500006], [120.7665425450001, 31.75103068800007], [120.76665580400004, 31.75187095800004], [120.76650453500008, 31.75258289800007], [120.76593377100005, 31.753189494000026], [120.76500882900007, 31.753640000000075], [120.76382203800006, 31.75397645000004], [120.76244435600006, 31.754230822000068], [120.76092956600007, 31.754427117000034], [120.75763911600006, 31.754711792000023], [120.7541607280001, 31.754921934000038], [120.73451329200009, 31.75592663200007], [120.71148407900012, 31.757240241000034], [120.71181132900006, 31.75739761400007], [120.71242863500004, 31.757905434000065], [120.71323021300009, 31.758718824000027], [120.71409544700009, 31.75979630300003], [120.71489796800006, 31.761097662000054], [120.71550554700002, 31.762583879000033], [120.7158125520001, 31.764265668000064], [120.71580503100006, 31.76602584300008], [120.71554740800002, 31.767781548000073], [120.7151169330001, 31.769447351000053], [120.71408834300007, 31.772330399000055], [120.71367279800006, 31.773692674000074], [120.71340348100011, 31.775011180000035], [120.71334428000011, 31.77626871800004], [120.71357207300002, 31.77744424000008], [120.71414942900003, 31.778530061000026], [120.71500563500001, 31.779537737000055], [120.71605608300001, 31.780492296000034], [120.71723411100004, 31.781413989000043], [120.72102660700011, 31.784147164000046], [120.72223009900006, 31.785100510000063], [120.72332722600004, 31.786105227000064], [120.72426296800006, 31.78718468200003], [120.7249707310001, 31.78836786100004], [120.72540586900004, 31.789714077000042], [120.72559725100007, 31.79117005200004], [120.72560902500004, 31.79270666900004], [120.72548997800004, 31.79430183000005], [120.72527679600012, 31.79593895900007], [120.72499679000009, 31.79760574000005], [120.72431172400002, 31.800994372000048], [120.72198459100002, 31.81127640300008], [120.72132305200012, 31.814652613000078], [120.72106806900001, 31.816307425000048], [120.72089610700004, 31.817925864000074], [120.72084380000001, 31.819491939000045], [120.72096188600005, 31.820983494000075], [120.72131989900004, 31.822370161000038], [120.72196936600005, 31.823611785000026], [120.722867113, 31.82474489100008], [120.72398096100005, 31.82581270700007], [120.72544245200004, 31.826936841000077], [120.72718621500007, 31.828107371000044], [120.72910445800005, 31.82928772200006], [120.73109135800007, 31.830440458000055], [120.73485936500003, 31.832508311000026], [120.73847333100002, 31.83442662400006], [120.73870923100003, 31.834601574000033], [120.73875668900007, 31.834580333000076], [120.73899450300007, 31.834724006000044], [120.73957116400004, 31.835273248000078], [120.74018812100007, 31.835963734000075], [120.7413101200001, 31.837334885000075], [120.7417942300001, 31.837862495000024], [120.7421289240001, 31.838141138000026], [120.74230313600003, 31.83823847700006], [120.74248428400006, 31.838293410000063], [120.7426702360001, 31.83829699900008], [120.74306033000005, 31.83819294500006], [120.74366985400002, 31.837887785000078], [120.74823876300002, 31.83504414600003], [120.75866823400008, 31.829014493000045], [120.77027594100002, 31.822230320000074], [120.77440689000002, 31.819887194000046], [120.7757820600001, 31.819150843000045], [120.77715544400007, 31.818456105000053], [120.77852619500004, 31.81782125700005], [120.77989315200011, 31.81727108900003], [120.78125474300009, 31.816838860000075], [120.78260886600003, 31.816568716000063], [120.78395273900003, 31.816518589000054], [120.78520896200007, 31.816715953000028], [120.78645590600001, 31.817108790000077], [120.78769594700009, 31.817643373000067], [120.78893088000007, 31.818276102000027], [120.79383988100005, 31.82111543700006], [120.79506122100008, 31.821747514000037], [120.79627955300009, 31.822277127000064], [120.79741355300007, 31.822640181000054], [120.79853100500009, 31.822841355000037], [120.79961754900012, 31.82283921900006], [120.80012235900006, 31.822753068000054], [120.80118712500007, 31.82239893900004], [120.80223101800004, 31.821875308000074], [120.80470455300008, 31.820384145000048], [120.80644090900012, 31.819428574000028], [120.80896903600001, 31.818166356000063], [120.81076055500012, 31.81734016400003], [120.81253046600011, 31.816563604000066], [120.81568260800009, 31.81526455100004], [120.81778388900011, 31.814483420000045], [120.8181288830001, 31.814378998000052], [120.81828377400007, 31.814365303000045]]]}}, {"type": "Feature", "properties": {"township_name": "董浜镇", "district_code": "changshu", "district_name": "常熟市", "areacode": "32058108", "class": "乡镇界"}, "geometry": {"type": "Polygon", "coordinates": [[[121.00995671900012, 31.670003459000043], [120.99229616800005, 31.65779539300007], [120.98641531800001, 31.653695150000033], [120.98207312600005, 31.65056088800003], [120.97927876200004, 31.64840354200004], [120.97794001300008, 31.647289571000044], [120.9766607580001, 31.64614197700007], [120.97546261900004, 31.644950736000055], [120.9743736690001, 31.643703514000038], [120.97350421300007, 31.642529171000035], [120.97123450400011, 31.639073430000053], [120.97048435900001, 31.63809212800004], [120.96968529200001, 31.63728481800007], [120.96880262800005, 31.636719416000062], [120.9677316420001, 31.636431017000064], [120.9665455490001, 31.63636959400003], [120.96389407200002, 31.636412844000063], [120.96241014600002, 31.636294106000037], [120.9608632610001, 31.63605345700006], [120.95927103800011, 31.635719359000063], [120.95764657600012, 31.635314514000072], [120.95433667500004, 31.63435977100005], [120.95098232900011, 31.63328786900007], [120.94591799800003, 31.631576792000033], [120.93917467100005, 31.629228399000056], [120.93424811000011, 31.62745651800003], [120.9326857420001, 31.62686585600005], [120.9312108150001, 31.626259058000073], [120.9299338830001, 31.625567747000048], [120.92898949100004, 31.624813550000056], [120.92850812900008, 31.62403055900006], [120.92860291500006, 31.62325284900004], [120.92923847700001, 31.62255748000007], [120.93022969700007, 31.621925141000077], [120.93136727100011, 31.621384160000048], [120.93244926600005, 31.620962895000048], [120.93327844100008, 31.62068976100005], [120.93366643500008, 31.620593348000057], [120.90938765600004, 31.617924138000035], [120.90635111400002, 31.617646344000036], [120.904835606, 31.617540081000072], [120.9033236680001, 31.61746930100003], [120.90181728900006, 31.617449091000026], [120.9003192450001, 31.617499788000032], [120.89883334300009, 31.617648463000023], [120.89740604800011, 31.617907672000058], [120.89599046700005, 31.618259928000043], [120.89458345300011, 31.61868054400003], [120.89318318900007, 31.619151314000078], [120.89178919100004, 31.61965927600005], [120.88902572300003, 31.620755692000046], [120.88766398500002, 31.621337210000036], [120.88632517100007, 31.62194147400004], [120.88502120400005, 31.622572752000053], [120.88374605900003, 31.62324878000004], [120.88254412600008, 31.623957924000024], [120.88144483200006, 31.624701290000075], [120.88049149300002, 31.62548431600004], [120.87974605200009, 31.626317461000042], [120.87929517500004, 31.627217260000066], [120.87921286300002, 31.62816781500004], [120.8794436180001, 31.629205641000055], [120.88002411500008, 31.630451511000047], [120.88088971100001, 31.631866031000072], [120.88195209500009, 31.633376944000076], [120.88312521800003, 31.63491259500006], [120.88547544700009, 31.637775245000057], [120.88781585100003, 31.640493355000046], [120.88793839100003, 31.640691398000058], [120.88829040900009, 31.640489484000057], [120.88893475800012, 31.640379418000066], [120.8897822670001, 31.64043115900006], [120.89072484600001, 31.640738018000036], [120.89173134200007, 31.641437860000053], [120.89270411500002, 31.642486335000058], [120.89365947500005, 31.64378348200006], [120.89463059000002, 31.645207523000067], [120.89565772900005, 31.646628129000078], [120.89674360400011, 31.647911045000058], [120.89784815200005, 31.649034597000025], [120.8990332510001, 31.650093517000073], [120.90028943800007, 31.651118720000056], [120.90159508800002, 31.652120311000033], [120.90429885600008, 31.65407968900007], [120.90847211900007, 31.65696646200007], [120.91692157600005, 31.662695796000037], [120.91966625300006, 31.664605055000038], [120.92098688300007, 31.665560155000037], [120.9222481490001, 31.666515709000066], [120.92342176700004, 31.66747187800007], [120.92446849900011, 31.668428894000044], [120.9253344760001, 31.669387098000072], [120.92594651600007, 31.670346976000076], [120.92620628500003, 31.671309214000075], [120.92602731800002, 31.672284259000037], [120.92548119300011, 31.67326201800006], [120.9246651310001, 31.674242136000032], [120.92365432300005, 31.67522460500004], [120.92250700500006, 31.67620983200004], [120.91865434400006, 31.679227429000036], [120.91729831700002, 31.680458009000063], [120.9160049950001, 31.68186120000007], [120.91488092400004, 31.683384899000032], [120.91402647400002, 31.684975834000056], [120.9135253610001, 31.686576597000055], [120.91339920600001, 31.688031721000073], [120.91351905400006, 31.689338020000037], [120.91377569500003, 31.690397992000044], [120.9140679300001, 31.69111554500006], [120.91431527200007, 31.69139785300007], [120.91494857900011, 31.69130446400004], [120.91824862400006, 31.690680728000075], [120.9202084750001, 31.69031030000008], [120.9207471420001, 31.69022068000004], [120.92265514000007, 31.689903241000025], [120.92373646600004, 31.689754467000057], [120.92455407600005, 31.68967213800005], [120.92466141600005, 31.689661329000046], [120.92475854500003, 31.689656309000043], [120.92552200900002, 31.68961685200003], [120.9263424510001, 31.68963031100003], [120.92644874200005, 31.689643024000077], [120.92710888300007, 31.689721983000027], [120.92725589400004, 31.689763553000034], [120.92780325900003, 31.68991833000007], [120.92840237100006, 31.690253480000024], [120.92858606000004, 31.69044124000004], [120.92887928700009, 31.690740965000032], [120.92906458100003, 31.691032644000074], [120.92926985400004, 31.691355773000055], [120.92940301500005, 31.691640327000073], [120.92960006600003, 31.692061411000054], [120.9298905600001, 31.692829687000028], [120.93096650400003, 31.69614262600004], [120.9310901990001, 31.696458990000053], [120.93128459100001, 31.696956167000053], [120.9316543220001, 31.69773546400006], [120.932096881, 31.698463865000065], [120.93267637400004, 31.699180246000026], [120.93301803500003, 31.699516420000066], [120.9333416610001, 31.699834848000023], [120.93369477400006, 31.70013030700005], [120.93406960900006, 31.70044394200005], [120.9348427320001, 31.701019908000035], [120.9356479700001, 31.701572058000067], [120.93731882800012, 31.702630772000077], [120.93989703200009, 31.704162491000034], [120.95071495400009, 31.710446610000076], [120.95289116200001, 31.711710767000056], [120.95359738900004, 31.71150738800003], [120.95419415100002, 31.711335532000078], [120.95551983400003, 31.710888545000046], [120.95708681500003, 31.710289904000035], [120.95801598900005, 31.70987567900005], [120.95873466700004, 31.70955529300005], [120.95927873000005, 31.709257343000047], [120.96029781900006, 31.70869925100004], [120.96160480600008, 31.707734693000077], [120.96248042700006, 31.706673153000054], [120.96280091400001, 31.705605481000077], [120.96280096700002, 31.705605305000063], [120.96279677500002, 31.705543825000063], [120.9627273860001, 31.70452623700004], [120.96248347900007, 31.703580844000044], [120.9624537950001, 31.703465788000074], [120.96243456900004, 31.70336869500005], [120.9622356960001, 31.70236435700008], [120.96220818600011, 31.701225863000047], [120.9624519140001, 31.70010287100007], [120.96292445800009, 31.698970932000066], [120.96357155100009, 31.697849533000067], [120.9643533850001, 31.69675888100005], [120.96524213300006, 31.695721501000037], [120.96621995400005, 31.694763874000046], [120.96727749200011, 31.693918205000045], [120.96800483400011, 31.693473707000066], [120.96841286100005, 31.693224351000026], [120.96894155100006, 31.69301063900008], [120.96963104800011, 31.692731924000043], [120.97102521500005, 31.69246739700003], [120.97232987900009, 31.692414574000054], [120.97249541700012, 31.692407872000047], [120.97281000500004, 31.692421686000046], [120.97401745900004, 31.69247470700003], [120.97714579300009, 31.692719668000052], [120.97872477600004, 31.692772337000065], [120.98029858100006, 31.692690936000076], [120.98191354700009, 31.692410361000043], [120.98351489400011, 31.691960923000067], [120.98400508200007, 31.691783747000045], [120.98510532300008, 31.69138607000008], [120.9854156670001, 31.691255229000035], [120.98668711900007, 31.69071918700007], [120.9882621480001, 31.68998559700003], [120.99139739400005, 31.688389259000076], [120.99607322700001, 31.685830157000055], [120.99916780100011, 31.684075737000057], [121.00222087200007, 31.682292612000026], [121.00378857700002, 31.68125036300006], [121.00537495600008, 31.680009677000044], [121.00687852100009, 31.67861691300004], [121.00819831400008, 31.67711845900004], [121.00923917700004, 31.67556316300005], [121.00992304200008, 31.674007490000065], [121.01023201900011, 31.672523212000044], [121.01026211800001, 31.67126293900003], [121.01013575900004, 31.670375740000054], [121.00995671900012, 31.670003459000043]]]}}, {"type": "Feature", "properties": {"township_name": "杨舍镇", "district_code": "zhangjiagang", "district_name": "张家港市", "areacode": "32058204", "class": "乡镇界"}, "geometry": {"type": "Polygon", "coordinates": [[[120.54766588400003, 31.926888203000033], [120.54791548300011, 31.926736659000028], [120.55097783500003, 31.924502767000035], [120.55427152700008, 31.92214648600003], [120.55792989600002, 31.919650784000055], [120.55972608400009, 31.91850167700005], [120.56141039500005, 31.917500981000046], [120.56292368300001, 31.91670570900004], [120.56439934700006, 31.916047252000055], [120.56591414500008, 31.91550740300005], [120.56757479700002, 31.915086016000032], [120.5692765550001, 31.914788876000046], [120.57100730200011, 31.91457887000007], [120.57275821400003, 31.914429007000024], [120.57452289100002, 31.914319773000045], [120.57807591300002, 31.914170289000026], [120.58341944000006, 31.913992433000033], [120.58695829200008, 31.91382868000005], [120.58870892000004, 31.913710639000044], [120.59043878200009, 31.913553987000057], [120.5921390310001, 31.913343687000065], [120.59379784200007, 31.91306008400005], [120.5953995650001, 31.912677647000066], [120.59692373100006, 31.912163598000063], [120.59833297900002, 31.911512409000068], [120.60099970700003, 31.910060678000036], [120.602322576, 31.909431271000074], [120.60367977800001, 31.90898788100003], [120.60505227300007, 31.908803722000073], [120.60646548000011, 31.908816475000037], [120.60789883600012, 31.90895997100006], [120.61210895700003, 31.90961145800003], [120.61339984400001, 31.909720571000037], [120.61458092700002, 31.90967390800006], [120.61560831000008, 31.909394889000055], [120.61647384500009, 31.908808390000047], [120.61721028600005, 31.908004181000024], [120.6179031580001, 31.907097388000068], [120.61863796000011, 31.906199284000024], [120.61950657300008, 31.905425293000064], [120.62059884700011, 31.904863654000053], [120.62187640600007, 31.904497160000062], [120.62329161800005, 31.90427424300003], [120.62480581400007, 31.904151643000034], [120.62643971200009, 31.904065307000053], [120.62829798700011, 31.903893210000035], [120.63027483200005, 31.903593270000044], [120.63224902400009, 31.903130576000024], [120.6341027090001, 31.902475426000024], [120.63572664900005, 31.90161299700003], [120.6369267560001, 31.90068556500006], [120.63785893500005, 31.89972802500006], [120.63851600100008, 31.89886394000007], [120.63888732700002, 31.898211626000034], [120.63895263300003, 31.89787506400006], [120.63473993500008, 31.89667608900004], [120.63371651000011, 31.89636063100005], [120.63283581300004, 31.896046366000064], [120.63205281000012, 31.89568293600007], [120.63172324700008, 31.89547061600007], [120.63145525200002, 31.895228243000076], [120.63126983500001, 31.894945902000075], [120.63118230500004, 31.894605898000066], [120.63117967700009, 31.89422657700004], [120.63123867700006, 31.89382093300003], [120.63147860600009, 31.89297115200003], [120.63181901700011, 31.892126758000074], [120.63201508800012, 31.89172796500003], [120.6322266090001, 31.89135840700004], [120.63245444500001, 31.891031130000044], [120.63270099300007, 31.89076250100004], [120.63344409600006, 31.890238140000065], [120.63357645000008, 31.890099805000034], [120.63374056300006, 31.88979074300005], [120.63379586500002, 31.889136274000066], [120.63387147100002, 31.88893684800007], [120.63399813100011, 31.88874770700005], [120.63416766000012, 31.888583708000056], [120.63486159100012, 31.88816225900007], [120.63508012300008, 31.887916510000025], [120.63526583500004, 31.887599066000064], [120.63540392000004, 31.88723488200003], [120.63548239400006, 31.886848585000052], [120.63550989700002, 31.885489153000037], [120.6355415590001, 31.885268305000068], [120.63561713000001, 31.88505589600004], [120.63446597900008, 31.88514576400007], [120.6332205550001, 31.88518030000006], [120.63169093900001, 31.88514900200005], [120.62999928900001, 31.885007288000054], [120.62826972000005, 31.88470852200004], [120.62662943400005, 31.884202815000037], [120.6252086390001, 31.883437124000068], [120.62403685800007, 31.882279032000042], [120.62325957200005, 31.880878799000072], [120.62283983700001, 31.879374201000076], [120.62257376800005, 31.87781070400007], [120.62211745000002, 31.874609901000042], [120.62185827000008, 31.873046569000053], [120.62153375700007, 31.871556171000066], [120.62110622300008, 31.87017954600003], [120.62053082500006, 31.868965289000073], [120.6197524700001, 31.867973007000046], [120.61890429900006, 31.867340011000067], [120.61792194000009, 31.866843673000062], [120.61575580800002, 31.866000100000065], [120.61466184300002, 31.86553116600004], [120.6136183650001, 31.864949016000025], [120.61263384800009, 31.864180629000032], [120.61174563100008, 31.863262227000064], [120.61095416800003, 31.862226142000054], [120.610266378, 31.86109735200006], [120.6096962800001, 31.85989459900003], [120.60926583300011, 31.85863135900007], [120.60900598100011, 31.85731663300004], [120.60894464700004, 31.85577263600004], [120.60907918400005, 31.85418741500007], [120.60934766100002, 31.852575282000032], [120.60969880800008, 31.850947650000023], [120.61047378300009, 31.847683267000036], [120.61081349100004, 31.846063857000047], [120.61105998900007, 31.844465383000056], [120.61115718300005, 31.842899140000043], [120.61103546900006, 31.84137916700007], [120.61063884100008, 31.839920518000042], [120.61001247200011, 31.838509960000067], [120.60921527100004, 31.837135278000062], [120.60829255300007, 31.835787051000068], [120.60727875200007, 31.834458107000046], [120.60619973500002, 31.833143045000043], [120.60507470800007, 31.83183783800007], [120.60153628800003, 31.82794526300006], [120.59029444400005, 31.815995715000042], [120.58947455700002, 31.815087534000043], [120.57812471300008, 31.81309164700008], [120.57662201400001, 31.81280384400003], [120.57514147300003, 31.812474387000066], [120.57370742900002, 31.812058600000057], [120.57302059200003, 31.811795016000076], [120.57236416900002, 31.811475537000035], [120.57175619400005, 31.811096029000055], [120.57117728700007, 31.810662857000068], [120.57007641700011, 31.809689869000067], [120.56901835000008, 31.80863447300004], [120.5674653960001, 31.806984715000056], [120.56544223200001, 31.804749956000023], [120.5644900960001, 31.80363148200007], [120.56365379400006, 31.80251419600006], [120.56331818500007, 31.80195588600003], [120.56308388900004, 31.80137878900007], [120.5630382490001, 31.800721665000026], [120.56321242500007, 31.80001905000006], [120.56356447000007, 31.799289629000043], [120.56403788400007, 31.79856266300004], [120.56457754900009, 31.79786739800005], [120.56513036800004, 31.79723307900008], [120.5664384700001, 31.795891226000037], [120.56243973800008, 31.794230769000023], [120.55967685600001, 31.793162446000053], [120.55831890700006, 31.79268824500008], [120.55706895700007, 31.792305611000074], [120.55599676200006, 31.792054175000033], [120.5550898680001, 31.791944140000055], [120.5542504010001, 31.791963171000077], [120.5534970120001, 31.792150781000032], [120.55292142100006, 31.79247391100006], [120.55240988500009, 31.792886861000056], [120.55143031700004, 31.793775810000056], [120.5509121450001, 31.794147347000035], [120.55034139700001, 31.794399233000036], [120.54962663600008, 31.794491693000055], [120.54883814300001, 31.79442053500003], [120.54799485500007, 31.794228647000068], [120.54711127000007, 31.79394938400003], [120.54526438300002, 31.793227613000056], [120.5423893520001, 31.792001722000066], [120.54141786600007, 31.791614244000073], [120.54044320900005, 31.79126382800007], [120.53946655900006, 31.790970668000057], [120.53848873600009, 31.79076008000004], [120.53751030600006, 31.790664400000026], [120.5365200660001, 31.790711603000034], [120.53553011300005, 31.790880144000027], [120.53454092400011, 31.791139980000025], [120.53355303600006, 31.79146824000003], [120.5325671270001, 31.791847935000078], [120.53158412100004, 31.79226692700007], [120.52963258200009, 31.793194111000048], [120.52770558500004, 31.794235208000032], [120.52664824900012, 31.794894991000035], [120.52548585800002, 31.79569640300008], [120.52429154000004, 31.796579588000043], [120.52198542700012, 31.798398502000055], [120.51880364100009, 31.801041316000067], [120.51870553300012, 31.801237383000057], [120.51855445700005, 31.80174605800005], [120.51838503600004, 31.802512989000036], [120.51823749400012, 31.803481755000064], [120.51815411700011, 31.804595197000026], [120.51817945200003, 31.805795399000033], [120.51836054900002, 31.80702366400004], [120.51876301400011, 31.808301629000027], [120.51933324600009, 31.809484377000047], [120.52001740500009, 31.81057171100008], [120.52074998500007, 31.811537013000077], [120.52216476000001, 31.813240449000034], [120.52280125700008, 31.81413222300006], [120.52334971200003, 31.815075497000066], [120.5238087780001, 31.81614178800004], [120.52416538800003, 31.817263798000056], [120.52444733400012, 31.818426077000026], [120.52467426300007, 31.81961599300007], [120.52501133600003, 31.822040180000045], [120.52522477800005, 31.824470288000043], [120.52528105100009, 31.825667362000047], [120.52529267800003, 31.826839198000073], [120.52524491000008, 31.827972681000062], [120.52511655300009, 31.82905080000006], [120.52487847200007, 31.830051281000067], [120.52446191000001, 31.830995691000055], [120.52386080200006, 31.831760358000054], [120.52308263300006, 31.83237559500003], [120.52213362700002, 31.832846432000053], [120.52110174100005, 31.833185232000062], [120.5200034070001, 31.83344580800008], [120.51661848700007, 31.834092230000067], [120.51556004700001, 31.834369802000026], [120.51459501800002, 31.83474041900007], [120.51377036600002, 31.83525335300004], [120.51318484800004, 31.835868815000026], [120.5127221680001, 31.83660960700007], [120.51235071500003, 31.83744315000007], [120.51163558400003, 31.83945185600004], [120.51119668800004, 31.840597055000046], [120.51079726700004, 31.84150932600005], [120.51033885400011, 31.842391921000058], [120.50981049100005, 31.84321606900005], [120.50893972300003, 31.844255598000075], [120.50804689300003, 31.845096261000037], [120.50721548100012, 31.84575635500005], [120.50654240500012, 31.846225205000053], [120.50611705800009, 31.84648678900004], [120.50600133900002, 31.846528352000064], [120.49927505500011, 31.843392831000074], [120.49908526400009, 31.843263826000054], [120.49873743100011, 31.843349079000063], [120.49823542800004, 31.843758958000024], [120.4976602380001, 31.84449410600007], [120.49704289700003, 31.84550674500008], [120.49640839100005, 31.846735057000046], [120.4957790420001, 31.848111001000063], [120.49517613100011, 31.849564113000042], [120.49462064600004, 31.85102326200007], [120.49413357200001, 31.852417355000057], [120.49027771600004, 31.86493450200004], [120.48907068200003, 31.86861405700006], [120.48863544200003, 31.86980059700005], [120.48816999600001, 31.87095042800007], [120.48766133600009, 31.87204773700006], [120.487091856, 31.873071117000052], [120.48643798500007, 31.873991904000036], [120.48566852900001, 31.874772162000056], [120.48481835900009, 31.875347850000026], [120.48386485500009, 31.875798315000054], [120.48283514800005, 31.876156983000044], [120.48175085700007, 31.876450626000064], [120.48062940000011, 31.876700964000065], [120.47717701400006, 31.877362919000063], [120.47603588000004, 31.877603942000064], [120.47491940000009, 31.877880679000043], [120.47180533100004, 31.878787541000065], [120.4704352980001, 31.87909062500006], [120.46931719000008, 31.879430626000044], [120.46820863800008, 31.879913299000066], [120.4671823750001, 31.880558523000047], [120.46630685000002, 31.881380725000042], [120.46556855100005, 31.882476729000075], [120.46506284200007, 31.883619762000023], [120.46472816500011, 31.884721368000044], [120.46453377000012, 31.885663812000075], [120.4644509520001, 31.886332236000044], [120.46445463700002, 31.886617536000074], [120.46492579500011, 31.887665704000028], [120.4668537020001, 31.892303070000025], [120.46859150000012, 31.896382490000065], [120.4703971240001, 31.90041728700004], [120.47124909600007, 31.902190527000073], [120.47203612400006, 31.90369699400003], [120.47283915800006, 31.905086701000073], [120.47369720400002, 31.90639600600008], [120.47462866900003, 31.907597563000024], [120.47565736700005, 31.908655890000034], [120.47681373000012, 31.90952550700007], [120.47817331200008, 31.910194610000076], [120.47965595200003, 31.91068075700008], [120.48121610300007, 31.911050448000026], [120.48441965800009, 31.911653427000033], [120.48599463800008, 31.911980936000077], [120.48750382600008, 31.91238909300006], [120.48890471000004, 31.912931967000077], [120.4901454510001, 31.913673913000025], [120.49114305600006, 31.91461898500006], [120.49197895200007, 31.91575360300004], [120.49268477100009, 31.917025866000074], [120.49328057700006, 31.918394455000055], [120.49377578500003, 31.91982597100008], [120.49416950800003, 31.921292539000035], [120.49445029700007, 31.92276965600007], [120.4945952280001, 31.924234211000055], [120.49456831200007, 31.925662591000048], [120.49431825400006, 31.927028843000073], [120.49380419400006, 31.928316407000068], [120.49309118000008, 31.929537115000073], [120.49226291700006, 31.930713470000057], [120.49057457900005, 31.93301432100003], [120.48987993900005, 31.934179266000058], [120.48941481300005, 31.935383853000076], [120.48927220400003, 31.936704758000076], [120.48952136700007, 31.93827155500003], [120.49010681100003, 31.940060935000076], [120.49093844300012, 31.941980751000074], [120.49192629900006, 31.943938865000064], [120.4929830430001, 31.945843624000076], [120.49402457300005, 31.947603971000035], [120.49639860400009, 31.951386386000024], [120.49780571800011, 31.951694185000065], [120.50629868400006, 31.942554851000068], [120.50883735800005, 31.93989982900007], [120.51052548300004, 31.938264507000042], [120.51136808900003, 31.937527257000056], [120.51220977900005, 31.93687338700005], [120.51305074800007, 31.93633483800005], [120.51389140000003, 31.935953823000034], [120.51473246600005, 31.935785400000043], [120.51553836000005, 31.935858573000075], [120.51635340200005, 31.93609065700008], [120.51804751400005, 31.936688683000057], [120.51894978000007, 31.936893772000076], [120.5199243190001, 31.93694690600006], [120.52094293100004, 31.936862253000072], [120.52199377300008, 31.93667421300006], [120.52306787400005, 31.936409471000047], [120.52526073000001, 31.93572664900006], [120.52860518900002, 31.934498027000075], [120.53197104500009, 31.933173972000077], [120.54766588400003, 31.926888203000033]]]}}, {"type": "Feature", "properties": {"township_name": "南丰镇", "district_code": "zhangjiagang", "district_name": "张家港市", "areacode": "32058205", "class": "乡镇界"}, "geometry": {"type": "Polygon", "coordinates": [[[120.7575883080001, 31.850926026000025], [120.7583045880001, 31.850003223000044], [120.76546584400012, 31.840350139000066], [120.76910317300008, 31.835510787000032], [120.7712277390001, 31.832794447000026], [120.77229926500002, 31.831488388000025], [120.77337925300003, 31.830238591000068], [120.77446993900003, 31.82906865700005], [120.77557403500009, 31.828010309000035], [120.77669477800009, 31.827105697000036], [120.77783593000004, 31.826410189000057], [120.77900172900002, 31.825995657000078], [120.78011309800002, 31.82591442900008], [120.78121462700005, 31.82607953200005], [120.78226960300003, 31.826428599000053], [120.78323791500009, 31.826914093000028], [120.78407376900009, 31.827500205000035], [120.78472329700003, 31.82816027900003], [120.78512208900008, 31.82887471500004], [120.78523248800002, 31.829612363000024], [120.78516582700001, 31.830366051000055], [120.78505145100007, 31.831115428000032], [120.78501597700006, 31.831840928000076], [120.78518996000003, 31.832522487000062], [120.78575959900002, 31.833221078000065], [120.78666633900002, 31.833855285000027], [120.78782384300007, 31.834440529000062], [120.78916565800012, 31.834988838000072], [120.79064128700008, 31.83550949200003], [120.79221273700011, 31.836009620000027], [120.7955366540001, 31.83696913800003], [120.80417827600002, 31.839303080000036], [120.8075139120001, 31.840303581000057], [120.80908701900012, 31.840851195000027], [120.81055499800004, 31.841451791000054], [120.81187107000005, 31.84212935900007], [120.81297086500001, 31.842916952000053], [120.81376660100011, 31.843859653000038], [120.81418490100009, 31.845005714000024], [120.81428415700009, 31.846314739000036], [120.81415012200011, 31.84774285700007], [120.8138503990001, 31.849255507000066], [120.81301602600001, 31.852655797000068], [120.81264200400005, 31.85457868900005], [120.81239310900003, 31.85650559900006], [120.81233649100011, 31.858321767000064], [120.81252871900006, 31.85991782700006], [120.81300240600001, 31.861196603000053], [120.81359253400001, 31.86197821500008], [120.81424804500011, 31.862499756000034], [120.81485021100002, 31.86277408400008], [120.81529881000006, 31.862804761000064], [120.81538324100006, 31.862770676000025], [120.81731911600002, 31.85543337000007], [120.81848396400005, 31.85121766800006], [120.81917826500012, 31.848991564000073], [120.81955578800012, 31.847915688000057], [120.81996437700002, 31.846875440000076], [120.82041522800012, 31.845883247000074], [120.82092299100009, 31.84495521100007], [120.82150658600005, 31.844111901000076], [120.82326347900005, 31.842163967000033], [120.82398040400005, 31.84132134500004], [120.82541713900002, 31.83953067300007], [120.82754596200004, 31.836698460000036], [120.82890086000009, 31.83476908800003], [120.82953479800005, 31.83380147400004], [120.83012030100008, 31.832835430000046], [120.83063527700006, 31.831873789000042], [120.83104908000007, 31.830919872000038], [120.83131967200006, 31.829977814000074], [120.83139007700004, 31.829052920000038], [120.83120777400006, 31.828136804000053], [120.83081445500011, 31.827239141000064], [120.83026630400002, 31.826355084000056], [120.82960594000008, 31.82548094200007], [120.8288652760001, 31.824613941000052], [120.8280678970001, 31.823752021000075], [120.826284955, 31.82196007400006], [120.82401902600009, 31.81979201300004], [120.81889581500002, 31.814981268000054], [120.81828377400007, 31.814365303000045], [120.8181288830001, 31.814378998000052], [120.81778388900011, 31.814483420000045], [120.81568260800009, 31.81526455100004], [120.81253046600011, 31.816563604000066], [120.81076055500012, 31.81734016400003], [120.80896903600001, 31.818166356000063], [120.80644090900012, 31.819428574000028], [120.80470455300008, 31.820384145000048], [120.80223101800004, 31.821875308000074], [120.80118712500007, 31.82239893900004], [120.80012235900006, 31.822753068000054], [120.79961754900012, 31.82283921900006], [120.79853100500009, 31.822841355000037], [120.79741355300007, 31.822640181000054], [120.79627955300009, 31.822277127000064], [120.79506122100008, 31.821747514000037], [120.79383988100005, 31.82111543700006], [120.78893088000007, 31.818276102000027], [120.78769594700009, 31.817643373000067], [120.78645590600001, 31.817108790000077], [120.78520896200007, 31.816715953000028], [120.78395273900003, 31.816518589000054], [120.78260886600003, 31.816568716000063], [120.78125474300009, 31.816838860000075], [120.77989315200011, 31.81727108900003], [120.77852619500004, 31.81782125700005], [120.77715544400007, 31.818456105000053], [120.7757820600001, 31.819150843000045], [120.77440689000002, 31.819887194000046], [120.77027594100002, 31.822230320000074], [120.75866823400008, 31.829014493000045], [120.74823876300002, 31.83504414600003], [120.74366985400002, 31.837887785000078], [120.74306033000005, 31.83819294500006], [120.7426702360001, 31.83829699900008], [120.74248428400006, 31.838293410000063], [120.74230313600003, 31.83823847700006], [120.7421289240001, 31.838141138000026], [120.7417942300001, 31.837862495000024], [120.7413101200001, 31.837334885000075], [120.74018812100007, 31.835963734000075], [120.73957116400004, 31.835273248000078], [120.73899450300007, 31.834724006000044], [120.73875668900007, 31.834580333000076], [120.73870923100003, 31.834601574000033], [120.73855130200002, 31.834798827000043], [120.73804794600005, 31.83515705600007], [120.73704634900002, 31.835714774000053], [120.73572421400002, 31.836310164000054], [120.73487413300006, 31.836653546000036], [120.73368554600006, 31.83707653600004], [120.73238329700007, 31.837478069000042], [120.73056282300001, 31.837960743000053], [120.72847159800006, 31.838419285000043], [120.72639709400005, 31.83878244500005], [120.7244470710001, 31.839041406000035], [120.72271907700008, 31.839191287000062], [120.72108688700007, 31.839286129000072], [120.71488549700007, 31.839489843000024], [120.71370730600006, 31.83958931500007], [120.71249584800012, 31.839806552000027], [120.71047120600008, 31.84030086100006], [120.70784351700001, 31.84081116400006], [120.70686633700006, 31.841064783000036], [120.70586805300002, 31.84138859600006], [120.70404501200005, 31.842079268000077], [120.70260788600001, 31.842658490000076], [120.7004818580001, 31.843598695000026], [120.69938829900002, 31.844181254000034], [120.69832094900005, 31.844846621000045], [120.69741727000007, 31.845484217000035], [120.69619475100001, 31.846484755000063], [120.69349696400002, 31.84877350900007], [120.69266098300011, 31.84953181900005], [120.69191363400012, 31.850277008000035], [120.69039555600011, 31.851960530000042], [120.68941033100009, 31.85314378100003], [120.68923923700004, 31.853321875000063], [120.68868898500011, 31.853772037000056], [120.68731738100007, 31.854609938000067], [120.6865073140001, 31.85522688100008], [120.68596831400009, 31.85559745300003], [120.68537535900009, 31.85595487100005], [120.68409161300008, 31.856629069000064], [120.68256617700001, 31.857483110000032], [120.68066913500002, 31.858664144000045], [120.67983548600012, 31.859212244000048], [120.67580322600008, 31.86200304600004], [120.67198445300005, 31.864560118000043], [120.66962279000006, 31.866178878000028], [120.66722372200002, 31.86774641100004], [120.6647440700001, 31.869217135000042], [120.65916358800007, 31.87222634500006], [120.65707452100003, 31.873403919000054], [120.65511058300001, 31.874571635000052], [120.65296082600003, 31.87594281500003], [120.64620743900002, 31.880722243000037], [120.6446655520001, 31.88182656500004], [120.64355441200007, 31.88266931900006], [120.64292851000005, 31.88320009000006], [120.64240082200001, 31.883701897000037], [120.64181406900002, 31.884370829000034], [120.64150034700003, 31.884893715000032], [120.64146283000002, 31.885011934000033], [120.641482343, 31.885245957000052], [120.64157612800011, 31.885310933000028], [120.64153000400006, 31.88554418800004], [120.64132173500002, 31.88586187900006], [120.64075497900001, 31.886390710000057], [120.64032964900002, 31.886688425000045], [120.63994036800011, 31.886900852000053], [120.63955502100009, 31.887061489000075], [120.63918038100007, 31.88713382900005], [120.63886047500012, 31.887088023000047], [120.638592603, 31.88696612600006], [120.63842317100011, 31.886798207000027], [120.63839702900009, 31.886701661000075], [120.63842402600005, 31.886591622000026], [120.63860108000006, 31.886356635000027], [120.63937859600003, 31.88565492500004], [120.63944888300011, 31.885558444000026], [120.63947006100011, 31.88547605000008], [120.63942763300008, 31.885408983000048], [120.63919321100002, 31.885316911000075], [120.63863269300009, 31.885237387000075], [120.63561713000001, 31.88505589600004], [120.6355415590001, 31.885268305000068], [120.63550989700002, 31.885489153000037], [120.63548239400006, 31.886848585000052], [120.63540392000004, 31.88723488200003], [120.63526583500004, 31.887599066000064], [120.63508012300008, 31.887916510000025], [120.63486159100012, 31.88816225900007], [120.63416766000012, 31.888583708000056], [120.63399813100011, 31.88874770700005], [120.63387147100002, 31.88893684800007], [120.63379586500002, 31.889136274000066], [120.63374056300006, 31.88979074300005], [120.63357645000008, 31.890099805000034], [120.63344409600006, 31.890238140000065], [120.63270099300007, 31.89076250100004], [120.63245444500001, 31.891031130000044], [120.6322266090001, 31.89135840700004], [120.63201508800012, 31.89172796500003], [120.63181901700011, 31.892126758000074], [120.63147860600009, 31.89297115200003], [120.63123867700006, 31.89382093300003], [120.63117967700009, 31.89422657700004], [120.63118230500004, 31.894605898000066], [120.63126983500001, 31.894945902000075], [120.63145525200002, 31.895228243000076], [120.63172324700008, 31.89547061600007], [120.63205281000012, 31.89568293600007], [120.63283581300004, 31.896046366000064], [120.63371651000011, 31.89636063100005], [120.63473993500008, 31.89667608900004], [120.63895263300003, 31.89787506400006], [120.63903535300005, 31.897781812000062], [120.6392845260001, 31.89768450300005], [120.63962802100002, 31.897644327000023], [120.63999007200005, 31.897668630000055], [120.64080301500007, 31.897853515000065], [120.6414747660001, 31.898108345000026], [120.64195436400007, 31.898330972000053], [120.64256665200003, 31.898686690000034], [120.64315129500005, 31.89910178200006], [120.64368431300011, 31.89954222700004], [120.64463963000003, 31.90042174200005], [120.64563296200004, 31.901282215000037], [120.64671607100001, 31.902092690000075], [120.64839220800002, 31.903187243000048], [120.64949705200002, 31.903836265000052], [120.6504488280001, 31.904349788000047], [120.65149942200003, 31.905017894000025], [120.65307570200002, 31.906225445000075], [120.65465336800003, 31.907541000000037], [120.66518498000005, 31.91661199600003], [120.66547138200008, 31.916560727000046], [120.66925634500001, 31.916159207000078], [120.6711316950001, 31.915903746000026], [120.6731359470001, 31.915571971000077], [120.67516081000008, 31.91515349000008], [120.67709589100002, 31.914636003000055], [120.67882892700004, 31.914005381000038], [120.68024711600003, 31.91324675000004], [120.6812436030001, 31.91234595900005], [120.68192680100003, 31.911251393000043], [120.68244357100002, 31.909999860000028], [120.68369291300007, 31.905852783000057], [120.68420787000002, 31.90448358200007], [120.68487132300004, 31.90318605500005], [120.68577512200011, 31.901933618000044], [120.6868545000001, 31.90077343200005], [120.68806142900007, 31.89968079500005], [120.68935991400008, 31.89863701300004], [120.69072328900006, 31.897628096000062], [120.69357190100004, 31.895676139000045], [120.69650747600008, 31.893770992000043], [120.71889787000009, 31.87957592400005], [120.7218874780001, 31.87775262100007], [120.72337991300003, 31.87688745500003], [120.7248684220001, 31.87607364300004], [120.72635009500004, 31.875333604000048], [120.72782069000004, 31.874697603000072], [120.72927416400012, 31.874206025000035], [120.73070206700004, 31.87391211000005], [120.7320927720001, 31.873885164000058], [120.73332933200004, 31.874143702000026], [120.7345218480001, 31.874616158000038], [120.73566703000006, 31.875227249000034], [120.73675702800006, 31.875909598000078], [120.73871258500003, 31.877232909000043], [120.73953160300005, 31.87774048700004], [120.74019933500006, 31.878043423000065], [120.74066800800006, 31.87804813400004], [120.74091105900004, 31.877632469000048], [120.74093824400006, 31.876855163000073], [120.74082639300002, 31.875814752000053], [120.74045052200006, 31.873241663000044], [120.74031346400011, 31.871823262000078], [120.74030232400003, 31.870378833000075], [120.74050066200004, 31.868949801000042], [120.74096621400008, 31.867596019000075], [120.74166149400003, 31.86628698800007], [120.74253127100008, 31.86501417000005], [120.74353246300007, 31.86377035000004], [120.74465926100004, 31.86252500300003], [120.74603988000001, 31.861138634000042], [120.74762301400006, 31.85964078300003], [120.75105790600003, 31.856552673000067], [120.7575883080001, 31.850926026000025]]]}}, {"type": "Feature", "properties": {"township_name": "乐余镇", "district_code": "zhangjiagang", "district_name": "张家港市", "areacode": "32058206", "class": "乡镇界"}, "geometry": {"type": "Polygon", "coordinates": [[[120.80960690800009, 31.877081415000077], [120.80942874300001, 31.876996570000074], [120.80902543100001, 31.877088436000065], [120.80816854500006, 31.877535390000048], [120.80703844700008, 31.878329590000078], [120.80570328100009, 31.879404802000067], [120.80422635700006, 31.88067999200007], [120.80109078700002, 31.883474997000064], [120.79775690800011, 31.886352120000026], [120.79658387500001, 31.887528538000026], [120.79548602800003, 31.88878778000003], [120.79441968700007, 31.890124135000065], [120.79234513400002, 31.892946023000036], [120.79030894800007, 31.895880961000046], [120.78520344000003, 31.903365286000053], [120.78311617300005, 31.906268972000078], [120.78099762300008, 31.90903124700003], [120.77992095500008, 31.910351191000075], [120.77883358500003, 31.91160723200005], [120.77773499600005, 31.912772460000042], [120.77662374600004, 31.91380961300007], [120.77549743600002, 31.91466817400004], [120.77435265400004, 31.915280797000037], [120.77318490300001, 31.91555908500004], [120.77204181800005, 31.915444516000036], [120.77088306000007, 31.915019957000027], [120.76971889700008, 31.914364834000025], [120.76856003600005, 31.913540270000055], [120.7674184980001, 31.91259270000006], [120.7663086010001, 31.911556939000036], [120.76524810700005, 31.91045873300004], [120.76425956900005, 31.909316820000072], [120.76337190400011, 31.90814459300003], [120.76262223000003, 31.906951432000028], [120.76205796900001, 31.90574377300004], [120.76173919100006, 31.904525980000074], [120.76171256200007, 31.90322003600005], [120.76190839200001, 31.901925022000057], [120.76245820800011, 31.89944961200007], [120.76256516100011, 31.898318139000025], [120.76238359800004, 31.897299109000073], [120.76181045100009, 31.89641917700004], [120.76091646100008, 31.895650587000034], [120.75980062400004, 31.89495981600004], [120.75854610600004, 31.894319412000073], [120.75590793000003, 31.893098913000074], [120.75466124700006, 31.892477616000065], [120.75356079700009, 31.891820867000035], [120.75269350100007, 31.891104581000036], [120.75216413600003, 31.89030017600004], [120.75204526800007, 31.889459335000026], [120.7521992930001, 31.888542469000072], [120.75251730900004, 31.88757378200006], [120.7532551270001, 31.88556210200005], [120.75348568700008, 31.884555300000045], [120.75349064600005, 31.883571265000057], [120.75316770800009, 31.882564452000054], [120.75258801500001, 31.881593217000045], [120.75186512500011, 31.880648335000046], [120.75110593900001, 31.87972220000006], [120.7504180730001, 31.878808416000027], [120.74991777200012, 31.877901389000044], [120.74973844500005, 31.87699592100006], [120.74999886700004, 31.87606560100005], [120.75063405600008, 31.875131147000047], [120.75154153000005, 31.874191689000043], [120.75263965300007, 31.873245541000074], [120.75645866400009, 31.870329540000057], [120.75772870700007, 31.869307954000078], [120.75890341900003, 31.868240627000034], [120.75991051100004, 31.867106411000066], [120.76063763200011, 31.865782202000048], [120.76094066300004, 31.864221839000038], [120.76092046000008, 31.86242210300003], [120.76065020600004, 31.86048009900003], [120.76020298000003, 31.858492641000055], [120.75964927500002, 31.856555470000046], [120.75905633600007, 31.854763154000068], [120.75848889800011, 31.853209504000063], [120.7575883080001, 31.850926026000025], [120.75105790600003, 31.856552673000067], [120.74762301400006, 31.85964078300003], [120.74603988000001, 31.861138634000042], [120.74465926100004, 31.86252500300003], [120.74353246300007, 31.86377035000004], [120.74253127100008, 31.86501417000005], [120.74166149400003, 31.86628698800007], [120.74096621400008, 31.867596019000075], [120.74050066200004, 31.868949801000042], [120.74030232400003, 31.870378833000075], [120.74031346400011, 31.871823262000078], [120.74045052200006, 31.873241663000044], [120.74082639300002, 31.875814752000053], [120.74093824400006, 31.876855163000073], [120.74091105900004, 31.877632469000048], [120.74066800800006, 31.87804813400004], [120.74019933500006, 31.878043423000065], [120.73953160300005, 31.87774048700004], [120.73871258500003, 31.877232909000043], [120.73675702800006, 31.875909598000078], [120.73566703000006, 31.875227249000034], [120.7345218480001, 31.874616158000038], [120.73332933200004, 31.874143702000026], [120.7320927720001, 31.873885164000058], [120.73070206700004, 31.87391211000005], [120.72927416400012, 31.874206025000035], [120.72782069000004, 31.874697603000072], [120.72635009500004, 31.875333604000048], [120.7248684220001, 31.87607364300004], [120.72337991300003, 31.87688745500003], [120.7218874780001, 31.87775262100007], [120.71889787000009, 31.87957592400005], [120.69650747600008, 31.893770992000043], [120.69357190100004, 31.895676139000045], [120.69072328900006, 31.897628096000062], [120.68935991400008, 31.89863701300004], [120.68806142900007, 31.89968079500005], [120.6868545000001, 31.90077343200005], [120.68577512200011, 31.901933618000044], [120.68487132300004, 31.90318605500005], [120.68420787000002, 31.90448358200007], [120.68369291300007, 31.905852783000057], [120.68244357100002, 31.909999860000028], [120.68192680100003, 31.911251393000043], [120.6812436030001, 31.91234595900005], [120.68024711600003, 31.91324675000004], [120.67882892700004, 31.914005381000038], [120.67709589100002, 31.914636003000055], [120.67516081000008, 31.91515349000008], [120.6731359470001, 31.915571971000077], [120.6711316950001, 31.915903746000026], [120.66925634500001, 31.916159207000078], [120.66547138200008, 31.916560727000046], [120.66518498000005, 31.91661199600003], [120.66559240700008, 31.91684370100006], [120.66583010000011, 31.917379726000036], [120.66584793000004, 31.917671917000064], [120.66571149600009, 31.918313785000066], [120.66536506700004, 31.919052427000054], [120.66484990200001, 31.919859385000052], [120.66422235200002, 31.920706215000052], [120.66265675200009, 31.922681572000045], [120.66208279500006, 31.923316949000025], [120.66120280000007, 31.924223750000067], [120.66047900000001, 31.925113559000067], [120.65997651900011, 31.92610615500007], [120.65988458000004, 31.926423899000042], [120.6597676780001, 31.927630776000058], [120.65989946500008, 31.92897672500004], [120.6602157210001, 31.93041578100008], [120.66067247000001, 31.931911806000073], [120.66124206500001, 31.933435074000045], [120.66191023400006, 31.934959271000025], [120.66267406800011, 31.93645881200007], [120.66352883500008, 31.93790262300007], [120.66445981200002, 31.939287276000073], [120.66544987300006, 31.940599074000033], [120.66648894200011, 31.94181674500004], [120.6675729750001, 31.942909532000044], [120.66870334300006, 31.943834799000058], [120.66988660400011, 31.944535116000054], [120.67113459100005, 31.94493479500005], [120.67239514000005, 31.94497930800003], [120.67371094400005, 31.944753019000075], [120.67506680000008, 31.944328789000053], [120.67645087200003, 31.94376446900003], [120.67785383900002, 31.943106673000045], [120.68210549800006, 31.940938679000055], [120.683516542, 31.940260325000054], [120.68475632800005, 31.939724183000067], [120.6859791390001, 31.939278784000066], [120.68717766600003, 31.938957594000044], [120.68834301000004, 31.938801228000045], [120.6894642210001, 31.938859303000072], [120.69076989000007, 31.939273678000063], [120.69200306800008, 31.93999384400007], [120.69317187200011, 31.940933321000045], [120.69427785200003, 31.942024838000066], [120.69531588600012, 31.943215646000056], [120.69627374700008, 31.94446339500007], [120.69713131800006, 31.94573252600003], [120.69785949000004, 31.94699107400004], [120.69841880000001, 31.948207787000058], [120.6989608350001, 31.949858300000074], [120.69924641900002, 31.950594290000026], [120.69955554100011, 31.951158366000072], [120.69995903000006, 31.95177343000006], [120.70135459800008, 31.953744177000033], [120.70276812100008, 31.955620870000075], [120.70455402300001, 31.957662669000058], [120.70526349900001, 31.95834768700007], [120.70596833200011, 31.958889612000064], [120.70661751300008, 31.959225915000047], [120.70702119400005, 31.95931309200006], [120.70740506700008, 31.959303971000054], [120.70774764200007, 31.95923866100003], [120.70852609200006, 31.959048110000026], [120.7090655510001, 31.95888374100008], [120.70995121500005, 31.958463821000066], [120.71242011100003, 31.956977519000077], [120.71317279900006, 31.956561326000042], [120.71362514100008, 31.956341820000034], [120.714053293, 31.956175037000037], [120.71448823500009, 31.95603830600004], [120.71491655600005, 31.955940920000046], [120.715378525, 31.955899138000063], [120.71610430700002, 31.955967453000028], [120.71687611800007, 31.956154944000048], [120.71786206600007, 31.956501394000043], [120.7189041690001, 31.956995403000064], [120.71996716900003, 31.957655725000052], [120.72103921200005, 31.958450339000024], [120.72212009200007, 31.959337877000053], [120.72553088000006, 31.96230191500007], [120.72882147400003, 31.96504360600005], [120.73040504700009, 31.96641498400004], [120.73345391500004, 31.96913432100007], [120.73761051600002, 31.972937270000045], [120.73852216700004, 31.973890419000043], [120.74016318700001, 31.97518085400003], [120.74085933300012, 31.975798034000036], [120.74163293400011, 31.97653260100003], [120.74252262900006, 31.977484288000028], [120.74799593700004, 31.974190245000045], [120.75184429700005, 31.971774965000066], [120.75376232500003, 31.97051133000008], [120.75555428500002, 31.96926918500003], [120.7571278800001, 31.968092797000054], [120.7584313640001, 31.967011695000053], [120.75965557200004, 31.965917959000024], [120.76082292500007, 31.96481157000005], [120.76192689900006, 31.963705789000073], [120.76295521100008, 31.96261325300003], [120.7638893830001, 31.961547043000053], [120.76470406700003, 31.960521726000025], [120.76570598600006, 31.95915022500003], [120.76621858100009, 31.958573129000058], [120.76675680700009, 31.958115716000066], [120.7681165680001, 31.95714584500007], [120.76874304900002, 31.956647230000044], [120.76952265700004, 31.955856796000035], [120.76999163400001, 31.95523446800007], [120.77056503100005, 31.954108562000044], [120.77100173200006, 31.95279721000003], [120.7713419590001, 31.95134987800003], [120.771617676, 31.949804504000042], [120.77254195900002, 31.943128111000078], [120.77280933300005, 31.94147896000004], [120.77341453500003, 31.938179966000064], [120.77466951100007, 31.931680216000075], [120.77518583900007, 31.928564332000064], [120.77538121700002, 31.92707237500008], [120.77551758000004, 31.925644901000055], [120.77560787800007, 31.92425829000007], [120.77576813000007, 31.922944373000064], [120.7760133700001, 31.92200059000004], [120.77637233500002, 31.921102980000057], [120.77683672400008, 31.92026554200004], [120.77767567700005, 31.91913512600007], [120.78238143600004, 31.913346225000055], [120.78438450500005, 31.910766442000067], [120.78536799900007, 31.909436258000028], [120.78632625700004, 31.908078080000053], [120.7872803250001, 31.906647706000058], [120.79094409000004, 31.900804227000037], [120.79187957500005, 31.89936158900008], [120.79285042700008, 31.89794856700007], [120.79387566900004, 31.896580345000075], [120.79500511600008, 31.89523075900007], [120.7961954970001, 31.893931132000034], [120.79742850600007, 31.892666748000067], [120.800019614, 31.890115794000053], [120.80149436600004, 31.888593786000058], [120.80302824500006, 31.886913277000076], [120.80453265200003, 31.885135736000052], [120.80592282500004, 31.88332556900008], [120.80700271300009, 31.881756489000054], [120.80791837600009, 31.88029590000008], [120.80865432200005, 31.87902177500007], [120.80919375100007, 31.878011102000073], [120.80951852900012, 31.87733988100007], [120.80960690800009, 31.877081415000077]]]}}, {"type": "Feature", "properties": {"township_name": "现代农业示范园区", "district_code": "zhangjiagang", "district_name": "张家港市", "areacode": "32058207", "class": "乡镇界"}, "geometry": {"type": "Polygon", "coordinates": [[[120.80960690800009, 31.877081415000077], [120.8140866230001, 31.865113456000074], [120.81453682100005, 31.864159097000027], [120.81471373200009, 31.86385184900007], [120.81526062700004, 31.86305407100008], [120.81538324100006, 31.862770676000025], [120.81529881000006, 31.862804761000064], [120.81485021100002, 31.86277408400008], [120.81424804500011, 31.862499756000034], [120.81359253400001, 31.86197821500008], [120.81300240600001, 31.861196603000053], [120.81252871900006, 31.85991782700006], [120.81233649100011, 31.858321767000064], [120.81239310900003, 31.85650559900006], [120.81264200400005, 31.85457868900005], [120.81301602600001, 31.852655797000068], [120.8138503990001, 31.849255507000066], [120.81415012200011, 31.84774285700007], [120.81428415700009, 31.846314739000036], [120.81418490100009, 31.845005714000024], [120.81376660100011, 31.843859653000038], [120.81297086500001, 31.842916952000053], [120.81187107000005, 31.84212935900007], [120.81055499800004, 31.841451791000054], [120.80908701900012, 31.840851195000027], [120.8075139120001, 31.840303581000057], [120.80417827600002, 31.839303080000036], [120.7955366540001, 31.83696913800003], [120.79221273700011, 31.836009620000027], [120.79064128700008, 31.83550949200003], [120.78916565800012, 31.834988838000072], [120.78782384300007, 31.834440529000062], [120.78666633900002, 31.833855285000027], [120.78575959900002, 31.833221078000065], [120.78518996000003, 31.832522487000062], [120.78501597700006, 31.831840928000076], [120.78505145100007, 31.831115428000032], [120.78516582700001, 31.830366051000055], [120.78523248800002, 31.829612363000024], [120.78512208900008, 31.82887471500004], [120.78472329700003, 31.82816027900003], [120.78407376900009, 31.827500205000035], [120.78323791500009, 31.826914093000028], [120.78226960300003, 31.826428599000053], [120.78121462700005, 31.82607953200005], [120.78011309800002, 31.82591442900008], [120.77900172900002, 31.825995657000078], [120.77783593000004, 31.826410189000057], [120.77669477800009, 31.827105697000036], [120.77557403500009, 31.828010309000035], [120.77446993900003, 31.82906865700005], [120.77337925300003, 31.830238591000068], [120.77229926500002, 31.831488388000025], [120.7712277390001, 31.832794447000026], [120.76910317300008, 31.835510787000032], [120.76546584400012, 31.840350139000066], [120.7583045880001, 31.850003223000044], [120.7575883080001, 31.850926026000025], [120.75848889800011, 31.853209504000063], [120.75905633600007, 31.854763154000068], [120.75964927500002, 31.856555470000046], [120.76020298000003, 31.858492641000055], [120.76065020600004, 31.86048009900003], [120.76092046000008, 31.86242210300003], [120.76094066300004, 31.864221839000038], [120.76063763200011, 31.865782202000048], [120.75991051100004, 31.867106411000066], [120.75890341900003, 31.868240627000034], [120.75772870700007, 31.869307954000078], [120.75645866400009, 31.870329540000057], [120.75263965300007, 31.873245541000074], [120.75154153000005, 31.874191689000043], [120.75063405600008, 31.875131147000047], [120.74999886700004, 31.87606560100005], [120.74973844500005, 31.87699592100006], [120.74991777200012, 31.877901389000044], [120.7504180730001, 31.878808416000027], [120.75110593900001, 31.87972220000006], [120.75186512500011, 31.880648335000046], [120.75258801500001, 31.881593217000045], [120.75316770800009, 31.882564452000054], [120.75349064600005, 31.883571265000057], [120.75348568700008, 31.884555300000045], [120.7532551270001, 31.88556210200005], [120.75251730900004, 31.88757378200006], [120.7521992930001, 31.888542469000072], [120.75204526800007, 31.889459335000026], [120.75216413600003, 31.89030017600004], [120.75269350100007, 31.891104581000036], [120.75356079700009, 31.891820867000035], [120.75466124700006, 31.892477616000065], [120.75590793000003, 31.893098913000074], [120.75854610600004, 31.894319412000073], [120.75980062400004, 31.89495981600004], [120.76091646100008, 31.895650587000034], [120.76181045100009, 31.89641917700004], [120.76238359800004, 31.897299109000073], [120.76256516100011, 31.898318139000025], [120.76245820800011, 31.89944961200007], [120.76190839200001, 31.901925022000057], [120.76171256200007, 31.90322003600005], [120.76173919100006, 31.904525980000074], [120.76205796900001, 31.90574377300004], [120.76262223000003, 31.906951432000028], [120.76337190400011, 31.90814459300003], [120.76425956900005, 31.909316820000072], [120.76524810700005, 31.91045873300004], [120.7663086010001, 31.911556939000036], [120.7674184980001, 31.91259270000006], [120.76856003600005, 31.913540270000055], [120.76971889700008, 31.914364834000025], [120.77088306000007, 31.915019957000027], [120.77204181800005, 31.915444516000036], [120.77318490300001, 31.91555908500004], [120.77435265400004, 31.915280797000037], [120.77549743600002, 31.91466817400004], [120.77662374600004, 31.91380961300007], [120.77773499600005, 31.912772460000042], [120.77883358500003, 31.91160723200005], [120.77992095500008, 31.910351191000075], [120.78099762300008, 31.90903124700003], [120.78311617300005, 31.906268972000078], [120.78520344000003, 31.903365286000053], [120.79030894800007, 31.895880961000046], [120.79234513400002, 31.892946023000036], [120.79441968700007, 31.890124135000065], [120.79548602800003, 31.88878778000003], [120.79658387500001, 31.887528538000026], [120.79775690800011, 31.886352120000026], [120.80109078700002, 31.883474997000064], [120.80422635700006, 31.88067999200007], [120.80570328100009, 31.879404802000067], [120.80703844700008, 31.878329590000078], [120.80816854500006, 31.877535390000048], [120.80902543100001, 31.877088436000065], [120.80942874300001, 31.876996570000074], [120.80960690800009, 31.877081415000077]]]}}, {"type": "Feature", "properties": {"township_name": "塘桥镇", "district_code": "zhangjiagang", "district_name": "张家港市", "areacode": "32058208", "class": "乡镇界"}, "geometry": {"type": "Polygon", "coordinates": [[[120.73870923100003, 31.834601574000033], [120.73847333100002, 31.83442662400006], [120.73485936500003, 31.832508311000026], [120.73109135800007, 31.830440458000055], [120.72910445800005, 31.82928772200006], [120.72718621500007, 31.828107371000044], [120.72544245200004, 31.826936841000077], [120.72398096100005, 31.82581270700007], [120.722867113, 31.82474489100008], [120.72196936600005, 31.823611785000026], [120.72131989900004, 31.822370161000038], [120.72096188600005, 31.820983494000075], [120.72084380000001, 31.819491939000045], [120.72089610700004, 31.817925864000074], [120.72106806900001, 31.816307425000048], [120.72132305200012, 31.814652613000078], [120.72198459100002, 31.81127640300008], [120.72431172400002, 31.800994372000048], [120.72499679000009, 31.79760574000005], [120.72527679600012, 31.79593895900007], [120.72548997800004, 31.79430183000005], [120.72560902500004, 31.79270666900004], [120.72559725100007, 31.79117005200004], [120.72540586900004, 31.789714077000042], [120.7249707310001, 31.78836786100004], [120.72426296800006, 31.78718468200003], [120.72332722600004, 31.786105227000064], [120.72223009900006, 31.785100510000063], [120.72102660700011, 31.784147164000046], [120.71723411100004, 31.781413989000043], [120.71605608300001, 31.780492296000034], [120.71500563500001, 31.779537737000055], [120.71414942900003, 31.778530061000026], [120.71357207300002, 31.77744424000008], [120.71334428000011, 31.77626871800004], [120.71340348100011, 31.775011180000035], [120.71367279800006, 31.773692674000074], [120.71408834300007, 31.772330399000055], [120.7151169330001, 31.769447351000053], [120.71554740800002, 31.767781548000073], [120.71580503100006, 31.76602584300008], [120.7158125520001, 31.764265668000064], [120.71550554700002, 31.762583879000033], [120.71489796800006, 31.761097662000054], [120.71409544700009, 31.75979630300003], [120.71323021300009, 31.758718824000027], [120.71242863500004, 31.757905434000065], [120.71181132900006, 31.75739761400007], [120.71148407900012, 31.757240241000034], [120.71096007400001, 31.75720339700007], [120.70142435100001, 31.757611148000024], [120.69831723900006, 31.760232072000065], [120.69688275100009, 31.761516313000072], [120.69535448400006, 31.762958044000072], [120.69381757400004, 31.76451141800004], [120.69235881400004, 31.766131349000034], [120.6910664940001, 31.767773082000076], [120.69003551800006, 31.769355759000064], [120.68927336700006, 31.77083163900005], [120.68867711900009, 31.77225809400005], [120.68816824300006, 31.773695058000044], [120.68775026300011, 31.775127843000064], [120.68743449400006, 31.776542074000076], [120.68724008400011, 31.77792250300007], [120.68719440400002, 31.779251869000063], [120.687333695, 31.780509782000024], [120.68768429700003, 31.78170815200008], [120.68860331500002, 31.78390964500005], [120.68893202000004, 31.784952047000047], [120.6890080600001, 31.785974517000056], [120.68874074000007, 31.78696788600007], [120.68818007400012, 31.78794462600007], [120.68739178800001, 31.788895138000044], [120.68642420800006, 31.78980697800006], [120.68531102000009, 31.79066419700007], [120.6840734970001, 31.791446517000054], [120.68263108800011, 31.79218244200007], [120.68109637600003, 31.79283397200004], [120.67949736800006, 31.793424413000025], [120.67785454300008, 31.793971287000033], [120.67618266900001, 31.794487528000047], [120.67279054900007, 31.795462498000063], [120.6676593310001, 31.796845218000044], [120.66252264100001, 31.79813390100003], [120.65909390700006, 31.79887926400005], [120.65737431000002, 31.799186921000057], [120.65564821500004, 31.799428781000074], [120.6538835240001, 31.79959241000006], [120.65211160700005, 31.79968787400003], [120.65033447200005, 31.799733574000072], [120.64676999800008, 31.799727618000077], [120.6414093090001, 31.799592370000028], [120.62888887500003, 31.799146635000056], [120.62533711800006, 31.79907422000008], [120.6235779220001, 31.79907488500004], [120.62183791400003, 31.799117655000032], [120.62012643700007, 31.79922281900008], [120.61845667300008, 31.79941900600005], [120.61684701200011, 31.799746175000053], [120.6153228070001, 31.800259432000075], [120.61389956100004, 31.80101110800007], [120.6125672280001, 31.801960675000032], [120.61130243600007, 31.803058118000024], [120.60997874400005, 31.804402001000028], [120.6085410070001, 31.806024441000034], [120.60704704800003, 31.80782246800004], [120.60555536200002, 31.809694582000077], [120.60281718700003, 31.813264581000055], [120.60022552500004, 31.816716240000062], [120.59999965100008, 31.816953015000024], [120.58947455700002, 31.815087534000043], [120.59029444400005, 31.815995715000042], [120.60153628800003, 31.82794526300006], [120.60507470800007, 31.83183783800007], [120.60619973500002, 31.833143045000043], [120.60727875200007, 31.834458107000046], [120.60829255300007, 31.835787051000068], [120.60921527100004, 31.837135278000062], [120.61001247200011, 31.838509960000067], [120.61063884100008, 31.839920518000042], [120.61103546900006, 31.84137916700007], [120.61115718300005, 31.842899140000043], [120.61105998900007, 31.844465383000056], [120.61081349100004, 31.846063857000047], [120.61047378300009, 31.847683267000036], [120.60969880800008, 31.850947650000023], [120.60934766100002, 31.852575282000032], [120.60907918400005, 31.85418741500007], [120.60894464700004, 31.85577263600004], [120.60900598100011, 31.85731663300004], [120.60926583300011, 31.85863135900007], [120.6096962800001, 31.85989459900003], [120.610266378, 31.86109735200006], [120.61095416800003, 31.862226142000054], [120.61174563100008, 31.863262227000064], [120.61263384800009, 31.864180629000032], [120.6136183650001, 31.864949016000025], [120.61466184300002, 31.86553116600004], [120.61575580800002, 31.866000100000065], [120.61792194000009, 31.866843673000062], [120.61890429900006, 31.867340011000067], [120.6197524700001, 31.867973007000046], [120.62053082500006, 31.868965289000073], [120.62110622300008, 31.87017954600003], [120.62153375700007, 31.871556171000066], [120.62185827000008, 31.873046569000053], [120.62211745000002, 31.874609901000042], [120.62257376800005, 31.87781070400007], [120.62283983700001, 31.879374201000076], [120.62325957200005, 31.880878799000072], [120.62403685800007, 31.882279032000042], [120.6252086390001, 31.883437124000068], [120.62662943400005, 31.884202815000037], [120.62826972000005, 31.88470852200004], [120.62999928900001, 31.885007288000054], [120.63169093900001, 31.88514900200005], [120.6332205550001, 31.88518030000006], [120.63446597900008, 31.88514576400007], [120.63561713000001, 31.88505589600004], [120.63863269300009, 31.885237387000075], [120.63919321100002, 31.885316911000075], [120.63942763300008, 31.885408983000048], [120.63947006100011, 31.88547605000008], [120.63944888300011, 31.885558444000026], [120.63937859600003, 31.88565492500004], [120.63860108000006, 31.886356635000027], [120.63842402600005, 31.886591622000026], [120.63839702900009, 31.886701661000075], [120.63842317100011, 31.886798207000027], [120.638592603, 31.88696612600006], [120.63886047500012, 31.887088023000047], [120.63918038100007, 31.88713382900005], [120.63955502100009, 31.887061489000075], [120.63994036800011, 31.886900852000053], [120.64032964900002, 31.886688425000045], [120.64075497900001, 31.886390710000057], [120.64132173500002, 31.88586187900006], [120.64153000400006, 31.88554418800004], [120.64157612800011, 31.885310933000028], [120.641482343, 31.885245957000052], [120.64146283000002, 31.885011934000033], [120.64150034700003, 31.884893715000032], [120.64181406900002, 31.884370829000034], [120.64240082200001, 31.883701897000037], [120.64292851000005, 31.88320009000006], [120.64355441200007, 31.88266931900006], [120.6446655520001, 31.88182656500004], [120.64620743900002, 31.880722243000037], [120.65296082600003, 31.87594281500003], [120.65511058300001, 31.874571635000052], [120.65707452100003, 31.873403919000054], [120.65916358800007, 31.87222634500006], [120.6647440700001, 31.869217135000042], [120.66722372200002, 31.86774641100004], [120.66962279000006, 31.866178878000028], [120.67198445300005, 31.864560118000043], [120.67580322600008, 31.86200304600004], [120.67983548600012, 31.859212244000048], [120.68066913500002, 31.858664144000045], [120.68256617700001, 31.857483110000032], [120.68409161300008, 31.856629069000064], [120.68537535900009, 31.85595487100005], [120.68596831400009, 31.85559745300003], [120.6865073140001, 31.85522688100008], [120.68731738100007, 31.854609938000067], [120.68868898500011, 31.853772037000056], [120.68923923700004, 31.853321875000063], [120.68941033100009, 31.85314378100003], [120.69039555600011, 31.851960530000042], [120.69191363400012, 31.850277008000035], [120.69266098300011, 31.84953181900005], [120.69349696400002, 31.84877350900007], [120.69619475100001, 31.846484755000063], [120.69741727000007, 31.845484217000035], [120.69832094900005, 31.844846621000045], [120.69938829900002, 31.844181254000034], [120.7004818580001, 31.843598695000026], [120.70260788600001, 31.842658490000076], [120.70404501200005, 31.842079268000077], [120.70586805300002, 31.84138859600006], [120.70686633700006, 31.841064783000036], [120.70784351700001, 31.84081116400006], [120.71047120600008, 31.84030086100006], [120.71249584800012, 31.839806552000027], [120.71370730600006, 31.83958931500007], [120.71488549700007, 31.839489843000024], [120.72108688700007, 31.839286129000072], [120.72271907700008, 31.839191287000062], [120.7244470710001, 31.839041406000035], [120.72639709400005, 31.83878244500005], [120.72847159800006, 31.838419285000043], [120.73056282300001, 31.837960743000053], [120.73238329700007, 31.837478069000042], [120.73368554600006, 31.83707653600004], [120.73487413300006, 31.836653546000036], [120.73572421400002, 31.836310164000054], [120.73704634900002, 31.835714774000053], [120.73804794600005, 31.83515705600007], [120.73855130200002, 31.834798827000043], [120.73870923100003, 31.834601574000033]]]}}, {"type": "Feature", "properties": {"township_name": "凤凰镇", "district_code": "zhangjiagang", "district_name": "张家港市", "areacode": "32058209", "class": "乡镇界"}, "geometry": {"type": "Polygon", "coordinates": [[[120.70142435100001, 31.757611148000024], [120.63527189500007, 31.72019530700004], [120.63458260700008, 31.720617573000027], [120.63383092300012, 31.721014049000075], [120.63289360400006, 31.721458356000028], [120.631835765, 31.721890933000054], [120.6307233980001, 31.722249532000035], [120.62962348000008, 31.722469011000044], [120.6286035930001, 31.72248251800005], [120.62783646700007, 31.722296620000066], [120.6271849520001, 31.721975558000054], [120.6261065330001, 31.721222789000024], [120.62555222500009, 31.72092401900005], [120.6249604190001, 31.720747454000048], [120.62421645100005, 31.720742139000038], [120.62341864700011, 31.72091005900006], [120.62258215700001, 31.721202323000057], [120.62171821100003, 31.721582733000048], [120.61993854400009, 31.722509510000066], [120.6172060770001, 31.72410089400006], [120.6061729590001, 31.73079116200006], [120.59057551700005, 31.740159678000055], [120.5907197570001, 31.740567586000054], [120.59089653600006, 31.74071530200007], [120.59121778800011, 31.741220398000053], [120.59161334300006, 31.742034527000044], [120.59201492600005, 31.743145841000057], [120.59236569600012, 31.74464762300005], [120.59258613200006, 31.746354832000065], [120.59267785000009, 31.748179582000034], [120.5926530480001, 31.750031152000076], [120.59252725800002, 31.75181724500004], [120.5923159670001, 31.753444611000077], [120.59203721000006, 31.754860359000077], [120.59171632900006, 31.756216727000037], [120.59134773800008, 31.75752775400008], [120.59091696400003, 31.758775203000027], [120.59040334100007, 31.75993506100008], [120.58977882300007, 31.760975890000054], [120.58898092300001, 31.761880055000063], [120.5881451250001, 31.762497331000077], [120.5872074460001, 31.76300428600007], [120.5841979600001, 31.764325086000042], [120.58309176400007, 31.764944505000074], [120.58230682500005, 31.76555072900004], [120.58163111900001, 31.76626320200006], [120.58106508000003, 31.76712350100007], [120.58064058200011, 31.768171289000065], [120.58036867600003, 31.769319519000078], [120.58020885700012, 31.770541275000028], [120.58012959200005, 31.77181581900004], [120.58010614300008, 31.773127120000026], [120.58021180800006, 31.77851816900005], [120.58020975700003, 31.779857827000058], [120.58016050300012, 31.781175646000065], [120.58003876500004, 31.78245922800005], [120.57981136700005, 31.78369255700005], [120.57943425300004, 31.78485452900003], [120.57887675600011, 31.78591529600004], [120.57816308500003, 31.78690152400003], [120.57728447200009, 31.78786450000007], [120.576156792, 31.78889623400005], [120.57484495100005, 31.789970175000065], [120.5734233720001, 31.79105224400007], [120.5719652680001, 31.79210780300008], [120.5692253840001, 31.793997567000076], [120.56661540900006, 31.795740355000078], [120.5664384700001, 31.795891226000037], [120.56513036800004, 31.79723307900008], [120.56457754900009, 31.79786739800005], [120.56403788400007, 31.79856266300004], [120.56356447000007, 31.799289629000043], [120.56321242500007, 31.80001905000006], [120.5630382490001, 31.800721665000026], [120.56308388900004, 31.80137878900007], [120.56331818500007, 31.80195588600003], [120.56365379400006, 31.80251419600006], [120.5644900960001, 31.80363148200007], [120.56544223200001, 31.804749956000023], [120.5674653960001, 31.806984715000056], [120.56901835000008, 31.80863447300004], [120.57007641700011, 31.809689869000067], [120.57117728700007, 31.810662857000068], [120.57175619400005, 31.811096029000055], [120.57236416900002, 31.811475537000035], [120.57302059200003, 31.811795016000076], [120.57370742900002, 31.812058600000057], [120.57514147300003, 31.812474387000066], [120.57662201400001, 31.81280384400003], [120.57812471300008, 31.81309164700008], [120.58947455700002, 31.815087534000043], [120.59999965100008, 31.816953015000024], [120.60022552500004, 31.816716240000062], [120.60281718700003, 31.813264581000055], [120.60555536200002, 31.809694582000077], [120.60704704800003, 31.80782246800004], [120.6085410070001, 31.806024441000034], [120.60997874400005, 31.804402001000028], [120.61130243600007, 31.803058118000024], [120.6125672280001, 31.801960675000032], [120.61389956100004, 31.80101110800007], [120.6153228070001, 31.800259432000075], [120.61684701200011, 31.799746175000053], [120.61845667300008, 31.79941900600005], [120.62012643700007, 31.79922281900008], [120.62183791400003, 31.799117655000032], [120.6235779220001, 31.79907488500004], [120.62533711800006, 31.79907422000008], [120.62888887500003, 31.799146635000056], [120.6414093090001, 31.799592370000028], [120.64676999800008, 31.799727618000077], [120.65033447200005, 31.799733574000072], [120.65211160700005, 31.79968787400003], [120.6538835240001, 31.79959241000006], [120.65564821500004, 31.799428781000074], [120.65737431000002, 31.799186921000057], [120.65909390700006, 31.79887926400005], [120.66252264100001, 31.79813390100003], [120.6676593310001, 31.796845218000044], [120.67279054900007, 31.795462498000063], [120.67618266900001, 31.794487528000047], [120.67785454300008, 31.793971287000033], [120.67949736800006, 31.793424413000025], [120.68109637600003, 31.79283397200004], [120.68263108800011, 31.79218244200007], [120.6840734970001, 31.791446517000054], [120.68531102000009, 31.79066419700007], [120.68642420800006, 31.78980697800006], [120.68739178800001, 31.788895138000044], [120.68818007400012, 31.78794462600007], [120.68874074000007, 31.78696788600007], [120.6890080600001, 31.785974517000056], [120.68893202000004, 31.784952047000047], [120.68860331500002, 31.78390964500005], [120.68768429700003, 31.78170815200008], [120.687333695, 31.780509782000024], [120.68719440400002, 31.779251869000063], [120.68724008400011, 31.77792250300007], [120.68743449400006, 31.776542074000076], [120.68775026300011, 31.775127843000064], [120.68816824300006, 31.773695058000044], [120.68867711900009, 31.77225809400005], [120.68927336700006, 31.77083163900005], [120.69003551800006, 31.769355759000064], [120.6910664940001, 31.767773082000076], [120.69235881400004, 31.766131349000034], [120.69381757400004, 31.76451141800004], [120.69535448400006, 31.762958044000072], [120.69688275100009, 31.761516313000072], [120.69831723900006, 31.760232072000065], [120.70142435100001, 31.757611148000024]]]}}, {"type": "Feature", "properties": {"township_name": "元和街道", "district_code": "xiangcheng", "district_name": "相城区", "areacode": "32058704", "class": "乡镇界"}, "geometry": {"type": "Polygon", "coordinates": [[[120.64926413400008, 31.43863389200004], [120.64793606900002, 31.438122750000048], [120.64343160600004, 31.422973334000062], [120.64178477500002, 31.41769742300005], [120.64065719500002, 31.414438715000074], [120.64005177500007, 31.41287593000004], [120.63940431800006, 31.41138217200006], [120.63869972500004, 31.40998389500004], [120.63791827300008, 31.408716087000073], [120.63703450100002, 31.407624467000062], [120.63601597800005, 31.406768027000055], [120.63494900500007, 31.406227873000034], [120.63379575400006, 31.405858815000045], [120.63144935000003, 31.40533497900003], [120.6303647420001, 31.405043697000053], [120.62941785800001, 31.40464173500004], [120.62867768000001, 31.40405437100003], [120.62816916500003, 31.40314546700006], [120.62791180300007, 31.40199861700006], [120.62783875100001, 31.40067497800004], [120.6278989870001, 31.399221373000046], [120.6280540460001, 31.39767318300005], [120.62827526300009, 31.39605683800005], [120.62854155700006, 31.39439186800007], [120.62915269200005, 31.39096945600005], [120.63049062200002, 31.383970628000043], [120.63155135700003, 31.378759235000075], [120.63193437900009, 31.377069972000072], [120.63234714300006, 31.375428403000058], [120.63280428900009, 31.37385725100006], [120.63332576900007, 31.372387658000036], [120.63393836900002, 31.371061827000062], [120.63467759700006, 31.369936274000054], [120.63558993400011, 31.369085738000024], [120.63670652500002, 31.368574350000074], [120.63799023400009, 31.368346158000065], [120.63938949400006, 31.368338103000042], [120.64086194800007, 31.368506756000045], [120.64237160000005, 31.368825895000043], [120.64388614400002, 31.36928486200003], [120.64537444700011, 31.369887721000055], [120.64680411300003, 31.37065321700004], [120.6481090320001, 31.371566534000067], [120.64934542200001, 31.37261552800004], [120.65052981400004, 31.373761803000036], [120.65167572300004, 31.37497492500006], [120.65279434000001, 31.37623018200003], [120.6560781290001, 31.380044465000026], [120.65717760000007, 31.381264017000035], [120.65829595600007, 31.382415774000037], [120.65944632600008, 31.383464185000037], [120.66064574200004, 31.384361848000026], [120.66196013400008, 31.385039497000037], [120.66361577400005, 31.385408940000048], [120.66553213000009, 31.385485175000042], [120.66760518100011, 31.385332661000064], [120.66973092900002, 31.38501584100004], [120.6718062330001, 31.38459660700005], [120.673729019, 31.38413369500006], [120.67786415800003, 31.38298271000008], [120.68877889300006, 31.378220843000065], [120.68055237500005, 31.374266629000033], [120.667606094, 31.364586073000055], [120.65360206700007, 31.354176804000076], [120.65164693800011, 31.35266099200004], [120.65069621500004, 31.351888373000065], [120.64977506600007, 31.351099942000076], [120.64889656300011, 31.35028905200005], [120.6480786410001, 31.349446671000067], [120.64734565100002, 31.348560646000067], [120.64673028600009, 31.347614818000068], [120.64629455700003, 31.34668717900007], [120.64595708200011, 31.34571283500003], [120.64568721100011, 31.34471065500003], [120.6450155660001, 31.34172575300005], [120.64473916500003, 31.340810029000068], [120.64427442500005, 31.33996435000006], [120.64356472400004, 31.339252800000054], [120.6424861480001, 31.338682993000077], [120.64119496900003, 31.33832361800006], [120.63980478700012, 31.338128742000038], [120.63842696100005, 31.338055076000046], [120.63716999200005, 31.338062382000032], [120.63518653400001, 31.338183684000057], [120.63311487200008, 31.337995231000036], [120.63243106000004, 31.33797369800004], [120.6317531950001, 31.337990491000028], [120.63112344100011, 31.338061124000035], [120.6305846790001, 31.338202008000053], [120.63017975000002, 31.338429506000068], [120.63010678300009, 31.338498770000058], [120.62985626900002, 31.338846125000032], [120.62966130000007, 31.339263179000056], [120.62937482400002, 31.340227049000077], [120.62907055400001, 31.341829872000062], [120.62847803500006, 31.345718066000074], [120.62815488500007, 31.347308439000074], [120.62801204700008, 31.34779982400005], [120.62783813400006, 31.348256986000024], [120.62762042800011, 31.348665949000065], [120.62734178900007, 31.34900787400005], [120.62698609100005, 31.349267979000047], [120.62656783900002, 31.34945927900003], [120.6261038340001, 31.349600249000048], [120.62508627400007, 31.34978370600004], [120.62400097500006, 31.349892813000054], [120.61939146800012, 31.350214021000056], [120.61809421900011, 31.350349872000038], [120.61709188300006, 31.350517620000062], [120.61277096200001, 31.35024916900005], [120.61104054600003, 31.350192012000036], [120.60967411400009, 31.350237680000077], [120.60908202600001, 31.350314488000038], [120.6085305250001, 31.350442160000057], [120.60803351000004, 31.350638238000045], [120.6076089820001, 31.350925475000054], [120.60739765100004, 31.351149088000057], [120.60710135700003, 31.351599372000067], [120.60685804900004, 31.352117882000073], [120.60664860600002, 31.352681147000055], [120.60607613800005, 31.35446506900007], [120.60585982900011, 31.35504170100006], [120.60560684500001, 31.355584038000075], [120.6053688080001, 31.35597718300005], [120.60508629600008, 31.35632667300007], [120.60471014300003, 31.35665508900007], [120.60427981100008, 31.35692907400005], [120.60376507000001, 31.357179794000047], [120.60321336100003, 31.357391067000037], [120.60203273100001, 31.35773082600008], [120.6001602130001, 31.358130395000046], [120.59567563900009, 31.358940751000034], [120.59382972500009, 31.35931456900005], [120.5906571380001, 31.36011331700007], [120.58886438000002, 31.360632473000067], [120.58838559200001, 31.360812960000032], [120.58840297600011, 31.36089875600004], [120.58837480300008, 31.36110687000007], [120.58824385200012, 31.361362298000074], [120.58799764700007, 31.361547834000078], [120.5876882770001, 31.36164371800004], [120.58638464300009, 31.361688083000047], [120.58097777000012, 31.361751541000046], [120.58474026300007, 31.369088308000073], [120.5866663060001, 31.37296516500004], [120.58753055700004, 31.374784670000054], [120.58826022700009, 31.37641014500008], [120.58887122500005, 31.377894080000033], [120.58942051300005, 31.379383786000062], [120.58988644300007, 31.38088140800005], [120.59024013300007, 31.382388690000028], [120.59044411900004, 31.38390759200007], [120.59047352700009, 31.385367423000048], [120.59037988500006, 31.38683054300003], [120.59020974200007, 31.38828736800008], [120.58962342600012, 31.392500210000037], [120.58952591100001, 31.39379645200006], [120.58954785200001, 31.39499846700005], [120.58974381200005, 31.396071129000063], [120.59018156900004, 31.396969075000072], [120.59095035900009, 31.397682514000053], [120.59197441900005, 31.398220198000047], [120.59317398300004, 31.398645517000034], [120.59721406400001, 31.39976987500006], [120.59853113300005, 31.40026142100004], [120.59974168200006, 31.40090674100003], [120.60075306500005, 31.401714309000056], [120.60162299400008, 31.402675861000034], [120.60235735100002, 31.403746657000056], [120.60294913900009, 31.40488894300006], [120.60337661900007, 31.40606955800007], [120.60360048700011, 31.40725756300003], [120.6035600130001, 31.408421882000027], [120.60321101800002, 31.409515182000064], [120.60253788300008, 31.41061637400003], [120.60149017000003, 31.41181261500003], [120.60016198900007, 31.41306448100005], [120.59865155800003, 31.414329594000037], [120.59705480000002, 31.415565627000035], [120.59546472300008, 31.41673000800006], [120.5939719810001, 31.417779791000044], [120.59098390200006, 31.419807302000038], [120.59080868900003, 31.419963317000054], [120.60172423100005, 31.427665156000046], [120.60259164100012, 31.428359412000077], [120.60298260500008, 31.428719364000074], [120.60332792300005, 31.429093011000077], [120.60360885500006, 31.429485975000034], [120.60380024800008, 31.429905802000064], [120.60388019600009, 31.430343993000065], [120.60387432200002, 31.43080793300004], [120.60380523900005, 31.431290836000073], [120.60369020200005, 31.43178752700004], [120.60337096800004, 31.432807659000048], [120.60277993300008, 31.434371514000077], [120.6000241050001, 31.441206627000042], [120.60929018200011, 31.43911080600003], [120.61101391800003, 31.43875048700005], [120.61213522100002, 31.438576873000045], [120.61267879800005, 31.438530890000038], [120.61320450200003, 31.43852764500008], [120.61370535700007, 31.43858381000007], [120.61417213900006, 31.438721446000045], [120.61460068000008, 31.43896075600003], [120.6149947350001, 31.439282522000042], [120.61536375900005, 31.439664136000033], [120.61571486900004, 31.44008858500007], [120.61638309800003, 31.44101875000007], [120.61734436000006, 31.442512228000055], [120.62272199800009, 31.451141475000043], [120.62273243000004, 31.45107732200006], [120.62281884000004, 31.45095277100006], [120.62297841000009, 31.45078113200003], [120.62333018000004, 31.45048109700008], [120.62380763600004, 31.450140129000033], [120.62502285500011, 31.44940537800005], [120.62701380900012, 31.448387252000032], [120.64926413400008, 31.43863389200004]]]}}, {"type": "Feature", "properties": {"township_name": "渭塘镇", "district_code": "xiangcheng", "district_name": "相城区", "areacode": "32058705", "class": "乡镇界"}, "geometry": {"type": "Polygon", "coordinates": [[[120.68975425500003, 31.49810707900008], [120.68892827400009, 31.486828924000065], [120.68877886900009, 31.48380581200007], [120.68877025100005, 31.482827066000027], [120.68879877600011, 31.48187448500005], [120.6888800270001, 31.480959081000037], [120.68903499900011, 31.480095692000077], [120.68929165300005, 31.47930408900004], [120.68968677300006, 31.478610290000063], [120.6902566010001, 31.478029363000076], [120.69096507500001, 31.477546352000047], [120.69177310900011, 31.47713361500007], [120.69265147500005, 31.476770515000055], [120.69357835400001, 31.47644170600006], [120.69941806700001, 31.474684617000037], [120.70033517900004, 31.474363433000065], [120.70119660800003, 31.474011288000042], [120.70197622600006, 31.473613577000037], [120.70263825800009, 31.473150374000056], [120.70313389600005, 31.472594549000064], [120.70341301400003, 31.47195226900004], [120.70353047700007, 31.471220016000075], [120.70352654100009, 31.470420172000047], [120.70343225300007, 31.46956999400004], [120.70326562900004, 31.468663922000076], [120.70300922800004, 31.46759867600008], [120.70230796800001, 31.465141075000076], [120.70058268600008, 31.459758021000027], [120.70040133900011, 31.459104739000054], [120.69855631500002, 31.456085105000057], [120.69764495100003, 31.454717079000034], [120.69661065200012, 31.45328042700004], [120.69548091100012, 31.45186476400005], [120.69428209300008, 31.45056199800007], [120.69303972600005, 31.449465958000076], [120.69177940800012, 31.448670735000064], [120.69044169200004, 31.448220009000067], [120.68905897200011, 31.44800414200006], [120.68761828700008, 31.447911385000054], [120.68614337800011, 31.44789819600004], [120.68027693700003, 31.44806971500003], [120.67891867700007, 31.44805376100004], [120.67765853100002, 31.44796423300005], [120.67653820200007, 31.447766960000024], [120.67561245000002, 31.447418192000043], [120.6749528900001, 31.44686144700006], [120.67462774600006, 31.446108820000063], [120.67453157400007, 31.445177191000028], [120.67459381900005, 31.444121943000027], [120.67475611300006, 31.442989124000064], [120.67518286200004, 31.44064830600007], [120.67535405300009, 31.439515304000054], [120.67543084700003, 31.43846107400003], [120.67535425900007, 31.437533878000067], [120.67505247700001, 31.436792696000055], [120.67444385900001, 31.436273261000053], [120.67358268600003, 31.435962115000052], [120.67253320800012, 31.435806171000024], [120.67134489300008, 31.435764578000033], [120.67005538300009, 31.435806269000068], [120.66869299400003, 31.435907878000023], [120.6672787980001, 31.436052036000035], [120.6643358560001, 31.436422966000066], [120.65028708700004, 31.438505478000025], [120.64926413400008, 31.43863389200004], [120.62701380900012, 31.448387252000032], [120.62502285500011, 31.44940537800005], [120.62380763600004, 31.450140129000033], [120.62333018000004, 31.45048109700008], [120.62297841000009, 31.45078113200003], [120.62281884000004, 31.45095277100006], [120.62273243000004, 31.45107732200006], [120.62272199800009, 31.451141475000043], [120.62076974100012, 31.452460888000076], [120.619532821, 31.453398305000064], [120.61821186300006, 31.45451981700006], [120.6169328520001, 31.455788135000034], [120.615825717, 31.457167274000028], [120.61502439100002, 31.45862222100004], [120.61463526000011, 31.460089458000027], [120.61461839900005, 31.461510385000054], [120.61487798700011, 31.462843376000023], [120.61525579400006, 31.46418852900007], [120.61570979800001, 31.465542887000026], [120.6162178290001, 31.466893767000045], [120.61676617800003, 31.468228126000042], [120.61734764000005, 31.46953112400007], [120.61796027300011, 31.47078460800003], [120.61860676100002, 31.471965453000053], [120.6192942460001, 31.47304364000007], [120.62003455500007, 31.473980002000076], [120.62084477200005, 31.474723577000077], [120.62174809900011, 31.47520856400007], [120.62271187700003, 31.475383862000058], [120.62375602300006, 31.475341411000045], [120.62485487700008, 31.47515918700003], [120.62713459800011, 31.474641365000025], [120.62828039400006, 31.47442963800006], [120.62940815700006, 31.474334879000025], [120.63050061800004, 31.474430183000038], [120.63161971400007, 31.474808319000033], [120.63269087100002, 31.475425702000052], [120.63372595400006, 31.476220760000047], [120.63473417500006, 31.47714621700004], [120.6357226020001, 31.47816621800007], [120.6366965950001, 31.479253871000026], [120.63861635800004, 31.48155764100005], [120.64145961300005, 31.48516941300005], [120.65181899800007, 31.498608955000066], [120.68029232000004, 31.499686877000045], [120.68975425500003, 31.49810707900008]]]}}, {"type": "Feature", "properties": {"township_name": "巴城镇", "district_code": "kunshan", "district_name": "昆山市", "areacode": "32058316", "class": "乡镇界"}, "geometry": {"type": "Polygon", "coordinates": [[[120.95133912500012, 31.501752072000045], [120.95120033400008, 31.498547220000034], [120.95107741400011, 31.497074762000068], [120.95088489500006, 31.495504766000067], [120.95060427200008, 31.49392366400008], [120.9502150720001, 31.492419496000025], [120.94969524900011, 31.491081637000036], [120.9490226910001, 31.489999578000038], [120.94813816900012, 31.48919790900004], [120.94711265800004, 31.488578741000026], [120.94598784400011, 31.48804154700008], [120.94121048400007, 31.48614224100004], [120.9400915110001, 31.48561919000008], [120.93906464500003, 31.485032026000056], [120.93817089800007, 31.484352208000075], [120.93746169700012, 31.483544468000048], [120.93699819500011, 31.48263992300008], [120.93669560900003, 31.481627953000043], [120.93650424600003, 31.480547181000077], [120.93638311100005, 31.479431524000063], [120.93621315200005, 31.47722329100003], [120.93609962300002, 31.476198536000027], [120.93592152000008, 31.475280131000034], [120.93563875200005, 31.47451899400005], [120.93520293800009, 31.473978962000047], [120.93453909400012, 31.47370474300004], [120.93370001700009, 31.473676346000047], [120.9327319680001, 31.473825280000028], [120.93167065400007, 31.47409722900005], [120.92695920400001, 31.475611413000024], [120.9257441640001, 31.475915711000027], [120.92453926000007, 31.476104786000064], [120.92334650600003, 31.476109720000068], [120.92206757800011, 31.475787505000028], [120.9206962400001, 31.475161933000038], [120.91928603200006, 31.47431547000008], [120.91789007400007, 31.473331174000066], [120.91656154900011, 31.472290290000046], [120.91535396300003, 31.471271499000068], [120.91432125600011, 31.470351403000052], [120.91281880700001, 31.468950326000027], [120.90987103600003, 31.47020785400008], [120.90805298700002, 31.468632644000024], [120.90685302300005, 31.46749417700005], [120.90552545700007, 31.46612744600003], [120.9041709070001, 31.46457724800007], [120.90289205600004, 31.46288707800005], [120.90179421900007, 31.46109954600007], [120.90092362000007, 31.459151184000063], [120.90036903500004, 31.45725318500007], [120.90010975200005, 31.45551407000005], [120.90000288100009, 31.45383817000004], [120.89998064800011, 31.45217688400004], [120.90003951900007, 31.450553883000055], [120.90018672800011, 31.448996261000048], [120.90044005900006, 31.447537045000047], [120.90082851300008, 31.44621788200004], [120.90139373600005, 31.445092054000042], [120.902192119, 31.444227815000033], [120.90326803000005, 31.44367750600003], [120.90456491200007, 31.443379149000066], [120.90601574200002, 31.44325749400008], [120.90756796400001, 31.44325382900007], [120.90917896300004, 31.44332107100007], [120.91243299100006, 31.443512971000075], [120.91400631900001, 31.44356535600008], [120.91549223200002, 31.443537191000075], [120.91684292800005, 31.44338218100006], [120.91799882800001, 31.443043557000067], [120.91888441700007, 31.442450160000078], [120.91943197600006, 31.441564417000052], [120.91971598200007, 31.44043001400007], [120.91980567500002, 31.43911215600008], [120.91975373500009, 31.437661518000027], [120.91959949700004, 31.436117576000072], [120.91937160300006, 31.434511558000054], [120.91909009500012, 31.43286905800005], [120.91841233800005, 31.429562763000035], [120.91802496900004, 31.427942476000055], [120.91760266800009, 31.426377106000075], [120.91713710200008, 31.424897938000072], [120.91661432900003, 31.423544673000038], [120.91601396500005, 31.422368532000064], [120.91530799500003, 31.42143582500006], [120.91445926400002, 31.42083201300005], [120.91344010700004, 31.42062423300007], [120.91228235500012, 31.420736942000076], [120.9110273760001, 31.421076780000078], [120.90970869000012, 31.421567811000045], [120.9056340090001, 31.42334816600004], [120.90431409000007, 31.423866091000036], [120.90305366500002, 31.424253656000076], [120.90188151400002, 31.424444528000038], [120.90083191400004, 31.424359394000078], [120.89998361500011, 31.42398012800004], [120.89922453100007, 31.423387525000066], [120.89777873300011, 31.42195423800007], [120.89699666700005, 31.421297837000054], [120.89610809900012, 31.42080618500006], [120.89509854000005, 31.420552868000073], [120.89396809300001, 31.420481520000067], [120.89274541400005, 31.420528104000027], [120.89011410100011, 31.420744037000077], [120.88874239900008, 31.420801976000064], [120.88735460100008, 31.420749303000036], [120.88583459000006, 31.420512348000045], [120.8843297730001, 31.420113499000024], [120.88285924700006, 31.419589920000078], [120.88144680000005, 31.418969532000062], [120.88012316700008, 31.418272434000073], [120.87892870200005, 31.417512111000065], [120.87791655900003, 31.416696426000044], [120.87715646100003, 31.41582838800008], [120.87673911700006, 31.41490677400003], [120.8767285560001, 31.41400006500004], [120.8770383860001, 31.41308599200005], [120.87760819300001, 31.412208130000067], [120.87839584900007, 31.41141205400004], [120.87937516800002, 31.410747601000025], [120.88064749600005, 31.410208499000078], [120.88205996800002, 31.40981832700004], [120.88505414100007, 31.409207104000075], [120.88652504700008, 31.40885299100006], [120.88790540800005, 31.408372418000056], [120.88913448000005, 31.40768346200008], [120.89013945800002, 31.406750329000033], [120.89098541600004, 31.40559885400006], [120.89171262700006, 31.40428452200007], [120.89235241100005, 31.402850269000055], [120.89292869700012, 31.401328970000066], [120.89345935300003, 31.399745590000066], [120.89395726100008, 31.398119055000052], [120.89488596800004, 31.394791130000044], [120.89574182400008, 31.391429713000036], [120.89649515600001, 31.388103253000054], [120.896805416, 31.386477917000036], [120.89704488400002, 31.384895957000026], [120.89718368900003, 31.38337617700006], [120.89718133600002, 31.381943384000067], [120.89698387300007, 31.38063022800003], [120.89652047300001, 31.37947934700003], [120.89569667500007, 31.378491247000056], [120.89458752600001, 31.37767696700007], [120.89327075300002, 31.37698947900003], [120.89180525400002, 31.37639308400003], [120.89023504900001, 31.375861056000076], [120.888592603, 31.37537364600007], [120.88690153200002, 31.374916451000047], [120.88343628400003, 31.374054301000058], [120.8658782660001, 31.369903862000058], [120.84676538600002, 31.36522750300003], [120.84154503800005, 31.36680579700004], [120.8392563760001, 31.367546176000076], [120.83801664700002, 31.368016974000057], [120.83744916800003, 31.36827226500003], [120.83693457700008, 31.368547487000058], [120.83649186500008, 31.368849659000034], [120.83614584300005, 31.369187914000065], [120.83592852600009, 31.36957399100004], [120.8358630460001, 31.370000788000027], [120.83590594400005, 31.370466644000032], [120.83639210600006, 31.37240619100004], [120.83642009500011, 31.372834918000024], [120.83631880500002, 31.373238984000068], [120.836060642, 31.37353694600006], [120.83567183500008, 31.373767216000033], [120.8351864650001, 31.373947566000027], [120.83463057400002, 31.374091556000053], [120.83402383600003, 31.374209407000023], [120.83271277800009, 31.374395195000034], [120.83062561200006, 31.37461282000004], [120.81926768000005, 31.375668836000045], [120.81926716100008, 31.37566960500004], [120.81995414700009, 31.376725734000047], [120.8292889710001, 31.39045082900003], [120.83124461600005, 31.39341903500008], [120.8321891270001, 31.394907362000026], [120.83309816100007, 31.396401841000056], [120.83395623900003, 31.397905170000058], [120.83474231700006, 31.39942102200007], [120.83542813100007, 31.40095432800007], [120.83597619400007, 31.402511635000053], [120.83633740200003, 31.404101524000055], [120.83647186400003, 31.405677214000036], [120.83643411000003, 31.407282963000057], [120.83627157500007, 31.40891052300003], [120.83602015800011, 31.410553681000067], [120.83570700100006, 31.412207782000053], [120.83535280100011, 31.41386933900003], [120.83381385400003, 31.42054480400003], [120.83345931300005, 31.422212640000055], [120.83314375100008, 31.423876903000064], [120.83288550700001, 31.425535637000053], [120.8327080030001, 31.427186396000025], [120.83264144500004, 31.42882604700003], [120.83272473700004, 31.43045056300008], [120.83299654100006, 31.432091531000026], [120.83342359400001, 31.433716805000074], [120.83396454600006, 31.435330601000032], [120.83458742200003, 31.436936053000068], [120.83526740100001, 31.438535400000035], [120.83598484600009, 31.440130114000056], [120.83892275200003, 31.446468742000036], [120.83959702000004, 31.448038842000074], [120.84020679500009, 31.44959835700007], [120.84072170900004, 31.451142873000038], [120.84110170000008, 31.452666322000027], [120.84129389800012, 31.454160528000045], [120.84122895200005, 31.455614670000045], [120.84087150200003, 31.45696378100007], [120.84027413400008, 31.458275658000048], [120.83949955900005, 31.45956027400007], [120.83859713100003, 31.460825532000058], [120.83760587200004, 31.462077755000053], [120.83655721600007, 31.463322145000063], [120.8333179440001, 31.467051973000025], [120.83228539200002, 31.468308636000074], [120.83132083200007, 31.469580631000042], [120.83045929700006, 31.470874929000047], [120.8297455820001, 31.47220044100004], [120.82923783400008, 31.473568655000065], [120.82898649300012, 31.474958440000023], [120.82893459900004, 31.47638538800004], [120.82902248700009, 31.47783278000003], [120.8293870550001, 31.480740653000055], [120.82943837000005, 31.482248136000067], [120.82927552100011, 31.483723654000073], [120.82883631700008, 31.485072010000067], [120.82806921800011, 31.486204153000074], [120.8269061310001, 31.487104131000024], [120.82553565500007, 31.487731147000034], [120.82414325800005, 31.488134123000066], [120.82290746400008, 31.488357990000054], [120.82200089900005, 31.488444972000025], [120.8215838110001, 31.488432704000047], [120.81731232000004, 31.487142771000038], [120.81301586000006, 31.490895850000072], [120.81259049200003, 31.491368160000036], [120.81192878400009, 31.492287985000075], [120.81081588400002, 31.495072110000024], [120.81167156200002, 31.498476998000058], [120.81193879800003, 31.499652569000034], [120.81218368200007, 31.500862505000043], [120.81238164100012, 31.502050592000046], [120.81250684100007, 31.503160180000066], [120.8125327670001, 31.50413432000005], [120.81244242900004, 31.504969407000033], [120.81222859500008, 31.505762100000027], [120.8118766990001, 31.50649911200003], [120.81141300200011, 31.50720209900004], [120.8108704870001, 31.507880938000028], [120.80964201400002, 31.50919215600004], [120.80643002700003, 31.512317648000078], [120.80587404000005, 31.51291309800007], [120.80539225600012, 31.513490682000054], [120.80501597400007, 31.514043497000046], [120.80478641700006, 31.51456214800004], [120.80475764100004, 31.515034120000053], [120.80498567300003, 31.515463398000065], [120.80542807600011, 31.51584293700006], [120.80602614700001, 31.516186478000066], [120.80673569200007, 31.51650434000004], [120.80752384700008, 31.516804182000044], [120.81014988600009, 31.517644345000065], [120.82500408800001, 31.521945852000044], [120.82528476000005, 31.521952744000032], [120.82922237900004, 31.522399118000067], [120.83117679400004, 31.522587637000072], [120.83326308500011, 31.522750340000073], [120.83536655000012, 31.522859039000025], [120.83736995700008, 31.52288362400003], [120.83915348100004, 31.52279192000003], [120.84059589100002, 31.522550515000034], [120.84158647600009, 31.522126952000065], [120.8422181950001, 31.521486895000066], [120.84253383200007, 31.520543045000068], [120.84258953300002, 31.519393685000068], [120.84237714900007, 31.516783996000072], [120.84230215100001, 31.515444940000066], [120.84237103200007, 31.51415441200004], [120.8426837940001, 31.51296621000006], [120.84323489000008, 31.51201127300004], [120.84408298900007, 31.511020020000046], [120.84514629600005, 31.510116526000047], [120.84537380200004, 31.50995755300005], [120.84668609200003, 31.509186251000074], [120.84813853200001, 31.508512599000028], [120.84968616000003, 31.50791642200005], [120.85129387000006, 31.50738665600005], [120.85293317300011, 31.50692080700003], [120.85457938000002, 31.506524988000024], [120.85620909200009, 31.506214601000067], [120.85779783400005, 31.50601567500007], [120.85931772000004, 31.505966921000038], [120.86073502200009, 31.506122515000072], [120.86200758400003, 31.50655563600003], [120.86295595000001, 31.507196613000076], [120.86379279100004, 31.508045004000053], [120.86454559600008, 31.50904617300006], [120.865236546, 31.51015547600008], [120.86588350800002, 31.511336072000063], [120.86650132800003, 31.512557834000063], [120.86711793600011, 31.513852022000037], [120.86767172900011, 31.51516882800007], [120.86812860200007, 31.51653698000007], [120.8690140860001, 31.519886996000025], [120.8693020390001, 31.52090091100007], [120.86963049200006, 31.521904516000063], [120.87012028200002, 31.52312697700006], [120.87068009400002, 31.524294187000066], [120.8713170100001, 31.525449313000024], [120.87220647600009, 31.526862949000076], [120.87316974300006, 31.528210063000074], [120.87419244300008, 31.52947434200007], [120.87526592500001, 31.53063067100004], [120.87650360300006, 31.53173608000003], [120.87947246400006, 31.533920864000038], [120.88069964400006, 31.534776717000057], [120.88217071800011, 31.53560467400007], [120.88286182800005, 31.53592072500004], [120.88447657800009, 31.53655262700005], [120.88784784900008, 31.537724869000044], [120.89046775400004, 31.538711254000077], [120.89312505800001, 31.53980239200007], [120.89373171000011, 31.540083123000045], [120.89394099800006, 31.54022575700003], [120.89898520500003, 31.540543652000053], [120.9000950200001, 31.54058060500006], [120.8998828550001, 31.54033669200004], [120.89941202400007, 31.539597964000052], [120.89879957500011, 31.538472286000058], [120.89819764700007, 31.537156048000043], [120.89764553600003, 31.535687805000066], [120.89720680100004, 31.534170905000053], [120.89694339500011, 31.532713150000063], [120.89691821500003, 31.531426113000066], [120.89719544700006, 31.530423607000046], [120.8978645420001, 31.52976297600003], [120.89883420700005, 31.52948738300006], [120.89998158900005, 31.52947503000007], [120.90248029600002, 31.529555798000047], [120.90373608900006, 31.529516498000078], [120.90494169100009, 31.52934331700004], [120.90605741400009, 31.528970772000037], [120.90694326000005, 31.52844157000004], [120.90776444800008, 31.527775378000058], [120.90960163600005, 31.526070246000074], [120.91052837300003, 31.525348765000047], [120.91153123400011, 31.524741251000023], [120.91259920900006, 31.524297242000046], [120.91372539700001, 31.524075565000032], [120.91415615400001, 31.524062040000047], [120.91550988900008, 31.52421879900004], [120.9169196690001, 31.524607999000068], [120.91836859200009, 31.525163125000063], [120.91984330600008, 31.525832043000037], [120.92133289000003, 31.526572870000052], [120.92579730300008, 31.528886197000077], [120.92725151800005, 31.52957692800004], [120.92866851300005, 31.53016189400006], [120.93003144200009, 31.530587860000026], [120.93131851900011, 31.530786230000047], [120.93250146800005, 31.530667763000054], [120.93345363800006, 31.530230822000078], [120.93433237200009, 31.529534864000027], [120.93517288100008, 31.52865135500008], [120.93600846800007, 31.527639812000075], [120.94470176800007, 31.516641637000077], [120.9458798600001, 31.515025715000036], [120.94708601800005, 31.513228497000057], [120.94825142500008, 31.51132350900008], [120.94930784100006, 31.509383936000063], [120.9501904120001, 31.507483852000064], [120.95084351000003, 31.505700571000034], [120.951110072, 31.504723424000076], [120.9513358160001, 31.503534132000027], [120.95142747700004, 31.502597277000064], [120.95142016700004, 31.50198087600006], [120.95133912500012, 31.501752072000045]]]}}, {"type": "Feature", "properties": {"township_name": "望亭镇", "district_code": "xiangcheng", "district_name": "相城区", "areacode": "32058706", "class": "乡镇界"}, "geometry": {"type": "Polygon", "coordinates": [[[120.48829024600002, 31.450053853000043], [120.4817393940001, 31.44435147300004], [120.4796056240001, 31.442421670000044], [120.47860827000011, 31.44141630200005], [120.47814664700002, 31.440892054000074], [120.47772272000009, 31.440345868000065], [120.47735015500007, 31.43976979000007], [120.47703789400009, 31.439153076000025], [120.47677685100007, 31.438506553000025], [120.4765527290001, 31.437838544000044], [120.4763548520001, 31.437155260000054], [120.47600845200009, 31.43575997000005], [120.47242599900005, 31.418682239000077], [120.46736565600008, 31.414865574000032], [120.46673342800011, 31.414278941000077], [120.46657622700002, 31.414080038000066], [120.46646416700003, 31.413878302000057], [120.46641374100011, 31.413672699000074], [120.46643864600003, 31.413461201000075], [120.46652574900008, 31.413245800000027], [120.46665830000006, 31.41302754800006], [120.46721705200002, 31.412362684000072], [120.47180988700006, 31.40787580400007], [120.47146294800007, 31.407825117000073], [120.47057651000011, 31.40757997600008], [120.46927295100011, 31.40715964900005], [120.46767831000011, 31.40657735700006], [120.46592064800006, 31.40584381900004], [120.4641309220001, 31.404967396000075], [120.46244325000009, 31.40395452200005], [120.46099367300008, 31.402811044000032], [120.45988588900002, 31.40156577700003], [120.4590967360001, 31.400345165000033], [120.45849298200005, 31.399255937000078], [120.45782284000006, 31.39830497300005], [120.45698564300005, 31.397581579000075], [120.45588615100007, 31.39714730600008], [120.45458754100002, 31.396957093000026], [120.4531509950001, 31.396929716000045], [120.45162301700009, 31.397001679000027], [120.44842902100004, 31.39724390300006], [120.44681596600003, 31.39732673800006], [120.44522268500009, 31.397325481000053], [120.44367170800001, 31.397190067000054], [120.4421875700001, 31.396860952000054], [120.44096596300005, 31.396383624000066], [120.43978501900006, 31.395778574000076], [120.43742888700001, 31.394445850000068], [120.43615625000007, 31.393826295000054], [120.43471513200006, 31.39329661900007], [120.43320120100009, 31.392885767000053], [120.43163297900003, 31.392565303000026], [120.43002494200005, 31.392313453000043], [120.42838836800001, 31.392114124000045], [120.42673210600003, 31.39195612800006], [120.42338777400005, 31.391740997000056], [120.4217110510001, 31.39168268000003], [120.4200384720001, 31.391663863000076], [120.4183760190001, 31.391696267000043], [120.41673093700001, 31.391798582000035], [120.41511252300006, 31.391998484000055], [120.41351162700005, 31.392348595000044], [120.41175948800003, 31.393001385000048], [120.40989254700003, 31.39392384000007], [120.40798053500009, 31.395032893000064], [120.40609311200001, 31.396245735000036], [120.40430037400006, 31.39748136000003], [120.40267299300001, 31.39866081100007], [120.39949451100006, 31.401083490000076], [120.39923868200003, 31.40124882200007], [120.40749645400001, 31.42360015500003], [120.40807186900008, 31.425323289000062], [120.4083276130001, 31.426186888000075], [120.4085490120001, 31.427052669000034], [120.40872171100011, 31.42792154500006], [120.40882631900001, 31.428794749000076], [120.40884698500008, 31.429648365000048], [120.4088012950001, 31.430506198000046], [120.40870648200007, 31.431367153000053], [120.40841905600007, 31.433095279000042], [120.40765269200006, 31.43657554600003], [120.40555866400007, 31.44524608300003], [120.40511813100011, 31.44567526000003], [120.41187050700012, 31.448480302000064], [120.41323564600009, 31.44902535500006], [120.41459008900006, 31.44952552500007], [120.4159455140001, 31.449943759000064], [120.41662371000007, 31.450100302000067], [120.41730230600001, 31.450204192000058], [120.4179813610001, 31.450237105000042], [120.41866117000006, 31.45018457100008], [120.41934162100006, 31.450062514000024], [120.42070489200012, 31.44968125500003], [120.42275707100009, 31.448929487000044], [120.42821941500006, 31.446699005000028], [120.43009747100007, 31.44596945400008], [120.43110803600007, 31.445639455000048], [120.43146691700008, 31.445568217000073], [120.43167164800002, 31.44559533900008], [120.43167696100011, 31.445752765000066], [120.4314483170001, 31.44607952800004], [120.4310189150001, 31.44655349100003], [120.42978426600007, 31.44776268800007], [120.4269208830001, 31.45037959600006], [120.47745544300005, 31.45127328800004], [120.48146572200005, 31.44886754500004], [120.48829024600002, 31.450053853000043]]]}}, {"type": "Feature", "properties": {"township_name": "黄桥街道", "district_code": "xiangcheng", "district_name": "相城区", "areacode": "32058708", "class": "乡镇界"}, "geometry": {"type": "Polygon", "coordinates": [[[120.59080868900003, 31.419963317000054], [120.59098390200006, 31.419807302000038], [120.5939719810001, 31.417779791000044], [120.59546472300008, 31.41673000800006], [120.59705480000002, 31.415565627000035], [120.59865155800003, 31.414329594000037], [120.60016198900007, 31.41306448100005], [120.60149017000003, 31.41181261500003], [120.60253788300008, 31.41061637400003], [120.60321101800002, 31.409515182000064], [120.6035600130001, 31.408421882000027], [120.60360048700011, 31.40725756300003], [120.60337661900007, 31.40606955800007], [120.60294913900009, 31.40488894300006], [120.60235735100002, 31.403746657000056], [120.60162299400008, 31.402675861000034], [120.60075306500005, 31.401714309000056], [120.59974168200006, 31.40090674100003], [120.59853113300005, 31.40026142100004], [120.59721406400001, 31.39976987500006], [120.59317398300004, 31.398645517000034], [120.59197441900005, 31.398220198000047], [120.59095035900009, 31.397682514000053], [120.59018156900004, 31.396969075000072], [120.58974381200005, 31.396071129000063], [120.58954785200001, 31.39499846700005], [120.58952591100001, 31.39379645200006], [120.58962342600012, 31.392500210000037], [120.59020974200007, 31.38828736800008], [120.59037988500006, 31.38683054300003], [120.59047352700009, 31.385367423000048], [120.59044411900004, 31.38390759200007], [120.59024013300007, 31.382388690000028], [120.58988644300007, 31.38088140800005], [120.58942051300005, 31.379383786000062], [120.58887122500005, 31.377894080000033], [120.58826022700009, 31.37641014500008], [120.58753055700004, 31.374784670000054], [120.5866663060001, 31.37296516500004], [120.58474026300007, 31.369088308000073], [120.58097777000012, 31.361751541000046], [120.57736570500003, 31.35975193200005], [120.57688994300008, 31.359505658000046], [120.5764017790001, 31.35929860500005], [120.57562293400008, 31.35910253800006], [120.574875356, 31.358997208000062], [120.57415532400012, 31.358941437000055], [120.5732551750001, 31.35893959300006], [120.5727140780001, 31.358897698000078], [120.56877691600005, 31.36743968500008], [120.5677002860001, 31.36968948300006], [120.56711848300006, 31.370770779000054], [120.5668040060001, 31.37128795900003], [120.5664653660001, 31.37178116900003], [120.56603227100004, 31.37230942700006], [120.56559730000004, 31.372732264000035], [120.56512181800008, 31.373118650000038], [120.56461697100008, 31.37347866700003], [120.56299969400004, 31.374466786000028], [120.55111799200006, 31.38088978500008], [120.54900025600011, 31.38087756500005], [120.5470456060001, 31.38808212200007], [120.54521846600005, 31.394649171000026], [120.54458761400008, 31.39706796200005], [120.5442543050001, 31.398653034000063], [120.54414245400005, 31.39942832500003], [120.5440887850001, 31.40018531000004], [120.5441168100001, 31.400916589000076], [120.54425790700009, 31.40161229000006], [120.54452683800002, 31.402243946000056], [120.54490301200008, 31.402841858000045], [120.54535776300008, 31.40341504500003], [120.54586932300003, 31.40397035700005], [120.54700176100005, 31.405046585000036], [120.54883583300011, 31.40661831700004], [120.55886849000001, 31.414921931000038], [120.56536877200006, 31.413707013000078], [120.56734129300003, 31.413394451000045], [120.56828693400007, 31.41332843300006], [120.56873787800009, 31.413344039000037], [120.56916645100011, 31.413409358000024], [120.56956443500007, 31.413542654000025], [120.56992450400003, 31.41375806700006], [120.57025442100007, 31.414040486000033], [120.5705625280001, 31.41437137300005], [120.57085507400006, 31.414736835000042], [120.57141076800008, 31.415533095000058], [120.57746732200008, 31.425432129000058], [120.59080868900003, 31.419963317000054]]]}}, {"type": "Feature", "properties": {"township_name": "黄埭镇", "district_code": "xiangcheng", "district_name": "相城区", "areacode": "32058709", "class": "乡镇界"}, "geometry": {"type": "Polygon", "coordinates": [[[120.6000241050001, 31.441206627000042], [120.60277993300008, 31.434371514000077], [120.60337096800004, 31.432807659000048], [120.60369020200005, 31.43178752700004], [120.60380523900005, 31.431290836000073], [120.60387432200002, 31.43080793300004], [120.60388019600009, 31.430343993000065], [120.60380024800008, 31.429905802000064], [120.60360885500006, 31.429485975000034], [120.60332792300005, 31.429093011000077], [120.60298260500008, 31.428719364000074], [120.60259164100012, 31.428359412000077], [120.60172423100005, 31.427665156000046], [120.59080868900003, 31.419963317000054], [120.57746732200008, 31.425432129000058], [120.57141076800008, 31.415533095000058], [120.57085507400006, 31.414736835000042], [120.5705625280001, 31.41437137300005], [120.57025442100007, 31.414040486000033], [120.56992450400003, 31.41375806700006], [120.56956443500007, 31.413542654000025], [120.56916645100011, 31.413409358000024], [120.56873787800009, 31.413344039000037], [120.56828693400007, 31.41332843300006], [120.56734129300003, 31.413394451000045], [120.56536877200006, 31.413707013000078], [120.55886849000001, 31.414921931000038], [120.55677972900003, 31.416087751000077], [120.55535259400006, 31.416838435000045], [120.55368356400004, 31.41764445000007], [120.55184676900001, 31.418430826000076], [120.5499163610001, 31.419120319000058], [120.54796651600009, 31.419632767000053], [120.54607142900011, 31.419885876000023], [120.54419896900004, 31.41980727400005], [120.54255467400003, 31.419422488000066], [120.54100386900006, 31.41886257500005], [120.53945395100004, 31.41820371700004], [120.53790466800001, 31.417477731000076], [120.53635584400001, 31.416706615000066], [120.5332591340001, 31.41508452200003], [120.52397150900003, 31.410029396000027], [120.52087334700002, 31.40837866100003], [120.51776974300003, 31.406819411000072], [120.51621401200009, 31.406104569000036], [120.51465404700002, 31.40545895200006], [120.51308807700002, 31.404911096000035], [120.51151372600009, 31.404499420000036], [120.50992783400011, 31.404275014000063], [120.50831252800003, 31.40428096000005], [120.5066853720001, 31.404478907000055], [120.50504954300004, 31.40481725500007], [120.50340744900006, 31.405256853000026], [120.50176089500007, 31.40576837100008], [120.50011122300009, 31.406330094000054], [120.49680620200002, 31.407545081000023], [120.48853441800009, 31.410773595000023], [120.48476455900004, 31.412323767000032], [120.4826503810001, 31.413239212000065], [120.48051193200001, 31.41419989800005], [120.47844568500011, 31.415169740000067], [120.47654757500004, 31.41611188400003], [120.47491200200011, 31.41698691000005], [120.47340431900011, 31.417896132000067], [120.4726550580001, 31.418436150000048], [120.47242599900005, 31.418682239000077], [120.47600845200009, 31.43575997000005], [120.4763548520001, 31.437155260000054], [120.4765527290001, 31.437838544000044], [120.47677685100007, 31.438506553000025], [120.47703789400009, 31.439153076000025], [120.47735015500007, 31.43976979000007], [120.47772272000009, 31.440345868000065], [120.47814664700002, 31.440892054000074], [120.47860827000011, 31.44141630200005], [120.4796056240001, 31.442421670000044], [120.4817393940001, 31.44435147300004], [120.48829024600002, 31.450053853000043], [120.49244782100004, 31.454570672000045], [120.49415247800005, 31.456304981000073], [120.4949089380001, 31.457007967000038], [120.49561449700002, 31.45759897000005], [120.4963420140001, 31.45813472100008], [120.49709981500007, 31.458596210000053], [120.49789822700006, 31.45895795100006], [120.49873329200011, 31.459197698000025], [120.49960623600009, 31.45934440800005], [120.50050609200002, 31.459425088000046], [120.50235587200007, 31.459463140000025], [120.50705347000007, 31.45933953800005], [120.50887398500004, 31.459369723000066], [120.50974633600003, 31.459443097000076], [120.51057842600005, 31.459578573000044], [120.51135417000012, 31.45980091900003], [120.51205218000007, 31.460142979000068], [120.51262718200007, 31.460604558000057], [120.51313035400005, 31.461176615000056], [120.51358048400004, 31.461830149000036], [120.51399244400011, 31.462542089000067], [120.51437815100007, 31.463293801000077], [120.51584092400003, 31.466404398000066], [120.51622985800009, 31.467135030000065], [120.516649529, 31.467809190000025], [120.51715457600005, 31.468399012000077], [120.51784464200011, 31.468855619000067], [120.51870875000009, 31.46913161100008], [120.51969502300005, 31.469247723000024], [120.52074195700004, 31.46924117700007], [120.52178872400009, 31.469147947000067], [120.52277557000002, 31.469002053000054], [120.52364368200006, 31.468835829000056], [120.52494978700008, 31.468535743000075], [120.53182724100009, 31.470439043000056], [120.53195234300006, 31.470167153000034], [120.5322770360001, 31.469266709000067], [120.5349456240001, 31.461746572000038], [120.5366450790001, 31.457177235000074], [120.5374734720001, 31.455075616000045], [120.53824598200003, 31.453247366000028], [120.53898394900011, 31.451670258000036], [120.53976727500003, 31.450184904000025], [120.54061251500002, 31.448823980000043], [120.54153961100008, 31.44763542700008], [120.5425738780001, 31.446682930000065], [120.54356087000008, 31.446099420000053], [120.54459782200001, 31.44572489600006], [120.54563564700004, 31.445547289000046], [120.54662637000001, 31.445569221000028], [120.54752048000012, 31.445807694000052], [120.54826438500004, 31.44629429400004], [120.54885483400005, 31.447119987000065], [120.5492756750001, 31.448191492000035], [120.5495900310001, 31.44943202500008], [120.55011788600007, 31.452180347000024], [120.55043451400002, 31.45358867300007], [120.55085783000004, 31.454959357000064], [120.55144868000002, 31.456246257000032], [120.55227169500006, 31.457432650000044], [120.553280545, 31.45849793600007], [120.55442587000005, 31.45945183400005], [120.55566807600007, 31.460294731000033], [120.55697490700004, 31.461017063000043], [120.55831918500007, 31.46159827200006], [120.55967673200007, 31.462005275000024], [120.56102439300003, 31.462190417000045], [120.56238915600011, 31.46210049000007], [120.56367081500002, 31.461743261000038], [120.56481645300005, 31.461140804000024], [120.5657630070001, 31.46029480900006], [120.56645600400009, 31.459222643000032], [120.56696007700009, 31.45798381900005], [120.56734340000003, 31.45665445000003], [120.56798347100005, 31.45399880100007], [120.56835166500002, 31.45281086400007], [120.5688301240001, 31.451819795000063], [120.56948659400007, 31.45112023300004], [120.5703872680001, 31.450784142000032], [120.57148304800012, 31.450753879000047], [120.5727171310001, 31.450938412000028], [120.574042598, 31.45126194900007], [120.57681081400005, 31.452067786000043], [120.57818142400004, 31.452427889000035], [120.57949299600011, 31.452671894000048], [120.5807016660001, 31.452720872000043], [120.58175422800002, 31.45247746700005], [120.58259296800009, 31.451878041000043], [120.5832782970001, 31.450985545000037], [120.58386186000007, 31.449887657000033], [120.58546610500002, 31.446085037000046], [120.58620864000011, 31.444852232000073], [120.58733673500001, 31.443744767000055], [120.58878591300004, 31.442902350000054], [120.5904973800001, 31.442271361000053], [120.59235193800009, 31.441818639000076], [120.59423174800008, 31.441512058000058], [120.596021371, 31.441321911000045], [120.59760758900006, 31.44122105300005], [120.59887840100009, 31.441184183000075], [120.6000241050001, 31.441206627000042]]]}}, {"type": "Feature", "properties": {"township_name": "北桥街道", "district_code": "xiangcheng", "district_name": "相城区", "areacode": "32058710", "class": "乡镇界"}, "geometry": {"type": "Polygon", "coordinates": [[[120.65181899800007, 31.498608955000066], [120.64145961300005, 31.48516941300005], [120.63861635800004, 31.48155764100005], [120.6366965950001, 31.479253871000026], [120.6357226020001, 31.47816621800007], [120.63473417500006, 31.47714621700004], [120.63372595400006, 31.476220760000047], [120.63269087100002, 31.475425702000052], [120.63161971400007, 31.474808319000033], [120.63050061800004, 31.474430183000038], [120.62940815700006, 31.474334879000025], [120.62828039400006, 31.47442963800006], [120.62713459800011, 31.474641365000025], [120.62485487700008, 31.47515918700003], [120.62375602300006, 31.475341411000045], [120.62271187700003, 31.475383862000058], [120.62174809900011, 31.47520856400007], [120.62084477200005, 31.474723577000077], [120.62003455500007, 31.473980002000076], [120.6192942460001, 31.47304364000007], [120.61860676100002, 31.471965453000053], [120.61796027300011, 31.47078460800003], [120.61734764000005, 31.46953112400007], [120.61676617800003, 31.468228126000042], [120.6162178290001, 31.466893767000045], [120.61570979800001, 31.465542887000026], [120.61525579400006, 31.46418852900007], [120.61487798700011, 31.462843376000023], [120.61461839900005, 31.461510385000054], [120.61463526000011, 31.460089458000027], [120.61502439100002, 31.45862222100004], [120.615825717, 31.457167274000028], [120.6169328520001, 31.455788135000034], [120.61821186300006, 31.45451981700006], [120.619532821, 31.453398305000064], [120.62076974100012, 31.452460888000076], [120.62272199800009, 31.451141475000043], [120.61734436000006, 31.442512228000055], [120.61638309800003, 31.44101875000007], [120.61571486900004, 31.44008858500007], [120.61536375900005, 31.439664136000033], [120.6149947350001, 31.439282522000042], [120.61460068000008, 31.43896075600003], [120.61417213900006, 31.438721446000045], [120.61370535700007, 31.43858381000007], [120.61320450200003, 31.43852764500008], [120.61267879800005, 31.438530890000038], [120.61213522100002, 31.438576873000045], [120.61101391800003, 31.43875048700005], [120.60929018200011, 31.43911080600003], [120.6000241050001, 31.441206627000042], [120.59887840100009, 31.441184183000075], [120.59760758900006, 31.44122105300005], [120.596021371, 31.441321911000045], [120.59423174800008, 31.441512058000058], [120.59235193800009, 31.441818639000076], [120.5904973800001, 31.442271361000053], [120.58878591300004, 31.442902350000054], [120.58733673500001, 31.443744767000055], [120.58620864000011, 31.444852232000073], [120.58546610500002, 31.446085037000046], [120.58386186000007, 31.449887657000033], [120.5832782970001, 31.450985545000037], [120.58259296800009, 31.451878041000043], [120.58175422800002, 31.45247746700005], [120.5807016660001, 31.452720872000043], [120.57949299600011, 31.452671894000048], [120.57818142400004, 31.452427889000035], [120.57681081400005, 31.452067786000043], [120.574042598, 31.45126194900007], [120.5727171310001, 31.450938412000028], [120.57148304800012, 31.450753879000047], [120.5703872680001, 31.450784142000032], [120.56948659400007, 31.45112023300004], [120.5688301240001, 31.451819795000063], [120.56835166500002, 31.45281086400007], [120.56798347100005, 31.45399880100007], [120.56734340000003, 31.45665445000003], [120.56696007700009, 31.45798381900005], [120.56645600400009, 31.459222643000032], [120.5657630070001, 31.46029480900006], [120.56481645300005, 31.461140804000024], [120.56367081500002, 31.461743261000038], [120.56238915600011, 31.46210049000007], [120.56102439300003, 31.462190417000045], [120.55967673200007, 31.462005275000024], [120.55831918500007, 31.46159827200006], [120.55697490700004, 31.461017063000043], [120.55566807600007, 31.460294731000033], [120.55442587000005, 31.45945183400005], [120.553280545, 31.45849793600007], [120.55227169500006, 31.457432650000044], [120.55144868000002, 31.456246257000032], [120.55085783000004, 31.454959357000064], [120.55043451400002, 31.45358867300007], [120.55011788600007, 31.452180347000024], [120.5495900310001, 31.44943202500008], [120.5492756750001, 31.448191492000035], [120.54885483400005, 31.447119987000065], [120.54826438500004, 31.44629429400004], [120.54752048000012, 31.445807694000052], [120.54662637000001, 31.445569221000028], [120.54563564700004, 31.445547289000046], [120.54459782200001, 31.44572489600006], [120.54356087000008, 31.446099420000053], [120.5425738780001, 31.446682930000065], [120.54153961100008, 31.44763542700008], [120.54061251500002, 31.448823980000043], [120.53976727500003, 31.450184904000025], [120.53898394900011, 31.451670258000036], [120.53824598200003, 31.453247366000028], [120.5374734720001, 31.455075616000045], [120.5366450790001, 31.457177235000074], [120.5349456240001, 31.461746572000038], [120.5322770360001, 31.469266709000067], [120.53195234300006, 31.470167153000034], [120.53182724100009, 31.470439043000056], [120.53849367600003, 31.472885219000034], [120.54458380300002, 31.475073055000053], [120.54654397600007, 31.47581804600003], [120.54773121900007, 31.476344149000056], [120.54825143000005, 31.476625282000043], [120.54869470300002, 31.476925364000067], [120.54903090500011, 31.477251817000024], [120.54922010400003, 31.477614478000078], [120.54922729300006, 31.478034643000058], [120.5490786370001, 31.478493193000077], [120.5488168500001, 31.478979606000053], [120.54847409600006, 31.47948596200007], [120.54807429100003, 31.48000636900008], [120.54716899000005, 31.481073215000038], [120.54619064600001, 31.482158051000056], [120.53916746700008, 31.48979495100008], [120.53932476200009, 31.490036307000025], [120.54191185800005, 31.495546726000043], [120.54390788300009, 31.499605510000038], [120.54495924700007, 31.501614871000072], [120.5460011780001, 31.50347583100006], [120.54700104000005, 31.505084673000056], [120.54794435100007, 31.506370503000028], [120.54893614700006, 31.507476299000075], [120.55001846100004, 31.508393179000052], [120.55122025000003, 31.50906023600004], [120.55258221100007, 31.509434337000073], [120.55406052900003, 31.509565096000074], [120.55562186100008, 31.50952237100006], [120.55724134500008, 31.509357778000037], [120.55890030100011, 31.50910936100007], [120.5605843190001, 31.508805376000055], [120.56898930500006, 31.507096055000034], [120.57057913000006, 31.506828118000044], [120.57209450900007, 31.50663169300003], [120.5735043730001, 31.506537885000057], [120.57476772000007, 31.50658745900006], [120.57583082100007, 31.506833766000057], [120.576624003, 31.50734611200005], [120.57707082700006, 31.50811309100004], [120.57729043000006, 31.509112370000025], [120.5773525840001, 31.510283645000072], [120.57731635200003, 31.51157882700005], [120.57715237000002, 31.514393167000037], [120.57711999600008, 31.515853545000027], [120.57718625700011, 31.517316037000057], [120.57740638400003, 31.518757142000027], [120.577840992, 31.520205531000045], [120.57845169400002, 31.521606777000045], [120.5791923810001, 31.52295909000003], [120.5800257410001, 31.524256123000043], [120.58092121100003, 31.525485924000066], [120.58185307800011, 31.526629591000074], [120.58279871900004, 31.52765954700004], [120.58373696500007, 31.528537329000073], [120.58464654400007, 31.529210842000055], [120.58550456600005, 31.529611011000043], [120.58628503000011, 31.529647819000047], [120.58697720200007, 31.529243360000066], [120.58759110100004, 31.528482421000035], [120.58815503800008, 31.52747656300005], [120.58979588200009, 31.52388594200005], [120.59040892100006, 31.522768015000054], [120.59110273800002, 31.521832257000028], [120.59191364200001, 31.52118286600006], [120.59292281500007, 31.520901710000032], [120.5940412330001, 31.520980507000047], [120.59520384000007, 31.521347932000026], [120.59634580600004, 31.521957950000058], [120.59739716100012, 31.522787891000064], [120.59827681600007, 31.523837626000045], [120.59891726300009, 31.525113186000056], [120.59935259600002, 31.52656709100006], [120.59963394700003, 31.528150650000043], [120.59980069700009, 31.529828334000058], [120.59987522200004, 31.531757929000037], [120.59987322900008, 31.533987169000056], [120.59981413000003, 31.536393516000032], [120.59959580000009, 31.541257252000037], [120.59919720500011, 31.547883253000066], [120.59920573200009, 31.548185579000062], [120.61611418100006, 31.551334608000047], [120.61726449200012, 31.549366187000032], [120.61890375500002, 31.546429009000065], [120.6198240760001, 31.54470239400007], [120.62073901500003, 31.542904411000052], [120.62159261500005, 31.54111079200004], [120.62232779800001, 31.53939783000004], [120.62288727700002, 31.537842520000027], [120.62323028000003, 31.53649155200003], [120.62340593800002, 31.535196248000034], [120.62341492400003, 31.533963134000032], [120.6232281020001, 31.531652016000066], [120.62318735500003, 31.530616859000077], [120.62328384400007, 31.529700545000026], [120.62360115900003, 31.52894185100007], [120.62419385600003, 31.528372597000043], [120.62500333100002, 31.527942236000058], [120.62595132800004, 31.527597422000042], [120.62800140200011, 31.52698453000005], [120.62898497800006, 31.52663343300003], [120.62986172800004, 31.52619579700007], [120.63056623300008, 31.52562365700004], [120.63104683800009, 31.524896323000064], [120.63137419100008, 31.52404904200006], [120.63187660000006, 31.522220356000048], [120.63220057800004, 31.521345841000027], [120.6326782970001, 31.52057153000004], [120.63340016600011, 31.519918534000055], [120.63431057900004, 31.519379297000057], [120.63758820400005, 31.517903576000037], [120.63869309600011, 31.517273315000068], [120.63977028800002, 31.516452053000023], [120.64078173200005, 31.515484340000057], [120.64174218300002, 31.514406101000077], [120.64266345400006, 31.513245217000076], [120.64356067400001, 31.512013593000063], [120.64453712000011, 31.510569264000026], [120.64559559600002, 31.50892422000004], [120.64778671400006, 31.505371456000034], [120.65181899800007, 31.498608955000066]]]}}, {"type": "Feature", "properties": {"township_name": "长桥街道", "district_code": "wuzhong", "district_name": "吴中区", "areacode": "32058603", "class": "乡镇界"}, "geometry": {"type": "Polygon", "coordinates": [[[120.64560860600011, 31.273124301000053], [120.64999669300005, 31.259152524000058], [120.63794290700002, 31.262566666000055], [120.63771164600007, 31.262525330000074], [120.63434852500006, 31.26243620300005], [120.63089248500012, 31.262265571000057], [120.62909332100003, 31.262114035000025], [120.62737928500007, 31.261901608000073], [120.62585236000007, 31.261613374000035], [120.62461577400006, 31.26123327600004], [120.62367586900007, 31.26073389100003], [120.6229288620001, 31.260060474000056], [120.62240295700008, 31.259171267000056], [120.62205818400002, 31.25811514600008], [120.62184057800005, 31.256941754000025], [120.62171124100007, 31.255686869000044], [120.62164247300007, 31.25437596900008], [120.6216143150001, 31.251652705000026], [120.62180335400001, 31.24186457600007], [120.62176370200007, 31.23917725900003], [120.62168507800004, 31.237900376000027], [120.62154252200003, 31.236696083000027], [120.62130838200005, 31.235595730000057], [120.62094474000003, 31.23464225500004], [120.6204001860001, 31.23389381100003], [120.61967685400009, 31.233419611000045], [120.61878474500008, 31.233135936000053], [120.61776698400001, 31.23299310300007], [120.61665719200005, 31.23295179400003], [120.61548152400007, 31.23298053900004], [120.61174201400001, 31.23324045800007], [120.6103520370001, 31.233253321000063], [120.60884280700009, 31.233129053000027], [120.60729282400007, 31.232839713000033], [120.60577839900009, 31.23236236500003], [120.60447003600007, 31.23175715800005], [120.60328251100009, 31.23105356800005], [120.60224539100011, 31.230321936000053], [120.60138922800002, 31.229630232000034], [120.60074569000005, 31.229044293000072], [120.60034780100011, 31.228628068000035], [120.60023252600001, 31.228440479000028], [120.58924788900003, 31.23869303400005], [120.58719597700008, 31.251794946000075], [120.5879360130001, 31.25210439800003], [120.59673696100003, 31.255499101000055], [120.59898057800001, 31.256414188000065], [120.60001157600004, 31.25686313800003], [120.60101651200011, 31.257330635000073], [120.60198431200001, 31.25782451300006], [120.60289992300011, 31.25835541300006], [120.60374314, 31.25893760500003], [120.60448716700012, 31.259590005000064], [120.60509689600008, 31.26033737700004], [120.60554788200011, 31.26120704400006], [120.6058660440001, 31.262170661000027], [120.60608908900008, 31.26320161700005], [120.60624511000003, 31.264280025000062], [120.6063550020001, 31.26539099400003], [120.60643445400001, 31.266523177000067], [120.60666428000002, 31.271098116000076], [120.6067468660001, 31.27221340400007], [120.60686209800008, 31.273296354000024], [120.60702677000006, 31.27433072100007], [120.60726343100009, 31.275294484000028], [120.60760257200002, 31.276157741000077], [120.60808532100009, 31.276880076000054], [120.60873363400003, 31.277418972000078], [120.60952565800005, 31.27781682600005], [120.61042438300001, 31.27811001400005], [120.61140145400009, 31.278326401000072], [120.61243541300007, 31.27848706000003], [120.61351022100007, 31.27860773900005], [120.61462317000007, 31.278700420000064], [120.61733421400004, 31.278847893000034], [120.62532464700007, 31.279123206000065], [120.62611010300009, 31.279178375000072], [120.64560860600011, 31.273124301000053]]]}}, {"type": "Feature", "properties": {"township_name": "越溪街道", "district_code": "wuzhong", "district_name": "吴中区", "areacode": "32058604", "class": "乡镇界"}, "geometry": {"type": "Polygon", "coordinates": [[[120.60023252600001, 31.228440479000028], [120.60136280800009, 31.226698928000076], [120.60753828400004, 31.216536027000075], [120.60822483600009, 31.215517625000075], [120.6085864050001, 31.21503417300005], [120.60896734700009, 31.214577989000077], [120.60937544100011, 31.214160022000044], [120.60982104900006, 31.213794860000064], [120.61029697400011, 31.213502737000056], [120.61080846900006, 31.213260681000065], [120.6113459710001, 31.213055230000066], [120.61190223500012, 31.212876189000042], [120.61305075500002, 31.21256876600006], [120.61481788200001, 31.21217005300008], [120.62491458300008, 31.21002747700004], [120.62245751300009, 31.198777138000025], [120.61998269200001, 31.187264672000026], [120.61941376200002, 31.184743871000023], [120.61879374600005, 31.182247473000075], [120.6184477160001, 31.181016749000037], [120.6180633560001, 31.17980477900005], [120.61762509400012, 31.178619316000038], [120.61711213800004, 31.177470742000025], [120.6165365600001, 31.17641657200005], [120.61589176600012, 31.17539656400004], [120.61519609000004, 31.17440156600003], [120.61446346500009, 31.173424714000078], [120.61292629400009, 31.171507097000074], [120.61052504100007, 31.16869010700003], [120.60888769100006, 31.166860214000053], [120.6072144960001, 31.16511517600003], [120.60635489700007, 31.164302946000078], [120.6054659450001, 31.163556885000048], [120.60440821100008, 31.162905670000043], [120.6031452410001, 31.16241225400006], [120.60166502700008, 31.16211923700007], [120.60009462200003, 31.162017744000025], [120.59852436900007, 31.16205640100003], [120.59704362800005, 31.16218638500004], [120.59574079800007, 31.162361514000054], [120.59378358300012, 31.162701646000073], [120.58061228100007, 31.164884048000033], [120.565984275, 31.16722197400003], [120.5625450980001, 31.167821124000056], [120.5608560930001, 31.168150568000044], [120.55920165600003, 31.16851384100005], [120.55759758600004, 31.168926456000065], [120.55606541200007, 31.169409564000034], [120.55463413700011, 31.169991665000055], [120.55334237900001, 31.17071072400006], [120.55224094100004, 31.171616696000058], [120.55135711200012, 31.172771929000078], [120.55066844700002, 31.174118773000032], [120.55012126200006, 31.17560440300008], [120.54967515500005, 31.17718910800005], [120.54930000600007, 31.178843362000066], [120.54897347500003, 31.180545403000053], [120.54840398300007, 31.184033299000077], [120.54731936500002, 31.19110160400004], [120.54700901900003, 31.192853341000045], [120.54666016400006, 31.194586876000074], [120.54625471400004, 31.19629363300004], [120.5457678350001, 31.197962089000043], [120.54516543600005, 31.199576576000027], [120.54441698800008, 31.201124591000053], [120.54354450900007, 31.20261718300003], [120.54245749800009, 31.204211490000034], [120.54114427900004, 31.205951293000055], [120.5396876530001, 31.207763912000075], [120.53816972200002, 31.209576394000067], [120.53667128300003, 31.211315210000066], [120.53245965000008, 31.216049261000023], [120.53225612200004, 31.216308774000026], [120.53617956800008, 31.22503630600005], [120.53647913400005, 31.22576678100006], [120.53671480800006, 31.22621999100005], [120.53701770600003, 31.22670996800008], [120.537387996, 31.227194962000056], [120.53782658700004, 31.227632098000072], [120.53836317900004, 31.22800330800004], [120.53894557800004, 31.228271418000077], [120.53953785200008, 31.228441258000032], [120.54010471100003, 31.228520824000043], [120.54181212600008, 31.22860262900008], [120.54765261200009, 31.228644147000068], [120.54938510000011, 31.22869857300003], [120.55050855100001, 31.228801218000058], [120.55105168700004, 31.228891800000042], [120.5515756640001, 31.229022889000078], [120.55207323200011, 31.229209840000067], [120.55254478400002, 31.22946951700004], [120.55298881400006, 31.22978742400005], [120.55341261500007, 31.230148130000032], [120.55422034800006, 31.23095388200005], [120.55576054100004, 31.23272457400003], [120.55991907300006, 31.23775657400006], [120.56574437500001, 31.232862417000035], [120.57362742600003, 31.226164936000032], [120.57516143900011, 31.224918342000024], [120.5759329870001, 31.224326991000055], [120.57670921300007, 31.22377149500005], [120.57749189200001, 31.223268107000024], [120.57828338500008, 31.222839013000055], [120.57908679900004, 31.222514155000056], [120.5799061780001, 31.222333434000063], [120.58073384400006, 31.222328635000054], [120.58157636400006, 31.22246558200004], [120.58242885600009, 31.22270634100005], [120.58328690200005, 31.22302260300006], [120.58414610000011, 31.22339377700007], [120.58584729800009, 31.224248473000046], [120.58667550300004, 31.224717811000062], [120.5874755540001, 31.225212578000026], [120.58823275700001, 31.22573579500005], [120.58892669200009, 31.226294774000053], [120.58952904700004, 31.22690182200006], [120.59000090300003, 31.227575337000076], [120.59030528900007, 31.22832234200007], [120.59047203600005, 31.229149134000068], [120.59051628600002, 31.230153978000033], [120.59045931600008, 31.231313122000074], [120.5903269160001, 31.232563527000025], [120.5901439050001, 31.233842808000077], [120.58971801700011, 31.23624252500008], [120.58925690700005, 31.238531081000076], [120.58924788900003, 31.23869303400005], [120.60023252600001, 31.228440479000028]]]}}, {"type": "Feature", "properties": {"township_name": "胥口镇", "district_code": "wuzhong", "district_name": "吴中区", "areacode": "32058605", "class": "乡镇界"}, "geometry": {"type": "Polygon", "coordinates": [[[120.51406659400004, 31.217238915000053], [120.51414911300003, 31.216965592000065], [120.51407173700011, 31.216445425000074], [120.5138360300001, 31.215759286000036], [120.51342678800006, 31.214999959000068], [120.51282319500001, 31.214264418000027], [120.5118964720001, 31.213570154000024], [120.51076444600005, 31.21304890600004], [120.50951993700005, 31.212693581000053], [120.50826815000005, 31.212485005000076], [120.50712016400007, 31.21239963000005], [120.50501252800007, 31.21244093300004], [120.50487973300005, 31.212382185000024], [120.5051116300001, 31.21226295500003], [120.50561428300011, 31.212089493000065], [120.50796015800006, 31.211324775000037], [120.50882091500011, 31.210995835000062], [120.50963484800002, 31.210624327000062], [120.510349786, 31.210201100000063], [120.51090783300003, 31.209712551000052], [120.5112415750001, 31.20913994800003], [120.51129621900009, 31.208441376000053], [120.51110603900008, 31.207655887000044], [120.51073733900012, 31.20680668600005], [120.51024278900002, 31.205911333000074], [120.50966499300011, 31.20498294500004], [120.50777272300002, 31.20208343400003], [120.50719413700006, 31.201095698000074], [120.50669987300012, 31.20010190000005], [120.50633461500001, 31.199103096000044], [120.50615435200007, 31.19809948900007], [120.50621382300005, 31.197039262000033], [120.50648595900009, 31.19597516500005], [120.50691612100002, 31.194908663000035], [120.5074624230001, 31.193840778000038], [120.50809314700007, 31.192772210000044], [120.50878457900001, 31.191703413000027], [120.50952152900004, 31.190631602000053], [120.5113671680001, 31.18810887500007], [120.51702050200004, 31.18072145900004], [120.51756563300012, 31.179969369000048], [120.50263664900001, 31.179131131000076], [120.49159919500005, 31.178460247000032], [120.49005576100001, 31.178412190000074], [120.4893044580001, 31.178417413000034], [120.48857640000006, 31.178455946000042], [120.48788281700001, 31.178543881000053], [120.48723962500003, 31.17870402300008], [120.48666906500011, 31.178968247000057], [120.48620720000008, 31.17936792100005], [120.48578441200004, 31.179966664000062], [120.48539947000006, 31.18071640100004], [120.48505230100011, 31.181564372000025], [120.48474327600002, 31.18245845200005], [120.48424518700006, 31.184182227000065], [120.48378399500007, 31.185976878000076], [120.47653475800007, 31.187392259000035], [120.47674465600005, 31.188270791000036], [120.47778289100006, 31.192054347000067], [120.47865805700008, 31.195387329000027], [120.47944910700005, 31.19870591600005], [120.47974760000011, 31.20018176700006], [120.47995476800008, 31.20148040400005], [120.4800936360001, 31.202751402000047], [120.4801482900001, 31.204015394000066], [120.48009050100006, 31.20526938900008], [120.47990405100006, 31.20648320400005], [120.47961342000008, 31.20768636500003], [120.47924679800008, 31.208880202000046], [120.47882433100006, 31.210064602000045], [120.47835974100008, 31.211237921000077], [120.47786150600007, 31.21239674800006], [120.47733367300009, 31.213535553000042], [120.47677628400004, 31.21464615600007], [120.47618549800006, 31.215717002000076], [120.47555340600002, 31.216732208000053], [120.4748675400001, 31.217670346000034], [120.4741101090001, 31.21850293500006], [120.47325695400002, 31.219192598000063], [120.47224444300002, 31.21972777900004], [120.47112982600004, 31.220109197000056], [120.46994112000004, 31.220378534000076], [120.46869942400008, 31.220567286000062], [120.46742044400003, 31.220698973000026], [120.46479367900008, 31.220855896000046], [120.46211987100003, 31.22093852900008], [120.45083989000011, 31.221150954000052], [120.44063678500004, 31.22140219700003], [120.44421054300005, 31.223801196000068], [120.44594269600009, 31.225030624000055], [120.44665887400004, 31.225585882000075], [120.44719628600001, 31.226059142000054], [120.44755807600006, 31.22646431100003], [120.4477711940001, 31.22683912000008], [120.44778503300006, 31.227173420000042], [120.44757293600003, 31.227449367000077], [120.44718348300012, 31.22768916600006], [120.44666759500001, 31.227903035000054], [120.44606268400003, 31.228098516000045], [120.44468721900012, 31.228455153000027], [120.44014195000011, 31.229473093000024], [120.43866912900012, 31.229877972000054], [120.43797023800005, 31.23011758000007], [120.43731060000005, 31.23039621500004], [120.43670527400002, 31.23072921200003], [120.43617418600002, 31.231136957000047], [120.43572017800011, 31.231654922000075], [120.43534591800005, 31.232253365000076], [120.43503017100011, 31.23291069900006], [120.43475681500001, 31.23361056300007], [120.43429202200002, 31.235092061000046], [120.43369773100005, 31.237415947000045], [120.43167945400012, 31.24608555100008], [120.43277258100011, 31.245511145000023], [120.44774784800006, 31.237269972000036], [120.45089107400008, 31.235590279000064], [120.45387061300005, 31.234090948000073], [120.45525241200005, 31.233462664000058], [120.45652101600001, 31.232961646000035], [120.45763201200009, 31.232637840000052], [120.45852652100007, 31.232557462000045], [120.4591274610001, 31.232807198000046], [120.45937525700003, 31.233466700000065], [120.45932973800006, 31.23445597400007], [120.45907419200012, 31.23568129100005], [120.45867016800003, 31.237073381000073], [120.4581625830001, 31.238581671000077], [120.45758381400003, 31.240169690000073], [120.45629803000008, 31.24348876600004], [120.45071576100008, 31.257244264000065], [120.44938245000003, 31.26062104600004], [120.44819593800003, 31.263855291000027], [120.44770761500001, 31.265371170000037], [120.44733243500002, 31.266778138000063], [120.44711797500008, 31.26803055000005], [120.44712836300005, 31.269066863000035], [120.4474488520001, 31.269805243000064], [120.44813834600006, 31.270176095000068], [120.44913263100011, 31.27025416500004], [120.45034966700007, 31.27011825200003], [120.45172708000007, 31.269828267000037], [120.453218074, 31.269429157000047], [120.45478799400007, 31.268954215000065], [120.45641150100005, 31.268427777000056], [120.45975149600008, 31.267285532000074], [120.47674400300002, 31.26129633200003], [120.49354172900007, 31.25548658200006], [120.49505151500011, 31.25544089600004], [120.49604482900008, 31.255377019000036], [120.49715298800004, 31.255257037000035], [120.49829801400006, 31.255062030000033], [120.49940020400004, 31.254771739000034], [120.50037764500007, 31.254364173000056], [120.50114672900008, 31.253816012000073], [120.50167644500004, 31.253040277000025], [120.50188733200002, 31.252149872000075], [120.5019016870001, 31.251190378000047], [120.50183556200011, 31.250167944000054], [120.50156017200004, 31.248011225000027], [120.50080776300001, 31.243537141000047], [120.50046359500004, 31.241317194000032], [120.50033022900004, 31.240232254000034], [120.50024064600007, 31.23917570900005], [120.50021409400006, 31.238159991000032], [120.50027642700002, 31.237201757000037], [120.50046219500007, 31.236323226000025], [120.50081714700002, 31.23555379100003], [120.50135142300007, 31.23494125600007], [120.50204235800004, 31.23442955300004], [120.50284795300001, 31.233991484000057], [120.50373536400002, 31.23360564500007], [120.50467867300006, 31.233254955000064], [120.50862840700006, 31.231941205000055], [120.50957443800007, 31.231572309000057], [120.51046413300003, 31.23115619500004], [120.5112693860001, 31.230670160000045], [120.51195358700011, 31.23008436600003], [120.51251230800005, 31.229327414000068], [120.5129275600001, 31.22845255200008], [120.51324341100008, 31.227384719000042], [120.51348602100006, 31.226087664000033], [120.51366762000009, 31.22464423200006], [120.51379978300008, 31.22313667700007], [120.51389263100009, 31.22164603500005], [120.51403815300012, 31.217444760000035], [120.51406659400004, 31.217238915000053]]]}}, {"type": "Feature", "properties": {"township_name": "香山街道", "district_code": "wuzhong", "district_name": "吴中区", "areacode": "32058606", "class": "乡镇界"}, "geometry": {"type": "MultiPolygon", "coordinates": [[[[120.33626115300001, 31.161318290000054], [120.33623140000009, 31.161199966000027], [120.3361002790001, 31.161204560000044], [120.33591476700008, 31.16127827300005], [120.33433683900012, 31.162041239000075], [120.33598069400011, 31.162663549000058], [120.33623697700011, 31.16150514700007], [120.33626115300001, 31.161318290000054]]], [[[120.337430659, 31.167404541000053], [120.33719330200006, 31.167388938000045], [120.33653723700002, 31.167463749000035], [120.33400796600006, 31.168006776000027], [120.33134080800005, 31.168624472000033], [120.3300768150001, 31.16894759400003], [120.32933691400001, 31.169192018000047], [120.32902974100011, 31.16933306900006], [120.32878923400006, 31.169494491000023], [120.32864293000011, 31.16968490900007], [120.32861419300002, 31.169905051000057], [120.32868020900003, 31.170154471000046], [120.32882649100009, 31.17043530600006], [120.32906965300003, 31.170778160000054], [120.3297577400001, 31.171585829000037], [120.33170223400009, 31.17360494600007], [120.33391982900002, 31.171909076000077], [120.33588720900002, 31.169803330000036], [120.33696184700011, 31.168600493000042], [120.33739223200007, 31.168039546000045], [120.33753197900012, 31.167804914000044], [120.33760047500004, 31.167612201000054], [120.33757396700003, 31.167475401000047], [120.337430659, 31.167404541000053]]], [[[120.36517741400007, 31.198619351000048], [120.36507658000005, 31.19854156100007], [120.36500489500008, 31.19863886400003], [120.36481532500011, 31.19910227500003], [120.3655592230001, 31.199086058000034], [120.36517741400007, 31.198619351000048]]], [[[120.34825667100006, 31.18231858000007], [120.3476021670001, 31.182296476000033], [120.34699195500002, 31.18240723400004], [120.3464662020001, 31.182660329000043], [120.34598449200007, 31.183032242000024], [120.34554041600006, 31.18349132900005], [120.3451313600001, 31.184013184000037], [120.34475849300009, 31.184579023000026], [120.34442699500005, 31.18517432300007], [120.34414653600004, 31.185787692000076], [120.34393204000003, 31.186409921000063], [120.3438047620001, 31.18703319800005], [120.34379369600003, 31.18765042700005], [120.3439336890001, 31.18828921100004], [120.34420174700006, 31.18891611500004], [120.34456389800005, 31.189533398000037], [120.34499429000005, 31.19014295900007], [120.34547347400007, 31.19074637500006], [120.34652424100011, 31.191939666000053], [120.34821696300003, 31.193713626000033], [120.35394790500004, 31.199539551000044], [120.35467365600005, 31.199397214000044], [120.35615125800007, 31.19918823000006], [120.36147281500007, 31.198581228000023], [120.36267046300009, 31.198410804000048], [120.36339646300007, 31.198243157000036], [120.36371558500002, 31.198126608000052], [120.36398897700008, 31.197975951000046], [120.36419896500001, 31.197778007000068], [120.36433000900001, 31.19752488300003], [120.36439851900002, 31.19722512000004], [120.3644215710001, 31.196891454000024], [120.36441203800007, 31.196533486000078], [120.364331031, 31.195771351000076], [120.36303000500004, 31.188485549000063], [120.35259432400005, 31.183764455000073], [120.35110900000006, 31.183146002000058], [120.34965127400005, 31.182628634000025], [120.34894284800009, 31.18243824900003], [120.34825667100006, 31.18231858000007]]], [[[120.40872685200009, 31.26191489400003], [120.40897305500005, 31.26191231300004], [120.40949074600007, 31.26198688200003], [120.41029991300002, 31.262201624000056], [120.41689461900012, 31.264302219000058], [120.43167945400012, 31.24608555100008], [120.43369773100005, 31.237415947000045], [120.43429202200002, 31.235092061000046], [120.43475681500001, 31.23361056300007], [120.43503017100011, 31.23291069900006], [120.43534591800005, 31.232253365000076], [120.43572017800011, 31.231654922000075], [120.43617418600002, 31.231136957000047], [120.43670527400002, 31.23072921200003], [120.43731060000005, 31.23039621500004], [120.43797023800005, 31.23011758000007], [120.43866912900012, 31.229877972000054], [120.44014195000011, 31.229473093000024], [120.44468721900012, 31.228455153000027], [120.44606268400003, 31.228098516000045], [120.44666759500001, 31.227903035000054], [120.44718348300012, 31.22768916600006], [120.44757293600003, 31.227449367000077], [120.44778503300006, 31.227173420000042], [120.4477711940001, 31.22683912000008], [120.44755807600006, 31.22646431100003], [120.44719628600001, 31.226059142000054], [120.44665887400004, 31.225585882000075], [120.44594269600009, 31.225030624000055], [120.44421054300005, 31.223801196000068], [120.44063678500004, 31.22140219700003], [120.42177002300002, 31.21593533400005], [120.41833942400001, 31.214962635000063], [120.4149103850001, 31.21404265900003], [120.4131971590001, 31.21362020400005], [120.41148542500002, 31.213237940000056], [120.40977588700002, 31.212912423000034], [120.40806950900003, 31.21266583700003], [120.40636759000006, 31.212527557000044], [120.40467185200009, 31.212535973000058], [120.40299278700002, 31.212719282000023], [120.40131981600007, 31.21304072600003], [120.39965129300003, 31.213455967000073], [120.39300577300003, 31.215405873000066], [120.39135124600011, 31.215824660000067], [120.38970084400012, 31.21615409700007], [120.38805615000001, 31.216353508000054], [120.38641940500008, 31.216372426000078], [120.38476810500003, 31.216168941000035], [120.38312183800008, 31.215793747000077], [120.38147505400002, 31.21531360000006], [120.37815965100003, 31.214270299000077], [120.3764811960001, 31.213818636000042], [120.3747822580001, 31.213493683000024], [120.37311455400004, 31.213347086000056], [120.37143597700003, 31.213345417000028], [120.36976085300012, 31.213459191000027], [120.36810601700006, 31.213668876000042], [120.36649244500006, 31.21396409500005], [120.36494724300007, 31.214343239000073], [120.36350609800002, 31.21481349900006], [120.36221627200007, 31.215391391000026], [120.3611402360001, 31.216103737000026], [120.36036002000003, 31.216989106000028], [120.35994998800004, 31.218050566000045], [120.35983734900003, 31.219261938000045], [120.35995827900001, 31.220568322000076], [120.36026914900003, 31.221921644000076], [120.36074424200001, 31.223277309000025], [120.36137426300002, 31.224590884000065], [120.36216567000008, 31.225814727000056], [120.3631408010001, 31.22689451900004], [120.36433994600009, 31.22779967200006], [120.36570753400008, 31.228542107000067], [120.36719621800012, 31.229163648000053], [120.36876969100001, 31.229697517000034], [120.37040001500009, 31.230170359000056], [120.37710178200007, 31.231858007000028], [120.37874158900001, 31.232324620000043], [120.38033109700007, 31.232856257000037], [120.3818447110001, 31.233487892000028], [120.38327074800009, 31.234298223000053], [120.3846696390001, 31.235483701000078], [120.38603716600005, 31.236996434000048], [120.38734794800007, 31.23872700900006], [120.38857681800005, 31.240565950000075], [120.38969748000011, 31.242405434000034], [120.39068208300012, 31.244139720000078], [120.39267635300007, 31.247934540000074], [120.39780358600001, 31.248856756000066], [120.39979911900002, 31.249285133000058], [120.40071626000008, 31.249574077000034], [120.40113373200006, 31.249757849000048], [120.40150972700008, 31.249981281000032], [120.40182951100007, 31.25025846500006], [120.40208460800011, 31.250605850000056], [120.40228339600003, 31.25100708000008], [120.40244181800006, 31.251446909000038], [120.40257170300004, 31.251914026000065], [120.40277817200001, 31.252899227000057], [120.4048063670001, 31.266334028000074], [120.40675925000005, 31.263690603000043], [120.40748196000004, 31.262768992000076], [120.40786138400006, 31.26236516000006], [120.40806085600002, 31.262194020000038], [120.40827033800008, 31.262054437000074], [120.40849353300007, 31.261958096000058], [120.40872685200009, 31.26191489400003]]]]}}, {"type": "Feature", "properties": {"township_name": "木渎镇", "district_code": "wuzhong", "district_name": "吴中区", "areacode": "32058612", "class": "乡镇界"}, "geometry": {"type": "Polygon", "coordinates": [[[120.47398174200009, 31.312705449000077], [120.47408910400009, 31.312485930000037], [120.47427278000009, 31.311794149000036], [120.474811896, 31.30937134100003], [120.47512497000002, 31.307818187000066], [120.4754355560001, 31.30615432600007], [120.47601544200006, 31.30252838100006], [120.47627983500001, 31.30110260600003], [120.47662838100007, 31.299958205000053], [120.47713133200011, 31.299161768000033], [120.47791276700002, 31.298564485000043], [120.47889792900003, 31.298123058000044], [120.480010934, 31.297771261000037], [120.4823871110001, 31.29712864800007], [120.48355259300001, 31.296748270000023], [120.48464125800001, 31.296270625000034], [120.48567678800009, 31.29561719000003], [120.48646505300007, 31.294976992000045], [120.48755698000002, 31.293966150000074], [120.48802751400001, 31.29357961000005], [120.4884261740001, 31.293344183000045], [120.48878243200011, 31.293248422000033], [120.48911924900005, 31.293270048000068], [120.4898470060001, 31.293581122000035], [120.49052866800002, 31.29406526200006], [120.49266802600005, 31.295933151000042], [120.493373184, 31.296467371000062], [120.49405421300003, 31.296836718000066], [120.49469734600007, 31.296953718000054], [120.49529217600002, 31.29675349100006], [120.49586171700003, 31.29630588300006], [120.49703874000011, 31.295034507000025], [120.49771038200004, 31.294379158000027], [120.49848986900008, 31.293824511000025], [120.49942685200006, 31.293436187000054], [120.50048924400005, 31.293204606000074], [120.50164722800002, 31.293093240000076], [120.50288098700003, 31.29307291200007], [120.50431981300005, 31.29313757600005], [120.50597842600007, 31.293273725000063], [120.50962703100004, 31.293665514000054], [120.5133994470001, 31.294121148000045], [120.51520601300001, 31.29436750700006], [120.51744362700003, 31.294727667000075], [120.51781176600002, 31.293929132000073], [120.52122325200003, 31.285925946000077], [120.52239176100011, 31.283249156000068], [120.5234259560001, 31.281016393000073], [120.52396719500007, 31.279935796000075], [120.52453454400006, 31.27889301400006], [120.52513889300008, 31.277903792000075], [120.52579493200005, 31.27698937200006], [120.5265222380001, 31.276178059000074], [120.52734658100007, 31.275507101000073], [120.52824937000003, 31.275022757000045], [120.52924060100008, 31.27466638100003], [120.53029596200008, 31.27440287400003], [120.53139725100004, 31.274205953000035], [120.5325309750001, 31.274056126000062], [120.53485874500007, 31.273844216000043], [120.54199253700006, 31.27341703500008], [120.54435689600007, 31.27323505000004], [120.5455270220001, 31.273115528000062], [120.54668458200001, 31.27296578800008], [120.54782469800011, 31.272773591000032], [120.54894080300005, 31.272522346000073], [120.55039556300005, 31.27207915400004], [120.55140441900005, 31.271705564000058], [120.55240111100011, 31.271290045000057], [120.55338349700003, 31.270837078000056], [120.55439284600004, 31.270302483000023], [120.55547610400004, 31.269619231000036], [120.5565831990001, 31.268807129000038], [120.55766363200007, 31.26788844400005], [120.55913954100004, 31.266411693000066], [120.56006414100011, 31.26537340400006], [120.5608601240001, 31.264407377000055], [120.56149756400009, 31.263574644000073], [120.56194705500002, 31.26293653600004], [120.56220811800006, 31.262479536000058], [120.55977726300011, 31.26133339300003], [120.55852848600011, 31.26082536100006], [120.55773638500011, 31.260611336000068], [120.55619250500001, 31.260333986000035], [120.55578392200005, 31.260205016000043], [120.55517224700009, 31.259888449000073], [120.55487615800007, 31.259676142000046], [120.55470124800001, 31.259475751000025], [120.55466938000006, 31.25924683100004], [120.55472359800001, 31.259071033000055], [120.55482102400003, 31.25888412100005], [120.55510052800003, 31.25848853900004], [120.55581789500002, 31.257656739000026], [120.55775547400003, 31.255541120000032], [120.55782601700002, 31.255386736000048], [120.55771611900002, 31.255123068000046], [120.55747323300011, 31.25482567100005], [120.55667817000005, 31.254169280000042], [120.55548721100001, 31.25340728200007], [120.55398778400001, 31.252562228000045], [120.54890999000008, 31.24981419200003], [120.54727840800001, 31.248876173000042], [120.54578226600006, 31.247959785000035], [120.54379621100009, 31.24664890400004], [120.54285977300003, 31.24606427300006], [120.5420057340001, 31.245595346000073], [120.54113055000005, 31.245191675000058], [120.5399010320001, 31.244762352000066], [120.53865305000011, 31.244469639000044], [120.53740988700008, 31.24430882000007], [120.53615539700002, 31.244277186000033], [120.53351918300007, 31.24439443400007], [120.53266314300004, 31.244326770000043], [120.53183692900006, 31.244154862000073], [120.53105975500011, 31.243863696000062], [120.53051122700003, 31.24355577600005], [120.52999230700004, 31.243185324000024], [120.52942620700003, 31.24270589300005], [120.52888453500009, 31.24218226200003], [120.52811758200005, 31.241329092000058], [120.52745880700002, 31.24040746600008], [120.52709688200002, 31.239746894000064], [120.52610383400008, 31.237469326000053], [120.52563634600006, 31.236523826000052], [120.52505466500008, 31.23540858900003], [120.52427532500008, 31.234090208000055], [120.52401819700003, 31.23349322300004], [120.52393282800006, 31.23286982600007], [120.5239920460001, 31.232438066000043], [120.52413700000011, 31.23199537200003], [120.52462901600006, 31.231060554000067], [120.5247474790001, 31.23067502300006], [120.52481068700001, 31.230255312000054], [120.52481557300007, 31.229719569000054], [120.52478472400003, 31.22936602300007], [120.52470750900011, 31.22901205100004], [120.52415027300003, 31.22771688100005], [120.52415426800007, 31.227294463000078], [120.52442933500004, 31.22687365400003], [120.52508004700007, 31.226456821000056], [120.52603965800006, 31.226107029000048], [120.52722980300007, 31.225831881000033], [120.52830045100006, 31.225663858000075], [120.529432197, 31.225523644000077], [120.53210279300004, 31.225252241000078], [120.53369444300006, 31.225140074000024], [120.53617956800008, 31.22503630600005], [120.53225612200004, 31.216308774000026], [120.51406659400004, 31.217238915000053], [120.51403815300012, 31.217444760000035], [120.51389263100009, 31.22164603500005], [120.51379978300008, 31.22313667700007], [120.51366762000009, 31.22464423200006], [120.51348602100006, 31.226087664000033], [120.51324341100008, 31.227384719000042], [120.5129275600001, 31.22845255200008], [120.51251230800005, 31.229327414000068], [120.51195358700011, 31.23008436600003], [120.5112693860001, 31.230670160000045], [120.51046413300003, 31.23115619500004], [120.50957443800007, 31.231572309000057], [120.50862840700006, 31.231941205000055], [120.50467867300006, 31.233254955000064], [120.50373536400002, 31.23360564500007], [120.50284795300001, 31.233991484000057], [120.50204235800004, 31.23442955300004], [120.50135142300007, 31.23494125600007], [120.50081714700002, 31.23555379100003], [120.50046219500007, 31.236323226000025], [120.50027642700002, 31.237201757000037], [120.50021409400006, 31.238159991000032], [120.50024064600007, 31.23917570900005], [120.50033022900004, 31.240232254000034], [120.50046359500004, 31.241317194000032], [120.50080776300001, 31.243537141000047], [120.50156017200004, 31.248011225000027], [120.50183556200011, 31.250167944000054], [120.5019016870001, 31.251190378000047], [120.50188733200002, 31.252149872000075], [120.50167644500004, 31.253040277000025], [120.50114672900008, 31.253816012000073], [120.50037764500007, 31.254364173000056], [120.49940020400004, 31.254771739000034], [120.49829801400006, 31.255062030000033], [120.49715298800004, 31.255257037000035], [120.49604482900008, 31.255377019000036], [120.49505151500011, 31.25544089600004], [120.49354172900007, 31.25548658200006], [120.47674400300002, 31.26129633200003], [120.45975149600008, 31.267285532000074], [120.45641150100005, 31.268427777000056], [120.45478799400007, 31.268954215000065], [120.453218074, 31.269429157000047], [120.45172708000007, 31.269828267000037], [120.45034966700007, 31.27011825200003], [120.44913263100011, 31.27025416500004], [120.44813834600006, 31.270176095000068], [120.4474488520001, 31.269805243000064], [120.44712836300005, 31.269066863000035], [120.44711797500008, 31.26803055000005], [120.44733243500002, 31.266778138000063], [120.44770761500001, 31.265371170000037], [120.44819593800003, 31.263855291000027], [120.44938245000003, 31.26062104600004], [120.45071576100008, 31.257244264000065], [120.45629803000008, 31.24348876600004], [120.45758381400003, 31.240169690000073], [120.4581625830001, 31.238581671000077], [120.45867016800003, 31.237073381000073], [120.45907419200012, 31.23568129100005], [120.45932973800006, 31.23445597400007], [120.45937525700003, 31.233466700000065], [120.4591274610001, 31.232807198000046], [120.45852652100007, 31.232557462000045], [120.45763201200009, 31.232637840000052], [120.45652101600001, 31.232961646000035], [120.45525241200005, 31.233462664000058], [120.45387061300005, 31.234090948000073], [120.45089107400008, 31.235590279000064], [120.44774784800006, 31.237269972000036], [120.43277258100011, 31.245511145000023], [120.43167945400012, 31.24608555100008], [120.41689461900012, 31.264302219000058], [120.42320001500002, 31.268507017000047], [120.42568859400001, 31.270280239000044], [120.42672998600005, 31.271088079000037], [120.42762357000004, 31.27184976600006], [120.42846368800008, 31.27264848200008], [120.42923379900003, 31.273498182000026], [120.42990680900004, 31.27439238900007], [120.43050407400005, 31.275330078000025], [120.43103346400005, 31.276294121000035], [120.431495014, 31.277270074000057], [120.43188097100006, 31.27824484000007], [120.432175314, 31.27920544400007], [120.43235275100005, 31.280137844000024], [120.4323771710001, 31.281025744000033], [120.43219959600003, 31.281849366000074], [120.43177454200008, 31.28260327000004], [120.4311558920001, 31.283289377000074], [120.43040847400005, 31.28392553200007], [120.42958613700011, 31.28452486100008], [120.427138463, 31.28618041900006], [120.42649297000003, 31.28669762100003], [120.42603475100009, 31.28719851200003], [120.42584812000007, 31.287680788000046], [120.42598629100007, 31.28811763400006], [120.42638194800008, 31.288539593000053], [120.42697073800002, 31.288951077000036], [120.42770226200003, 31.289355699000055], [120.42853714600005, 31.28975658300004], [120.43237102000012, 31.29138697600007], [120.43336656300005, 31.291857348000065], [120.43437238700005, 31.292477552000037], [120.43532117100006, 31.293241833000025], [120.43614323600002, 31.294136606000052], [120.43677513600005, 31.295144889000028], [120.43718594400002, 31.296245674000033], [120.43740419100004, 31.297346659000027], [120.43748105700001, 31.298358588000042], [120.43746401500005, 31.29919404800006], [120.43739721300005, 31.299766832000046], [120.43731711100008, 31.29999293700007], [120.43883463200007, 31.30111874000005], [120.4398184910001, 31.301954427000055], [120.44026199000007, 31.302397473000042], [120.44062801000007, 31.302838574000077], [120.44088195900008, 31.303263800000025], [120.44099100100004, 31.303660121000064], [120.44094627900006, 31.304207490000067], [120.44081653100011, 31.30464160100007], [120.44063368900004, 31.305085407000036], [120.43951558300012, 31.30735691700005], [120.43934733800006, 31.307808942000065], [120.43923393700004, 31.308256192000044], [120.43919757800006, 31.30869644200004], [120.43923464700003, 31.30902616800006], [120.4393680600001, 31.309479056000043], [120.43957540500003, 31.309899244000064], [120.4398452910001, 31.31030841000006], [120.4401599680001, 31.31070963800005], [120.4412574910001, 31.311885491000055], [120.44608720700012, 31.31647474300007], [120.4476071260001, 31.317997846000026], [120.44850616800011, 31.319051081000055], [120.44928006800001, 31.32014232100005], [120.45009741400008, 31.319895769000027], [120.45120615300004, 31.319508048000046], [120.4530943640001, 31.318785693000052], [120.45413756300002, 31.318326114000058], [120.45454975500002, 31.318114249000075], [120.45536345500011, 31.317625321000037], [120.45617794500004, 31.317229335000036], [120.45709005600008, 31.316885787000047], [120.45904059100008, 31.316265171000055], [120.46757543000001, 31.313749221000023], [120.46968252600004, 31.31318238700004], [120.47054198000001, 31.313009996000062], [120.47176287100001, 31.31284318200005], [120.47286897300012, 31.312751981000076], [120.47398174200009, 31.312705449000077]]]}}, {"type": "Feature", "properties": {"township_name": "临湖镇", "district_code": "wuzhong", "district_name": "吴中区", "areacode": "32058613", "class": "乡镇界"}, "geometry": {"type": "Polygon", "coordinates": [[[120.51756563300012, 31.179969369000048], [120.51316347200009, 31.16068070600005], [120.50896958400006, 31.142712649000032], [120.50838890300008, 31.139969466000025], [120.50813970900003, 31.138613623000026], [120.50793669200004, 31.13727584700007], [120.50780108800006, 31.135964783000077], [120.50776231900011, 31.13469248800004], [120.5078607050001, 31.133475599000064], [120.50815088400009, 31.13233680600007], [120.50865601600003, 31.13133096400003], [120.50934172200004, 31.13040161400005], [120.51015404800012, 31.129529878000028], [120.51104687700001, 31.128701439000054], [120.51290409500007, 31.127129230000037], [120.5137336360001, 31.12629036000004], [120.51436115000001, 31.125394621000055], [120.51468852400001, 31.12448013100004], [120.51462878500001, 31.12358501600005], [120.51413659600007, 31.122721272000035], [120.51334732800001, 31.12194676100006], [120.51243327100008, 31.121290874000067], [120.51155920800011, 31.120782938000048], [120.51088419100006, 31.120451595000077], [120.51055667900005, 31.12032304300004], [120.51053901000012, 31.120010682000043], [120.51038591200006, 31.11937611700006], [120.51007767500005, 31.11855505300008], [120.50959017100001, 31.117694568000047], [120.50889675000008, 31.11694753000006], [120.50805318200003, 31.116473421000023], [120.50705218200005, 31.116229342000054], [120.5059494520001, 31.11619117600003], [120.50480568700004, 31.116324907000035], [120.50368295800001, 31.116593426000065], [120.49938782800007, 31.11805185000003], [120.49829581900008, 31.11837997300006], [120.49719773600009, 31.118664376000027], [120.49609311500001, 31.118886892000035], [120.49498081000002, 31.11902513600006], [120.49381690500002, 31.119061473000045], [120.49264554400008, 31.11900939900005], [120.49146881600007, 31.118893565000064], [120.49028831800001, 31.118732272000045], [120.48792097600005, 31.11832280400006], [120.48437190600009, 31.117590630000052], [120.48202756600006, 31.11704548700004], [120.47973291300002, 31.11642717700005], [120.4786203860001, 31.11607006400004], [120.47754478400009, 31.11566239800004], [120.47652111900004, 31.11518350600005], [120.4755695880001, 31.114605425000036], [120.47469393900008, 31.113892174000057], [120.47389468900008, 31.11307378300006], [120.47315195100009, 31.112177760000066], [120.47245053400002, 31.111225095000066], [120.47112874800007, 31.109209027000077], [120.46978939900009, 31.10696871600004], [120.46481594400007, 31.098169934000055], [120.46437191400003, 31.097430489000033], [120.43568404500002, 31.105625831000054], [120.43580582000004, 31.105955891000065], [120.43603917900009, 31.106877456000063], [120.43632065600002, 31.108275142000025], [120.43658235600003, 31.110034374000065], [120.43675368200002, 31.112040558000047], [120.43675999200002, 31.114178478000042], [120.43652229300005, 31.116331976000026], [120.43599449200008, 31.118363757000054], [120.43522992200008, 31.120221310000034], [120.4343202880001, 31.121831359000055], [120.43334565100008, 31.123237975000052], [120.43036615200003, 31.12737084200006], [120.4294650600001, 31.128731794000032], [120.4286734430001, 31.130085128000076], [120.42804176000004, 31.131429670000045], [120.42763412900001, 31.13276324000003], [120.42753266300008, 31.13408258100003], [120.42780354100012, 31.135390442000073], [120.42837689100008, 31.13668469600003], [120.42916788900004, 31.137969276000035], [120.43011337200005, 31.139247084000033], [120.43116684200004, 31.140520239000068], [120.43229444200006, 31.14179026900007], [120.4334717910001, 31.143058262000068], [120.4359115310001, 31.14559095800007], [120.44464142400011, 31.154450503000078], [120.4520547190001, 31.162049558000035], [120.47653475800007, 31.187392259000035], [120.48378399500007, 31.185976878000076], [120.48424518700006, 31.184182227000065], [120.48474327600002, 31.18245845200005], [120.48505230100011, 31.181564372000025], [120.48539947000006, 31.18071640100004], [120.48578441200004, 31.179966664000062], [120.48620720000008, 31.17936792100005], [120.48666906500011, 31.178968247000057], [120.48723962500003, 31.17870402300008], [120.48788281700001, 31.178543881000053], [120.48857640000006, 31.178455946000042], [120.4893044580001, 31.178417413000034], [120.49005576100001, 31.178412190000074], [120.49159919500005, 31.178460247000032], [120.50263664900001, 31.179131131000076], [120.51756563300012, 31.179969369000048]]]}}, {"type": "Feature", "properties": {"township_name": "金庭镇", "district_code": "wuzhong", "district_name": "吴中区", "areacode": "32058614", "class": "乡镇界"}, "geometry": {"type": "MultiPolygon", "coordinates": [[[[120.29999349700006, 31.052890641000033], [120.29987814700007, 31.052889091000054], [120.30071957700011, 31.054212473000064], [120.30010304100006, 31.05298126100007], [120.29999349700006, 31.052890641000033]]], [[[120.24021952200007, 31.060954569000046], [120.237725823, 31.05932293500007], [120.23703406000004, 31.062158577000048], [120.23699829000009, 31.06252826900004], [120.2370557370001, 31.062687509000057], [120.23720788000003, 31.062731966000058], [120.2375476200001, 31.062678704000064], [120.23835368400012, 31.062424203000035], [120.23888518100011, 31.06220111300007], [120.23912428800008, 31.06205411700006], [120.23936687600008, 31.061851147000027], [120.24021952200007, 31.060954569000046]]], [[[120.31126461300005, 31.06867347700006], [120.3112342710001, 31.068647558000066], [120.31112161600004, 31.068655060000026], [120.31119248400012, 31.069119842000077], [120.31126461300005, 31.06867347700006]]], [[[120.2446516120001, 31.069304165000062], [120.24491708900007, 31.068485347000035], [120.24461120700005, 31.06918250600006], [120.24459167300006, 31.06930838200003], [120.2446516120001, 31.069304165000062]]], [[[120.30926399400005, 31.070271485000035], [120.30775912600006, 31.06848866400003], [120.30718978300001, 31.069466787000067], [120.30712374300003, 31.069641080000054], [120.3071573310001, 31.06977067300005], [120.30744306700001, 31.069883299000026], [120.30926399400005, 31.070271485000035]]], [[[120.23738638900011, 31.070065336000027], [120.23732032600003, 31.069396737000034], [120.23672018200011, 31.069672277000052], [120.23658894300002, 31.069763016000024], [120.2365433650001, 31.069888122000066], [120.23647536500005, 31.070378256000026], [120.23682180200001, 31.070272905000024], [120.23726297100006, 31.070264635000058], [120.2373606860001, 31.070232385000054], [120.23738638900011, 31.070065336000027]]], [[[120.3144484610001, 31.06756325200007], [120.31438860700007, 31.067561842000032], [120.31440919700003, 31.06771309900006], [120.31464612200011, 31.068170131000045], [120.31674026000007, 31.071599468000045], [120.31954120900002, 31.071419313000035], [120.31517256500001, 31.06804483800005], [120.31467952000003, 31.067690451000033], [120.3144484610001, 31.06756325200007]]], [[[120.01182280600005, 31.127608224000028], [120.01131741500001, 31.126492726000038], [120.01085160800005, 31.127006342000072], [120.010789767, 31.127140205000046], [120.01094436700009, 31.12725056900007], [120.01182280600005, 31.127608224000028]]], [[[120.2185854060001, 31.132253175000073], [120.21848800900011, 31.13224573100007], [120.21826291100001, 31.132347372000027], [120.21824148400003, 31.132393621000062], [120.218276908, 31.132449879000035], [120.21859683900004, 31.132735601000036], [120.21860642600006, 31.132370541000057], [120.2185854060001, 31.132253175000073]]], [[[120.18871671500006, 31.134440072000075], [120.18868434300009, 31.13426718100004], [120.18861253700004, 31.134366596000064], [120.1884173730001, 31.134801332000052], [120.188045826, 31.13567717500007], [120.18797225800006, 31.135927224000056], [120.18810573600001, 31.135833767000065], [120.18869977800011, 31.135201324000036], [120.18871671500006, 31.134440072000075]]], [[[120.32847767600003, 31.154812152000034], [120.32887133700001, 31.15329552700007], [120.32955792100006, 31.151999861000036], [120.330599602, 31.151044986000045], [120.33191549100002, 31.15045092400004], [120.33338750400003, 31.150171386000068], [120.33489980500008, 31.150141062000046], [120.33798769500004, 31.150186638000037], [120.33951261600009, 31.150136349000036], [120.34098208900002, 31.149976180000067], [120.34236103, 31.149653192000073], [120.34360843400009, 31.14910427700005], [120.34467439700006, 31.14829846300006], [120.34560095600011, 31.147283212000048], [120.34641204100001, 31.146125271000074], [120.34712080700001, 31.144878876000064], [120.34773058500002, 31.143589881000025], [120.34823533500003, 31.142299442000024], [120.34861962900004, 31.14104736300004], [120.34885820200009, 31.13987521000007], [120.34891517500012, 31.138829289000057], [120.34880090800004, 31.138041317000045], [120.34846085900006, 31.13682785800006], [120.34844136800007, 31.136387712000044], [120.34862259900001, 31.136055816000066], [120.34894242200005, 31.13578786200003], [120.34964560300011, 31.135287550000044], [120.34985407800002, 31.134979342000065], [120.3498691320001, 31.134532766000063], [120.34960160600008, 31.133382261000065], [120.34957453600009, 31.132712515000037], [120.34973469300007, 31.13203195400007], [120.35028164200003, 31.13058180200005], [120.35045371400008, 31.12982653000006], [120.35040632200003, 31.129057905000025], [120.349976319, 31.128171463000058], [120.34920993100002, 31.127276480000035], [120.34819623400006, 31.126375995000046], [120.34700339800008, 31.125472155000068], [120.3456828520001, 31.124566449000042], [120.34280153100008, 31.12275319200006], [120.33975030700003, 31.12094094100007], [120.317837843, 31.108356214000025], [120.31473470500009, 31.106552630000067], [120.31166733000009, 31.104712541000026], [120.31015967000008, 31.103765219000024], [120.30868049200001, 31.102788047000047], [120.30724215800001, 31.10176826600008], [120.30586138600006, 31.100688775000037], [120.3045604460001, 31.099526971000046], [120.30339605100005, 31.098307392000038], [120.30230918900008, 31.09700918900006], [120.30128189300001, 31.09565211200004], [120.30030179200003, 31.094250845000033], [120.29936149000002, 31.09281591200005], [120.2984581830001, 31.091354399000068], [120.29759354100008, 31.089870504000032], [120.29677386700007, 31.088365940000074], [120.29601053700003, 31.086840185000028], [120.29532073200005, 31.085290601000054], [120.29472845500004, 31.083712458000036], [120.29426582500002, 31.082098864000045], [120.293959889, 31.080457084000045], [120.29377746000011, 31.078785461000052], [120.29368174900003, 31.07709678200007], [120.2936422790001, 31.07540354200006], [120.29360570500012, 31.070442159000038], [120.29353709700001, 31.06889324000008], [120.2933915320001, 31.06744406300004], [120.29313060700008, 31.066136415000074], [120.29270601300004, 31.06502490400004], [120.2920564100001, 31.06418035400003], [120.29109621600003, 31.063646834000053], [120.28989545000002, 31.063396643000033], [120.28851874400004, 31.06335278000006], [120.2870152370001, 31.063456752000036], [120.28542177400004, 31.063664731000074], [120.28376559500009, 31.063944293000077], [120.28206654700011, 31.06427177300003], [120.27859258300009, 31.065007260000073], [120.26798379900004, 31.06734160600007], [120.25737838200007, 31.069577155000047], [120.2539142920001, 31.07034428000003], [120.25222523200011, 31.070753842000045], [120.25058449000005, 31.071194581000043], [120.24901417700005, 31.071681885000032], [120.24754455400011, 31.07223670700006], [120.24621645800005, 31.072887241000046], [120.24508424400005, 31.073670958000037], [120.24421925500008, 31.074637022000047], [120.24369732500008, 31.075764262000064], [120.24341758600008, 31.07705754600005], [120.2433128350001, 31.078471457000035], [120.24332894300005, 31.079969780000056], [120.24342134900007, 31.081523207000032], [120.24368543600008, 31.084700269000052], [120.2437876240001, 31.086281779000046], [120.24382131400012, 31.08783062200007], [120.2437439470001, 31.089323293000064], [120.2435043480001, 31.090732157000048], [120.2430393840001, 31.09202361100006], [120.24226867700008, 31.093208593000043], [120.24125471700006, 31.094266188000063], [120.24006150500009, 31.095229742000072], [120.23873804100003, 31.096124841000062], [120.23732134200009, 31.096970852000027], [120.23583900500012, 31.097782256000073], [120.23431132400003, 31.09856973600006], [120.22958323600005, 31.100856056000055], [120.21025766000002, 31.10986378800004], [120.20539698000005, 31.11215566900006], [120.20219142400003, 31.113717652000048], [120.19909171500001, 31.115336128000024], [120.1976237560001, 31.11618023400007], [120.19624710700009, 31.117058403000044], [120.19500228000004, 31.117981687000054], [120.19394393300001, 31.11896406900007], [120.193144802, 31.120022926000047], [120.19272179900008, 31.120993748000046], [120.1925318960001, 31.121987637000075], [120.19256409200011, 31.122956489000046], [120.1928217200001, 31.123850120000043], [120.19332258300005, 31.124614012000052], [120.19425832400009, 31.125303899000073], [120.19548295000004, 31.125788603000046], [120.19691425200006, 31.126122114000054], [120.19849077300012, 31.126345722000053], [120.20016721500008, 31.126490586000045], [120.20191064100004, 31.126579938000077], [120.2055109470001, 31.12665631200008], [120.21649654800001, 31.126690874000076], [120.22010118200001, 31.126815675000046], [120.22187690400006, 31.12694524500006], [120.22362711200003, 31.127145339000037], [120.22534337400009, 31.127443537000033], [120.22701442800007, 31.127876283000035], [120.22858866600006, 31.12845524900007], [120.23012043900007, 31.129162463000057], [120.23162089800007, 31.129963776000068], [120.23309857700008, 31.130833135000046], [120.234559923, 31.13175093600006], [120.23745158800011, 31.133677557000055], [120.24318054500009, 31.137686563000045], [120.26031373700005, 31.149865688000034], [120.26461711000002, 31.152826735000076], [120.26606225500007, 31.153767617000028], [120.26751727900012, 31.154665761000047], [120.26898648300005, 31.155502519000038], [120.2704756820001, 31.15625269700007], [120.27199263700004, 31.156882687000063], [120.27354756600005, 31.157348225000078], [120.27516596100008, 31.157615133000036], [120.27682320600002, 31.157713742000055], [120.27850889800004, 31.157689060000052], [120.28021512300006, 31.15757531400004], [120.28193593900005, 31.15739820700003], [120.28540487200007, 31.15692524800005], [120.29587917900005, 31.155219411000076], [120.29936121600008, 31.15470742000008], [120.30109435700001, 31.154495152000038], [120.30281879100005, 31.154331460000037], [120.3045305600001, 31.15423865200006], [120.30622408900001, 31.154248187000064], [120.30789161100006, 31.15440385900007], [120.30970229900004, 31.15482589900006], [120.31170387700001, 31.155535031000056], [120.31380700400007, 31.156450251000024], [120.31592243400007, 31.157490040000027], [120.31796061800003, 31.15857459600005], [120.3198315940001, 31.15962642900007], [120.3235387100001, 31.16182716000003], [120.32383987100002, 31.161980480000068], [120.32854505500006, 31.160391478000065], [120.32846635600004, 31.160028684000054], [120.32836171600002, 31.159147593000057], [120.32828783900004, 31.157887619000064], [120.32830547300011, 31.15639335900005], [120.32847767600003, 31.154812152000034]]], [[[120.2888873390001, 31.164893172000063], [120.28878456300004, 31.16477554900007], [120.28862035800012, 31.164891175000037], [120.28794130300003, 31.165655900000047], [120.28919240400012, 31.16558068100005], [120.2888873390001, 31.164893172000063]]], [[[120.28591855600007, 31.168735197000046], [120.2844334670001, 31.16668588500005], [120.2804966000001, 31.168504149000057], [120.279969144, 31.168775098000026], [120.27976311900011, 31.168919412000037], [120.27974014100005, 31.16897160900004], [120.27979141000003, 31.16900713800004], [120.28006309600005, 31.16903601000007], [120.28069299700007, 31.169023856000024], [120.28591855600007, 31.168735197000046]]], [[[120.15250323700002, 31.169779065000057], [120.15308883000012, 31.169624680000027], [120.15113440200003, 31.16987335600004], [120.15250323700002, 31.169779065000057]]], [[[120.14745401000005, 31.170585802000062], [120.14741360900007, 31.170536467000034], [120.1470747090001, 31.17065724300005], [120.14747398700001, 31.17074365600007], [120.14745401000005, 31.170585802000062]]], [[[120.26865829600001, 31.174789743000076], [120.26916744400012, 31.165583731000027], [120.26298125700009, 31.171173526000075], [120.26235735400007, 31.171839256000055], [120.2622134180001, 31.17204702300006], [120.2621242670001, 31.17224268800004], [120.26211062900006, 31.172421674000077], [120.26219357000002, 31.17258498900003], [120.26235725000004, 31.17273047100008], [120.26257969300002, 31.17286297100003], [120.26313876600011, 31.173102752000034], [120.26446648600006, 31.173536022000064], [120.26865829600001, 31.174789743000076]]], [[[120.29806149400008, 31.170862270000043], [120.29805080500012, 31.170766855000068], [120.29795740400004, 31.170797797000034], [120.29758760600009, 31.17113368400004], [120.29678796000007, 31.172004281000056], [120.28993227500007, 31.17987342200007], [120.29367562400012, 31.179880565000076], [120.29757110300011, 31.17204222600003], [120.29800195400003, 31.171062841000037], [120.29806149400008, 31.170862270000043]]], [[[120.27801627100007, 31.176225868000074], [120.27790266000011, 31.17617338100007], [120.27778139100008, 31.176205323000033], [120.27765416700004, 31.176305488000025], [120.2773949000001, 31.176639398000077], [120.27705020500002, 31.177308078000067], [120.2769167560001, 31.177790883000057], [120.27690786900007, 31.17803170700006], [120.27695169100002, 31.178267267000024], [120.27715888800003, 31.17872768600006], [120.27763522400005, 31.17939937600005], [120.27822164000008, 31.180087499000024], [120.27995478900004, 31.181999850000068], [120.27876631800007, 31.178038747000073], [120.278412333, 31.176966201000027], [120.27812246700012, 31.176348074000032], [120.27801627100007, 31.176225868000074]]]]}}, {"type": "Feature", "properties": {"township_name": "横泾街道", "district_code": "wuzhong", "district_name": "吴中区", "areacode": "32058632", "class": "乡镇界"}, "geometry": {"type": "Polygon", "coordinates": [[[120.53225612200004, 31.216308774000026], [120.53245965000008, 31.216049261000023], [120.53667128300003, 31.211315210000066], [120.53816972200002, 31.209576394000067], [120.5396876530001, 31.207763912000075], [120.54114427900004, 31.205951293000055], [120.54245749800009, 31.204211490000034], [120.54354450900007, 31.20261718300003], [120.54441698800008, 31.201124591000053], [120.54516543600005, 31.199576576000027], [120.5457678350001, 31.197962089000043], [120.54625471400004, 31.19629363300004], [120.54666016400006, 31.194586876000074], [120.54700901900003, 31.192853341000045], [120.54731936500002, 31.19110160400004], [120.54840398300007, 31.184033299000077], [120.54897347500003, 31.180545403000053], [120.54930000600007, 31.178843362000066], [120.54967515500005, 31.17718910800005], [120.55012126200006, 31.17560440300008], [120.55066844700002, 31.174118773000032], [120.55135711200012, 31.172771929000078], [120.55224094100004, 31.171616696000058], [120.55334237900001, 31.17071072400006], [120.55463413700011, 31.169991665000055], [120.55606541200007, 31.169409564000034], [120.55759758600004, 31.168926456000065], [120.55920165600003, 31.16851384100005], [120.5608560930001, 31.168150568000044], [120.5625450980001, 31.167821124000056], [120.565984275, 31.16722197400003], [120.58061228100007, 31.164884048000033], [120.59378358300012, 31.162701646000073], [120.59015397900009, 31.15738396200004], [120.57611660400005, 31.136231100000032], [120.56387658500012, 31.11767603800007], [120.56209322500001, 31.115063054000075], [120.56024646600008, 31.112518849000026], [120.55927901400003, 31.111294560000033], [120.55826473700006, 31.110121071000037], [120.55718443100011, 31.109019216000036], [120.55600617700009, 31.107994629000075], [120.5547572700001, 31.10704669100005], [120.55345585000009, 31.106155724000075], [120.55211416800012, 31.10530586300007], [120.55059425500008, 31.104405942000028], [120.54701186900002, 31.102412021000077], [120.53823767200004, 31.097767411000063], [120.53798245400003, 31.097611134000033], [120.51055667900005, 31.12032304300004], [120.51088419100006, 31.120451595000077], [120.51155920800011, 31.120782938000048], [120.51243327100008, 31.121290874000067], [120.51334732800001, 31.12194676100006], [120.51413659600007, 31.122721272000035], [120.51462878500001, 31.12358501600005], [120.51468852400001, 31.12448013100004], [120.51436115000001, 31.125394621000055], [120.5137336360001, 31.12629036000004], [120.51290409500007, 31.127129230000037], [120.51104687700001, 31.128701439000054], [120.51015404800012, 31.129529878000028], [120.50934172200004, 31.13040161400005], [120.50865601600003, 31.13133096400003], [120.50815088400009, 31.13233680600007], [120.5078607050001, 31.133475599000064], [120.50776231900011, 31.13469248800004], [120.50780108800006, 31.135964783000077], [120.50793669200004, 31.13727584700007], [120.50813970900003, 31.138613623000026], [120.50838890300008, 31.139969466000025], [120.50896958400006, 31.142712649000032], [120.51316347200009, 31.16068070600005], [120.51756563300012, 31.179969369000048], [120.51702050200004, 31.18072145900004], [120.5113671680001, 31.18810887500007], [120.50952152900004, 31.190631602000053], [120.50878457900001, 31.191703413000027], [120.50809314700007, 31.192772210000044], [120.5074624230001, 31.193840778000038], [120.50691612100002, 31.194908663000035], [120.50648595900009, 31.19597516500005], [120.50621382300005, 31.197039262000033], [120.50615435200007, 31.19809948900007], [120.50633461500001, 31.199103096000044], [120.50669987300012, 31.20010190000005], [120.50719413700006, 31.201095698000074], [120.50777272300002, 31.20208343400003], [120.50966499300011, 31.20498294500004], [120.51024278900002, 31.205911333000074], [120.51073733900012, 31.20680668600005], [120.51110603900008, 31.207655887000044], [120.51129621900009, 31.208441376000053], [120.5112415750001, 31.20913994800003], [120.51090783300003, 31.209712551000052], [120.510349786, 31.210201100000063], [120.50963484800002, 31.210624327000062], [120.50882091500011, 31.210995835000062], [120.50796015800006, 31.211324775000037], [120.50561428300011, 31.212089493000065], [120.5051116300001, 31.21226295500003], [120.50487973300005, 31.212382185000024], [120.50501252800007, 31.21244093300004], [120.50712016400007, 31.21239963000005], [120.50826815000005, 31.212485005000076], [120.50951993700005, 31.212693581000053], [120.51076444600005, 31.21304890600004], [120.5118964720001, 31.213570154000024], [120.51282319500001, 31.214264418000027], [120.51342678800006, 31.214999959000068], [120.5138360300001, 31.215759286000036], [120.51407173700011, 31.216445425000074], [120.51414911300003, 31.216965592000065], [120.51406659400004, 31.217238915000053], [120.53225612200004, 31.216308774000026]]]}}, {"type": "Feature", "properties": {"township_name": "光福镇", "district_code": "wuzhong", "district_name": "吴中区", "areacode": "32058633", "class": "乡镇界"}, "geometry": {"type": "MultiPolygon", "coordinates": [[[[120.10852717300008, 31.234198109000033], [120.10718785000006, 31.233951553000054], [120.10700796800006, 31.23511143500008], [120.10700351800006, 31.235268979000068], [120.10702916800005, 31.235324584000068], [120.10713423100003, 31.235294242000066], [120.10728082500009, 31.235192168000026], [120.10852717300008, 31.234198109000033]]], [[[120.28893126900005, 31.250665163000065], [120.28081182400001, 31.240297459000033], [120.27783573600004, 31.246462483000073], [120.27743538300001, 31.247401385000046], [120.27712395100002, 31.24832280000004], [120.27702680900006, 31.248771667000028], [120.27698935800004, 31.249208271000043], [120.27703334400007, 31.24962797300003], [120.27717705500004, 31.250029057000063], [120.27740146700012, 31.25041342800006], [120.27768381200008, 31.25078592500006], [120.27800716800004, 31.251150024000026], [120.27873062200001, 31.251861424000026], [120.27990707200001, 31.25289339400007], [120.28071306000004, 31.25353927100008], [120.28152481400002, 31.254104158000075], [120.28193246700005, 31.254330448000076], [120.28234188200008, 31.254496884000048], [120.28275396600009, 31.254578681000055], [120.28315938300011, 31.254556180000066], [120.28356751800004, 31.254449031000036], [120.28397756000004, 31.254278664000026], [120.284806118, 31.253806303000033], [120.28634457500004, 31.252692597000078], [120.28893126900005, 31.250665163000065]]], [[[120.38667724200002, 31.326433760000043], [120.38891316200011, 31.326420769000038], [120.39230316800001, 31.326485425000044], [120.39318429600007, 31.326427025000044], [120.39364527800001, 31.326314772000046], [120.39379136500008, 31.32618758900003], [120.39388685300003, 31.326047436000067], [120.39419147900003, 31.32591492800003], [120.39467793600011, 31.325785187000065], [120.39559439000004, 31.325643270000057], [120.39674878000005, 31.325551764000068], [120.39807781000002, 31.325507875000028], [120.39951684000005, 31.32550311700004], [120.4050557710001, 31.32562293600006], [120.4061393070001, 31.325610289000053], [120.40719196100008, 31.32553944600005], [120.40820452500009, 31.325388549000024], [120.40887838900005, 31.32522117600007], [120.40958939900008, 31.324955646000035], [120.41034383500005, 31.324533355000028], [120.41104585300002, 31.324002275000055], [120.41170173500007, 31.323385304000055], [120.41231437400006, 31.322698783000078], [120.41307362000009, 31.321680060000062], [120.41366632000006, 31.32075653000004], [120.41422761500007, 31.319793858000025], [120.41529065800012, 31.31779606300006], [120.4188178820001, 31.31059517600005], [120.41984559100001, 31.30858362500004], [120.42037685800005, 31.307609005000074], [120.42092739200007, 31.306668573000024], [120.42150583700004, 31.305777522000028], [120.42212420200008, 31.30495696400004], [120.4227990280001, 31.304235944000027], [120.42355284200005, 31.303653973000053], [120.42435475400009, 31.30326344200006], [120.42523089600002, 31.303002091000053], [120.42616285100007, 31.30283587400004], [120.42961184, 31.302492521000033], [120.43094724000002, 31.302319108000063], [120.43227774900004, 31.302083131000074], [120.43354534900004, 31.301771262000045], [120.43488275600009, 31.301315678000037], [120.43589665900004, 31.300877177000075], [120.43667466900001, 31.300475130000052], [120.43716643300002, 31.30016517000007], [120.43731711100008, 31.29999293700007], [120.43739721300005, 31.299766832000046], [120.43746401500005, 31.29919404800006], [120.43748105700001, 31.298358588000042], [120.43740419100004, 31.297346659000027], [120.43718594400002, 31.296245674000033], [120.43677513600005, 31.295144889000028], [120.43614323600002, 31.294136606000052], [120.43532117100006, 31.293241833000025], [120.43437238700005, 31.292477552000037], [120.43336656300005, 31.291857348000065], [120.43237102000012, 31.29138697600007], [120.42853714600005, 31.28975658300004], [120.42770226200003, 31.289355699000055], [120.42697073800002, 31.288951077000036], [120.42638194800008, 31.288539593000053], [120.42598629100007, 31.28811763400006], [120.42584812000007, 31.287680788000046], [120.42603475100009, 31.28719851200003], [120.42649297000003, 31.28669762100003], [120.427138463, 31.28618041900006], [120.42958613700011, 31.28452486100008], [120.43040847400005, 31.28392553200007], [120.4311558920001, 31.283289377000074], [120.43177454200008, 31.28260327000004], [120.43219959600003, 31.281849366000074], [120.4323771710001, 31.281025744000033], [120.43235275100005, 31.280137844000024], [120.432175314, 31.27920544400007], [120.43188097100006, 31.27824484000007], [120.431495014, 31.277270074000057], [120.43103346400005, 31.276294121000035], [120.43050407400005, 31.275330078000025], [120.42990680900004, 31.27439238900007], [120.42923379900003, 31.273498182000026], [120.42846368800008, 31.27264848200008], [120.42762357000004, 31.27184976600006], [120.42672998600005, 31.271088079000037], [120.42568859400001, 31.270280239000044], [120.42320001500002, 31.268507017000047], [120.41689461900012, 31.264302219000058], [120.41029991300002, 31.262201624000056], [120.40949074600007, 31.26198688200003], [120.40897305500005, 31.26191231300004], [120.40872685200009, 31.26191489400003], [120.40849353300007, 31.261958096000058], [120.40827033800008, 31.262054437000074], [120.40806085600002, 31.262194020000038], [120.40786138400006, 31.26236516000006], [120.40748196000004, 31.262768992000076], [120.40675925000005, 31.263690603000043], [120.4048063670001, 31.266334028000074], [120.40277817200001, 31.252899227000057], [120.40257170300004, 31.251914026000065], [120.40244181800006, 31.251446909000038], [120.40228339600003, 31.25100708000008], [120.40208460800011, 31.250605850000056], [120.40182951100007, 31.25025846500006], [120.40150972700008, 31.249981281000032], [120.40113373200006, 31.249757849000048], [120.40071626000008, 31.249574077000034], [120.39979911900002, 31.249285133000058], [120.39780358600001, 31.248856756000066], [120.39267635300007, 31.247934540000074], [120.39249172400002, 31.248158587000034], [120.38928416700003, 31.253393387000074], [120.38684448200001, 31.257217859000036], [120.38558033000004, 31.259093061000044], [120.38434836300007, 31.260810665000065], [120.38319410600002, 31.262268310000024], [120.38213727200002, 31.263400365000052], [120.38105723500007, 31.264336485000058], [120.37991915400005, 31.26505257200006], [120.37870411600011, 31.265478037000037], [120.37737795600003, 31.26555918100007], [120.37597703800009, 31.26536241900004], [120.37452346100008, 31.26497535900006], [120.37303359200007, 31.264465594000058], [120.36845258700009, 31.262698706000037], [120.36691191400007, 31.262171136000063], [120.36537271300006, 31.261746010000024], [120.36383904800005, 31.261475095000037], [120.36231492600007, 31.261421116000065], [120.36078612400001, 31.261636133000025], [120.35926717300003, 31.26206987000006], [120.3577542270001, 31.262656787000026], [120.35624362100009, 31.263344106000034], [120.35168605800004, 31.265592613000024], [120.35014168600003, 31.266279233000034], [120.34857340600001, 31.26686758900007], [120.34697166400008, 31.267308498000034], [120.34531351800001, 31.26756456800007], [120.3436205270001, 31.267663045000063], [120.3419015290001, 31.267645225000024], [120.34016314100006, 31.267542611000067], [120.3384102230001, 31.267378932000042], [120.33664629300006, 31.26717187400004], [120.33309475500005, 31.266676544000063], [120.3241468980001, 31.265290582000034], [120.32058445300004, 31.26479118700007], [120.3188263610001, 31.26458467300006], [120.31709760700005, 31.264426023000055], [120.31541422200007, 31.264336162000063], [120.3137985830001, 31.264343395000026], [120.31228144200009, 31.264485594000064], [120.31090446900009, 31.26481280300004], [120.30972333200009, 31.265390254000067], [120.30880096800001, 31.266249465000044], [120.3080884740001, 31.267329763000077], [120.30755436400011, 31.26854465200006], [120.30718463400001, 31.26981722100004], [120.3069823510001, 31.271074717000033], [120.30696806200001, 31.27224312000004], [120.30718106200004, 31.27324169600007], [120.30768148700008, 31.273977424000066], [120.30847639300009, 31.274366341000075], [120.30952437400003, 31.274496020000072], [120.3107571600001, 31.27443297800005], [120.31212119500003, 31.27423047800005], [120.31357420800009, 31.273931593000043], [120.31966464800007, 31.272431864000055], [120.32112790400004, 31.272130910000044], [120.32251278600006, 31.27192757800003], [120.32378420200007, 31.27186731000006], [120.32489881100003, 31.272006847000057], [120.32580237800005, 31.27241768500005], [120.32645665900009, 31.27316187400004], [120.32690362400001, 31.274178610000035], [120.32720522200009, 31.275393051000037], [120.3274134290001, 31.27674507000006], [120.32772736200002, 31.279673349000063], [120.32791632700003, 31.281171648000054], [120.32818465600008, 31.282645725000066], [120.32858259000011, 31.284059958000057], [120.32916980300001, 31.28537527900005], [120.33000280800002, 31.28657170500003], [120.3310383590001, 31.28765585000008], [120.33222567400003, 31.288655057000028], [120.33352501500008, 31.289590702000055], [120.33490532100006, 31.290479262000076], [120.3363420710001, 31.291333257000076], [120.33930807500008, 31.29297241900008], [120.34373734700011, 31.29533307500003], [120.34513056800006, 31.296102388000065], [120.34643453300009, 31.29686270800005], [120.3476054790001, 31.297612024000045], [120.34858344000008, 31.298346886000047], [120.34928631800005, 31.299062137000078], [120.34960262900006, 31.29975058200006], [120.34944847800011, 31.30038682000003], [120.34885624700007, 31.30109002000006], [120.34791799800007, 31.301907955000047], [120.34557349300007, 31.303816054000038], [120.34444655000004, 31.304869052000072], [120.34351982600003, 31.30595862100006], [120.34289498700002, 31.307053336000024], [120.34261929400009, 31.30805636200006], [120.34259716700001, 31.30892035200003], [120.34275489700008, 31.30954704000004], [120.34305658100004, 31.30984922500005], [120.34354154400012, 31.31022256500006], [120.3437942170001, 31.310296781000034], [120.34431713700008, 31.310571525000057], [120.34503473500001, 31.31101992500004], [120.34586171800004, 31.311618963000058], [120.346708938, 31.312347042000056], [120.34748340300007, 31.313183714000047], [120.34808867800007, 31.31410937100003], [120.34844327100006, 31.315062897000075], [120.34860461100004, 31.316025884000055], [120.3486415860001, 31.316939293000075], [120.34862837200001, 31.31774297900006], [120.34868330100005, 31.318451830000072], [120.34891311400008, 31.319087668000066], [120.34940434000009, 31.319662685000026], [120.35010357200008, 31.32015483500004], [120.35095249800008, 31.320587686000067], [120.35190785000009, 31.320978654000044], [120.35293793400001, 31.32134044700007], [120.35513690100004, 31.32201056200006], [120.35743356700004, 31.32264379700007], [120.36329614300007, 31.324174825000057], [120.36682192600006, 31.325055305000035], [120.36974141000007, 31.32570924500004], [120.37096657400002, 31.325933613000075], [120.3734324290001, 31.326285085000052], [120.37591032900002, 31.326529614000037], [120.37715168700004, 31.326609893000068], [120.37839391700004, 31.326655231000075], [120.37964629200007, 31.32666045900004], [120.38667724200002, 31.326433760000043]]]]}}, {"type": "Feature", "properties": {"township_name": "东山镇", "district_code": "wuzhong", "district_name": "吴中区", "areacode": "32059101", "class": "乡镇界"}, "geometry": {"type": "MultiPolygon", "coordinates": [[[[120.17165815500005, 31.010695682000062], [120.17101015900005, 31.010052173000076], [120.17127277700001, 31.011189826000077], [120.17134180300002, 31.011359465000055], [120.17141844100001, 31.01125772200004], [120.17165815500005, 31.010695682000062]]], [[[120.27929206900001, 31.017620627000042], [120.2797935960001, 31.01673015600005], [120.27883131100009, 31.017672754000046], [120.27929206900001, 31.017620627000042]]], [[[120.26698662800004, 31.02070879300004], [120.26587790300005, 31.020626840000034], [120.26540604800005, 31.020659547000037], [120.26531728300006, 31.020723787000065], [120.26535787400007, 31.020828837000067], [120.26550310100004, 31.020967965000068], [120.26600241900007, 31.021314595000035], [120.2681787360001, 31.022569901000054], [120.26974988000006, 31.023372506000044], [120.27052856300008, 31.023673056000064], [120.27091357400002, 31.02376698300003], [120.2712960230001, 31.02380083500003], [120.27172935400006, 31.023730262000072], [120.27220522800008, 31.02355723100004], [120.27270285400004, 31.023308947000032], [120.27368050100006, 31.02269497900005], [120.27504965000003, 31.021671491000063], [120.26698662800004, 31.02070879300004]]], [[[120.26104533600005, 31.02840096600005], [120.25570284700007, 31.027116230000047], [120.2539175820001, 31.028852718000053], [120.25338686700002, 31.02943012700007], [120.25316210500011, 31.02976001500008], [120.25311169400004, 31.02990342800007], [120.25312253900006, 31.03002553500005], [120.25320468300004, 31.030120305000025], [120.25334397200004, 31.030195242000048], [120.25373368600003, 31.03030680300003], [120.25524828900006, 31.03052591900007], [120.25710708800011, 31.030726928000036], [120.25762268100004, 31.03074900000007], [120.25811831600004, 31.030716013000074], [120.25857224100002, 31.030578723000076], [120.2587817210001, 31.03046722700003], [120.2591883980001, 31.03018090200004], [120.25990488800005, 31.02953528000006], [120.26104533600005, 31.02840096600005]]], [[[120.29595976900009, 31.026902944000028], [120.29538046800008, 31.026841713000067], [120.29295845400009, 31.026844271000073], [120.29206767100004, 31.026745601000073], [120.29119083400008, 31.026512272000048], [120.29037560300003, 31.02611829700004], [120.28959456200005, 31.025588498000047], [120.28884233300005, 31.02496214200005], [120.2881155770001, 31.024271602000056], [120.28741312700004, 31.02354471900003], [120.28491526000005, 31.020800644000076], [120.28441667800007, 31.020313513000076], [120.28400493100003, 31.019995317000053], [120.28371070900005, 31.01991348100006], [120.28355858900011, 31.020128318000047], [120.28352829000005, 31.020592926000063], [120.28358843000001, 31.021243525000045], [120.28388951400007, 31.022918170000025], [120.2848488620001, 31.02702266600005], [120.28758710900001, 31.037985158000026], [120.28831108500003, 31.037970474000076], [120.28881091100004, 31.037348159000032], [120.29308518000005, 31.032299812000076], [120.29482166900004, 31.030139318000067], [120.29546500800006, 31.029271787000027], [120.29592756500006, 31.028567363000036], [120.2962564500001, 31.027949316000047], [120.29640793800002, 31.02744327100004], [120.29632215200002, 31.027085761000023], [120.29595976900009, 31.026902944000028]]], [[[120.33644477400003, 31.059679231000075], [120.33646679200001, 31.059199612000043], [120.33628803900001, 31.059620378000034], [120.33547593600008, 31.061979437000048], [120.33616762200006, 31.062115454000036], [120.33644477400003, 31.059679231000075]]], [[[120.35245625300001, 31.083277714000076], [120.35227103800003, 31.08326458700003], [120.35064123500001, 31.083282272000076], [120.35185767600001, 31.08460843900008], [120.35250662300007, 31.083565882000073], [120.35257536800009, 31.083407716000067], [120.35257203000003, 31.083330000000046], [120.35245625300001, 31.083277714000076]]], [[[120.41678774500008, 31.096563183000058], [120.4176508160001, 31.096408309000026], [120.41852648700001, 31.096436034000078], [120.41941122100002, 31.09661479700003], [120.42030260500007, 31.096904392000056], [120.421198806, 31.097274261000052], [120.42209844700005, 31.097701463000078], [120.42390423600011, 31.098664318000033], [120.42571469300003, 31.099704967000037], [120.43568404500002, 31.105625831000054], [120.46437191400003, 31.097430489000033], [120.46464006000008, 31.09714533500005], [120.4651296620001, 31.096365180000078], [120.46570288900011, 31.09518171800005], [120.46621061100007, 31.093687370000055], [120.46649774200012, 31.09197492900006], [120.46643227600009, 31.09012672700004], [120.46601791100011, 31.088234585000066], [120.46532147700009, 31.08637880400005], [120.46442390800007, 31.084638815000062], [120.46340944200006, 31.08309384200004], [120.46234671500008, 31.08171320400004], [120.46014318100003, 31.078963698000052], [120.45562106600005, 31.073474244000067], [120.44423892400005, 31.059775416000036], [120.44198553100011, 31.05702718400005], [120.43978043600009, 31.054256300000077], [120.43871274800006, 31.05285432100004], [120.43768265500012, 31.051434451000034], [120.43670582700008, 31.04998920500003], [120.43580321400009, 31.04850858100008], [120.43500244000006, 31.046979403000023], [120.43432917300004, 31.045399582000073], [120.43375675700008, 31.04377157700003], [120.43325795900012, 31.042108275000032], [120.43281214800004, 31.040419413000052], [120.43202190200009, 31.036992018000035], [120.43130602800011, 31.033526515000062], [120.43062361600005, 31.03004112600007], [120.4276246180001, 31.01423485400005], [120.42691569100009, 31.010728115000063], [120.42653448800002, 31.008992928000055], [120.42612312800009, 31.007281227000078], [120.42566775500006, 31.005606207000028], [120.42514942700006, 31.003986350000048], [120.42454259600004, 31.002447131000054], [120.4238132800001, 31.00102314000003], [120.42291691100002, 30.999760684000023], [120.42194540500009, 30.998806227000046], [120.42084064200003, 30.998002177000046], [120.41963994800005, 30.99733292700006], [120.418374287, 30.99679360300007], [120.41706989400006, 30.99639012800003], [120.41574978400001, 30.996139682000035], [120.4144351430001, 30.996071594000057], [120.41314659900002, 30.99622864500003], [120.4117600190001, 30.996707626000045], [120.41041932400003, 30.997446079000042], [120.40911397700006, 30.998373146000063], [120.40783557800012, 30.999435297000048], [120.40657752400011, 31.000592658000073], [120.40533469100001, 31.001815930000078], [120.40410313500001, 31.00308387700005], [120.40166247100001, 31.005697390000023], [120.39439656600007, 31.01365452300007], [120.39195237700005, 31.01620508800005], [120.3907150440001, 31.017420764000065], [120.38946139100005, 31.01857208200005], [120.38818483200009, 31.019631765000042], [120.38687665200007, 31.020562833000042], [120.385525443, 31.021315849000075], [120.3841164690001, 31.021825630000023], [120.38260872800004, 31.022039885000027], [120.38104802300006, 31.021996159000025], [120.37945749100004, 31.02175615400006], [120.37785833100008, 31.021363460000032], [120.37627144900011, 31.020846494000068], [120.37471916100003, 31.020220762000065], [120.37322697700006, 31.019490524000048], [120.37182550200009, 31.018649906000064], [120.37055246400007, 31.017683603000023], [120.36946985400004, 31.016625359000045], [120.36758593500008, 31.01441864700007], [120.36669443100004, 31.01343587300005], [120.36578100300005, 31.01265582700006], [120.36480331500002, 31.012188364000053], [120.36371426800008, 31.012122103000024], [120.36253920400009, 31.012396761000048], [120.36129950200007, 31.012922803000038], [120.36001176200011, 31.01363154300003], [120.35868866800001, 31.01447098600005], [120.35733977300004, 31.01540227000004], [120.35459095400006, 31.017433451000045], [120.34474113200008, 31.025045531000046], [120.33621596300009, 31.031570094000074], [120.33344882000006, 31.03376754100003], [120.33211724700004, 31.034885109000072], [120.33084494100001, 31.03602366900003], [120.3296593120001, 31.037192166000068], [120.32859762300006, 31.038402355000073], [120.3277098420001, 31.03966953200006], [120.32706205300008, 31.041013362000058], [120.32672147300002, 31.04237249600004], [120.32661191500006, 31.043792438000025], [120.32668847200011, 31.04524600700006], [120.32692185100007, 31.04670782900007], [120.32729693600004, 31.048152678000065], [120.32781192000004, 31.04955377500005], [120.32847801100002, 31.050881021000066], [120.32931969300012, 31.052099145000057], [120.33042390900005, 31.053239897000026], [120.33170365300009, 31.05425354700003], [120.33310966600004, 31.055173404000072], [120.3346048090001, 31.05602507100008], [120.3361612650001, 31.056828060000043], [120.33775818800007, 31.057597187000056], [120.34587954400001, 31.061263732000043], [120.3474518910001, 31.062011281000025], [120.3489739690001, 31.062781604000065], [120.35042351400011, 31.063585877000037], [120.35177089900003, 31.064438688000052], [120.35297676200003, 31.065359217000037], [120.35398920400007, 31.066372607000062], [120.35474055400005, 31.067511538000076], [120.35516135600005, 31.06872313100007], [120.35536013000001, 31.070041321000076], [120.35540990700008, 31.071430699000075], [120.35527158800005, 31.075730794000037], [120.35531823500003, 31.077115866000042], [120.35551270000008, 31.078426963000027], [120.35592864700004, 31.079627824000056], [120.35666312300009, 31.080736368000032], [120.35765256100001, 31.081718635000072], [120.35883070700004, 31.082607908000057], [120.36014601500005, 31.083430425000074], [120.36155855900006, 31.084207019000075], [120.36303729400004, 31.084954623000044], [120.36764549700001, 31.08716271700007], [120.3691786710001, 31.087932556000055], [120.37068162900005, 31.088746126000046], [120.37213438700007, 31.089625139000077], [120.37351268600003, 31.090597537000065], [120.3748244190001, 31.09171250600008], [120.37605327900008, 31.09292911400007], [120.37722016000009, 31.094221123000068], [120.37834117900002, 31.09556843100006], [120.37942860900012, 31.096955833000038], [120.38049168500004, 31.098371970000073], [120.3815386010001, 31.09981040400004], [120.3839489290001, 31.103235363000067], [120.3916929290001, 31.11449746100004], [120.40171304500006, 31.107026936000068], [120.41005768000002, 31.10071046400003], [120.41256448800004, 31.09887247300003], [120.414242478, 31.09776022300008], [120.41508574200009, 31.097275239000055], [120.41593354700001, 31.096865946000037], [120.41678774500008, 31.096563183000058]]], [[[120.38723255500008, 31.133554622000077], [120.39444047300003, 31.127121927000076], [120.3867555810001, 31.133555064000063], [120.38723255500008, 31.133554622000077]]]]}}, {"type": "Feature", "properties": {"township_name": "城南街道", "district_code": "wuzhong", "district_name": "吴中区", "areacode": "32058636", "class": "乡镇界"}, "geometry": {"type": "Polygon", "coordinates": [[[120.64999669300005, 31.259152524000058], [120.65855740500001, 31.220645218000072], [120.63335456100003, 31.226258855000026], [120.63054696400002, 31.22561257700005], [120.62987483300003, 31.22541386900008], [120.62926862000006, 31.225195412000062], [120.62877725200008, 31.224958626000046], [120.62845003400002, 31.224704778000046], [120.62828812600003, 31.224418997000043], [120.62826366700006, 31.22407851500003], [120.62834764400009, 31.223695028000066], [120.62850732800007, 31.223281558000053], [120.62896683700001, 31.222399281000037], [120.62982375800004, 31.22101020100007], [120.63165150200007, 31.218185187000074], [120.63245150800003, 31.216802020000046], [120.63266018400009, 31.21635598200004], [120.6328172640001, 31.215923211000074], [120.63290133700002, 31.215509164000025], [120.63288338200005, 31.21512123900004], [120.63274758200009, 31.21478052200007], [120.63251505100004, 31.214464552000038], [120.6322106240001, 31.214166980000073], [120.63185337900006, 31.21388292900008], [120.63103477700008, 31.213341494000076], [120.62966105500004, 31.212558556000033], [120.62491458300008, 31.21002747700004], [120.61481788200001, 31.21217005300008], [120.61305075500002, 31.21256876600006], [120.61190223500012, 31.212876189000042], [120.6113459710001, 31.213055230000066], [120.61080846900006, 31.213260681000065], [120.61029697400011, 31.213502737000056], [120.60982104900006, 31.213794860000064], [120.60937544100011, 31.214160022000044], [120.60896734700009, 31.214577989000077], [120.6085864050001, 31.21503417300005], [120.60822483600009, 31.215517625000075], [120.60753828400004, 31.216536027000075], [120.60136280800009, 31.226698928000076], [120.60023252600001, 31.228440479000028], [120.60034780100011, 31.228628068000035], [120.60074569000005, 31.229044293000072], [120.60138922800002, 31.229630232000034], [120.60224539100011, 31.230321936000053], [120.60328251100009, 31.23105356800005], [120.60447003600007, 31.23175715800005], [120.60577839900009, 31.23236236500003], [120.60729282400007, 31.232839713000033], [120.60884280700009, 31.233129053000027], [120.6103520370001, 31.233253321000063], [120.61174201400001, 31.23324045800007], [120.61548152400007, 31.23298053900004], [120.61665719200005, 31.23295179400003], [120.61776698400001, 31.23299310300007], [120.61878474500008, 31.233135936000053], [120.61967685400009, 31.233419611000045], [120.6204001860001, 31.23389381100003], [120.62094474000003, 31.23464225500004], [120.62130838200005, 31.235595730000057], [120.62154252200003, 31.236696083000027], [120.62168507800004, 31.237900376000027], [120.62176370200007, 31.23917725900003], [120.62180335400001, 31.24186457600007], [120.6216143150001, 31.251652705000026], [120.62164247300007, 31.25437596900008], [120.62171124100007, 31.255686869000044], [120.62184057800005, 31.256941754000025], [120.62205818400002, 31.25811514600008], [120.62240295700008, 31.259171267000056], [120.6229288620001, 31.260060474000056], [120.62367586900007, 31.26073389100003], [120.62461577400006, 31.26123327600004], [120.62585236000007, 31.261613374000035], [120.62737928500007, 31.261901608000073], [120.62909332100003, 31.262114035000025], [120.63089248500012, 31.262265571000057], [120.63434852500006, 31.26243620300005], [120.63771164600007, 31.262525330000074], [120.63794290700002, 31.262566666000055], [120.64999669300005, 31.259152524000058]]]}}, {"type": "Feature", "properties": {"township_name": "震泽镇", "district_code": "wujiang", "district_name": "吴江区", "areacode": "32058403", "class": "乡镇界"}, "geometry": {"type": "Polygon", "coordinates": [[[120.5345288530001, 30.954006211000035], [120.5426789490001, 30.949525678000043], [120.54531285300004, 30.94802228100008], [120.5469697750001, 30.94696772800006], [120.54773613500004, 30.946407656000076], [120.54843661300004, 30.945812792000027], [120.54904462500008, 30.945169097000075], [120.54952468900001, 30.944457833000058], [120.54984188600008, 30.943682453000065], [120.55003536400011, 30.942841736000048], [120.55013820900001, 30.941953157000057], [120.55017553800008, 30.941029979000064], [120.55012416400007, 30.93911706600005], [120.54989101400008, 30.936165267000035], [120.54903081100008, 30.927483280000047], [120.54844746800006, 30.921259570000075], [120.5398089680001, 30.916628184000047], [120.53109857200002, 30.91202386300006], [120.52852675600002, 30.910615860000064], [120.52688191700008, 30.90962546000003], [120.52610239700005, 30.909098425000025], [120.52536790500005, 30.90853797500006], [120.52469614500001, 30.907930970000052], [120.52411061900011, 30.907259968000062], [120.52361527500011, 30.90648256000003], [120.52321234900012, 30.905636569000023], [120.5228765390001, 30.904740768000067], [120.52258878900011, 30.90380930300006], [120.52233492500011, 30.90285269000003], [120.52189004000002, 30.900892828000053], [120.52148870200006, 30.89890064900004], [120.51898284100002, 30.88587516900003], [120.5189053680001, 30.885562666000055], [120.5186352180001, 30.88483972800003], [120.51817580200009, 30.883820207000042], [120.51752908800006, 30.882623978000026], [120.51669632700009, 30.881373409000048], [120.51567738800009, 30.880194368000048], [120.51447025900006, 30.879217014000062], [120.51295643700007, 30.878507396000032], [120.51130454600002, 30.878161284000043], [120.50961185400001, 30.878126284000075], [120.50797929800001, 30.87834131900007], [120.50323613900002, 30.879389915000047], [120.50164576400005, 30.87967037100003], [120.50006531300005, 30.879855235000036], [120.49850318900008, 30.87990045600003], [120.4969686820001, 30.87975250200003], [120.4954703190001, 30.879370682000058], [120.49400042500008, 30.87879781600003], [120.49255140600008, 30.878085725000062], [120.49111760200003, 30.87727346500003], [120.48969490400009, 30.87639038700007], [120.48687238900004, 30.87449543100007], [120.48268114400003, 30.871546987000045], [120.4799236880001, 30.869655906000048], [120.4785640230001, 30.86877982900006], [120.47722383000007, 30.86798172600004], [120.47591064200003, 30.867295436000063], [120.47463463300005, 30.86676638600005], [120.47340933300006, 30.866455346000066], [120.47225249100006, 30.86644297500004], [120.47127219700008, 30.866746754000076], [120.47033718300008, 30.867289713000048], [120.4694188200001, 30.867990182000028], [120.46751319000009, 30.869570846000045], [120.46645846600006, 30.870308770000065], [120.46517991400003, 30.87098116100003], [120.4637317160001, 30.871532450000075], [120.46195875400008, 30.87200896400003], [120.45994096400011, 30.87241752500006], [120.45778203600003, 30.872763348000035], [120.45558511600007, 30.873051915000076], [120.45345230300006, 30.873288024000033], [120.44978267500005, 30.87361660600004], [120.4472825900001, 30.873778685000048], [120.44465633300001, 30.87333362100003], [120.44451819900007, 30.874144306000062], [120.44337818500003, 30.876177365000046], [120.44222816900003, 30.877981418000047], [120.4394481170001, 30.880652502000032], [120.43719808100002, 30.883570590000033], [120.43471803400007, 30.88579266100004], [120.43240800500007, 30.88985677900007], [120.43145801000003, 30.893730884000036], [120.43052800900011, 30.89691797200004], [120.4301280200001, 30.899890051000057], [120.43014806500003, 30.905862205000062], [120.43049810800005, 30.910466323000037], [120.430628135, 30.913684405000026], [120.42916812100009, 30.916858495000042], [120.42658808600004, 30.921140620000074], [120.42325802500011, 30.924257719000025], [120.4199079660001, 30.928060836000043], [120.41770792200009, 30.929601888000036], [120.41675058700002, 30.929417216000047], [120.41656758400006, 30.929381914000032], [120.41652794100003, 30.929672973000038], [120.41652588600004, 30.929957977000072], [120.41690705100007, 30.931113759000027], [120.41739705600003, 30.932371526000054], [120.41807136900002, 30.93392725600006], [120.41892018800002, 30.93566374900007], [120.41993558500008, 30.937461994000046], [120.42111188700005, 30.939200467000035], [120.42244508600004, 30.940755554000077], [120.42390976900003, 30.942020538000065], [120.42541315400001, 30.94297965100003], [120.42686104000006, 30.943671362000032], [120.42972455800009, 30.94493350700003], [120.43108267700006, 30.945603057000028], [120.43233759100008, 30.94634479900003], [120.4334415190001, 30.94719754600004], [120.43433712400008, 30.948206561000063], [120.43498832700004, 30.949417948000075], [120.43544183800009, 30.950778614000058], [120.43576789400004, 30.952234796000027], [120.43626587200004, 30.95525672000008], [120.43653969100001, 30.956742055000063], [120.43689853400008, 30.958155271000066], [120.43740040800003, 30.959449041000028], [120.43811362000008, 30.960567164000054], [120.43911807400002, 30.96148450000004], [120.44035104600005, 30.96221293600007], [120.44175103000009, 30.962804043000062], [120.44327142400005, 30.96329675000004], [120.44487732800008, 30.963719955000045], [120.44654286800005, 30.964094660000058], [120.44824901400011, 30.96443563200006], [120.44998183900009, 30.96475264600008], [120.45348923200004, 30.965333694000037], [120.45700923600009, 30.96583999300003], [120.45876153800009, 30.966049792000035], [120.46050227500007, 30.966213742000036], [120.46222573000011, 30.96631195200007], [120.46392477600011, 30.966317022000055], [120.46559024400005, 30.966192079000052], [120.46721022700001, 30.965888394000046], [120.46872890800012, 30.96538487400005], [120.47020457400004, 30.96471098300003], [120.47164834400007, 30.963911323000048], [120.4730687770001, 30.963020305000043], [120.47447238600012, 30.962064387000055], [120.47586407400001, 30.961064064000027], [120.48274329200001, 30.955901941000036], [120.48411461900002, 30.954933115000074], [120.48548672600009, 30.954028419000053], [120.48686038200003, 30.953217662000043], [120.48823642500008, 30.952540859000067], [120.48961585200004, 30.95205171300006], [120.4909999140001, 30.951821874000075], [120.49240878, 30.951914835000025], [120.49382252700002, 30.952280846000065], [120.49523996000005, 30.95284964800004], [120.49666014600007, 30.95356729200006], [120.49808237000002, 30.954392863000066], [120.49950608800009, 30.955295697000054], [120.50093089300003, 30.95625311200007], [120.50399475800009, 30.95842655100006], [120.50767297200002, 30.96112729200007], [120.51562789900004, 30.967040750000024], [120.51636332200007, 30.967573711000057], [120.51662593200001, 30.967731576000062], [120.52663158900009, 30.958417240000074], [120.5345288530001, 30.954006211000035]]]}}, {"type": "Feature", "properties": {"township_name": "桃源镇", "district_code": "wujiang", "district_name": "吴江区", "areacode": "32058404", "class": "乡镇界"}, "geometry": {"type": "Polygon", "coordinates": [[[120.5667298730001, 30.84566083900006], [120.55756080300011, 30.83517567900003], [120.54761046500005, 30.82384544100006], [120.52956984200011, 30.80171796700006], [120.52927983100005, 30.801257957000075], [120.50776903100007, 30.767226194000045], [120.49824872600004, 30.758721026000046], [120.49767873200005, 30.76146410000007], [120.48475844200004, 30.766913312000042], [120.48099835700009, 30.76850437400003], [120.47560831700002, 30.781840749000025], [120.47074829100006, 30.79519712000007], [120.47080829900005, 30.796110143000078], [120.46504819600011, 30.802193333000048], [120.46145812700001, 30.805300432000024], [120.45899807700005, 30.807062492000057], [120.45489799200004, 30.809696582000072], [120.45158792600012, 30.81235366900006], [120.44988790100001, 30.81482974200003], [120.44901789200003, 30.816639794000025], [120.4486179050001, 30.819841879000023], [120.44977796600006, 30.824009980000028], [120.45069801500006, 30.82748306600007], [120.45105805700007, 30.831857176000028], [120.45170809800004, 30.835321262000036], [120.45321815400007, 30.837661315000048], [120.45411820400011, 30.841365405000033], [120.45112813900005, 30.842881461000047], [120.44756806600003, 30.84530254300006], [120.4437279870001, 30.847941632000072], [120.4404579180001, 30.849910701000056], [120.43841789700002, 30.85421182400006], [120.43667787600009, 30.857375915000034], [120.43542787900003, 30.862160046000042], [120.4360779210001, 30.865626132000045], [120.43625794100001, 30.867697184000065], [120.43909802900009, 30.869848225000055], [120.4425381210001, 30.87041122100004], [120.44486819400004, 30.87209025100003], [120.44465633300001, 30.87333362100003], [120.4472825900001, 30.873778685000048], [120.44978267500005, 30.87361660600004], [120.45345230300006, 30.873288024000033], [120.45558511600007, 30.873051915000076], [120.45778203600003, 30.872763348000035], [120.45994096400011, 30.87241752500006], [120.46195875400008, 30.87200896400003], [120.4637317160001, 30.871532450000075], [120.46517991400003, 30.87098116100003], [120.46645846600006, 30.870308770000065], [120.46751319000009, 30.869570846000045], [120.4694188200001, 30.867990182000028], [120.47033718300008, 30.867289713000048], [120.47127219700008, 30.866746754000076], [120.47225249100006, 30.86644297500004], [120.47340933300006, 30.866455346000066], [120.47463463300005, 30.86676638600005], [120.47591064200003, 30.867295436000063], [120.47722383000007, 30.86798172600004], [120.4785640230001, 30.86877982900006], [120.4799236880001, 30.869655906000048], [120.48268114400003, 30.871546987000045], [120.48687238900004, 30.87449543100007], [120.48969490400009, 30.87639038700007], [120.49111760200003, 30.87727346500003], [120.49255140600008, 30.878085725000062], [120.49400042500008, 30.87879781600003], [120.4954703190001, 30.879370682000058], [120.4969686820001, 30.87975250200003], [120.49850318900008, 30.87990045600003], [120.50006531300005, 30.879855235000036], [120.50164576400005, 30.87967037100003], [120.50323613900002, 30.879389915000047], [120.50797929800001, 30.87834131900007], [120.50961185400001, 30.878126284000075], [120.51130454600002, 30.878161284000043], [120.51295643700007, 30.878507396000032], [120.51447025900006, 30.879217014000062], [120.51567738800009, 30.880194368000048], [120.51669632700009, 30.881373409000048], [120.51752908800006, 30.882623978000026], [120.51817580200009, 30.883820207000042], [120.5186352180001, 30.88483972800003], [120.5189053680001, 30.885562666000055], [120.51898284100002, 30.88587516900003], [120.52242768000008, 30.878677881000044], [120.52245465500005, 30.87833857000004], [120.52276870300011, 30.877815360000056], [120.5233431050001, 30.877174787000058], [120.52416320700002, 30.87650452400004], [120.52521816000001, 30.875898930000062], [120.52679050600011, 30.875366275000033], [120.52860606600007, 30.87507501400006], [120.53055970000003, 30.87499169800003], [120.53253721200008, 30.87506342900008], [120.53441978400008, 30.875228734000075], [120.53751657600003, 30.875563120000038], [120.53881543400007, 30.875551805000043], [120.53993715800004, 30.87532380300007], [120.54081919600003, 30.874799093000036], [120.54140472200004, 30.873937013000045], [120.54176724900003, 30.87279675600007], [120.54196974800004, 30.871456181000042], [120.54205880200004, 30.86997284200004], [120.54206861800003, 30.86838891700006], [120.54194417100007, 30.86503411600006], [120.54141652800001, 30.856304584000043], [120.54135318800002, 30.854591783000046], [120.54133133000005, 30.852921578000064], [120.54136903400001, 30.851315301000056], [120.54149008800005, 30.849801547000027], [120.54172580000011, 30.84841865900006], [120.5421171270001, 30.847217752000063], [120.54271712400009, 30.84626633700003], [120.54346188700003, 30.845680266000045], [120.5443578600001, 30.845326080000063], [120.54534471200009, 30.84518246400006], [120.5463674770001, 30.845242523000024], [120.5473737740001, 30.84551356700007], [120.54831112600004, 30.84601730600008], [120.54924453700005, 30.846888204000038], [120.55006791700009, 30.84800198000005], [120.55082594900011, 30.84927241300005], [120.55231218900008, 30.85199512300005], [120.55312506700011, 30.85331457700005], [120.55404753900007, 30.854513704000055], [120.55505902100003, 30.855485170000065], [120.55616465500009, 30.856293626000024], [120.55731181100009, 30.856945694000046], [120.55844769200007, 30.85743485100005], [120.55951554700005, 30.857739610000067], [120.56045041700008, 30.857820892000063], [120.56117442400011, 30.857618484000056], [120.56162660600012, 30.857079746000068], [120.56186624600002, 30.856261249000056], [120.56230883, 30.853685057000064], [120.56271656000001, 30.852084313000034], [120.56334888000004, 30.850432829000056], [120.56419709600004, 30.848890613000037], [120.56519903700007, 30.847454275000075], [120.56625083100005, 30.846174132000044], [120.5667298730001, 30.84566083900006]]]}}, {"type": "Feature", "properties": {"township_name": "盛泽镇", "district_code": "wujiang", "district_name": "吴江区", "areacode": "32058407", "class": "乡镇界"}, "geometry": {"type": "Polygon", "coordinates": [[[120.68493343300008, 30.956269570000075], [120.68325489900008, 30.954454069000064], [120.6838249110001, 30.954162058000065], [120.70404529400003, 30.936257484000066], [120.70739529000002, 30.924151153000025], [120.70542513900011, 30.910617814000034], [120.70592507800006, 30.900773557000036], [120.6955447580001, 30.89336342300004], [120.68555447900007, 30.890098394000063], [120.67825426200011, 30.88598932800005], [120.67229407600007, 30.881457244000046], [120.67024400700006, 30.879333200000076], [120.66901395700006, 30.876771141000063], [120.66808390800009, 30.873302056000057], [120.66686385600008, 30.870512991000055], [120.66149367500009, 30.864618868000036], [120.65822355600005, 30.859705759000065], [120.65250338300007, 30.856096698000044], [120.64674321700011, 30.85363866600005], [120.6443431560001, 30.853569678000042], [120.64189310300003, 30.854879725000046], [120.63942305500007, 30.85687579000006], [120.63616298300008, 30.85838984700007], [120.62978281800008, 30.858206877000043], [120.62501269200004, 30.857611888000065], [120.61915254100006, 30.85744391600008], [120.6135923920001, 30.856594925000024], [120.61018229600006, 30.855349912000065], [120.60163208300003, 30.856022976000077], [120.5941418970001, 30.856727036000052], [120.582191609, 30.85909616200007], [120.57570139200004, 30.852082016000054], [120.5713612720001, 30.850957011000048], [120.5667298730001, 30.84566083900006], [120.56625083100005, 30.846174132000044], [120.56519903700007, 30.847454275000075], [120.56419709600004, 30.848890613000037], [120.56334888000004, 30.850432829000056], [120.56271656000001, 30.852084313000034], [120.56230883, 30.853685057000064], [120.56186624600002, 30.856261249000056], [120.56162660600012, 30.857079746000068], [120.56117442400011, 30.857618484000056], [120.56045041700008, 30.857820892000063], [120.55951554700005, 30.857739610000067], [120.55844769200007, 30.85743485100005], [120.55731181100009, 30.856945694000046], [120.55616465500009, 30.856293626000024], [120.55505902100003, 30.855485170000065], [120.55404753900007, 30.854513704000055], [120.55312506700011, 30.85331457700005], [120.55231218900008, 30.85199512300005], [120.55082594900011, 30.84927241300005], [120.55006791700009, 30.84800198000005], [120.54924453700005, 30.846888204000038], [120.54831112600004, 30.84601730600008], [120.5473737740001, 30.84551356700007], [120.5463674770001, 30.845242523000024], [120.54534471200009, 30.84518246400006], [120.5443578600001, 30.845326080000063], [120.54346188700003, 30.845680266000045], [120.54271712400009, 30.84626633700003], [120.5421171270001, 30.847217752000063], [120.54172580000011, 30.84841865900006], [120.54149008800005, 30.849801547000027], [120.54136903400001, 30.851315301000056], [120.54133133000005, 30.852921578000064], [120.54135318800002, 30.854591783000046], [120.54141652800001, 30.856304584000043], [120.54194417100007, 30.86503411600006], [120.54206861800003, 30.86838891700006], [120.54205880200004, 30.86997284200004], [120.54196974800004, 30.871456181000042], [120.54176724900003, 30.87279675600007], [120.54140472200004, 30.873937013000045], [120.54081919600003, 30.874799093000036], [120.53993715800004, 30.87532380300007], [120.53881543400007, 30.875551805000043], [120.53751657600003, 30.875563120000038], [120.53441978400008, 30.875228734000075], [120.53253721200008, 30.87506342900008], [120.53055970000003, 30.87499169800003], [120.52860606600007, 30.87507501400006], [120.52679050600011, 30.875366275000033], [120.52521816000001, 30.875898930000062], [120.52416320700002, 30.87650452400004], [120.5233431050001, 30.877174787000058], [120.52276870300011, 30.877815360000056], [120.52245465500005, 30.87833857000004], [120.52242768000008, 30.878677881000044], [120.51898284100002, 30.88587516900003], [120.52148870200006, 30.89890064900004], [120.52189004000002, 30.900892828000053], [120.52233492500011, 30.90285269000003], [120.52258878900011, 30.90380930300006], [120.5228765390001, 30.904740768000067], [120.52321234900012, 30.905636569000023], [120.52361527500011, 30.90648256000003], [120.52411061900011, 30.907259968000062], [120.52469614500001, 30.907930970000052], [120.52536790500005, 30.90853797500006], [120.52610239700005, 30.909098425000025], [120.52688191700008, 30.90962546000003], [120.52852675600002, 30.910615860000064], [120.53109857200002, 30.91202386300006], [120.5398089680001, 30.916628184000047], [120.54844746800006, 30.921259570000075], [120.55260691100011, 30.92174770400004], [120.55669792300012, 30.922284835000028], [120.55891035100001, 30.92261870300007], [120.56110551800009, 30.922994431000063], [120.56318617200009, 30.923412021000047], [120.56505457700007, 30.923872035000045], [120.56663715900004, 30.924378641000033], [120.56810051900004, 30.924980461000075], [120.56948131000001, 30.925716613000077], [120.57071515300004, 30.926566894000075], [120.57188294200012, 30.927517222000063], [120.57523719800008, 30.93048705800004], [120.57637561000001, 30.931366466000043], [120.57755857200004, 30.932109156000024], [120.57880936700008, 30.932655718000035], [120.58024211200006, 30.93297349900007], [120.58175568100012, 30.933065132000024], [120.5833287690001, 30.932991607000076], [120.58494526900006, 30.93279883500003], [120.5865931080001, 30.93252103100008], [120.58826326600001, 30.932183511000062], [120.58994896100012, 30.931804945000067], [120.60013860700008, 30.92927649300003], [120.60344881300011, 30.928536680000036], [120.6050505400001, 30.92823803700003], [120.60659540900008, 30.92801500400003], [120.60806054800003, 30.927897681000047], [120.6094156040001, 30.927926004000028], [120.61062076100006, 30.928152397000076], [120.61162445600007, 30.928644813000062], [120.61236298800009, 30.92941787500007], [120.61292914500007, 30.930419736000033], [120.61338682600001, 30.93156745700003], [120.61420027300005, 30.93401275000008], [120.61466263600005, 30.935174527000072], [120.61523693400011, 30.93620138600005], [120.61598758000002, 30.937012824000078], [120.61701194200009, 30.937562714000023], [120.61824292000006, 30.937858607000067], [120.6196278110001, 30.93796510900006], [120.62112599000011, 30.937932045000025], [120.6227065380001, 30.937797360000047], [120.62434616200005, 30.93758964700004], [120.62773734100006, 30.93703530600004], [120.63814461100003, 30.935071368000024], [120.63983628100004, 30.934793849000073], [120.64148798200006, 30.934564222000063], [120.64308130900008, 30.93440486800006], [120.64459135900006, 30.934346126000037], [120.64598463300001, 30.934428858000047], [120.64721648700004, 30.93470760200006], [120.64822807600001, 30.935254334000035], [120.64898807700001, 30.936155017000033], [120.64951777300007, 30.937337331000037], [120.64988146500002, 30.938724354000044], [120.6501292150001, 30.940257244000065], [120.65030043800004, 30.941891186000078], [120.65065560000005, 30.947091040000032], [120.65081029700002, 30.948848205000047], [120.65103212200006, 30.95058492700008], [120.65135960000009, 30.952280337000047], [120.6518424410001, 30.95390939600003], [120.65249115000006, 30.955386772000054], [120.6532955030001, 30.956788006000068], [120.65421974600008, 30.958120465000036], [120.65523721500006, 30.959384517000046], [120.65637310700004, 30.960575671000072], [120.6577795710001, 30.961665390000064], [120.65940894500011, 30.96257305100005], [120.66119023700003, 30.963215654000066], [120.66305158800003, 30.963519274000078], [120.66488261200004, 30.963463279000052], [120.66661250100003, 30.963151736000043], [120.66813641800002, 30.962703528000077], [120.66934988000003, 30.962232974000074], [120.67014753400008, 30.96185189700003], [120.67042047300004, 30.96166839400007], [120.67984594100005, 30.95731095800005], [120.68493343300008, 30.956269570000075]]]}}, {"type": "Feature", "properties": {"township_name": "七都镇", "district_code": "wujiang", "district_name": "吴江区", "areacode": "32058408", "class": "乡镇界"}, "geometry": {"type": "Polygon", "coordinates": [[[120.52758817600011, 30.97424133000004], [120.51662593200001, 30.967731576000062], [120.51636332200007, 30.967573711000057], [120.51562789900004, 30.967040750000024], [120.50767297200002, 30.96112729200007], [120.50399475800009, 30.95842655100006], [120.50093089300003, 30.95625311200007], [120.49950608800009, 30.955295697000054], [120.49808237000002, 30.954392863000066], [120.49666014600007, 30.95356729200006], [120.49523996000005, 30.95284964800004], [120.49382252700002, 30.952280846000065], [120.49240878, 30.951914835000025], [120.4909999140001, 30.951821874000075], [120.48961585200004, 30.95205171300006], [120.48823642500008, 30.952540859000067], [120.48686038200003, 30.953217662000043], [120.48548672600009, 30.954028419000053], [120.48411461900002, 30.954933115000074], [120.48274329200001, 30.955901941000036], [120.47586407400001, 30.961064064000027], [120.47447238600012, 30.962064387000055], [120.4730687770001, 30.963020305000043], [120.47164834400007, 30.963911323000048], [120.47020457400004, 30.96471098300003], [120.46872890800012, 30.96538487400005], [120.46721022700001, 30.965888394000046], [120.46559024400005, 30.966192079000052], [120.46392477600011, 30.966317022000055], [120.46222573000011, 30.96631195200007], [120.46050227500007, 30.966213742000036], [120.45876153800009, 30.966049792000035], [120.45700923600009, 30.96583999300003], [120.45348923200004, 30.965333694000037], [120.44998183900009, 30.96475264600008], [120.44824901400011, 30.96443563200006], [120.44654286800005, 30.964094660000058], [120.44487732800008, 30.963719955000045], [120.44327142400005, 30.96329675000004], [120.44175103000009, 30.962804043000062], [120.44035104600005, 30.96221293600007], [120.43911807400002, 30.96148450000004], [120.43811362000008, 30.960567164000054], [120.43740040800003, 30.959449041000028], [120.43689853400008, 30.958155271000066], [120.43653969100001, 30.956742055000063], [120.43626587200004, 30.95525672000008], [120.43576789400004, 30.952234796000027], [120.43544183800009, 30.950778614000058], [120.43498832700004, 30.949417948000075], [120.43433712400008, 30.948206561000063], [120.4334415190001, 30.94719754600004], [120.43233759100008, 30.94634479900003], [120.43108267700006, 30.945603057000028], [120.42972455800009, 30.94493350700003], [120.42686104000006, 30.943671362000032], [120.42541315400001, 30.94297965100003], [120.42390976900003, 30.942020538000065], [120.42244508600004, 30.940755554000077], [120.42111188700005, 30.939200467000035], [120.41993558500008, 30.937461994000046], [120.41892018800002, 30.93566374900007], [120.41807136900002, 30.93392725600006], [120.41739705600003, 30.932371526000054], [120.41690705100007, 30.931113759000027], [120.41652588600004, 30.929957977000072], [120.41652794100003, 30.929672973000038], [120.41656758400006, 30.929381914000032], [120.41347780700005, 30.92878589000003], [120.41036771200004, 30.926624850000053], [120.40843762600002, 30.92174573500006], [120.40827760400009, 30.919212671000025], [120.40816757300001, 30.915534576000027], [120.40798755300011, 30.91323251700004], [120.40920755700006, 30.909597417000043], [120.41096757300011, 30.90574630800006], [120.41267759700008, 30.903041228000063], [120.41290756300009, 30.89753608500007], [120.41090748800002, 30.894262010000034], [120.40857741700006, 30.892811985000037], [120.40485731900003, 30.892471998000076], [120.39983718300005, 30.891400997000062], [120.39268699200011, 30.890266007000037], [120.37543653800003, 30.888593058000026], [120.35637602700001, 30.885484081000072], [120.35122591100003, 30.887624164000044], [120.35055591900004, 30.89104825700008], [120.35016592800002, 30.893792330000053], [120.35004594700001, 30.896774408000056], [120.35021596900003, 30.899076467000043], [120.35060600400004, 30.90253255400006], [120.3512760430001, 30.905538628000045], [120.35235611300004, 30.911311772000033], [120.35320617400009, 30.916619904000072], [120.35496628400006, 30.925400122000042], [120.35586633500009, 30.929331219000062], [120.35679638500005, 30.932804304000058], [120.35905646700007, 30.936087377000035], [120.361306549, 30.939373449000072], [120.36435665500005, 30.94314053000005], [120.36585671000012, 30.94548158200007], [120.36652674900006, 30.948487656000054], [120.36528801100008, 30.950133222000034], [120.3652368700001, 30.950201159000073], [120.36549157000002, 30.95056562900004], [120.3655245220001, 30.950471191000076], [120.40335199900005, 30.966614239000023], [120.42475401900003, 30.97570084800003], [120.42967691700005, 30.977826721000042], [120.43293069700007, 30.979294507000077], [120.43454052000004, 30.980059011000037], [120.43613263000009, 30.980855274000078], [120.43770031300005, 30.98169531800005], [120.43922368400001, 30.982580214000052], [120.44072305500003, 30.98350816800007], [120.44367457900012, 30.98544901400004], [120.44659061400012, 30.987454183000068], [120.46395948700001, 30.99972583500005], [120.46682678700006, 31.001798330000042], [120.46964314500008, 31.00392113600003], [120.47101522500009, 31.005018411000037], [120.47234850600012, 31.006154323000032], [120.47362665200001, 31.00734519100007], [120.47484769000005, 31.008618753000064], [120.47600948000002, 31.009951398000055], [120.47712734800007, 31.011328452000043], [120.47831260800001, 31.012881777000075], [120.47961215900011, 31.014661490000037], [120.4823333270001, 31.01852833600003], [120.487428797, 31.02596651300007], [120.49246004500003, 31.01666456600003], [120.49726547600005, 31.006969386000037], [120.5031821880001, 30.994862101000024], [120.50445018000005, 30.992318284000078], [120.50574104100008, 30.98986584100004], [120.50640301500005, 30.988706576000027], [120.50708283800009, 30.98762002600006], [120.50778798200008, 30.986637053000038], [120.50852851500008, 30.985799300000053], [120.50931785000012, 30.985162358000025], [120.51017365100006, 30.984799576000057], [120.51106413000002, 30.98476461100006], [120.51201472000002, 30.98497921200004], [120.51300850100006, 30.985375016000035], [120.51403162300005, 30.985897048000027], [120.51507233500001, 30.986500014000057], [120.51819446400009, 30.988415263000036], [120.51919725200003, 30.988964057000032], [120.52015696400008, 30.98939388100007], [120.52105329900007, 30.989644785000053], [120.52185980100012, 30.989639734000036], [120.52258935400005, 30.989286315000072], [120.52321381400009, 30.988631824000038], [120.52376131000005, 30.987742618000027], [120.52429455400011, 30.98651492500005], [120.52482643600001, 30.984978713000032], [120.52534610400005, 30.983242782000048], [120.52584196300006, 30.98141392900004], [120.52671107000003, 30.977891129000056], [120.5275059490001, 30.974464597000065], [120.52758817600011, 30.97424133000004]]]}}, {"type": "Feature", "properties": {"township_name": "平望镇", "district_code": "wujiang", "district_name": "吴江区", "areacode": "32058409", "class": "乡镇界"}, "geometry": {"type": "Polygon", "coordinates": [[[120.66343823800003, 31.03043424400005], [120.6651474040001, 31.01292406500005], [120.66583206700011, 31.00656520900003], [120.66625634900004, 31.00341471200005], [120.66651160900005, 31.00185648400003], [120.66681056900006, 31.000316337000072], [120.66716901100006, 30.99880154600004], [120.66760753300002, 30.997321790000058], [120.66815270600011, 30.995889791000025], [120.66879671100003, 30.994566022000072], [120.66952942800003, 30.99328693800004], [120.67266984800006, 30.98843421600003], [120.67334147200006, 30.987262587000032], [120.67388813600007, 30.986104604000047], [120.6742552180001, 30.98496177000004], [120.6743741040001, 30.98383736100004], [120.67416578200005, 30.982648346000076], [120.67368577400009, 30.981482648000053], [120.67303390600011, 30.980338774000074], [120.67156555600002, 30.978125359000046], [120.67092364500002, 30.97706899900004], [120.67047605000005, 30.976062429000024], [120.6703492360001, 30.97512522100004], [120.6706369750001, 30.97429919500007], [120.67128555500005, 30.973536068000044], [120.67238574500004, 30.972747863000052], [120.67387633400006, 30.97193020000003], [120.67563146300006, 30.971107905000054], [120.67752695600007, 30.970306367000035], [120.67944201800003, 30.96955177500007], [120.68496264300006, 30.96754078300006], [120.68520938600011, 30.96741832200007], [120.69544172200006, 30.964486262000037], [120.68945510600008, 30.961160208000024], [120.68493343300008, 30.956269570000075], [120.67984594100005, 30.95731095800005], [120.67042047300004, 30.96166839400007], [120.67014753400008, 30.96185189700003], [120.66934988000003, 30.962232974000074], [120.66813641800002, 30.962703528000077], [120.66661250100003, 30.963151736000043], [120.66488261200004, 30.963463279000052], [120.66305158800003, 30.963519274000078], [120.66119023700003, 30.963215654000066], [120.65940894500011, 30.96257305100005], [120.6577795710001, 30.961665390000064], [120.65637310700004, 30.960575671000072], [120.65523721500006, 30.959384517000046], [120.65421974600008, 30.958120465000036], [120.6532955030001, 30.956788006000068], [120.65249115000006, 30.955386772000054], [120.6518424410001, 30.95390939600003], [120.65135960000009, 30.952280337000047], [120.65103212200006, 30.95058492700008], [120.65081029700002, 30.948848205000047], [120.65065560000005, 30.947091040000032], [120.65030043800004, 30.941891186000078], [120.6501292150001, 30.940257244000065], [120.64988146500002, 30.938724354000044], [120.64951777300007, 30.937337331000037], [120.64898807700001, 30.936155017000033], [120.64822807600001, 30.935254334000035], [120.64721648700004, 30.93470760200006], [120.64598463300001, 30.934428858000047], [120.64459135900006, 30.934346126000037], [120.64308130900008, 30.93440486800006], [120.64148798200006, 30.934564222000063], [120.63983628100004, 30.934793849000073], [120.63814461100003, 30.935071368000024], [120.62773734100006, 30.93703530600004], [120.62434616200005, 30.93758964700004], [120.6227065380001, 30.937797360000047], [120.62112599000011, 30.937932045000025], [120.6196278110001, 30.93796510900006], [120.61824292000006, 30.937858607000067], [120.61701194200009, 30.937562714000023], [120.61598758000002, 30.937012824000078], [120.61523693400011, 30.93620138600005], [120.61466263600005, 30.935174527000072], [120.61420027300005, 30.93401275000008], [120.61338682600001, 30.93156745700003], [120.61292914500007, 30.930419736000033], [120.61236298800009, 30.92941787500007], [120.61162445600007, 30.928644813000062], [120.61062076100006, 30.928152397000076], [120.6094156040001, 30.927926004000028], [120.60806054800003, 30.927897681000047], [120.60659540900008, 30.92801500400003], [120.6050505400001, 30.92823803700003], [120.60344881300011, 30.928536680000036], [120.60013860700008, 30.92927649300003], [120.58994896100012, 30.931804945000067], [120.58826326600001, 30.932183511000062], [120.5865931080001, 30.93252103100008], [120.58494526900006, 30.93279883500003], [120.5833287690001, 30.932991607000076], [120.58175568100012, 30.933065132000024], [120.58024211200006, 30.93297349900007], [120.57880936700008, 30.932655718000035], [120.57755857200004, 30.932109156000024], [120.57637561000001, 30.931366466000043], [120.57523719800008, 30.93048705800004], [120.57188294200012, 30.927517222000063], [120.57071515300004, 30.926566894000075], [120.56948131000001, 30.925716613000077], [120.56810051900004, 30.924980461000075], [120.56663715900004, 30.924378641000033], [120.56505457700007, 30.923872035000045], [120.56318617200009, 30.923412021000047], [120.56110551800009, 30.922994431000063], [120.55891035100001, 30.92261870300007], [120.55669792300012, 30.922284835000028], [120.55260691100011, 30.92174770400004], [120.54844746800006, 30.921259570000075], [120.54903081100008, 30.927483280000047], [120.54989101400008, 30.936165267000035], [120.55012416400007, 30.93911706600005], [120.55017553800008, 30.941029979000064], [120.55013820900001, 30.941953157000057], [120.55003536400011, 30.942841736000048], [120.54984188600008, 30.943682453000065], [120.54952468900001, 30.944457833000058], [120.54904462500008, 30.945169097000075], [120.54843661300004, 30.945812792000027], [120.54773613500004, 30.946407656000076], [120.5469697750001, 30.94696772800006], [120.54531285300004, 30.94802228100008], [120.5426789490001, 30.949525678000043], [120.5345288530001, 30.954006211000035], [120.52663158900009, 30.958417240000074], [120.51662593200001, 30.967731576000062], [120.52758817600011, 30.97424133000004], [120.52825145400004, 30.975119653000036], [120.52903803100003, 30.976063449000037], [120.53006975100004, 30.977225463000025], [120.53130406800005, 30.978516139000078], [120.53269922800007, 30.979844293000042], [120.53421439500005, 30.98111631200004], [120.53580952200002, 30.98223616000007], [120.53744481600006, 30.983106556000052], [120.53913599700002, 30.98367054700003], [120.54072143600001, 30.983916773000033], [120.54372075700007, 30.984050628000034], [120.5451815670001, 30.984142959000053], [120.54657918100008, 30.984329287000037], [120.54788143700011, 30.98467155000003], [120.54905024100003, 30.985240445000045], [120.55006514000002, 30.98609722200007], [120.55094793600006, 30.987183732000062], [120.55173826700002, 30.988432850000038], [120.55246734200011, 30.98979216600003], [120.55452367400005, 30.99414453000003], [120.55523368200011, 30.99558034200004], [120.55599118800001, 30.99695655900007], [120.55682171600006, 30.99823693500008], [120.55775627100002, 30.999378139000044], [120.55883330400002, 31.00032692600007], [120.56011535200003, 31.00105676700008], [120.56154391700011, 31.001586796000026], [120.56307627700005, 31.00197382700003], [120.56467775600004, 31.00226327000007], [120.56631915600008, 31.002492408000023], [120.5696178290001, 31.002896082000063], [120.57122260300002, 31.003130706000036], [120.57275752400005, 31.00343064900005], [120.574184779, 31.003835282000068], [120.57545696700004, 31.004393039000036], [120.57651387700002, 31.005164771000068], [120.57730772500008, 31.006200059000037], [120.57788375300004, 31.007452672000056], [120.57829958800005, 31.00886527700004], [120.57859919700002, 31.01039409200007], [120.57881565500008, 31.012006132000067], [120.57897352200007, 31.013676877000023], [120.57909077300008, 31.015388346000066], [120.57925155600003, 31.01888520500006], [120.57959464900011, 31.03134361700006], [120.57971614400003, 31.03488270400004], [120.57990530300003, 31.038362249000045], [120.58004932500012, 31.040058792000025], [120.58024749000003, 31.041708115000063], [120.58052348900003, 31.043289637000044], [120.58090969500006, 31.044775216000062], [120.5814498200001, 31.046126857000047], [120.58220215600011, 31.04729388100003], [120.58322717400006, 31.04824324200007], [120.58447160800006, 31.04900173900006], [120.5858770960001, 31.049620135000055], [120.58739917000003, 31.050137110000037], [120.58900438, 31.050581759000067], [120.59066787200004, 31.050975700000038], [120.5923714060001, 31.051334801000053], [120.59584952700004, 31.051991171000054], [120.6143362150001, 31.055191775000026], [120.61875839100003, 31.05599521000005], [120.61886101800008, 31.055788508000035], [120.62051218300007, 31.051016035000032], [120.62113548600007, 31.049358575000042], [120.62180106700009, 31.047717738000074], [120.6224889340001, 31.046198056000037], [120.62317999800007, 31.044907072000058], [120.62385567100011, 31.04395394100004], [120.6245416270001, 31.04334785700007], [120.62531077100004, 31.04302819600008], [120.62615658900006, 31.043042554000067], [120.62707773200009, 31.043312840000056], [120.62805183900002, 31.043762817000072], [120.62906236000003, 31.044335687000057], [120.63009700100008, 31.04498871100003], [120.63431523000008, 31.047810773000037], [120.63535832800005, 31.048441854000032], [120.6363839920001, 31.04898522700006], [120.63738384900012, 31.04940057600004], [120.63834733300007, 31.049636088000057], [120.63926091200005, 31.049624696000024], [120.64013906200012, 31.049298313000065], [120.64096450300008, 31.048710924000034], [120.64175173300009, 31.047933999000065], [120.64251193200005, 31.047021674000064], [120.64325381100002, 31.046014699000068], [120.64398437700004, 31.04494377000003], [120.64616698700002, 31.041558417000033], [120.64767945500012, 31.039315628000054], [120.64848112200002, 31.038245328000073], [120.64933355500011, 31.037236707000034], [120.65025935900007, 31.036318471000072], [120.65126540300002, 31.03552737600006], [120.65250042100001, 31.03477076000007], [120.65394975000004, 31.03403279300005], [120.65553063700008, 31.033326113000044], [120.65716062900003, 31.032663510000077], [120.65875813000002, 31.032058728000038], [120.66343823800003, 31.03043424400005]]]}}, {"type": "Feature", "properties": {"township_name": "平江区", "district_code": "gusu", "district_name": "姑苏区", "areacode": "32050301", "class": "乡镇界"}, "geometry": {"type": "Polygon", "coordinates": [[[120.63518653400001, 31.338183684000057], [120.63536702800002, 31.337615564000032], [120.63575553700002, 31.336745604000043], [120.63672068400001, 31.33500433300003], [120.6374154770001, 31.333894857000075], [120.63978941500011, 31.33040759800008], [120.64064485200004, 31.32910126300004], [120.64142226400008, 31.327759839000066], [120.64177789700011, 31.326987319000068], [120.64213658400001, 31.32597862800003], [120.64257837100001, 31.324423077000063], [120.64529532900008, 31.313368887000024], [120.63709391800012, 31.312219687000038], [120.63299536800002, 31.311589782000055], [120.62807755400001, 31.31072788000006], [120.61496888200008, 31.308361432000027], [120.61168987700012, 31.307805985000073], [120.61075494400006, 31.307692230000043], [120.60974659300007, 31.30760713600006], [120.60871431200007, 31.30756266000003], [120.60770675800006, 31.307569295000064], [120.60677037900007, 31.307633171000077], [120.60432405000006, 31.30796453000005], [120.60416215200007, 31.30801965300003], [120.60384809400011, 31.308308301000068], [120.60344017400007, 31.30881363000003], [120.60297078500002, 31.309569854000074], [120.60250216000009, 31.310517727000047], [120.60205846300005, 31.311610862000066], [120.60163169700002, 31.312881961000073], [120.60126488900005, 31.314196821000053], [120.60096635000002, 31.31548936300004], [120.60078052100005, 31.31648228800003], [120.600660059, 31.317381521000073], [120.60059284800002, 31.318225212000073], [120.60056405900002, 31.31912815000004], [120.60060765000003, 31.32089667400004], [120.60066552300009, 31.32173428300007], [120.60075923300008, 31.322541149000074], [120.6009072700001, 31.323307115000034], [120.6011308200001, 31.32401929300005], [120.60136263000004, 31.32451153100004], [120.60178895900003, 31.325146991000054], [120.60273908400006, 31.326262576000033], [120.60308091400009, 31.326712014000066], [120.60334536700009, 31.327147423000042], [120.60350471700008, 31.327554388000067], [120.60352571200008, 31.327916534000053], [120.60341954900002, 31.328161058000035], [120.60308289000011, 31.328416451000066], [120.60257199300008, 31.328585409000027], [120.60193230400012, 31.32869498000008], [120.59869999500006, 31.32897287800006], [120.59782982000002, 31.32910416800007], [120.59696690100009, 31.329306596000038], [120.5960778220001, 31.329618822000043], [120.59520862500005, 31.330016984000054], [120.59435575200007, 31.33048004400007], [120.59351615600008, 31.330991635000032], [120.59268729600001, 31.331539187000033], [120.59105396100006, 31.332706451000035], [120.58940703100006, 31.333966561000068], [120.5874708880001, 31.33556399300005], [120.58546417500008, 31.33732769100004], [120.58372444200006, 31.338979824000035], [120.58259332400007, 31.340197673000034], [120.5822312680001, 31.34068503000003], [120.58149577600011, 31.34185996100007], [120.58106707000002, 31.342641899000057], [120.58065008900007, 31.34352215000007], [120.58030762200008, 31.344442943000047], [120.58010504000003, 31.345345546000033], [120.58011045400008, 31.34617005800004], [120.5803782910001, 31.346873156000072], [120.58087068500004, 31.34742325700006], [120.58151948600005, 31.347815426000068], [120.58225698000001, 31.348129697000047], [120.58304998300002, 31.348409798000034], [120.58388066700002, 31.348658132000025], [120.58473686600007, 31.348873234000052], [120.58561044700002, 31.34904997500007], [120.5864961420001, 31.34917949800007], [120.58739074800008, 31.349248896000063], [120.58833491700011, 31.34924636100004], [120.58928394700001, 31.349182406000068], [120.59023577700009, 31.349074742000028], [120.59214293200012, 31.34877674200004], [120.59405057200001, 31.348418770000023], [120.60356484500005, 31.346452846000034], [120.60639987400009, 31.345905410000057], [120.60826458200006, 31.345615146000057], [120.6091802520001, 31.345519250000052], [120.61008382800003, 31.345483305000073], [120.61104857300006, 31.345602236000047], [120.61204958100006, 31.34592770000006], [120.61301823200006, 31.346458735000056], [120.61394025600009, 31.34714168200003], [120.61479132200009, 31.347904648000053], [120.61554642600004, 31.348677707000036], [120.6161798920001, 31.34939292300004], [120.61709188300006, 31.350517620000062], [120.61809421900011, 31.350349872000038], [120.61939146800012, 31.350214021000056], [120.62400097500006, 31.349892813000054], [120.62508627400007, 31.34978370600004], [120.6261038340001, 31.349600249000048], [120.62656783900002, 31.34945927900003], [120.62698609100005, 31.349267979000047], [120.62734178900007, 31.34900787400005], [120.62762042800011, 31.348665949000065], [120.62783813400006, 31.348256986000024], [120.62801204700008, 31.34779982400005], [120.62815488500007, 31.347308439000074], [120.62847803500006, 31.345718066000074], [120.62907055400001, 31.341829872000062], [120.62937482400002, 31.340227049000077], [120.62966130000007, 31.339263179000056], [120.62985626900002, 31.338846125000032], [120.63010678300009, 31.338498770000058], [120.63017975000002, 31.338429506000068], [120.6305846790001, 31.338202008000053], [120.63112344100011, 31.338061124000035], [120.6317531950001, 31.337990491000028], [120.63243106000004, 31.33797369800004], [120.63311487200008, 31.337995231000036], [120.63518653400001, 31.338183684000057]]]}}, {"type": "Feature", "properties": {"township_name": "城北街道", "district_code": "gusu", "district_name": "姑苏区", "areacode": "32050302", "class": "乡镇界"}, "geometry": {"type": "Polygon", "coordinates": [[[120.61709188300006, 31.350517620000062], [120.6161798920001, 31.34939292300004], [120.61554642600004, 31.348677707000036], [120.61479132200009, 31.347904648000053], [120.61394025600009, 31.34714168200003], [120.61301823200006, 31.346458735000056], [120.61204958100006, 31.34592770000006], [120.61104857300006, 31.345602236000047], [120.61008382800003, 31.345483305000073], [120.6091802520001, 31.345519250000052], [120.60826458200006, 31.345615146000057], [120.60639987400009, 31.345905410000057], [120.60356484500005, 31.346452846000034], [120.59405057200001, 31.348418770000023], [120.59214293200012, 31.34877674200004], [120.59023577700009, 31.349074742000028], [120.58928394700001, 31.349182406000068], [120.58833491700011, 31.34924636100004], [120.58739074800008, 31.349248896000063], [120.5864961420001, 31.34917949800007], [120.58561044700002, 31.34904997500007], [120.58473686600007, 31.348873234000052], [120.58388066700002, 31.348658132000025], [120.58304998300002, 31.348409798000034], [120.58225698000001, 31.348129697000047], [120.58151948600005, 31.347815426000068], [120.58087068500004, 31.34742325700006], [120.5803782910001, 31.346873156000072], [120.58011045400008, 31.34617005800004], [120.58010504000003, 31.345345546000033], [120.58030762200008, 31.344442943000047], [120.58065008900007, 31.34352215000007], [120.58106707000002, 31.342641899000057], [120.58149577600011, 31.34185996100007], [120.5822312680001, 31.34068503000003], [120.57646247000002, 31.34901920200008], [120.57557951400008, 31.34997304600006], [120.5727140780001, 31.358897698000078], [120.5732551750001, 31.35893959300006], [120.57415532400012, 31.358941437000055], [120.574875356, 31.358997208000062], [120.57562293400008, 31.35910253800006], [120.5764017790001, 31.35929860500005], [120.57688994300008, 31.359505658000046], [120.57736570500003, 31.35975193200005], [120.58097777000012, 31.361751541000046], [120.58638464300009, 31.361688083000047], [120.5876882770001, 31.36164371800004], [120.58799764700007, 31.361547834000078], [120.58824385200012, 31.361362298000074], [120.58837480300008, 31.36110687000007], [120.58840297600011, 31.36089875600004], [120.58838559200001, 31.360812960000032], [120.58886438000002, 31.360632473000067], [120.5906571380001, 31.36011331700007], [120.59382972500009, 31.35931456900005], [120.59567563900009, 31.358940751000034], [120.6001602130001, 31.358130395000046], [120.60203273100001, 31.35773082600008], [120.60321336100003, 31.357391067000037], [120.60376507000001, 31.357179794000047], [120.60427981100008, 31.35692907400005], [120.60471014300003, 31.35665508900007], [120.60508629600008, 31.35632667300007], [120.6053688080001, 31.35597718300005], [120.60560684500001, 31.355584038000075], [120.60585982900011, 31.35504170100006], [120.60607613800005, 31.35446506900007], [120.60664860600002, 31.352681147000055], [120.60685804900004, 31.352117882000073], [120.60710135700003, 31.351599372000067], [120.60739765100004, 31.351149088000057], [120.6076089820001, 31.350925475000054], [120.60803351000004, 31.350638238000045], [120.6085305250001, 31.350442160000057], [120.60908202600001, 31.350314488000038], [120.60967411400009, 31.350237680000077], [120.61104054600003, 31.350192012000036], [120.61277096200001, 31.35024916900005], [120.61709188300006, 31.350517620000062]]]}}, {"type": "Feature", "properties": {"township_name": "虎丘街道", "district_code": "gusu", "district_name": "姑苏区", "areacode": "32050101", "class": "乡镇界"}, "geometry": {"type": "Polygon", "coordinates": [[[120.5822312680001, 31.34068503000003], [120.57365640900002, 31.341333101000032], [120.5711599010001, 31.341452529000037], [120.56962466700008, 31.34142549300003], [120.56892949200005, 31.341350379000062], [120.56830834100003, 31.341212519000067], [120.56778847600003, 31.340988985000024], [120.56740554100008, 31.340649832000054], [120.56718459700005, 31.34015987400005], [120.56710234700006, 31.339552869000045], [120.5671193070001, 31.33886214100005], [120.56720594800004, 31.338112808000062], [120.56734019700002, 31.337323980000065], [120.56824056900007, 31.33324923300006], [120.56850218200009, 31.331802800000048], [120.56855613400012, 31.331198520000044], [120.56852769300008, 31.330721012000026], [120.56838350300006, 31.330421587000046], [120.56809898300003, 31.33034355500007], [120.5676970940001, 31.330446020000068], [120.56720825800005, 31.330682007000064], [120.5666557300001, 31.331015639000043], [120.56542539500003, 31.331874501000073], [120.5631587370001, 31.333616103000054], [120.55785206700011, 31.337817639000036], [120.57557951400008, 31.34997304600006], [120.57646247000002, 31.34901920200008], [120.5822312680001, 31.34068503000003]]]}}, {"type": "Feature", "properties": {"township_name": "白洋湾街道", "district_code": "gusu", "district_name": "姑苏区", "areacode": "32050401", "class": "乡镇界"}, "geometry": {"type": "Polygon", "coordinates": [[[120.5727140780001, 31.358897698000078], [120.57557951400008, 31.34997304600006], [120.55785206700011, 31.337817639000036], [120.55249865500002, 31.330147871000065], [120.53889473000004, 31.342779017000055], [120.53772208100008, 31.343943653000053], [120.53008040300006, 31.351322148000065], [120.52852950300007, 31.352873775000035], [120.52708841700007, 31.354421857000034], [120.52644406200011, 31.35519343900006], [120.5258800260001, 31.355962427000065], [120.5254282190001, 31.35672779400005], [120.5251310750001, 31.357488167000042], [120.5250443440001, 31.358241746000033], [120.52521399000011, 31.35899140400005], [120.52559230000008, 31.35973432600008], [120.5261207310001, 31.360472401000038], [120.52675568000006, 31.361207039000078], [120.52746504400011, 31.361939273000075], [120.52822544600008, 31.36266986100003], [120.53066760800004, 31.364856426000074], [120.53907062200005, 31.372136502000046], [120.54900025600011, 31.38087756500005], [120.55111799200006, 31.38088978500008], [120.56299969400004, 31.374466786000028], [120.56461697100008, 31.37347866700003], [120.56512181800008, 31.373118650000038], [120.56559730000004, 31.372732264000035], [120.56603227100004, 31.37230942700006], [120.5664653660001, 31.37178116900003], [120.5668040060001, 31.37128795900003], [120.56711848300006, 31.370770779000054], [120.5677002860001, 31.36968948300006], [120.56877691600005, 31.36743968500008], [120.5727140780001, 31.358897698000078]]]}}, {"type": "Feature", "properties": {"township_name": "通安镇", "district_code": "huqiu", "district_name": "高新区", "areacode": "32051301", "class": "乡镇界"}, "geometry": {"type": "Polygon", "coordinates": [[[120.45971004400008, 31.34723392500007], [120.4593912470001, 31.347322235000036], [120.45848927200007, 31.34765929100007], [120.45332399400002, 31.349640025000042], [120.44886237900005, 31.351305567000054], [120.44454865900002, 31.35281698800003], [120.44270588900008, 31.35339362700006], [120.44102839700008, 31.353848569000036], [120.43936354200002, 31.354214567000042], [120.43771602100003, 31.35445825900007], [120.43609209200008, 31.35453531400003], [120.43449994900004, 31.35438764400004], [120.43302669800005, 31.353998405000027], [120.43158085200002, 31.353413728000078], [120.43015419000005, 31.35269003800005], [120.428740317, 31.35187048800003], [120.42733412100006, 31.350988595000047], [120.42312029600009, 31.348221213000045], [120.42170404900003, 31.347331841000027], [120.42027434500005, 31.34649829400007], [120.41882518200009, 31.34575016000008], [120.41734902300004, 31.34512430500007], [120.41583629600007, 31.34466752000003], [120.41422512000008, 31.34441230300007], [120.41257567800005, 31.344339243000036], [120.41089910700009, 31.34440073600007], [120.40920459000006, 31.344561570000053], [120.4075001220001, 31.344796733000067], [120.40579328100011, 31.34508974700003], [120.40409202700005, 31.345431563000034], [120.40240561200005, 31.34582000100005], [120.40074564600002, 31.346259769000028], [120.39912741800003, 31.346763098000054], [120.39757154900008, 31.34735104300006], [120.39610608800001, 31.34805552000006], [120.39476913400006, 31.348922152000057], [120.39364113200008, 31.34994134200008], [120.39263882700004, 31.351117142000078], [120.39173191600003, 31.352411189000065], [120.39086954700008, 31.353855718000034], [120.38996580700007, 31.355589662000057], [120.38903858800006, 31.357532865000053], [120.38721738900006, 31.36166718800007], [120.38448235700002, 31.368332612000074], [120.3841505260001, 31.369125104000034], [120.38400792100003, 31.369371900000033], [120.38385309500006, 31.369632291000073], [120.38254813000003, 31.370212260000073], [120.38174814800004, 31.370603792000054], [120.38092176100008, 31.371059186000025], [120.38016370500009, 31.371557177000057], [120.37957230900008, 31.372076522000043], [120.37924939000004, 31.372596025000064], [120.37926656100001, 31.373085031000073], [120.37957562600002, 31.37353157700005], [120.3800893670001, 31.37393084100006], [120.38070212600007, 31.374327080000057], [120.38209893900012, 31.375120793000065], [120.3874986730001, 31.377938502000063], [120.38899720200004, 31.378800801000068], [120.38971194300007, 31.37925989100006], [120.39039115700007, 31.37974798600004], [120.39102165100007, 31.38027616900007], [120.39158610000004, 31.380859034000025], [120.39207542200006, 31.38151597500007], [120.39249743200003, 31.382228792000035], [120.39287001200012, 31.382982544000072], [120.39320675800002, 31.383765889000074], [120.39381099700006, 31.385389516000032], [120.39463076600009, 31.387895461000028], [120.39882909700009, 31.401390880000065], [120.39923868200003, 31.40124882200007], [120.39949451100006, 31.401083490000076], [120.40267299300001, 31.39866081100007], [120.40430037400006, 31.39748136000003], [120.40609311200001, 31.396245735000036], [120.40798053500009, 31.395032893000064], [120.40989254700003, 31.39392384000007], [120.41175948800003, 31.393001385000048], [120.41351162700005, 31.392348595000044], [120.41511252300006, 31.391998484000055], [120.41673093700001, 31.391798582000035], [120.4183760190001, 31.391696267000043], [120.4200384720001, 31.391663863000076], [120.4217110510001, 31.39168268000003], [120.42338777400005, 31.391740997000056], [120.42673210600003, 31.39195612800006], [120.42838836800001, 31.392114124000045], [120.43002494200005, 31.392313453000043], [120.43163297900003, 31.392565303000026], [120.43320120100009, 31.392885767000053], [120.43471513200006, 31.39329661900007], [120.43615625000007, 31.393826295000054], [120.43742888700001, 31.394445850000068], [120.43978501900006, 31.395778574000076], [120.44096596300005, 31.396383624000066], [120.4421875700001, 31.396860952000054], [120.44367170800001, 31.397190067000054], [120.44522268500009, 31.397325481000053], [120.44681596600003, 31.39732673800006], [120.44842902100004, 31.39724390300006], [120.45162301700009, 31.397001679000027], [120.4531509950001, 31.396929716000045], [120.45458754100002, 31.396957093000026], [120.45588615100007, 31.39714730600008], [120.45698564300005, 31.397581579000075], [120.45782284000006, 31.39830497300005], [120.45849298200005, 31.399255937000078], [120.4590967360001, 31.400345165000033], [120.45988588900002, 31.40156577700003], [120.46099367300008, 31.402811044000032], [120.46244325000009, 31.40395452200005], [120.4641309220001, 31.404967396000075], [120.46592064800006, 31.40584381900004], [120.46767831000011, 31.40657735700006], [120.46927295100011, 31.40715964900005], [120.47057651000011, 31.40757997600008], [120.47146294800007, 31.407825117000073], [120.47180988700006, 31.40787580400007], [120.4726861370001, 31.407260644000075], [120.47287334000009, 31.40704005300006], [120.47613425000009, 31.40412821700005], [120.47946252100007, 31.401080781000076], [120.48116450000009, 31.39945271700003], [120.48275123400003, 31.39785691900005], [120.4841128060001, 31.396370596000054], [120.48513645600008, 31.39507143700007], [120.48578228200006, 31.393963272000065], [120.48612464600001, 31.39291851200005], [120.48607252300008, 31.391949039000053], [120.48558409200007, 31.39110644300007], [120.48475136500008, 31.390329149000024], [120.48367347400006, 31.38959791800005], [120.48242521800012, 31.388897889000077], [120.48106348400006, 31.388217265000037], [120.47670337000011, 31.386196940000048], [120.47526733900008, 31.38550006400004], [120.47389303000011, 31.384773464000034], [120.47261789200002, 31.384002679000048], [120.4714875310001, 31.38316923800005], [120.47055919700006, 31.382249315000024], [120.46990566000011, 31.38121217400004], [120.4695784920001, 31.37998291300005], [120.46954664400005, 31.378627988000062], [120.46973069700005, 31.377181310000026], [120.47006936700006, 31.375668877000066], [120.47051516700003, 31.374110603000076], [120.47103061500002, 31.372521894000045], [120.47270171700006, 31.36768697100007], [120.47320879300003, 31.36608485100004], [120.47363733600002, 31.36450478300003], [120.47394299700011, 31.362960248000036], [120.4740669900001, 31.361468753000054], [120.47393036400001, 31.36005356000004], [120.47348044000012, 31.35876871100004], [120.47272429000009, 31.35753075100007], [120.4715718000001, 31.356210000000033], [120.47010821000003, 31.354833172000042], [120.46844104000002, 31.35344461300008], [120.46667599800003, 31.352089165000052], [120.46491600800005, 31.350812467000026], [120.46326150000004, 31.349660889000063], [120.459928149, 31.347423198000058], [120.45971004400008, 31.34723392500007]]]}}, {"type": "Feature", "properties": {"township_name": "狮山街道", "district_code": "huqiu", "district_name": "高新区", "areacode": "32051302", "class": "乡镇界"}, "geometry": {"type": "Polygon", "coordinates": [[[120.57139047900012, 31.29505581600006], [120.57753427300008, 31.28198367600004], [120.56860543100004, 31.279915562000042], [120.56684761200006, 31.279478251000057], [120.56573346400012, 31.279137779000052], [120.5652120640001, 31.278937307000035], [120.56472818700001, 31.27870503300005], [120.56429665000007, 31.278428399000063], [120.56393710200007, 31.278090749000057], [120.56366907600011, 31.277685448000057], [120.56347088000007, 31.277220962000058], [120.56332350500008, 31.27671340300003], [120.56321261100004, 31.27617492400003], [120.56306033600004, 31.27503905100008], [120.56291658000009, 31.273263490000033], [120.56257434000008, 31.267773669000064], [120.56220811800006, 31.262479536000058], [120.56194705500002, 31.26293653600004], [120.56149756400009, 31.263574644000073], [120.5608601240001, 31.264407377000055], [120.56006414100011, 31.26537340400006], [120.55913954100004, 31.266411693000066], [120.55766363200007, 31.26788844400005], [120.5565831990001, 31.268807129000038], [120.55547610400004, 31.269619231000036], [120.55439284600004, 31.270302483000023], [120.55338349700003, 31.270837078000056], [120.55240111100011, 31.271290045000057], [120.55140441900005, 31.271705564000058], [120.55039556300005, 31.27207915400004], [120.54894080300005, 31.272522346000073], [120.54782469800011, 31.272773591000032], [120.54668458200001, 31.27296578800008], [120.5455270220001, 31.273115528000062], [120.54435689600007, 31.27323505000004], [120.54199253700006, 31.27341703500008], [120.53485874500007, 31.273844216000043], [120.5325309750001, 31.274056126000062], [120.53139725100004, 31.274205953000035], [120.53029596200008, 31.27440287400003], [120.52924060100008, 31.27466638100003], [120.52824937000003, 31.275022757000045], [120.52734658100007, 31.275507101000073], [120.5265222380001, 31.276178059000074], [120.52579493200005, 31.27698937200006], [120.52513889300008, 31.277903792000075], [120.52453454400006, 31.27889301400006], [120.52396719500007, 31.279935796000075], [120.5234259560001, 31.281016393000073], [120.52239176100011, 31.283249156000068], [120.52122325200003, 31.285925946000077], [120.51781176600002, 31.293929132000073], [120.51744362700003, 31.294727667000075], [120.51716996400012, 31.295926649000023], [120.51693743900012, 31.29728254200006], [120.51673012700007, 31.298957122000047], [120.51661535300002, 31.300814501000048], [120.51666331500007, 31.302717744000063], [120.51694854800007, 31.30452700400008], [120.51754953200009, 31.306099163000056], [120.51851074100011, 31.30731094600003], [120.51974679800003, 31.308148818000063], [120.52113396100003, 31.30864256500007], [120.52261481000005, 31.308990983000058], [120.5241513850001, 31.30926430100004], [120.52570600700005, 31.30947621400003], [120.527244859, 31.30963180400005], [120.52873426500003, 31.309728636000045], [120.53013728400003, 31.309757142000024], [120.53141041700007, 31.309700385000042], [120.53250020600001, 31.309533289000058], [120.53333958000007, 31.309221396000055], [120.53384392200007, 31.30871920000004], [120.53394805500011, 31.307958813000027], [120.53372370000011, 31.307012238000027], [120.53329438900005, 31.305947742000058], [120.53223381500004, 31.303691125000057], [120.53179350200003, 31.302603022000028], [120.53154603500002, 31.301614243000074], [120.53160696900011, 31.30078851500008], [120.53203111000005, 31.300212438000074], [120.53274428000009, 31.299843663000047], [120.5336555770001, 31.299689982000075], [120.53468852100002, 31.299775134000072], [120.53578598000001, 31.300114705000055], [120.53692770400005, 31.300637363000078], [120.53932646500004, 31.301896510000063], [120.54058639300001, 31.302475809000043], [120.5418957490001, 31.30291327200007], [120.54334855400009, 31.30315471600005], [120.5448361870001, 31.303215961000035], [120.54777913800001, 31.303100450000045], [120.54915754100011, 31.303074233000075], [120.550409392, 31.303181745000074], [120.55147220300012, 31.30353003400006], [120.55233509200002, 31.30423198300008], [120.55317642200009, 31.305272828000057], [120.55500414700009, 31.30785512400007], [120.55608389000008, 31.309144958000047], [120.5572629830001, 31.31027516300003], [120.55847404100007, 31.311240068000075], [120.55961105900008, 31.312017856000068], [120.56057161800004, 31.312584367000056], [120.56125752600008, 31.312911709000048], [120.56158242000004, 31.312960786000076], [120.56684571900007, 31.30421851600005], [120.57139047900012, 31.29505581600006]]]}}, {"type": "Feature", "properties": {"township_name": "浒墅关镇", "district_code": "huqiu", "district_name": "高新区", "areacode": "32051303", "class": "乡镇界"}, "geometry": {"type": "Polygon", "coordinates": [[[120.55886849000001, 31.414921931000038], [120.54883583300011, 31.40661831700004], [120.54700176100005, 31.405046585000036], [120.54586932300003, 31.40397035700005], [120.54535776300008, 31.40341504500003], [120.54490301200008, 31.402841858000045], [120.54452683800002, 31.402243946000056], [120.54425790700009, 31.40161229000006], [120.5441168100001, 31.400916589000076], [120.5440887850001, 31.40018531000004], [120.54414245400005, 31.39942832500003], [120.5442543050001, 31.398653034000063], [120.54458761400008, 31.39706796200005], [120.54521846600005, 31.394649171000026], [120.5470456060001, 31.38808212200007], [120.54900025600011, 31.38087756500005], [120.53907062200005, 31.372136502000046], [120.53066760800004, 31.364856426000074], [120.52822544600008, 31.36266986100003], [120.52746504400011, 31.361939273000075], [120.52675568000006, 31.361207039000078], [120.5261207310001, 31.360472401000038], [120.52559230000008, 31.35973432600008], [120.52521399000011, 31.35899140400005], [120.5250443440001, 31.358241746000033], [120.5251310750001, 31.357488167000042], [120.5254282190001, 31.35672779400005], [120.5258800260001, 31.355962427000065], [120.52644406200011, 31.35519343900006], [120.52708841700007, 31.354421857000034], [120.52852950300007, 31.352873775000035], [120.53008040300006, 31.351322148000065], [120.53772208100008, 31.343943653000053], [120.53889473000004, 31.342779017000055], [120.52198814000008, 31.342855341000075], [120.50500415200008, 31.34299983300008], [120.50159861200007, 31.343000520000032], [120.4981984100001, 31.342937305000078], [120.49650513600011, 31.342860444000053], [120.49482096100007, 31.342735450000077], [120.49328748900007, 31.342566333000036], [120.49176932600005, 31.34234765900004], [120.49027161300012, 31.342082267000023], [120.48880198900008, 31.34176843800003], [120.48737132000008, 31.34139950100007], [120.48599463300002, 31.34096313300006], [120.48469234800007, 31.34044031800005], [120.48349181600008, 31.339803903000075], [120.4824292180001, 31.339016739000044], [120.48147053700006, 31.337963915000046], [120.48067356900003, 31.336736682000037], [120.47999652600004, 31.33538041500003], [120.47940741600007, 31.333929785000066], [120.47888204800006, 31.33241095900007], [120.47840235600006, 31.33084343400003], [120.4774724880001, 31.327372006000076], [120.47644084300009, 31.323116905000063], [120.47428666400003, 31.313832043000048], [120.47407889800002, 31.312983237000026], [120.47398174200009, 31.312705449000077], [120.47286897300012, 31.312751981000076], [120.47176287100001, 31.31284318200005], [120.47054198000001, 31.313009996000062], [120.46968252600004, 31.31318238700004], [120.46757543000001, 31.313749221000023], [120.45904059100008, 31.316265171000055], [120.45709005600008, 31.316885787000047], [120.45617794500004, 31.317229335000036], [120.45536345500011, 31.317625321000037], [120.45454975500002, 31.318114249000075], [120.45413756300002, 31.318326114000058], [120.4530943640001, 31.318785693000052], [120.45120615300004, 31.319508048000046], [120.45009741400008, 31.319895769000027], [120.44928006800001, 31.32014232100005], [120.4521739600001, 31.321106092000036], [120.45365948200003, 31.32169363400004], [120.45432702700009, 31.32201241100006], [120.45489161700004, 31.32234175600007], [120.45532617000003, 31.322682309000072], [120.45568141100011, 31.32307036700007], [120.4559694720001, 31.32354058900006], [120.45619169100007, 31.32406403500005], [120.45636789600007, 31.324624678000077], [120.45651237600009, 31.325210967000032], [120.45684297000003, 31.327052970000068], [120.45807629600006, 31.33589912800005], [120.45971004400008, 31.34723392500007], [120.459928149, 31.347423198000058], [120.46326150000004, 31.349660889000063], [120.46491600800005, 31.350812467000026], [120.46667599800003, 31.352089165000052], [120.46844104000002, 31.35344461300008], [120.47010821000003, 31.354833172000042], [120.4715718000001, 31.356210000000033], [120.47272429000009, 31.35753075100007], [120.47348044000012, 31.35876871100004], [120.47393036400001, 31.36005356000004], [120.4740669900001, 31.361468753000054], [120.47394299700011, 31.362960248000036], [120.47363733600002, 31.36450478300003], [120.47320879300003, 31.36608485100004], [120.47270171700006, 31.36768697100007], [120.47103061500002, 31.372521894000045], [120.47051516700003, 31.374110603000076], [120.47006936700006, 31.375668877000066], [120.46973069700005, 31.377181310000026], [120.46954664400005, 31.378627988000062], [120.4695784920001, 31.37998291300005], [120.46990566000011, 31.38121217400004], [120.47055919700006, 31.382249315000024], [120.4714875310001, 31.38316923800005], [120.47261789200002, 31.384002679000048], [120.47389303000011, 31.384773464000034], [120.47526733900008, 31.38550006400004], [120.47670337000011, 31.386196940000048], [120.48106348400006, 31.388217265000037], [120.48242521800012, 31.388897889000077], [120.48367347400006, 31.38959791800005], [120.48475136500008, 31.390329149000024], [120.48558409200007, 31.39110644300007], [120.48607252300008, 31.391949039000053], [120.48612464600001, 31.39291851200005], [120.48578228200006, 31.393963272000065], [120.48513645600008, 31.39507143700007], [120.4841128060001, 31.396370596000054], [120.48275123400003, 31.39785691900005], [120.48116450000009, 31.39945271700003], [120.47946252100007, 31.401080781000076], [120.47613425000009, 31.40412821700005], [120.47287334000009, 31.40704005300006], [120.4726861370001, 31.407260644000075], [120.47180988700006, 31.40787580400007], [120.46721705200002, 31.412362684000072], [120.46665830000006, 31.41302754800006], [120.46652574900008, 31.413245800000027], [120.46643864600003, 31.413461201000075], [120.46641374100011, 31.413672699000074], [120.46646416700003, 31.413878302000057], [120.46657622700002, 31.414080038000066], [120.46673342800011, 31.414278941000077], [120.46736565600008, 31.414865574000032], [120.47242599900005, 31.418682239000077], [120.4726550580001, 31.418436150000048], [120.47340431900011, 31.417896132000067], [120.47491200200011, 31.41698691000005], [120.47654757500004, 31.41611188400003], [120.47844568500011, 31.415169740000067], [120.48051193200001, 31.41419989800005], [120.4826503810001, 31.413239212000065], [120.48476455900004, 31.412323767000032], [120.48853441800009, 31.410773595000023], [120.49680620200002, 31.407545081000023], [120.50011122300009, 31.406330094000054], [120.50176089500007, 31.40576837100008], [120.50340744900006, 31.405256853000026], [120.50504954300004, 31.40481725500007], [120.5066853720001, 31.404478907000055], [120.50831252800003, 31.40428096000005], [120.50992783400011, 31.404275014000063], [120.51151372600009, 31.404499420000036], [120.51308807700002, 31.404911096000035], [120.51465404700002, 31.40545895200006], [120.51621401200009, 31.406104569000036], [120.51776974300003, 31.406819411000072], [120.52087334700002, 31.40837866100003], [120.52397150900003, 31.410029396000027], [120.5332591340001, 31.41508452200003], [120.53635584400001, 31.416706615000066], [120.53790466800001, 31.417477731000076], [120.53945395100004, 31.41820371700004], [120.54100386900006, 31.41886257500005], [120.54255467400003, 31.419422488000066], [120.54419896900004, 31.41980727400005], [120.54607142900011, 31.419885876000023], [120.54796651600009, 31.419632767000053], [120.5499163610001, 31.419120319000058], [120.55184676900001, 31.418430826000076], [120.55368356400004, 31.41764445000007], [120.55535259400006, 31.416838435000045], [120.55677972900003, 31.416087751000077], [120.55886849000001, 31.414921931000038]]]}}, {"type": "Feature", "properties": {"township_name": "横塘街道", "district_code": "huqiu", "district_name": "高新区", "areacode": "32051304", "class": "乡镇界"}, "geometry": {"type": "Polygon", "coordinates": [[[120.58719597700008, 31.251794946000075], [120.58924788900003, 31.23869303400005], [120.58925690700005, 31.238531081000076], [120.58971801700011, 31.23624252500008], [120.5901439050001, 31.233842808000077], [120.5903269160001, 31.232563527000025], [120.59045931600008, 31.231313122000074], [120.59051628600002, 31.230153978000033], [120.59047203600005, 31.229149134000068], [120.59030528900007, 31.22832234200007], [120.59000090300003, 31.227575337000076], [120.58952904700004, 31.22690182200006], [120.58892669200009, 31.226294774000053], [120.58823275700001, 31.22573579500005], [120.5874755540001, 31.225212578000026], [120.58667550300004, 31.224717811000062], [120.58584729800009, 31.224248473000046], [120.58414610000011, 31.22339377700007], [120.58328690200005, 31.22302260300006], [120.58242885600009, 31.22270634100005], [120.58157636400006, 31.22246558200004], [120.58073384400006, 31.222328635000054], [120.5799061780001, 31.222333434000063], [120.57908679900004, 31.222514155000056], [120.57828338500008, 31.222839013000055], [120.57749189200001, 31.223268107000024], [120.57670921300007, 31.22377149500005], [120.5759329870001, 31.224326991000055], [120.57516143900011, 31.224918342000024], [120.57362742600003, 31.226164936000032], [120.56574437500001, 31.232862417000035], [120.55991907300006, 31.23775657400006], [120.56344562000004, 31.246423707000076], [120.56381344300007, 31.247488813000075], [120.56389808400002, 31.24788096900005], [120.56390395100004, 31.248190849000025], [120.5638489270001, 31.24840782800004], [120.56370006500003, 31.248724380000056], [120.56351934400004, 31.249014199000044], [120.56306790500003, 31.249610047000033], [120.5622744740001, 31.25052861900008], [120.55775547400003, 31.255541120000032], [120.55581789500002, 31.257656739000026], [120.55510052800003, 31.25848853900004], [120.55482102400003, 31.25888412100005], [120.55472359800001, 31.259071033000055], [120.55466938000006, 31.25924683100004], [120.55470124800001, 31.259475751000025], [120.55487615800007, 31.259676142000046], [120.55517224700009, 31.259888449000073], [120.55578392200005, 31.260205016000043], [120.55619250500001, 31.260333986000035], [120.55773638500011, 31.260611336000068], [120.55852848600011, 31.26082536100006], [120.55977726300011, 31.26133339300003], [120.56220811800006, 31.262479536000058], [120.56257434000008, 31.267773669000064], [120.56291658000009, 31.273263490000033], [120.56306033600004, 31.27503905100008], [120.56321261100004, 31.27617492400003], [120.56332350500008, 31.27671340300003], [120.56347088000007, 31.277220962000058], [120.56366907600011, 31.277685448000057], [120.56393710200007, 31.278090749000057], [120.56429665000007, 31.278428399000063], [120.56472818700001, 31.27870503300005], [120.5652120640001, 31.278937307000035], [120.56573346400012, 31.279137779000052], [120.56684761200006, 31.279478251000057], [120.56860543100004, 31.279915562000042], [120.57753427300008, 31.28198367600004], [120.58040539500007, 31.277326290000076], [120.58719597700008, 31.251794946000075]]]}}, {"type": "Feature", "properties": {"township_name": "枫桥街道", "district_code": "huqiu", "district_name": "高新区", "areacode": "32051305", "class": "乡镇界"}, "geometry": {"type": "Polygon", "coordinates": [[[120.53889473000004, 31.342779017000055], [120.55249865500002, 31.330147871000065], [120.56158242000004, 31.312960786000076], [120.56125752600008, 31.312911709000048], [120.56057161800004, 31.312584367000056], [120.55961105900008, 31.312017856000068], [120.55847404100007, 31.311240068000075], [120.5572629830001, 31.31027516300003], [120.55608389000008, 31.309144958000047], [120.55500414700009, 31.30785512400007], [120.55317642200009, 31.305272828000057], [120.55233509200002, 31.30423198300008], [120.55147220300012, 31.30353003400006], [120.550409392, 31.303181745000074], [120.54915754100011, 31.303074233000075], [120.54777913800001, 31.303100450000045], [120.5448361870001, 31.303215961000035], [120.54334855400009, 31.30315471600005], [120.5418957490001, 31.30291327200007], [120.54058639300001, 31.302475809000043], [120.53932646500004, 31.301896510000063], [120.53692770400005, 31.300637363000078], [120.53578598000001, 31.300114705000055], [120.53468852100002, 31.299775134000072], [120.5336555770001, 31.299689982000075], [120.53274428000009, 31.299843663000047], [120.53203111000005, 31.300212438000074], [120.53160696900011, 31.30078851500008], [120.53154603500002, 31.301614243000074], [120.53179350200003, 31.302603022000028], [120.53223381500004, 31.303691125000057], [120.53329438900005, 31.305947742000058], [120.53372370000011, 31.307012238000027], [120.53394805500011, 31.307958813000027], [120.53384392200007, 31.30871920000004], [120.53333958000007, 31.309221396000055], [120.53250020600001, 31.309533289000058], [120.53141041700007, 31.309700385000042], [120.53013728400003, 31.309757142000024], [120.52873426500003, 31.309728636000045], [120.527244859, 31.30963180400005], [120.52570600700005, 31.30947621400003], [120.5241513850001, 31.30926430100004], [120.52261481000005, 31.308990983000058], [120.52113396100003, 31.30864256500007], [120.51974679800003, 31.308148818000063], [120.51851074100011, 31.30731094600003], [120.51754953200009, 31.306099163000056], [120.51694854800007, 31.30452700400008], [120.51666331500007, 31.302717744000063], [120.51661535300002, 31.300814501000048], [120.51673012700007, 31.298957122000047], [120.51693743900012, 31.29728254200006], [120.51716996400012, 31.295926649000023], [120.51744362700003, 31.294727667000075], [120.51520601300001, 31.29436750700006], [120.5133994470001, 31.294121148000045], [120.50962703100004, 31.293665514000054], [120.50597842600007, 31.293273725000063], [120.50431981300005, 31.29313757600005], [120.50288098700003, 31.29307291200007], [120.50164722800002, 31.293093240000076], [120.50048924400005, 31.293204606000074], [120.49942685200006, 31.293436187000054], [120.49848986900008, 31.293824511000025], [120.49771038200004, 31.294379158000027], [120.49703874000011, 31.295034507000025], [120.49586171700003, 31.29630588300006], [120.49529217600002, 31.29675349100006], [120.49469734600007, 31.296953718000054], [120.49405421300003, 31.296836718000066], [120.493373184, 31.296467371000062], [120.49266802600005, 31.295933151000042], [120.49052866800002, 31.29406526200006], [120.4898470060001, 31.293581122000035], [120.48911924900005, 31.293270048000068], [120.48878243200011, 31.293248422000033], [120.4884261740001, 31.293344183000045], [120.48802751400001, 31.29357961000005], [120.48755698000002, 31.293966150000074], [120.48646505300007, 31.294976992000045], [120.48567678800009, 31.29561719000003], [120.48464125800001, 31.296270625000034], [120.48355259300001, 31.296748270000023], [120.4823871110001, 31.29712864800007], [120.480010934, 31.297771261000037], [120.47889792900003, 31.298123058000044], [120.47791276700002, 31.298564485000043], [120.47713133200011, 31.299161768000033], [120.47662838100007, 31.299958205000053], [120.47627983500001, 31.30110260600003], [120.47601544200006, 31.30252838100006], [120.4754355560001, 31.30615432600007], [120.47512497000002, 31.307818187000066], [120.474811896, 31.30937134100003], [120.47427278000009, 31.311794149000036], [120.47408910400009, 31.312485930000037], [120.47398174200009, 31.312705449000077], [120.47407889800002, 31.312983237000026], [120.47428666400003, 31.313832043000048], [120.47644084300009, 31.323116905000063], [120.4774724880001, 31.327372006000076], [120.47840235600006, 31.33084343400003], [120.47888204800006, 31.33241095900007], [120.47940741600007, 31.333929785000066], [120.47999652600004, 31.33538041500003], [120.48067356900003, 31.336736682000037], [120.48147053700006, 31.337963915000046], [120.4824292180001, 31.339016739000044], [120.48349181600008, 31.339803903000075], [120.48469234800007, 31.34044031800005], [120.48599463300002, 31.34096313300006], [120.48737132000008, 31.34139950100007], [120.48880198900008, 31.34176843800003], [120.49027161300012, 31.342082267000023], [120.49176932600005, 31.34234765900004], [120.49328748900007, 31.342566333000036], [120.49482096100007, 31.342735450000077], [120.49650513600011, 31.342860444000053], [120.4981984100001, 31.342937305000078], [120.50159861200007, 31.343000520000032], [120.50500415200008, 31.34299983300008], [120.52198814000008, 31.342855341000075], [120.53889473000004, 31.342779017000055]]]}}, {"type": "Feature", "properties": {"township_name": "东渚镇", "district_code": "huqiu", "district_name": "高新区", "areacode": "32051202", "class": "乡镇界"}, "geometry": {"type": "MultiPolygon", "coordinates": [[[[120.38721738900006, 31.36166718800007], [120.38903858800006, 31.357532865000053], [120.38996580700007, 31.355589662000057], [120.39086954700008, 31.353855718000034], [120.39173191600003, 31.352411189000065], [120.39263882700004, 31.351117142000078], [120.39364113200008, 31.34994134200008], [120.39476913400006, 31.348922152000057], [120.39610608800001, 31.34805552000006], [120.39757154900008, 31.34735104300006], [120.39912741800003, 31.346763098000054], [120.40074564600002, 31.346259769000028], [120.40240561200005, 31.34582000100005], [120.40409202700005, 31.345431563000034], [120.40579328100011, 31.34508974700003], [120.4075001220001, 31.344796733000067], [120.40920459000006, 31.344561570000053], [120.41089910700009, 31.34440073600007], [120.41257567800005, 31.344339243000036], [120.41422512000008, 31.34441230300007], [120.41583629600007, 31.34466752000003], [120.41734902300004, 31.34512430500007], [120.41882518200009, 31.34575016000008], [120.42027434500005, 31.34649829400007], [120.42170404900003, 31.347331841000027], [120.42312029600009, 31.348221213000045], [120.42733412100006, 31.350988595000047], [120.428740317, 31.35187048800003], [120.43015419000005, 31.35269003800005], [120.43158085200002, 31.353413728000078], [120.43302669800005, 31.353998405000027], [120.43449994900004, 31.35438764400004], [120.43609209200008, 31.35453531400003], [120.43771602100003, 31.35445825900007], [120.43936354200002, 31.354214567000042], [120.44102839700008, 31.353848569000036], [120.44270588900008, 31.35339362700006], [120.44454865900002, 31.35281698800003], [120.44886237900005, 31.351305567000054], [120.45332399400002, 31.349640025000042], [120.45848927200007, 31.34765929100007], [120.4593912470001, 31.347322235000036], [120.45971004400008, 31.34723392500007], [120.45807629600006, 31.33589912800005], [120.45684297000003, 31.327052970000068], [120.45651237600009, 31.325210967000032], [120.45636789600007, 31.324624678000077], [120.45619169100007, 31.32406403500005], [120.4559694720001, 31.32354058900006], [120.45568141100011, 31.32307036700007], [120.45532617000003, 31.322682309000072], [120.45489161700004, 31.32234175600007], [120.45432702700009, 31.32201241100006], [120.45365948200003, 31.32169363400004], [120.4521739600001, 31.321106092000036], [120.44928006800001, 31.32014232100005], [120.44850616800011, 31.319051081000055], [120.4476071260001, 31.317997846000026], [120.44608720700012, 31.31647474300007], [120.4412574910001, 31.311885491000055], [120.4401599680001, 31.31070963800005], [120.4398452910001, 31.31030841000006], [120.43957540500003, 31.309899244000064], [120.4393680600001, 31.309479056000043], [120.43923464700003, 31.30902616800006], [120.43919757800006, 31.30869644200004], [120.43923393700004, 31.308256192000044], [120.43934733800006, 31.307808942000065], [120.43951558300012, 31.30735691700005], [120.44063368900004, 31.305085407000036], [120.44081653100011, 31.30464160100007], [120.44094627900006, 31.304207490000067], [120.44099100100004, 31.303660121000064], [120.44088195900008, 31.303263800000025], [120.44062801000007, 31.302838574000077], [120.44026199000007, 31.302397473000042], [120.4398184910001, 31.301954427000055], [120.43883463200007, 31.30111874000005], [120.43731711100008, 31.29999293700007], [120.43716643300002, 31.30016517000007], [120.43667466900001, 31.300475130000052], [120.43589665900004, 31.300877177000075], [120.43488275600009, 31.301315678000037], [120.43354534900004, 31.301771262000045], [120.43227774900004, 31.302083131000074], [120.43094724000002, 31.302319108000063], [120.42961184, 31.302492521000033], [120.42616285100007, 31.30283587400004], [120.42523089600002, 31.303002091000053], [120.42435475400009, 31.30326344200006], [120.42355284200005, 31.303653973000053], [120.4227990280001, 31.304235944000027], [120.42212420200008, 31.30495696400004], [120.42150583700004, 31.305777522000028], [120.42092739200007, 31.306668573000024], [120.42037685800005, 31.307609005000074], [120.41984559100001, 31.30858362500004], [120.4188178820001, 31.31059517600005], [120.41529065800012, 31.31779606300006], [120.41422761500007, 31.319793858000025], [120.41366632000006, 31.32075653000004], [120.41307362000009, 31.321680060000062], [120.41231437400006, 31.322698783000078], [120.41170173500007, 31.323385304000055], [120.41104585300002, 31.324002275000055], [120.41034383500005, 31.324533355000028], [120.40958939900008, 31.324955646000035], [120.40887838900005, 31.32522117600007], [120.40820452500009, 31.325388549000024], [120.40719196100008, 31.32553944600005], [120.4061393070001, 31.325610289000053], [120.4050557710001, 31.32562293600006], [120.39951684000005, 31.32550311700004], [120.39807781000002, 31.325507875000028], [120.39674878000005, 31.325551764000068], [120.39559439000004, 31.325643270000057], [120.39467793600011, 31.325785187000065], [120.39419147900003, 31.32591492800003], [120.39388685300003, 31.326047436000067], [120.39379136500008, 31.32618758900003], [120.39364527800001, 31.326314772000046], [120.39318429600007, 31.326427025000044], [120.39230316800001, 31.326485425000044], [120.38891316200011, 31.326420769000038], [120.38667724200002, 31.326433760000043], [120.37964629200007, 31.32666045900004], [120.37839391700004, 31.326655231000075], [120.37715168700004, 31.326609893000068], [120.37591032900002, 31.326529614000037], [120.3734324290001, 31.326285085000052], [120.37096657400002, 31.325933613000075], [120.36974141000007, 31.32570924500004], [120.36682192600006, 31.325055305000035], [120.36329614300007, 31.324174825000057], [120.35743356700004, 31.32264379700007], [120.35513690100004, 31.32201056200006], [120.35293793400001, 31.32134044700007], [120.35190785000009, 31.320978654000044], [120.35095249800008, 31.320587686000067], [120.35010357200008, 31.32015483500004], [120.34940434000009, 31.319662685000026], [120.34891311400008, 31.319087668000066], [120.34868330100005, 31.318451830000072], [120.34862837200001, 31.31774297900006], [120.3486415860001, 31.316939293000075], [120.34860461100004, 31.316025884000055], [120.34844327100006, 31.315062897000075], [120.34808867800007, 31.31410937100003], [120.34748340300007, 31.313183714000047], [120.346708938, 31.312347042000056], [120.34586171800004, 31.311618963000058], [120.34503473500001, 31.31101992500004], [120.34431713700008, 31.310571525000057], [120.3437942170001, 31.310296781000034], [120.34354154400012, 31.31022256500006], [120.34134726800005, 31.31129605700005], [120.33984755000006, 31.31195212800003], [120.33809273200006, 31.312639266000076], [120.33616017700001, 31.31328546900005], [120.33412710800008, 31.31381620800005], [120.33207060500001, 31.314154419000033], [120.32999710800004, 31.314239962000045], [120.32807378500002, 31.314081971000064], [120.32637382900009, 31.31373868700007], [120.32472962000008, 31.313305511000067], [120.32308122800009, 31.312823887000036], [120.31477578700003, 31.310233847000063], [120.3130965150001, 31.30976141600007], [120.31140747500001, 31.309334206000074], [120.30970611100008, 31.308970585000054], [120.30798925800002, 31.308693900000037], [120.30627362000007, 31.308523872000023], [120.30454321700006, 31.308438145000025], [120.30280175400003, 31.30841393000003], [120.29930090700009, 31.308486169000048], [120.29581022700006, 31.308652705000043], [120.29076238800008, 31.309000973000025], [120.28775960500002, 31.309301232000053], [120.28647916900002, 31.309484454000028], [120.28542791300004, 31.30970104800008], [120.28469242100005, 31.309963503000063], [120.28438563200007, 31.31028836300004], [120.28460075800001, 31.310691296000073], [120.28524827500007, 31.311156839000034], [120.28621362500007, 31.311667837000073], [120.28740929800006, 31.312211181000066], [120.28876930100012, 31.312776986000074], [120.2934054320001, 31.31454529800004], [120.30172031000006, 31.317565208000076], [120.30502902800004, 31.318803484000057], [120.3082511880001, 31.320106013000043], [120.30980553100005, 31.320804123000073], [120.31130224300011, 31.321552662000045], [120.31272002800006, 31.322372288000054], [120.31403060700006, 31.32329033600007], [120.31519690000005, 31.32434249000005], [120.3162109860001, 31.325588571000026], [120.31707537500006, 31.32697478500006], [120.31783010100003, 31.328463630000044], [120.31850556900008, 31.33002669700005], [120.31912455300005, 31.33164277000003], [120.31970387600006, 31.333296241000028], [120.32078914200008, 31.33667328000007], [120.32436382500009, 31.348710976000064], [120.32541553300007, 31.352096705000065], [120.32596634400011, 31.35374815600005], [120.3265452500001, 31.35535248000008], [120.32716517200004, 31.356887689000075], [120.32784389300002, 31.358323571000028], [120.32860555700006, 31.359619176000024], [120.32948251700009, 31.360719712000048], [120.33051752900008, 31.361552851000056], [120.33169084600001, 31.362044644000036], [120.33301138400009, 31.362287302000027], [120.33444090500006, 31.362345488000074], [120.33594997000012, 31.362269191000053], [120.33751616400002, 31.362096763000068], [120.3391226110001, 31.36185755300005], [120.34075671300002, 31.361574155000028], [120.3474154590001, 31.360314884000047], [120.34908705900011, 31.360034841000072], [120.35075510000001, 31.35979782000004], [120.35241691600004, 31.35962377100003], [120.35406961500007, 31.35953843200008], [120.35570978400006, 31.35957545000008], [120.35740863700005, 31.35977482100003], [120.35909339900002, 31.36011073900005], [120.3607674220001, 31.36054809500007], [120.36243333200002, 31.361059960000034], [120.36409315800006, 31.36162594700005], [120.365748456, 31.362230810000028], [120.36740426500012, 31.36286488500008], [120.37129024300009, 31.36442645300008], [120.3826852520001, 31.36916826500004], [120.38385309500006, 31.369632291000073], [120.38400792100003, 31.369371900000033], [120.3841505260001, 31.369125104000034], [120.38448235700002, 31.368332612000074], [120.38721738900006, 31.36166718800007]]], [[[120.31795120000004, 31.371261874000027], [120.31655165600012, 31.37113220300006], [120.31619726300005, 31.371133333000046], [120.31593810200002, 31.37117213500005], [120.31580954500009, 31.37126260200006], [120.31584210100004, 31.371419141000047], [120.31600908100006, 31.37162885500004], [120.3162736270001, 31.371877165000058], [120.31740918900005, 31.372757355000033], [120.32629559700001, 31.37900220800003], [120.32690002400011, 31.378754878000052], [120.32736358900002, 31.378525056000058], [120.32767277000005, 31.378272301000038], [120.32780391000006, 31.37804267000007], [120.3280092870001, 31.377366995000045], [120.32907376000003, 31.372835336000037], [120.31795120000004, 31.371261874000027]]], [[[120.33826421000003, 31.380857200000037], [120.33788225500007, 31.380794482000056], [120.33745818800003, 31.380828731000065], [120.33701233900001, 31.38091084000007], [120.33496030300012, 31.381423132000066], [120.33454831000006, 31.38155055900006], [120.33420853300004, 31.381695466000053], [120.33408746600003, 31.381780174000028], [120.33401739700003, 31.38187787800007], [120.33401172000003, 31.38199448900008], [120.33406167900011, 31.38212535400004], [120.33429445400009, 31.382433518000028], [120.33494379700005, 31.38305749400007], [120.33589376700002, 31.38389095900004], [120.34041586800004, 31.384064502000058], [120.33937452000009, 31.382197448000056], [120.33886481400009, 31.381393418000073], [120.33858696100003, 31.38107278600006], [120.33843302200012, 31.380947554000045], [120.33826421000003, 31.380857200000037]]]]}}, {"type": "Feature", "properties": {"township_name": "辛庄镇", "district_code": "changshu", "district_name": "常熟市", "areacode": "32058110", "class": "乡镇界"}, "geometry": {"type": "Polygon", "coordinates": [[[120.66506021700002, 31.586574402000053], [120.66505892100008, 31.586270494000075], [120.66406546200005, 31.579687841000066], [120.6634139140001, 31.574906234000025], [120.66314844600004, 31.57256598600003], [120.66296474600006, 31.570424247000062], [120.66289663100008, 31.568607040000074], [120.6629607430001, 31.56707572600004], [120.66317320000007, 31.56568521500003], [120.66358689800006, 31.564484323000045], [120.66427132400008, 31.56353819900005], [120.6652696000001, 31.562901348000025], [120.66652204000002, 31.562502677000055], [120.66795411600003, 31.56227113800003], [120.66951126600009, 31.562154018000058], [120.67115388100001, 31.562112066000054], [120.67811193200009, 31.56218074900005], [120.67987890400002, 31.562158340000053], [120.68163876200003, 31.562080839000032], [120.68338404600001, 31.56192353800003], [120.68510680400004, 31.561655931000075], [120.6868127780001, 31.56125126200004], [120.68849342500005, 31.56073800000007], [120.6901536790001, 31.560150204000024], [120.69662909300007, 31.55758201200007], [120.69820090000007, 31.55701044700004], [120.69974459700006, 31.556526827000027], [120.70125102400004, 31.55617315300003], [120.70270753200009, 31.55600328400004], [120.70409720300006, 31.55608664500005], [120.70530796000003, 31.55643182500006], [120.70647736800004, 31.556960966000076], [120.70882014600011, 31.558189774000027], [120.71005937000007, 31.558702957000037], [120.71137820000001, 31.55903982700005], [120.7127646350001, 31.559213440000065], [120.71419565100007, 31.559250476000045], [120.71565010000006, 31.55916856400006], [120.7171073830001, 31.558976545000064], [120.71854599800008, 31.558674460000077], [120.71994194600006, 31.558253231000037], [120.72126701700006, 31.557694108000078], [120.72257544100012, 31.556937404000053], [120.72392448800008, 31.556086914000048], [120.72542163600008, 31.55527108600006], [120.72703716700005, 31.554631501000074], [120.72873915200012, 31.554300357000045], [120.73030939700004, 31.554328610000027], [120.7318433480001, 31.554601258000048], [120.73326631400005, 31.55502687200004], [120.73450450000007, 31.555518161000066], [120.73548513800006, 31.555991772000027], [120.736136611, 31.556367970000053], [120.73639055300009, 31.55657670900007], [120.7356380010001, 31.537217223000027], [120.73020244200006, 31.53137672400004], [120.72794348500008, 31.529040102000067], [120.72692965500005, 31.528046138000036], [120.72601062600006, 31.527200950000065], [120.72507823400008, 31.52640693400008], [120.72411727700012, 31.525671481000074], [120.72311784800002, 31.525014990000045], [120.7220670800001, 31.524463987000047], [120.72099391900008, 31.524051496000027], [120.71987449300002, 31.523734155000056], [120.71872184400002, 31.523485210000047], [120.71635443100001, 31.523116082000058], [120.71035815400012, 31.522389213000054], [120.70918921600003, 31.52219944500007], [120.70804740300002, 31.521966715000076], [120.70694414000002, 31.521672645000024], [120.70589436700004, 31.52129333000005], [120.70491758100002, 31.520797646000062], [120.70399821300009, 31.520133952000037], [120.70315753700004, 31.519344742000044], [120.7023747180001, 31.518463199000053], [120.70163389600009, 31.517514591000065], [120.70092313500004, 31.516517942000064], [120.70023355900003, 31.515487404000055], [120.69823512300002, 31.512283125000067], [120.68975425500003, 31.49810707900008], [120.68029232000004, 31.499686877000045], [120.65181899800007, 31.498608955000066], [120.64778671400006, 31.505371456000034], [120.64559559600002, 31.50892422000004], [120.64453712000011, 31.510569264000026], [120.64356067400001, 31.512013593000063], [120.64266345400006, 31.513245217000076], [120.64174218300002, 31.514406101000077], [120.64078173200005, 31.515484340000057], [120.63977028800002, 31.516452053000023], [120.63869309600011, 31.517273315000068], [120.63758820400005, 31.517903576000037], [120.63431057900004, 31.519379297000057], [120.63340016600011, 31.519918534000055], [120.6326782970001, 31.52057153000004], [120.63220057800004, 31.521345841000027], [120.63187660000006, 31.522220356000048], [120.63137419100008, 31.52404904200006], [120.63104683800009, 31.524896323000064], [120.63056623300008, 31.52562365700004], [120.62986172800004, 31.52619579700007], [120.62898497800006, 31.52663343300003], [120.62800140200011, 31.52698453000005], [120.62595132800004, 31.527597422000042], [120.62500333100002, 31.527942236000058], [120.62419385600003, 31.528372597000043], [120.62360115900003, 31.52894185100007], [120.62328384400007, 31.529700545000026], [120.62318735500003, 31.530616859000077], [120.6232281020001, 31.531652016000066], [120.62341492400003, 31.533963134000032], [120.62340593800002, 31.535196248000034], [120.62323028000003, 31.53649155200003], [120.62288727700002, 31.537842520000027], [120.62232779800001, 31.53939783000004], [120.62159261500005, 31.54111079200004], [120.62073901500003, 31.542904411000052], [120.6198240760001, 31.54470239400007], [120.61890375500002, 31.546429009000065], [120.61726449200012, 31.549366187000032], [120.61611418100006, 31.551334608000047], [120.59920573200009, 31.548185579000062], [120.59097891600004, 31.577180430000055], [120.58177832400008, 31.583832070000028], [120.57943241800001, 31.585411280000073], [120.57863454900007, 31.585897380000063], [120.57782373000009, 31.58634803900003], [120.57699553400005, 31.586749135000048], [120.57614424600001, 31.587081928000032], [120.5752835190001, 31.58732690000005], [120.57440270300003, 31.58750549900003], [120.5735094800001, 31.587634171000047], [120.57261076700001, 31.587723976000063], [120.57082464900009, 31.587808477000067], [120.56995331300004, 31.587803527000062], [120.5691102400001, 31.587760337000077], [120.56830953100007, 31.587667929000077], [120.56756975600001, 31.58750959500003], [120.56691547100002, 31.587261614000056], [120.56637903500007, 31.58689156300005], [120.56599419100007, 31.586386665000077], [120.56572014800008, 31.585766576000026], [120.56552254300004, 31.58506539600006], [120.56510993300003, 31.58273810000003], [120.56494624400011, 31.581963015000042], [120.56472164500008, 31.58122657800004], [120.56439922600009, 31.58055649000005], [120.56396421700003, 31.57999385900007], [120.56336968500011, 31.579482840000026], [120.56258110600004, 31.57898960700004], [120.56165214500004, 31.578519760000063], [120.56063741700007, 31.57807876700008], [120.55856566800003, 31.57730722100007], [120.55557636500009, 31.576354147000075], [120.54091361700011, 31.579134554000063], [120.54075067400004, 31.581138526000075], [120.5394092890001, 31.595438449000028], [120.53920257800007, 31.598094589000027], [120.53909080400001, 31.600629212000058], [120.53910089300007, 31.60181299800007], [120.539180525, 31.602909285000067], [120.53935728700003, 31.60388382900004], [120.53966784300007, 31.604691222000042], [120.54016032900006, 31.605271962000074], [120.54087239000012, 31.605578834000028], [120.54176317400004, 31.60566455700007], [120.54278296500001, 31.605592392000062], [120.54389431400011, 31.605411106000076], [120.54506918900006, 31.605158823000068], [120.54878967000002, 31.60426461000003], [120.55005336300007, 31.604005296000025], [120.5513135010001, 31.60381073900004], [120.5525621060001, 31.603715520000037], [120.55379082500008, 31.603763179000055], [120.55502169200008, 31.603997211000035], [120.5562287570001, 31.604386959000067], [120.55741759800003, 31.60489181400004], [120.55859260600005, 31.605480772000078], [120.55975719300011, 31.606130458000052], [120.56091398600006, 31.60682345300006], [120.56206498800009, 31.607546940000077], [120.56446675500001, 31.609126969000044], [120.57459278400006, 31.616043709000053], [120.59467104700002, 31.617684350000047], [120.59592656400002, 31.61758212600006], [120.59729268400008, 31.617391742000052], [120.5989811820001, 31.61706861300007], [120.60086385400007, 31.616581646000043], [120.60281061900002, 31.615897017000066], [120.60468896800012, 31.61497737700006], [120.60634849700011, 31.613829759000055], [120.60777448500005, 31.612507550000032], [120.60893451600009, 31.61110955600003], [120.60985096900004, 31.609709895000037], [120.61155844300004, 31.606797676000042], [120.61489851200008, 31.600846809000075], [120.61576383500005, 31.599396093000053], [120.61665986600008, 31.59798531000007], [120.61759996700005, 31.59663246200006], [120.61860142400008, 31.59536087300006], [120.61968666400003, 31.59420087700005], [120.62088464100009, 31.59319173500006], [120.62227398900006, 31.592334876000052], [120.62378239700001, 31.59163689500008], [120.62537706500007, 31.591053139000053], [120.62703319500008, 31.590550289000078], [120.62873200600006, 31.59010389200006], [120.6304590530001, 31.589696381000067], [120.63395329700006, 31.58895351600006], [120.63914592100002, 31.587951187000044], [120.64242332900005, 31.587377803000038], [120.64394240800004, 31.58714544700007], [120.64533488400002, 31.586971816000073], [120.64655018400003, 31.586882342000024], [120.64752081000006, 31.586911717000078], [120.64815768800008, 31.587106549000055], [120.64840373100003, 31.58750395000004], [120.64838584100005, 31.58874164200006], [120.64852361700002, 31.589491758000065], [120.64897565000001, 31.590263642000025], [120.64970856000002, 31.59105223100005], [120.65065274900007, 31.591837516000055], [120.65175140300005, 31.59259765200005], [120.65295747500011, 31.59330601100004], [120.65424461600003, 31.593917993000048], [120.65570061800008, 31.59427670100007], [120.65726116500002, 31.59427291800006], [120.65881975200011, 31.593827499000042], [120.66028965500004, 31.59291522600006], [120.66162412500012, 31.591677745000027], [120.66279036300011, 31.59029054000007], [120.66375423800002, 31.588922853000042], [120.66447986100002, 31.587739171000067], [120.66492940400008, 31.58690223600007], [120.66506021700002, 31.586574402000053]]]}}, {"type": "Feature", "properties": {"township_name": "古里镇", "district_code": "changshu", "district_name": "常熟市", "areacode": "32058111", "class": "乡镇界"}, "geometry": {"type": "Polygon", "coordinates": [[[120.88793839100003, 31.640691398000058], [120.88781585100003, 31.640493355000046], [120.88547544700009, 31.637775245000057], [120.88312521800003, 31.63491259500006], [120.88195209500009, 31.633376944000076], [120.88088971100001, 31.631866031000072], [120.88002411500008, 31.630451511000047], [120.8794436180001, 31.629205641000055], [120.87921286300002, 31.62816781500004], [120.87929517500004, 31.627217260000066], [120.87974605200009, 31.626317461000042], [120.88049149300002, 31.62548431600004], [120.88144483200006, 31.624701290000075], [120.88254412600008, 31.623957924000024], [120.88374605900003, 31.62324878000004], [120.88502120400005, 31.622572752000053], [120.88632517100007, 31.62194147400004], [120.88766398500002, 31.621337210000036], [120.88902572300003, 31.620755692000046], [120.89178919100004, 31.61965927600005], [120.89318318900007, 31.619151314000078], [120.89458345300011, 31.61868054400003], [120.89599046700005, 31.618259928000043], [120.89740604800011, 31.617907672000058], [120.89883334300009, 31.617648463000023], [120.9003192450001, 31.617499788000032], [120.90181728900006, 31.617449091000026], [120.9033236680001, 31.61746930100003], [120.904835606, 31.617540081000072], [120.90635111400002, 31.617646344000036], [120.90938765600004, 31.617924138000035], [120.93366643500008, 31.620593348000057], [120.93356145400003, 31.62030247000007], [120.93079597100007, 31.614333646000034], [120.92882918100008, 31.609956473000068], [120.92789743700007, 31.60778663600007], [120.92707898600008, 31.605770946000064], [120.92643535200011, 31.604017055000043], [120.92596480200007, 31.602483015000075], [120.92562783100004, 31.60101809500003], [120.92547175100003, 31.599646318000055], [120.92555942500007, 31.59840093400004], [120.92597240900011, 31.59732534300008], [120.92670931400005, 31.596502740000062], [120.92770981000001, 31.595822674000033], [120.92888240500008, 31.595242046000067], [120.93015074400012, 31.594726991000073], [120.93270832500002, 31.59378848700004], [120.93386721500008, 31.59332098200008], [120.93485050000004, 31.59282711700007], [120.93557186200007, 31.592285059000062], [120.9359266890001, 31.591670109000063], [120.93582921500001, 31.590953514000034], [120.93535153800008, 31.590157962000035], [120.93459317400004, 31.589303356000073], [120.93363075900004, 31.588404748000073], [120.93252300200004, 31.587473170000067], [120.9313149080001, 31.586516307000068], [120.92608349900001, 31.58249469200007], [120.92478936200007, 31.581433508000032], [120.92354320300001, 31.580337605000068], [120.92237039100007, 31.579194872000073], [120.9213019020001, 31.577988687000072], [120.92037655100012, 31.57669689000005], [120.91959532300007, 31.57523606600006], [120.91897119200007, 31.57368253800007], [120.91846302300007, 31.57206132500005], [120.91803916900005, 31.570391537000035], [120.91767540400008, 31.568687702000034], [120.91705776000003, 31.56521986300004], [120.9159208320001, 31.558248750000075], [120.91558999100005, 31.556540509000058], [120.91520847400011, 31.554866900000036], [120.91475033000006, 31.55324508500007], [120.91417954300005, 31.551698997000074], [120.91341191800007, 31.550236901000062], [120.91227735000007, 31.548826846000054], [120.91081194700007, 31.54743925400004], [120.9091251000001, 31.54610155900008], [120.90732609200006, 31.544841268000027], [120.90552236700012, 31.54368712200005], [120.90381916500007, 31.542669336000074], [120.90035024000008, 31.540746312000067], [120.9000950200001, 31.54058060500006], [120.89898520500003, 31.540543652000053], [120.89394099800006, 31.54022575700003], [120.89379172000008, 31.54032358300003], [120.8914896340001, 31.541386698000053], [120.88908250100008, 31.542546108000067], [120.88781006300007, 31.543200074000026], [120.88657863100002, 31.543877008000038], [120.8854552790001, 31.544557818000044], [120.88450840000007, 31.545223973000077], [120.88379618600004, 31.545862856000042], [120.8832471390001, 31.546537863000026], [120.88286482600006, 31.547285268000053], [120.88267494700005, 31.548156066000047], [120.88265467100007, 31.549100510000073], [120.88275399300005, 31.550096908000057], [120.8829362570001, 31.55112930000007], [120.88344906200007, 31.55325780000004], [120.88434795600006, 31.55649920600007], [120.88488970000003, 31.558619470000053], [120.8851009760001, 31.559643639000058], [120.88524516500001, 31.560627840000052], [120.88529347500003, 31.56155506600004], [120.88520765400006, 31.562402642000052], [120.88493707700002, 31.563140520000047], [120.884434209, 31.56374939500006], [120.88374189100011, 31.564245812000024], [120.88291133300004, 31.56466023100006], [120.88198151300003, 31.56501589100003], [120.88098194700001, 31.56533048700004], [120.8788581340001, 31.565888004000044], [120.87557931600008, 31.566686531000073], [120.8745115910001, 31.566978849000066], [120.87348158300006, 31.56730443300006], [120.87249384200004, 31.567726118000053], [120.87155890100007, 31.568372225000076], [120.87075831300001, 31.569250657000055], [120.87019217900001, 31.570251634000044], [120.86977939700012, 31.571367432000045], [120.86949326500007, 31.572519147000037], [120.86930900200002, 31.573629528000026], [120.86920378700006, 31.57462296600005], [120.86914683300006, 31.576154449000057], [120.86939828900006, 31.576169007000033], [120.87342192000006, 31.576023724000038], [120.87546921600006, 31.575985080000066], [120.87768956700006, 31.575982748000058], [120.8799759100001, 31.576036273000057], [120.882219684, 31.57616693400007], [120.88431009200008, 31.576397858000064], [120.8861341600001, 31.576753258000053], [120.88758925400009, 31.577257194000026], [120.88880247600002, 31.577951652000024], [120.88987772000007, 31.578935641000044], [120.89074912500007, 31.580104233000043], [120.89143310800011, 31.581379361000074], [120.8919241750001, 31.58269645000007], [120.89219512600005, 31.58399833800007], [120.89219593300004, 31.585229870000035], [120.89185133900003, 31.586333096000033], [120.89111026500007, 31.58725564200006], [120.89005058700002, 31.58803828400005], [120.88876404100006, 31.588719455000046], [120.88731866300009, 31.589328555000066], [120.88576455300006, 31.589888168000073], [120.88413850200004, 31.59041596800006], [120.87736956800006, 31.59247649100007], [120.87568759300007, 31.593042620000062], [120.87403521600004, 31.59366026300006], [120.87242657400009, 31.59435144400004], [120.87087859300004, 31.59514421700004], [120.86940221100008, 31.596062522000068], [120.86798720500008, 31.59708286500006], [120.86661756000001, 31.59817743900004], [120.86528086900012, 31.599324720000027], [120.86267020100001, 31.60171379700006], [120.8575374720001, 31.60655293800005], [120.85624793500006, 31.607713457000045], [120.85494761000007, 31.608826813000064], [120.85363136000001, 31.60987285300007], [120.85229289600011, 31.610825478000038], [120.85092438700008, 31.611650931000042], [120.84951608600011, 31.612305897000056], [120.84814241800007, 31.61274405000006], [120.8453682280001, 31.61337851500008], [120.84402423000006, 31.61374669500003], [120.84275015900005, 31.61426670900005], [120.84155692200011, 31.615018633000034], [120.84044517000007, 31.61596372500003], [120.83939293000003, 31.617050307000056], [120.83838226500006, 31.618235603000073], [120.83447701400007, 31.623277813000072], [120.83347086800006, 31.62444840200004], [120.8324231900001, 31.625503958000024], [120.83131382400006, 31.626389562000043], [120.83011725400002, 31.627035319000072], [120.82877676600003, 31.627389080000057], [120.82734141200001, 31.62748225200005], [120.82583554400003, 31.62738192300003], [120.8242778980001, 31.627139670000076], [120.82268271500004, 31.626794664000045], [120.82106068900009, 31.62637629900007], [120.81941976500002, 31.625906385000064], [120.81610289800005, 31.624871364000057], [120.7988521640001, 31.619093776000057], [120.79769419900003, 31.618737573000033], [120.79728553300004, 31.618696165000074], [120.79645589100005, 31.61869751900008], [120.79536490500004, 31.61877626900008], [120.79418596500011, 31.618971696000074], [120.79309829300007, 31.619325169000035], [120.7922882370001, 31.61988087700007], [120.79190499200001, 31.620719921000045], [120.79199960100004, 31.621775144000026], [120.79249134200006, 31.62297071200004], [120.7932830950001, 31.62422403100004], [120.7942720750001, 31.625454734000073], [120.79744938200008, 31.629159875000028], [120.79844358300011, 31.630392163000067], [120.79934762500011, 31.63160755900003], [120.80011813100009, 31.632795931000032], [120.80070091200002, 31.633945251000057], [120.8010271280001, 31.635040674000038], [120.8010090780001, 31.63606358000004], [120.80059833100006, 31.63697544400003], [120.7998844550001, 31.637822568000047], [120.79897198700007, 31.638626162000037], [120.79588074000003, 31.640944725000054], [120.79498553700012, 31.641737762000048], [120.79429151900001, 31.64256792100008], [120.79389465300005, 31.64345492900003], [120.79387544700012, 31.64448603200003], [120.79417310000008, 31.645593224000038], [120.79520285000001, 31.648003173000063], [120.79570249900007, 31.649305483000035], [120.79603668700008, 31.650683171000026], [120.79611439400003, 31.652070663000075], [120.79598846800002, 31.653519672000073], [120.79570934900005, 31.655013405000034], [120.7953174920001, 31.65653872200005], [120.79484563300002, 31.658085179000068], [120.79432099600001, 31.659644171000025], [120.79266526800006, 31.664320764000024], [120.79216818100008, 31.665851842000052], [120.79175113500003, 31.667350416000033], [120.79146017800008, 31.668799680000063], [120.79141491000007, 31.67022116100003], [120.79183521900006, 31.671657223000068], [120.79274522100002, 31.67299696500004], [120.79404458500005, 31.67424380400007], [120.79559373500001, 31.675383115000045], [120.7972558890001, 31.676399213000025], [120.79889841300007, 31.677274836000038], [120.80039208900007, 31.67799140900007], [120.80268685900012, 31.679000821000045], [120.83891725000001, 31.69437016100005], [120.83898310600011, 31.694076263000056], [120.83923493100008, 31.69329947600005], [120.83966111000007, 31.692140145000053], [120.84025301800011, 31.69070010100006], [120.84100330700005, 31.689082021000047], [120.84190623900008, 31.687390141000037], [120.84295787500002, 31.68573073500005], [120.8441555820001, 31.684211752000067], [120.8455353390001, 31.68287599000007], [120.84695324000006, 31.681799285000068], [120.8495314170001, 31.680189472000052], [120.85068607400001, 31.67934086400004], [120.85169412400012, 31.678359680000028], [120.85248088900005, 31.677264575000038], [120.85313492400007, 31.676051346000065], [120.85370432700006, 31.674769627000046], [120.85474797200004, 31.672174534000078], [120.855293286, 31.67094501400004], [120.85590135500001, 31.669820731000073], [120.8566109630001, 31.668854063000026], [120.85746649300006, 31.668106994000027], [120.85852292000004, 31.667617971000027], [120.85972465000009, 31.66734678200004], [120.8610200390001, 31.667219681000063], [120.86502827000004, 31.66709587400004], [120.8662621530001, 31.666951569000048], [120.86736441500011, 31.66665342300007], [120.86827440100001, 31.66612638600003], [120.86896287900004, 31.66527873600006], [120.8694383510001, 31.664175216000046], [120.86975734400005, 31.662883604000058], [120.86996458400006, 31.661457667000036], [120.87009591700007, 31.659940634000066], [120.87031509200006, 31.655182943000057], [120.87041475400008, 31.653631365000024], [120.870574669, 31.65215399500005], [120.87083168100003, 31.650795394000056], [120.87123322900004, 31.649612647000026], [120.87184158100001, 31.64868023100007], [120.8727062690001, 31.648059756000066], [120.87378464000005, 31.647682299000053], [120.87670478900009, 31.64710059300006], [120.87848607800004, 31.646660663000034], [120.88032317000011, 31.64602476300007], [120.88203345000011, 31.645206114000075], [120.88363356900004, 31.644254640000042], [120.88506642800007, 31.643264842000065], [120.88627434500006, 31.64232818200003], [120.88719812700003, 31.641532617000053], [120.8877759930001, 31.640962324000043], [120.88793839100003, 31.640691398000058]]]}}, {"type": "Feature", "properties": {"township_name": "东南街道", "district_code": "changshu", "district_name": "常熟市", "areacode": "32058112", "class": "乡镇界"}, "geometry": {"type": "Polygon", "coordinates": [[[120.86914683300006, 31.576154449000057], [120.8688715510001, 31.576058411000076], [120.86812065700008, 31.575876335000032], [120.8669874520001, 31.575670887000058], [120.8655657700001, 31.575507550000054], [120.8639498770001, 31.575453908000043], [120.86223478600004, 31.57558099700003], [120.86049887800004, 31.575947477000057], [120.85882959100002, 31.57652373800005], [120.8572941110001, 31.57724723700005], [120.85595847700006, 31.57805019400007], [120.85477471800004, 31.57888636100006], [120.85242744000004, 31.58063789600004], [120.84659032800005, 31.58514088100003], [120.84424988800004, 31.586879027000066], [120.84307446700006, 31.58770231300008], [120.84189323300006, 31.588475066000058], [120.84070360100009, 31.589175218000037], [120.83950205300005, 31.589772793000066], [120.8382838440001, 31.590227476000052], [120.83704264300002, 31.590485693000062], [120.83577914800003, 31.590504503000034], [120.83449279700005, 31.59033062800006], [120.83318983000004, 31.59001997300004], [120.83187494000003, 31.589616551000063], [120.82788911800003, 31.588181235000036], [120.82655307800007, 31.587723175000065], [120.8252151480001, 31.587325672000077], [120.82387588800009, 31.587027119000027], [120.822535603, 31.586876414000074], [120.8212471600001, 31.586910483000054], [120.81995819500003, 31.587093676000052], [120.81866893000006, 31.58739011600005], [120.81734826000002, 31.58778545800004], [120.8158484380001, 31.58832466000007], [120.8142096680001, 31.588977360000058], [120.81079507000004, 31.59045400900004], [120.80472219800004, 31.593263575000037], [120.80448982700011, 31.59334902300003], [120.77658806900001, 31.581705973000055], [120.77418748800005, 31.580741631000024], [120.77257354800008, 31.580154870000058], [120.77172956100003, 31.579895818000068], [120.77084682400005, 31.579690139000036], [120.76987930400003, 31.57952406800007], [120.76886446500009, 31.579406972000072], [120.76777347600012, 31.579340797000043], [120.76671944500004, 31.57932343400006], [120.76491358900012, 31.57937593200006], [120.76367644100003, 31.579463146000023], [120.763640742, 31.579715770000064], [120.76257762700004, 31.583449104000067], [120.76207192300001, 31.585335366000038], [120.7615651750001, 31.587375505000068], [120.76110260900009, 31.58946962600004], [120.76073178200011, 31.591516503000037], [120.76050291500007, 31.593413132000023], [120.76046801000007, 31.59505497600003], [120.76067146100002, 31.596375919000025], [120.76112745400007, 31.597526996000056], [120.76180728400004, 31.59844550400004], [120.76268884700005, 31.59923864600006], [120.76371722900001, 31.599922579000065], [120.76485109100008, 31.600503528000047], [120.76605949000009, 31.600978429000065], [120.76731927600008, 31.60133511600003], [120.76861298800009, 31.601552045000062], [120.76992719600003, 31.601597618000028], [120.77141817000006, 31.601416803000063], [120.7729113910001, 31.60104451500007], [120.77439774900006, 31.600543294000033], [120.7758678890001, 31.59996297500004], [120.78005711100002, 31.59814743000004], [120.78131844200004, 31.59764547700007], [120.78246544900003, 31.597269940000047], [120.78345578000005, 31.59708067100007], [120.7842337510001, 31.597153909000042], [120.78469244900009, 31.597463180000034], [120.78503460500008, 31.597946999000044], [120.78568209700006, 31.59916619100005], [120.78614646300002, 31.59977574000004], [120.78684879000002, 31.600352503000067], [120.78773168100008, 31.60086109200006], [120.78874362300007, 31.601327660000038], [120.79097512700002, 31.60224254700006], [120.79211020900004, 31.602751799000032], [120.79319955400001, 31.603345495000042], [120.79421519700009, 31.60413092400006], [120.79519809700002, 31.605349253000043], [120.79607877000001, 31.606893742000068], [120.79685862500003, 31.608654026000067], [120.79753955400008, 31.610519933000035], [120.79812238400007, 31.612383098000066], [120.7986063300001, 31.614137268000036], [120.79898922000007, 31.615677625000046], [120.79950666100001, 31.617955719000065], [120.79769419900003, 31.618737573000033], [120.7988521640001, 31.619093776000057], [120.81610289800005, 31.624871364000057], [120.81941976500002, 31.625906385000064], [120.82106068900009, 31.62637629900007], [120.82268271500004, 31.626794664000045], [120.8242778980001, 31.627139670000076], [120.82583554400003, 31.62738192300003], [120.82734141200001, 31.62748225200005], [120.82877676600003, 31.627389080000057], [120.83011725400002, 31.627035319000072], [120.83131382400006, 31.626389562000043], [120.8324231900001, 31.625503958000024], [120.83347086800006, 31.62444840200004], [120.83447701400007, 31.623277813000072], [120.83838226500006, 31.618235603000073], [120.83939293000003, 31.617050307000056], [120.84044517000007, 31.61596372500003], [120.84155692200011, 31.615018633000034], [120.84275015900005, 31.61426670900005], [120.84402423000006, 31.61374669500003], [120.8453682280001, 31.61337851500008], [120.84814241800007, 31.61274405000006], [120.84951608600011, 31.612305897000056], [120.85092438700008, 31.611650931000042], [120.85229289600011, 31.610825478000038], [120.85363136000001, 31.60987285300007], [120.85494761000007, 31.608826813000064], [120.85624793500006, 31.607713457000045], [120.8575374720001, 31.60655293800005], [120.86267020100001, 31.60171379700006], [120.86528086900012, 31.599324720000027], [120.86661756000001, 31.59817743900004], [120.86798720500008, 31.59708286500006], [120.86940221100008, 31.596062522000068], [120.87087859300004, 31.59514421700004], [120.87242657400009, 31.59435144400004], [120.87403521600004, 31.59366026300006], [120.87568759300007, 31.593042620000062], [120.87736956800006, 31.59247649100007], [120.88413850200004, 31.59041596800006], [120.88576455300006, 31.589888168000073], [120.88731866300009, 31.589328555000066], [120.88876404100006, 31.588719455000046], [120.89005058700002, 31.58803828400005], [120.89111026500007, 31.58725564200006], [120.89185133900003, 31.586333096000033], [120.89219593300004, 31.585229870000035], [120.89219512600005, 31.58399833800007], [120.8919241750001, 31.58269645000007], [120.89143310800011, 31.581379361000074], [120.89074912500007, 31.580104233000043], [120.88987772000007, 31.578935641000044], [120.88880247600002, 31.577951652000024], [120.88758925400009, 31.577257194000026], [120.8861341600001, 31.576753258000053], [120.88431009200008, 31.576397858000064], [120.882219684, 31.57616693400007], [120.8799759100001, 31.576036273000057], [120.87768956700006, 31.575982748000058], [120.87546921600006, 31.575985080000066], [120.87342192000006, 31.576023724000038], [120.86939828900006, 31.576169007000033], [120.86914683300006, 31.576154449000057]]]}}, {"type": "Feature", "properties": {"township_name": "虞山镇", "district_code": "changshu", "district_name": "常熟市", "areacode": "32058113", "class": "乡镇界"}, "geometry": {"type": "Polygon", "coordinates": [[[120.71148407900012, 31.757240241000034], [120.73451329200009, 31.75592663200007], [120.7541607280001, 31.754921934000038], [120.75763911600006, 31.754711792000023], [120.76092956600007, 31.754427117000034], [120.76244435600006, 31.754230822000068], [120.76382203800006, 31.75397645000004], [120.76500882900007, 31.753640000000075], [120.76593377100005, 31.753189494000026], [120.76650453500008, 31.75258289800007], [120.76665580400004, 31.75187095800004], [120.7665425450001, 31.75103068800007], [120.76562454700002, 31.74805791500006], [120.76543287200002, 31.746994544000074], [120.7654556650001, 31.74592487600006], [120.76579488800007, 31.744796734000033], [120.76640587400004, 31.74367653400003], [120.76721434800004, 31.742561821000038], [120.76815871000008, 31.741449355000043], [120.77130686900011, 31.738078389000066], [120.77230897100003, 31.73692096800005], [120.7732065460001, 31.735730383000032], [120.77394082800004, 31.734492612000054], [120.77444099900003, 31.733189725000045], [120.7746517280001, 31.731790188000048], [120.77461463100008, 31.730323103000046], [120.7743929510001, 31.728805884000053], [120.7740354340001, 31.727251866000074], [120.7735792420001, 31.725671170000055], [120.77305248800008, 31.724071455000058], [120.77186715500011, 31.720837075000077], [120.76871858400011, 31.712735016000067], [120.76814523600001, 31.711149627000054], [120.76762644100006, 31.709594464000077], [120.76718741600007, 31.708083332000058], [120.76686193900002, 31.70663488300005], [120.76669506000007, 31.705274087000078], [120.76674637300005, 31.704034026000045], [120.76709385600009, 31.702958009000042], [120.76782776300001, 31.702056738000067], [120.76887463500009, 31.701328922000073], [120.77015038500008, 31.700727958000073], [120.77159113500011, 31.700218455000027], [120.77314901500006, 31.699773907000065], [120.77478862300006, 31.69937472400005], [120.77648411100006, 31.69900660600007], [120.77997350100009, 31.69832526700003], [120.79062547600006, 31.69638045000005], [120.7940997390001, 31.695678650000048], [120.79578798400007, 31.695293320000076], [120.79742118700005, 31.694868883000026], [120.79897250200008, 31.694386020000024], [120.80040288100008, 31.693816647000062], [120.80166347600004, 31.693021217000023], [120.80265453000004, 31.691801075000058], [120.8032380200001, 31.690307002000054], [120.8035362280001, 31.68855981300004], [120.80361300300001, 31.68667834200005], [120.8035296380001, 31.68477959100005], [120.80334399100002, 31.68297809200004], [120.8031112330001, 31.68138646600005], [120.80268685900012, 31.679000821000045], [120.80039208900007, 31.67799140900007], [120.79889841300007, 31.677274836000038], [120.7972558890001, 31.676399213000025], [120.79559373500001, 31.675383115000045], [120.79404458500005, 31.67424380400007], [120.79274522100002, 31.67299696500004], [120.79183521900006, 31.671657223000068], [120.79141491000007, 31.67022116100003], [120.79146017800008, 31.668799680000063], [120.79175113500003, 31.667350416000033], [120.79216818100008, 31.665851842000052], [120.79266526800006, 31.664320764000024], [120.79432099600001, 31.659644171000025], [120.79484563300002, 31.658085179000068], [120.7953174920001, 31.65653872200005], [120.79570934900005, 31.655013405000034], [120.79598846800002, 31.653519672000073], [120.79611439400003, 31.652070663000075], [120.79603668700008, 31.650683171000026], [120.79570249900007, 31.649305483000035], [120.79520285000001, 31.648003173000063], [120.79417310000008, 31.645593224000038], [120.79387544700012, 31.64448603200003], [120.79389465300005, 31.64345492900003], [120.79429151900001, 31.64256792100008], [120.79498553700012, 31.641737762000048], [120.79588074000003, 31.640944725000054], [120.79897198700007, 31.638626162000037], [120.7998844550001, 31.637822568000047], [120.80059833100006, 31.63697544400003], [120.8010090780001, 31.63606358000004], [120.8010271280001, 31.635040674000038], [120.80070091200002, 31.633945251000057], [120.80011813100009, 31.632795931000032], [120.79934762500011, 31.63160755900003], [120.79844358300011, 31.630392163000067], [120.79744938200008, 31.629159875000028], [120.7942720750001, 31.625454734000073], [120.7932830950001, 31.62422403100004], [120.79249134200006, 31.62297071200004], [120.79199960100004, 31.621775144000026], [120.79190499200001, 31.620719921000045], [120.7922882370001, 31.61988087700007], [120.79309829300007, 31.619325169000035], [120.79418596500011, 31.618971696000074], [120.79536490500004, 31.61877626900008], [120.79645589100005, 31.61869751900008], [120.79728553300004, 31.618696165000074], [120.79769419900003, 31.618737573000033], [120.79950666100001, 31.617955719000065], [120.79898922000007, 31.615677625000046], [120.7986063300001, 31.614137268000036], [120.79812238400007, 31.612383098000066], [120.79753955400008, 31.610519933000035], [120.79685862500003, 31.608654026000067], [120.79607877000001, 31.606893742000068], [120.79519809700002, 31.605349253000043], [120.79421519700009, 31.60413092400006], [120.79319955400001, 31.603345495000042], [120.79211020900004, 31.602751799000032], [120.79097512700002, 31.60224254700006], [120.78874362300007, 31.601327660000038], [120.78773168100008, 31.60086109200006], [120.78684879000002, 31.600352503000067], [120.78614646300002, 31.59977574000004], [120.78568209700006, 31.59916619100005], [120.78503460500008, 31.597946999000044], [120.78469244900009, 31.597463180000034], [120.7842337510001, 31.597153909000042], [120.78345578000005, 31.59708067100007], [120.78246544900003, 31.597269940000047], [120.78131844200004, 31.59764547700007], [120.78005711100002, 31.59814743000004], [120.7758678890001, 31.59996297500004], [120.77439774900006, 31.600543294000033], [120.7729113910001, 31.60104451500007], [120.77141817000006, 31.601416803000063], [120.76992719600003, 31.601597618000028], [120.76861298800009, 31.601552045000062], [120.76731927600008, 31.60133511600003], [120.76605949000009, 31.600978429000065], [120.76485109100008, 31.600503528000047], [120.76371722900001, 31.599922579000065], [120.76268884700005, 31.59923864600006], [120.76180728400004, 31.59844550400004], [120.76112745400007, 31.597526996000056], [120.76067146100002, 31.596375919000025], [120.76046801000007, 31.59505497600003], [120.76050291500007, 31.593413132000023], [120.76073178200011, 31.591516503000037], [120.76110260900009, 31.58946962600004], [120.7615651750001, 31.587375505000068], [120.76207192300001, 31.585335366000038], [120.76257762700004, 31.583449104000067], [120.763640742, 31.579715770000064], [120.76367644100003, 31.579463146000023], [120.76366688000007, 31.570948214000055], [120.76361332500005, 31.56927663400006], [120.76347616700002, 31.567676418000076], [120.76335252100012, 31.566918722000025], [120.76317260500002, 31.566204364000043], [120.76291567900012, 31.56554931900007], [120.76255460800007, 31.56497448500005], [120.76206029600007, 31.564490076000027], [120.76146209600006, 31.56408568100005], [120.76078960500001, 31.563738503000025], [120.7600647160001, 31.563431682000044], [120.75851734100002, 31.562893208000048], [120.75608153700011, 31.562173870000038], [120.74619931200004, 31.559403580000037], [120.73639055300009, 31.55657670900007], [120.736136611, 31.556367970000053], [120.73548513800006, 31.555991772000027], [120.73450450000007, 31.555518161000066], [120.73326631400005, 31.55502687200004], [120.7318433480001, 31.554601258000048], [120.73030939700004, 31.554328610000027], [120.72873915200012, 31.554300357000045], [120.72703716700005, 31.554631501000074], [120.72542163600008, 31.55527108600006], [120.72392448800008, 31.556086914000048], [120.72257544100012, 31.556937404000053], [120.72126701700006, 31.557694108000078], [120.71994194600006, 31.558253231000037], [120.71854599800008, 31.558674460000077], [120.7171073830001, 31.558976545000064], [120.71565010000006, 31.55916856400006], [120.71419565100007, 31.559250476000045], [120.7127646350001, 31.559213440000065], [120.71137820000001, 31.55903982700005], [120.71005937000007, 31.558702957000037], [120.70882014600011, 31.558189774000027], [120.70647736800004, 31.556960966000076], [120.70530796000003, 31.55643182500006], [120.70409720300006, 31.55608664500005], [120.70270753200009, 31.55600328400004], [120.70125102400004, 31.55617315300003], [120.69974459700006, 31.556526827000027], [120.69820090000007, 31.55701044700004], [120.69662909300007, 31.55758201200007], [120.6901536790001, 31.560150204000024], [120.68849342500005, 31.56073800000007], [120.6868127780001, 31.56125126200004], [120.68510680400004, 31.561655931000075], [120.68338404600001, 31.56192353800003], [120.68163876200003, 31.562080839000032], [120.67987890400002, 31.562158340000053], [120.67811193200009, 31.56218074900005], [120.67115388100001, 31.562112066000054], [120.66951126600009, 31.562154018000058], [120.66795411600003, 31.56227113800003], [120.66652204000002, 31.562502677000055], [120.6652696000001, 31.562901348000025], [120.66427132400008, 31.56353819900005], [120.66358689800006, 31.564484323000045], [120.66317320000007, 31.56568521500003], [120.6629607430001, 31.56707572600004], [120.66289663100008, 31.568607040000074], [120.66296474600006, 31.570424247000062], [120.66314844600004, 31.57256598600003], [120.6634139140001, 31.574906234000025], [120.66406546200005, 31.579687841000066], [120.66505892100008, 31.586270494000075], [120.66506021700002, 31.586574402000053], [120.67132558600008, 31.592545121000057], [120.68291706000002, 31.603505617000053], [120.6866948060001, 31.60714593000006], [120.68908230900001, 31.609576593000043], [120.69019343600007, 31.61079275800006], [120.69121697100002, 31.61200905100003], [120.69211781000001, 31.613224866000053], [120.6928493150001, 31.614439254000047], [120.69335025900011, 31.615650775000063], [120.69354128600003, 31.61685731500006], [120.69338542700007, 31.617976476000024], [120.69297711200011, 31.61908513900005], [120.69240551500002, 31.620178534000047], [120.69045784600007, 31.623292134000053], [120.68996505200005, 31.624236651000047], [120.68967600000008, 31.625106798000047], [120.68968043300004, 31.625878968000052], [120.69008595600008, 31.62658687000004], [120.69080469900007, 31.62720543300003], [120.69265936700003, 31.62838491000008], [120.6935549860001, 31.629046067000047], [120.6942665040001, 31.629824583000072], [120.69465404900006, 31.63064328200005], [120.69479884500004, 31.63153430600005], [120.69469686800005, 31.632433522000042], [120.69432902000005, 31.633276383000066], [120.69368799400002, 31.634003092000057], [120.69282418400007, 31.63461803000007], [120.69179694700006, 31.635125162000065], [120.69065488600006, 31.635521864000054], [120.68943841500004, 31.635798641000065], [120.68818206300011, 31.635938730000078], [120.6869165710001, 31.635917606000078], [120.68550840700004, 31.635688704000074], [120.68278655600011, 31.634960613000032], [120.68148653600008, 31.634685500000046], [120.68024142200011, 31.634625786000072], [120.67913202300008, 31.634852812000076], [120.67810577700004, 31.635316397000054], [120.67718885200009, 31.635957700000063], [120.67641568400006, 31.636729977000073], [120.67583085000001, 31.63759633400008], [120.6754911380001, 31.638527750000037], [120.67542607100006, 31.63941167400003], [120.67551515800005, 31.640323546000047], [120.67565903000002, 31.64125931600006], [120.67576112800009, 31.642217319000054], [120.67572345500002, 31.643198049000034], [120.67543185900001, 31.64431032300007], [120.67491816200004, 31.645447982000064], [120.67424622600004, 31.64660811500005], [120.67347065900003, 31.647790230000055], [120.671797147, 31.65023000900004], [120.67098658300006, 31.651498419000063], [120.67025239300006, 31.652810647000024], [120.66964307400008, 31.654178932000036], [120.66918054500002, 31.655662497000037], [120.6688491760001, 31.657192209000073], [120.66811254900006, 31.66177527900004], [120.6677822040001, 31.663200282000048], [120.66731494600003, 31.664512778000073], [120.66664078100007, 31.66566449100003], [120.66566348900005, 31.666649800000073], [120.66445150200002, 31.667458072000045], [120.66306635800004, 31.66813628600005], [120.6615550570001, 31.668720232000055], [120.65995307900005, 31.669236827000077], [120.65828699200006, 31.669706090000034], [120.6548371990001, 31.67055785000008], [120.64608157600003, 31.672545223000043], [120.64439926500006, 31.672964019000062], [120.64278052400005, 31.67340630500007], [120.64125529300009, 31.673883527000044], [120.6398642900001, 31.67441123100008], [120.63866251000002, 31.675010486000076], [120.63772350900001, 31.675709613000038], [120.63714449500003, 31.67654626700005], [120.63700349200008, 31.677551919000052], [120.63721617700003, 31.678697403000058], [120.6376763500001, 31.679947027000026], [120.638298254, 31.68127460900007], [120.63974986500011, 31.684097046000034], [120.64045669200004, 31.68557422600003], [120.64106862000006, 31.68709258800004], [120.64151554600005, 31.68865632400008], [120.64173650100008, 31.69021706600006], [120.64177944400001, 31.691815143000042], [120.64168750300007, 31.69344007400008], [120.64149440100005, 31.695083984000064], [120.64122618800002, 31.696741040000063], [120.64090276800005, 31.698406973000033], [120.64053918200011, 31.70007871200005], [120.64014667200001, 31.701754092000044], [120.63922652400004, 31.705406709000044], [120.63527189500007, 31.72019530700004], [120.70142435100001, 31.757611148000024], [120.71096007400001, 31.75720339700007], [120.71148407900012, 31.757240241000034]], [[120.7124318320001, 31.681077575000074], [120.71100542200008, 31.68127073100004], [120.70949748400005, 31.681593235000037], [120.7079306920001, 31.68201178100003], [120.70632198700002, 31.68250093000006], [120.70302261000006, 31.683620190000056], [120.69685458600009, 31.685919153000043], [120.68616330200007, 31.690047394000032], [120.67938455700005, 31.68760364900004], [120.67931033900004, 31.687323751000065], [120.67845401300008, 31.685176867000052], [120.67783477500006, 31.68353301700006], [120.67718607200004, 31.681652555000028], [120.6765806200001, 31.67964287500007], [120.6760937030001, 31.677612589000034], [120.67580443600002, 31.67567213700005], [120.6757952700001, 31.673933546000058], [120.67614914500007, 31.67250907600004], [120.67694530900008, 31.671425998000075], [120.67803991800008, 31.67052689800005], [120.67933438300008, 31.66972284900004], [120.68076542200004, 31.66898366600003], [120.68228851100002, 31.668288090000033], [120.6854966520001, 31.66697311200005], [120.68881064700008, 31.665706681000074], [120.70393101900004, 31.660046023000064], [120.71066351500008, 31.657464189000052], [120.72079360700002, 31.653527455000074], [120.72412513800009, 31.65227442300005], [120.72575458000006, 31.651694502000055], [120.7273410360001, 31.651168962000042], [120.72886322500005, 31.650724026000034], [120.73029183200003, 31.650395630000048], [120.7315870540001, 31.65023235900003], [120.73269558600009, 31.650299027000074], [120.73354702600011, 31.650680929000032], [120.73407878400008, 31.65143455900005], [120.73435749700002, 31.652495258000044], [120.73444918300004, 31.653779292000024], [120.73440294000011, 31.655221965000067], [120.73425396900006, 31.656773308000027], [120.73402598000007, 31.658394319000024], [120.73373298000001, 31.660053706000042], [120.73338045900005, 31.661725038000043], [120.73296601900006, 31.663384217000043], [120.73247946900005, 31.665007140000057], [120.73190242700002, 31.666567455000063], [120.73120747500002, 31.66803432100005], [120.7303569290001, 31.669370112000024], [120.72935321000011, 31.670517002000054], [120.72822439600009, 31.671542396000063], [120.72703160300011, 31.672485108000046], [120.72468084800005, 31.67424824400007], [120.72363906600003, 31.675122257000055], [120.72277358800011, 31.67602404300004], [120.72216328600007, 31.67697817900006], [120.72188238900003, 31.67788157500007], [120.72178227400002, 31.67881392700008], [120.72178146300007, 31.68063189800006], [120.72171550300004, 31.68144441700008], [120.72149181400005, 31.682135876000075], [120.72105565100003, 31.682658106000076], [120.72044718600011, 31.683022124000047], [120.71972958200001, 31.683227275000036], [120.71896067400007, 31.683263622000027], [120.71819523600004, 31.683111559000054], [120.71740598300005, 31.682724547000078], [120.71582151500002, 31.681676914000036], [120.71491109700003, 31.68126336800003], [120.71374674800006, 31.68105682500004], [120.7124318320001, 31.681077575000074]]]}}, {"type": "Feature", "properties": {"township_name": "尚湖镇", "district_code": "changshu", "district_name": "常熟市", "areacode": "32058114", "class": "乡镇界"}, "geometry": {"type": "Polygon", "coordinates": [[[120.63527189500007, 31.72019530700004], [120.63922652400004, 31.705406709000044], [120.64014667200001, 31.701754092000044], [120.64053918200011, 31.70007871200005], [120.64090276800005, 31.698406973000033], [120.64122618800002, 31.696741040000063], [120.64149440100005, 31.695083984000064], [120.64168750300007, 31.69344007400008], [120.64177944400001, 31.691815143000042], [120.64173650100008, 31.69021706600006], [120.64151554600005, 31.68865632400008], [120.64106862000006, 31.68709258800004], [120.64045669200004, 31.68557422600003], [120.63974986500011, 31.684097046000034], [120.638298254, 31.68127460900007], [120.6376763500001, 31.679947027000026], [120.63721617700003, 31.678697403000058], [120.63700349200008, 31.677551919000052], [120.63714449500003, 31.67654626700005], [120.63772350900001, 31.675709613000038], [120.63866251000002, 31.675010486000076], [120.6398642900001, 31.67441123100008], [120.64125529300009, 31.673883527000044], [120.64278052400005, 31.67340630500007], [120.64439926500006, 31.672964019000062], [120.64608157600003, 31.672545223000043], [120.6548371990001, 31.67055785000008], [120.65828699200006, 31.669706090000034], [120.65995307900005, 31.669236827000077], [120.6615550570001, 31.668720232000055], [120.66306635800004, 31.66813628600005], [120.66445150200002, 31.667458072000045], [120.66566348900005, 31.666649800000073], [120.66664078100007, 31.66566449100003], [120.66731494600003, 31.664512778000073], [120.6677822040001, 31.663200282000048], [120.66811254900006, 31.66177527900004], [120.6688491760001, 31.657192209000073], [120.66918054500002, 31.655662497000037], [120.66964307400008, 31.654178932000036], [120.67025239300006, 31.652810647000024], [120.67098658300006, 31.651498419000063], [120.671797147, 31.65023000900004], [120.67347065900003, 31.647790230000055], [120.67424622600004, 31.64660811500005], [120.67491816200004, 31.645447982000064], [120.67543185900001, 31.64431032300007], [120.67572345500002, 31.643198049000034], [120.67576112800009, 31.642217319000054], [120.67565903000002, 31.64125931600006], [120.67551515800005, 31.640323546000047], [120.67542607100006, 31.63941167400003], [120.6754911380001, 31.638527750000037], [120.67583085000001, 31.63759633400008], [120.67641568400006, 31.636729977000073], [120.67718885200009, 31.635957700000063], [120.67810577700004, 31.635316397000054], [120.67913202300008, 31.634852812000076], [120.68024142200011, 31.634625786000072], [120.68148653600008, 31.634685500000046], [120.68278655600011, 31.634960613000032], [120.68550840700004, 31.635688704000074], [120.6869165710001, 31.635917606000078], [120.68818206300011, 31.635938730000078], [120.68943841500004, 31.635798641000065], [120.69065488600006, 31.635521864000054], [120.69179694700006, 31.635125162000065], [120.69282418400007, 31.63461803000007], [120.69368799400002, 31.634003092000057], [120.69432902000005, 31.633276383000066], [120.69469686800005, 31.632433522000042], [120.69479884500004, 31.63153430600005], [120.69465404900006, 31.63064328200005], [120.6942665040001, 31.629824583000072], [120.6935549860001, 31.629046067000047], [120.69265936700003, 31.62838491000008], [120.69080469900007, 31.62720543300003], [120.69008595600008, 31.62658687000004], [120.68968043300004, 31.625878968000052], [120.68967600000008, 31.625106798000047], [120.68996505200005, 31.624236651000047], [120.69045784600007, 31.623292134000053], [120.69240551500002, 31.620178534000047], [120.69297711200011, 31.61908513900005], [120.69338542700007, 31.617976476000024], [120.69354128600003, 31.61685731500006], [120.69335025900011, 31.615650775000063], [120.6928493150001, 31.614439254000047], [120.69211781000001, 31.613224866000053], [120.69121697100002, 31.61200905100003], [120.69019343600007, 31.61079275800006], [120.68908230900001, 31.609576593000043], [120.6866948060001, 31.60714593000006], [120.68291706000002, 31.603505617000053], [120.67132558600008, 31.592545121000057], [120.66506021700002, 31.586574402000053], [120.66492940400008, 31.58690223600007], [120.66447986100002, 31.587739171000067], [120.66375423800002, 31.588922853000042], [120.66279036300011, 31.59029054000007], [120.66162412500012, 31.591677745000027], [120.66028965500004, 31.59291522600006], [120.65881975200011, 31.593827499000042], [120.65726116500002, 31.59427291800006], [120.65570061800008, 31.59427670100007], [120.65424461600003, 31.593917993000048], [120.65295747500011, 31.59330601100004], [120.65175140300005, 31.59259765200005], [120.65065274900007, 31.591837516000055], [120.64970856000002, 31.59105223100005], [120.64897565000001, 31.590263642000025], [120.64852361700002, 31.589491758000065], [120.64838584100005, 31.58874164200006], [120.64840373100003, 31.58750395000004], [120.64815768800008, 31.587106549000055], [120.64752081000006, 31.586911717000078], [120.64655018400003, 31.586882342000024], [120.64533488400002, 31.586971816000073], [120.64394240800004, 31.58714544700007], [120.64242332900005, 31.587377803000038], [120.63914592100002, 31.587951187000044], [120.63395329700006, 31.58895351600006], [120.6304590530001, 31.589696381000067], [120.62873200600006, 31.59010389200006], [120.62703319500008, 31.590550289000078], [120.62537706500007, 31.591053139000053], [120.62378239700001, 31.59163689500008], [120.62227398900006, 31.592334876000052], [120.62088464100009, 31.59319173500006], [120.61968666400003, 31.59420087700005], [120.61860142400008, 31.59536087300006], [120.61759996700005, 31.59663246200006], [120.61665986600008, 31.59798531000007], [120.61576383500005, 31.599396093000053], [120.61489851200008, 31.600846809000075], [120.61155844300004, 31.606797676000042], [120.60985096900004, 31.609709895000037], [120.60893451600009, 31.61110955600003], [120.60777448500005, 31.612507550000032], [120.60634849700011, 31.613829759000055], [120.60468896800012, 31.61497737700006], [120.60281061900002, 31.615897017000066], [120.60086385400007, 31.616581646000043], [120.5989811820001, 31.61706861300007], [120.59729268400008, 31.617391742000052], [120.59592656400002, 31.61758212600006], [120.59467104700002, 31.617684350000047], [120.5931412000001, 31.619225716000074], [120.5921292380001, 31.620290344000068], [120.59100369800001, 31.621547726000074], [120.58984649600006, 31.622948380000025], [120.58874153700003, 31.624443176000057], [120.58777548700004, 31.625983418000033], [120.5870374210001, 31.627520769000057], [120.58661702600011, 31.62900694500007], [120.58657941900003, 31.630425285000058], [120.58682974300007, 31.63176866300006], [120.58722716800003, 31.633135251000056], [120.5877230540001, 31.634518257000025], [120.58828024400009, 31.635912270000063], [120.5900407900001, 31.640118922000056], [120.59057448500005, 31.641516265000064], [120.59103627600007, 31.642903344000047], [120.5913914350001, 31.644273621000025], [120.59159656800011, 31.645618479000063], [120.59159666400001, 31.64692645200006], [120.59136710200005, 31.64811172000003], [120.59094169800005, 31.649242790000073], [120.59035423300008, 31.650306971000077], [120.58962620200009, 31.651286035000055], [120.58876800200005, 31.652155092000044], [120.58777968800007, 31.652881206000075], [120.586550181, 31.65348208300003], [120.58519864100003, 31.65391775200004], [120.58375948100002, 31.654231952000032], [120.58225840700004, 31.65445797500007], [120.58071440900005, 31.654620883000064], [120.57754930700003, 31.654827174000047], [120.5743348640001, 31.654948663000027], [120.56628668600001, 31.655182276000062], [120.56464725300009, 31.655272067000055], [120.56285887700005, 31.65547988800006], [120.56100013200012, 31.655815584000038], [120.5591632610001, 31.656283361000078], [120.557439595, 31.65688619100007], [120.55591688300001, 31.65762205200008], [120.5546737520001, 31.65847618400005], [120.55379592100007, 31.65935018700003], [120.55321078500003, 31.66016551100006], [120.55290471600006, 31.660795454000038], [120.55287506800005, 31.661128269000073], [120.55452616800005, 31.66120114000006], [120.55585160500004, 31.661299627000062], [120.55736841800001, 31.661496631000034], [120.55894462800006, 31.661839077000025], [120.56044394600008, 31.662378189000037], [120.56172571600007, 31.66316931600005], [120.56272157300009, 31.664325543000075], [120.5633310610001, 31.66572782800006], [120.5635914400001, 31.66725808900003], [120.56358518700006, 31.668823451000037], [120.56349457800002, 31.67044725900007], [120.56291104600007, 31.67719469700006], [120.56280460100004, 31.678877483000065], [120.56275365600004, 31.680535315000043], [120.5627848790001, 31.68215439900007], [120.56293231900008, 31.683717707000028], [120.56323990200008, 31.68520364500006], [120.56376427200007, 31.686584608000032], [120.5645791720001, 31.687877050000054], [120.56561988100009, 31.68906028200007], [120.56682400400007, 31.690164775000028], [120.56814507100012, 31.691213309000034], [120.56954890600002, 31.69222271900003], [120.57101068100008, 31.693205311000042], [120.57404182800008, 31.695123108000075], [120.58340839900006, 31.700777983000023], [120.58646954100004, 31.702674520000073], [120.5879465050001, 31.703629040000067], [120.58936129000006, 31.70458909100006], [120.59068368400006, 31.705556009000077], [120.59187157400004, 31.706531478000045], [120.5928669330001, 31.707517610000025], [120.59359073600001, 31.708516991000067], [120.5939366660001, 31.709532705000072], [120.59383080000009, 31.710514155000055], [120.59336773900009, 31.711494146000064], [120.59263409700009, 31.712451632000068], [120.59169516700001, 31.71336228100006], [120.59059872600005, 31.71419651800005], [120.58937820100005, 31.714917228000047], [120.58805523800004, 31.71547711100004], [120.58670096000003, 31.715831313000024], [120.58530163900002, 31.716054959000076], [120.58251386300003, 31.716393201000074], [120.58115972000007, 31.716732582000077], [120.57983977000004, 31.717441799000028], [120.57862311000008, 31.718583473000024], [120.57754991700006, 31.720054693000066], [120.57661766700005, 31.721727198000053], [120.57582462500011, 31.723474172000067], [120.57517100400003, 31.725171857000078], [120.57465917500008, 31.72669950100004], [120.57429322000007, 31.727938170000073], [120.57402237100007, 31.72907302200008], [120.57493992000002, 31.72923068600005], [120.57580746100007, 31.729462786000056], [120.57625935100009, 31.729630176000057], [120.57669054300004, 31.72983779200007], [120.57691342700002, 31.729973147000067], [120.57728023700008, 31.730259971000066], [120.5775756590001, 31.730572995000045], [120.57780342400008, 31.730892839000035], [120.57821002600008, 31.731570514000055], [120.57977048200007, 31.734586286000024], [120.57994548300007, 31.734835409000027], [120.58020396000006, 31.73511467900005], [120.58082393000007, 31.735597710000036], [120.58152536300008, 31.736021613000048], [120.58264666100001, 31.736608146000037], [120.5907197570001, 31.740567586000054], [120.59057551700005, 31.740159678000055], [120.6061729590001, 31.73079116200006], [120.6172060770001, 31.72410089400006], [120.61993854400009, 31.722509510000066], [120.62171821100003, 31.721582733000048], [120.62258215700001, 31.721202323000057], [120.62341864700011, 31.72091005900006], [120.62421645100005, 31.720742139000038], [120.6249604190001, 31.720747454000048], [120.62555222500009, 31.72092401900005], [120.6261065330001, 31.721222789000024], [120.6271849520001, 31.721975558000054], [120.62783646700007, 31.722296620000066], [120.6286035930001, 31.72248251800005], [120.62962348000008, 31.722469011000044], [120.6307233980001, 31.722249532000035], [120.631835765, 31.721890933000054], [120.63289360400006, 31.721458356000028], [120.63383092300012, 31.721014049000075], [120.63458260700008, 31.720617573000027], [120.63527189500007, 31.72019530700004]]]}}, {"type": "Feature", "properties": {"township_name": "娄东街道", "district_code": "taicang", "district_name": "太仓市", "areacode": "32058507", "class": "乡镇界"}, "geometry": {"type": "Polygon", "coordinates": [[[121.23087199800011, 31.48941384300008], [121.23048296400009, 31.489206772000045], [121.22625284300011, 31.487499753000066], [121.22283274100005, 31.485580723000055], [121.21813259100009, 31.481798653000055], [121.21546252100006, 31.481502661000036], [121.20986237000011, 31.480680671000073], [121.20505224300007, 31.480104683000036], [121.20079213000008, 31.47954369300004], [121.19816205100005, 31.47810367200003], [121.19449193700007, 31.475490625000077], [121.19186185900003, 31.474048604000075], [121.19032180300007, 31.47194655800007], [121.18905175600003, 31.470079517000045], [121.1878316960001, 31.46637942900003], [121.18664163300002, 31.46221932900005], [121.18570157800002, 31.45829423300006], [121.18294146300002, 31.452490100000034], [121.18086139400009, 31.45060106300008], [121.17878132900012, 31.448944032000043], [121.17586124800005, 31.448185030000047], [121.17215114400005, 31.44694701900005], [121.16629098500005, 31.44588602500005], [121.16232087200001, 31.44441401000006], [121.15566069400006, 31.44333202000007], [121.15346260700005, 31.442448100000036], [121.14289930500001, 31.44528441700004], [121.14259106800012, 31.44523059100004], [121.13834965500007, 31.44395610400005], [121.13398379300008, 31.442706658000077], [121.13169891200005, 31.44210722400004], [121.12950836900006, 31.441592035000042], [121.12753638000004, 31.441214940000066], [121.12590829600003, 31.441031588000044], [121.12459039400005, 31.441060347000075], [121.12345669100011, 31.441312526000047], [121.12256588900004, 31.441862093000054], [121.1220176810001, 31.442639692000057], [121.1216341700001, 31.443635639000036], [121.1213458410001, 31.444781007000074], [121.12081627200007, 31.44730554800003], [121.1204634820001, 31.44859661000004], [121.11997541800008, 31.449854291000065], [121.11927093000008, 31.451103550000028], [121.11839856100005, 31.452279315000055], [121.11739806000003, 31.45338275200004], [121.11629924700003, 31.45440934100003], [121.11512380400006, 31.455348147000052], [121.11388675500007, 31.456180871000072], [121.11259764500005, 31.456880600000034], [121.11126142000012, 31.45741024600005], [121.10987909500011, 31.45772067300004], [121.10837482200009, 31.457771662000027], [121.10683507100009, 31.457602344000065], [121.10527577200003, 31.45728986900008], [121.10063363200004, 31.45612869200005], [121.09915784800012, 31.455867041000033], [121.0977580980001, 31.455778702000032], [121.0964690830001, 31.455946451000045], [121.09532473700006, 31.456435919000057], [121.094337128, 31.457188689000077], [121.09352132000004, 31.458129385000063], [121.0929088040001, 31.45919778500007], [121.09254981300012, 31.46034512800003], [121.09251633400004, 31.46153083100006], [121.09288325200009, 31.462762199000053], [121.09357935900005, 31.463992252000025], [121.09451046200002, 31.465218547000063], [121.09560328000009, 31.46644010400007], [121.09679994500004, 31.46765693900005], [121.1005648580001, 31.471289204000072], [121.10174215900008, 31.472499936000077], [121.10280488600006, 31.473715147000064], [121.10369393200006, 31.474938673000054], [121.10433441700002, 31.476175412000032], [121.10463024700005, 31.477431610000053], [121.10451838000006, 31.478652880000027], [121.10408721400006, 31.47989265700005], [121.10342025800003, 31.48114591500007], [121.10258276500008, 31.482408715000076], [121.1016258520001, 31.48367793700004], [121.10059019100004, 31.484951033000073], [121.09732799800008, 31.48877199800006], [121.09628513200005, 31.49003884800004], [121.09531782200008, 31.49129774100004], [121.09446745000002, 31.492544887000065], [121.09378648600011, 31.49377536600008], [121.09334259500008, 31.49498274700005], [121.0932233850001, 31.496158648000062], [121.09350849700002, 31.49731653300006], [121.09413280000001, 31.498441589000038], [121.09500750000007, 31.499542392000023], [121.09606443500002, 31.500625546000038], [121.09725174000005, 31.501696116000062], [121.09853010100005, 31.50275801300006], [121.09986958000002, 31.503814324000075], [121.1054245150001, 31.50803362100004], [121.10677373400006, 31.50910077800006], [121.10806472400009, 31.510181061000026], [121.10926499700008, 31.51128139700006], [121.11032947000001, 31.512411605000068], [121.11116893400003, 31.513674395000066], [121.11162828700003, 31.515217842000027], [121.1116341290001, 31.516881772000033], [121.11129087300003, 31.518668286000036], [121.11069835500007, 31.520490852000023], [121.10995358100001, 31.522263578000036], [121.10914952900009, 31.523901452000075], [121.10837589700009, 31.525320167000075], [121.10713419000001, 31.52741727800003], [121.10882778500002, 31.52870717500008], [121.10994946100004, 31.52947981500006], [121.1112245600001, 31.53027761100003], [121.11257747000002, 31.53101112300004], [121.11393125500001, 31.531587350000052], [121.11520744800009, 31.531909295000048], [121.11632652700007, 31.531877305000023], [121.11725514600005, 31.531397620000064], [121.1179253150001, 31.53054785300003], [121.11841781900011, 31.529473771000028], [121.11886468000012, 31.52829048700005], [121.12013403800006, 31.524647557000037], [121.12058920200002, 31.523570610000036], [121.12108932400008, 31.52265443400006], [121.12165557600008, 31.52196856000006], [121.12231374200007, 31.521598441000037], [121.12308488800011, 31.521610259000056], [121.12394883000002, 31.521934799000064], [121.12488183200003, 31.52248661400006], [121.1258664500001, 31.52319993100008], [121.1268903670001, 31.524023897000063], [121.13013469700002, 31.526794970000026], [121.13126935500009, 31.527723124000033], [121.13243631900002, 31.52860993400003], [121.13364402400009, 31.529426759000046], [121.1349048410001, 31.530140089000042], [121.13629283800003, 31.53074754800008], [121.13773742700005, 31.53123578000003], [121.13922313400008, 31.531635105000078], [121.14073827800007, 31.531968861000053], [121.14227415100004, 31.53225480100008], [121.14538418600011, 31.532733261000033], [121.1516749750001, 31.53351661800008], [121.16738335500008, 31.535313019000057], [121.16766266500008, 31.535058255000024], [121.16814796300002, 31.534362845000032], [121.16873497400002, 31.533308103000024], [121.16930497300007, 31.53197594100004], [121.16973315500002, 31.530448621000062], [121.16988803600009, 31.528808991000062], [121.16963251100003, 31.527016251000077], [121.16897988500011, 31.52526432800005], [121.16803579700002, 31.523623755000074], [121.16691998500005, 31.522163626000065], [121.16459148000001, 31.519669019000048], [121.16349368700003, 31.51843314000007], [121.16250846700007, 31.517192876000024], [121.16169712300007, 31.515945085000055], [121.16113542100004, 31.514686416000075], [121.16091922300006, 31.51341306100005], [121.16111500700003, 31.512149157000067], [121.16163648500003, 31.51087121100005], [121.16239131200007, 31.509582882000075], [121.16331113000001, 31.508287546000076], [121.16434590400002, 31.50698874400007], [121.16545942200003, 31.50569067600003], [121.16782668200005, 31.503120559000024], [121.16904945500005, 31.50186633000004], [121.17028550400005, 31.500650593000046], [121.17152922700006, 31.499493469000072], [121.17277722000006, 31.49842264800003], [121.17402770500007, 31.49747584000005], [121.17528015100004, 31.496703810000042], [121.17653502700011, 31.496174075000056], [121.17779365400008, 31.49597529400006], [121.17904745100009, 31.49617599900006], [121.1803048920001, 31.49670265700007], [121.18156442400004, 31.497467870000037], [121.18282491000002, 31.498404552000068], [121.18408549500009, 31.49946133900005], [121.18534549000003, 31.500598597000078], [121.18660427800012, 31.501784977000057], [121.19036622600004, 31.505388049000032], [121.19161199900009, 31.50652231600003], [121.19285104700009, 31.507574223000063], [121.19408093900006, 31.508503160000032], [121.19529841200006, 31.509256056000027], [121.19649912300008, 31.509762943000055], [121.19767736500012, 31.509931721000044], [121.19881785400003, 31.509691049000025], [121.19993748000002, 31.509115318000056], [121.20104345300001, 31.508294568000053], [121.20214230700003, 31.50729963200007], [121.2032404580001, 31.50618673500003], [121.20660700000008, 31.502568273000065], [121.20778859500001, 31.501392460000034], [121.20902646700006, 31.500296552000066], [121.21034500600001, 31.499328975000026], [121.21175523800002, 31.498535815000025], [121.21328547500002, 31.49788011000004], [121.21511411600011, 31.497295591000068], [121.21718358700002, 31.496771626000054], [121.21938996900008, 31.496306078000032], [121.2216299270001, 31.495897300000024], [121.2238010420001, 31.495544891000065], [121.23006495700008, 31.49467588500005], [121.23087199800011, 31.48941384300008]]]}}, {"type": "Feature", "properties": {"township_name": "城厢镇", "district_code": "taicang", "district_name": "太仓市", "areacode": "32058508", "class": "乡镇界"}, "geometry": {"type": "Polygon", "coordinates": [[[121.10713419000001, 31.52741727800003], [121.10837589700009, 31.525320167000075], [121.10914952900009, 31.523901452000075], [121.10995358100001, 31.522263578000036], [121.11069835500007, 31.520490852000023], [121.11129087300003, 31.518668286000036], [121.1116341290001, 31.516881772000033], [121.11162828700003, 31.515217842000027], [121.11116893400003, 31.513674395000066], [121.11032947000001, 31.512411605000068], [121.10926499700008, 31.51128139700006], [121.10806472400009, 31.510181061000026], [121.10677373400006, 31.50910077800006], [121.1054245150001, 31.50803362100004], [121.09986958000002, 31.503814324000075], [121.09853010100005, 31.50275801300006], [121.09725174000005, 31.501696116000062], [121.09606443500002, 31.500625546000038], [121.09500750000007, 31.499542392000023], [121.09413280000001, 31.498441589000038], [121.09350849700002, 31.49731653300006], [121.0932233850001, 31.496158648000062], [121.09334259500008, 31.49498274700005], [121.09378648600011, 31.49377536600008], [121.09446745000002, 31.492544887000065], [121.09531782200008, 31.49129774100004], [121.09628513200005, 31.49003884800004], [121.09732799800008, 31.48877199800006], [121.10059019100004, 31.484951033000073], [121.1016258520001, 31.48367793700004], [121.10258276500008, 31.482408715000076], [121.10342025800003, 31.48114591500007], [121.10408721400006, 31.47989265700005], [121.10451838000006, 31.478652880000027], [121.10463024700005, 31.477431610000053], [121.10433441700002, 31.476175412000032], [121.10369393200006, 31.474938673000054], [121.10280488600006, 31.473715147000064], [121.10174215900008, 31.472499936000077], [121.1005648580001, 31.471289204000072], [121.09679994500004, 31.46765693900005], [121.09560328000009, 31.46644010400007], [121.09451046200002, 31.465218547000063], [121.09357935900005, 31.463992252000025], [121.09288325200009, 31.462762199000053], [121.09251633400004, 31.46153083100006], [121.09254981300012, 31.46034512800003], [121.0929088040001, 31.45919778500007], [121.09352132000004, 31.458129385000063], [121.094337128, 31.457188689000077], [121.09532473700006, 31.456435919000057], [121.0964690830001, 31.455946451000045], [121.0977580980001, 31.455778702000032], [121.09915784800012, 31.455867041000033], [121.10063363200004, 31.45612869200005], [121.10527577200003, 31.45728986900008], [121.10683507100009, 31.457602344000065], [121.10837482200009, 31.457771662000027], [121.10987909500011, 31.45772067300004], [121.11126142000012, 31.45741024600005], [121.11259764500005, 31.456880600000034], [121.11388675500007, 31.456180871000072], [121.11512380400006, 31.455348147000052], [121.11629924700003, 31.45440934100003], [121.11739806000003, 31.45338275200004], [121.11839856100005, 31.452279315000055], [121.11927093000008, 31.451103550000028], [121.11997541800008, 31.449854291000065], [121.1204634820001, 31.44859661000004], [121.12081627200007, 31.44730554800003], [121.1213458410001, 31.444781007000074], [121.1216341700001, 31.443635639000036], [121.1220176810001, 31.442639692000057], [121.12256588900004, 31.441862093000054], [121.12345669100011, 31.441312526000047], [121.12459039400005, 31.441060347000075], [121.12590829600003, 31.441031588000044], [121.12753638000004, 31.441214940000066], [121.12950836900006, 31.441592035000042], [121.13169891200005, 31.44210722400004], [121.13398379300008, 31.442706658000077], [121.13834965500007, 31.44395610400005], [121.14259106800012, 31.44523059100004], [121.14289930500001, 31.44528441700004], [121.15346260700005, 31.442448100000036], [121.1495805190001, 31.44088699200006], [121.15156054700003, 31.437951905000034], [121.15432059900002, 31.435494826000024], [121.15869069100006, 31.433076739000057], [121.16330079600004, 31.431353668000042], [121.16556082700004, 31.427966568000045], [121.16106069900002, 31.426247550000028], [121.1566105610001, 31.42315549500006], [121.14925034300006, 31.419303438000043], [121.14741028700007, 31.41811241700003], [121.14802028700001, 31.41606236100006], [121.14941031000001, 31.41448831300005], [121.15110033600001, 31.41223224500004], [121.15301037800009, 31.41136221200003], [121.15471039700003, 31.408190121000075], [121.15321033500004, 31.40517105200007], [121.15168028000005, 31.40306700600007], [121.14957021900011, 31.402095994000035], [121.1463901300001, 31.401100985000028], [121.14654010000004, 31.396743873000048], [121.14588005000007, 31.39259376900003], [121.14437998800008, 31.389574700000026], [121.14206990600007, 31.386533636000024], [121.13809979300004, 31.38505962000005], [121.13254963600002, 31.383087601000057], [121.12778950100005, 31.381361583000057], [121.12276935800003, 31.379402561000063], [121.11795923300008, 31.379282586000045], [121.11261909200005, 31.37869260100007], [121.11241907100009, 31.37662154900005], [121.11336906400004, 31.37251143800006], [121.11300982700004, 31.37109976000005], [121.10198695700001, 31.36855819300007], [121.0986174090001, 31.379874758000028], [121.09722147800005, 31.384273025000027], [121.09634152300009, 31.386684933000026], [121.09587825000006, 31.387775514000054], [121.09539155200002, 31.388752133000025], [121.09487311500004, 31.38957632300003], [121.09431209700006, 31.390198557000076], [121.0936945090001, 31.39055582900005], [121.09303002100012, 31.390611086000035], [121.09230840300006, 31.390473133000057], [121.09153839600003, 31.390258303000053], [121.09072519000006, 31.390075591000027], [121.08987096400006, 31.39003362400007], [121.08892373900005, 31.390234587000066], [121.08795156800011, 31.390654992000066], [121.08697494000012, 31.391241997000066], [121.08601501300006, 31.391955921000033], [121.08509559000004, 31.392768062000073], [121.08424533100003, 31.39365891700004], [121.08350032500005, 31.394616864000056], [121.0829071070001, 31.395637260000058], [121.082526228, 31.39672197400006], [121.08240782100006, 31.39789205200003], [121.08251334400006, 31.399116422000077], [121.08278398200002, 31.400379590000057], [121.08317485900011, 31.40167001900005], [121.08365214000003, 31.402979223000045], [121.0841906070001, 31.404301040000064], [121.084771681, 31.40563105900003], [121.08601142100008, 31.408304245000068], [121.0927363620001, 31.42208084200007], [121.09316464800008, 31.423009713000056], [121.08624982700007, 31.43250728000004], [121.08485913900006, 31.43434662100003], [121.08391675900009, 31.43545399900006], [121.0834362280001, 31.43593491100006], [121.08294592300001, 31.436339673000077], [121.0824420350001, 31.436638611000035], [121.08191952600009, 31.43679248500007], [121.08137339900009, 31.436769377000076], [121.08080868500008, 31.43660146700006], [121.0802304880001, 31.436328506000052], [121.07964264300006, 31.435980382000025], [121.07844865900006, 31.435141601000055], [121.07663558400009, 31.43371125400006], [121.07109777200003, 31.429173116000072], [121.06571867000002, 31.424829551000073], [121.05090864900001, 31.43517646500004], [121.05175461300007, 31.436004836000052], [121.06215986100005, 31.445732624000073], [121.06486666900003, 31.44834097100005], [121.06606817500005, 31.44954258300004], [121.06722742600004, 31.450746792000075], [121.06832708400009, 31.451954561000036], [121.06934375800006, 31.45316717000003], [121.07024627100009, 31.454386292000038], [121.07099355000003, 31.45561410600004], [121.0715321130001, 31.456853395000053], [121.07179316700001, 31.45810768700005], [121.07171954900002, 31.45943300400006], [121.07139020300008, 31.460769543000026], [121.07042145300011, 31.46344049000004], [121.0699832250001, 31.46475674800007], [121.06970789500008, 31.46604650200004], [121.06970437900009, 31.467297193000036], [121.06999861700001, 31.468370606000065], [121.0705135720001, 31.469413493000047], [121.07116686500001, 31.47043661600003], [121.07259278200002, 31.472460971000032], [121.07322148200001, 31.473479741000062], [121.073691972, 31.47451491100003], [121.07391655000004, 31.475576517000036], [121.07379782900011, 31.476799807000077], [121.07335652000006, 31.47805852700003], [121.07267776900005, 31.479343585000038], [121.07182646600006, 31.480648047000045], [121.07085137800004, 31.481966705000048], [121.0697886700001, 31.483295699000053], [121.06749900800003, 31.485974154000075], [121.06509262500003, 31.48866873600008], [121.05897207700002, 31.495418070000028], [121.05661265000003, 31.498087869000074], [121.0554947920001, 31.499401696000064], [121.05444616600005, 31.50069159900005], [121.05349820300012, 31.501946496000073], [121.05269408700008, 31.503151202000026], [121.05209242500007, 31.504285147000076], [121.0517717780001, 31.505320814000072], [121.05183609500011, 31.50622185000003], [121.05232363200003, 31.506917833000045], [121.05315071400003, 31.507495404000053], [121.05422169100007, 31.50798840400006], [121.05545812600008, 31.508424828000045], [121.05952976600008, 31.50962503200003], [121.06081568600007, 31.510061433000033], [121.06196217900003, 31.510556730000076], [121.06289150200007, 31.511142263000067], [121.06350739700008, 31.511857273000032], [121.06373249300009, 31.512791528000037], [121.06359197500001, 31.513877415000024], [121.06318293400011, 31.515076236000027], [121.06258256600006, 31.516358250000053], [121.06185337500006, 31.517700896000065], [121.0602177500001, 31.520540079000057], [121.0594436130001, 31.522224614000038], [121.05882465600007, 31.52408687600007], [121.05845646400007, 31.526036727000076], [121.0584221790001, 31.52798484500005], [121.05872034600009, 31.529741735000073], [121.05924107200008, 31.531343751000065], [121.05986384300002, 31.53271641300006], [121.06047400600005, 31.533784694000076], [121.06096240000011, 31.53447245600006], [121.06123319300002, 31.53470012400004], [121.06203548200006, 31.535035167000046], [121.06547197800012, 31.536618974000078], [121.06842918400002, 31.53794428200007], [121.07126450300007, 31.53913298200007], [121.07245915100009, 31.539576184000055], [121.07353188100001, 31.539915043000065], [121.07457696400002, 31.540171747000045], [121.07558398700007, 31.540315434000036], [121.07653909500004, 31.540305070000045], [121.0774241150001, 31.540086861000077], [121.07819749600003, 31.53964003200008], [121.07890807900003, 31.53900727900003], [121.0795743110001, 31.538243574000035], [121.08021023000003, 31.537390962000075], [121.08082669500004, 31.53648226100006], [121.08264105900003, 31.533672781000064], [121.08325821100004, 31.532785818000036], [121.08389458200008, 31.531967085000076], [121.08456017700007, 31.53125069300006], [121.08526760900008, 31.530679959000054], [121.08603305200006, 31.53031064000004], [121.08683856200003, 31.53018848000005], [121.08769928900006, 31.53025752700006], [121.08860110300009, 31.53046847400003], [121.08953298600011, 31.530782644000055], [121.09048635700003, 31.53116954400008], [121.09439694800005, 31.53300430300004], [121.09537628900011, 31.533440900000073], [121.09634758200002, 31.533826960000056], [121.0973053460001, 31.534133453000038], [121.09824261100005, 31.53432226700005], [121.09917274500003, 31.53432322900005], [121.10019162900005, 31.533997894000038], [121.10125664200007, 31.533384451000074], [121.10233224800004, 31.53256245600005], [121.10338293600012, 31.531611428000076], [121.10437285600005, 31.53060886600008], [121.10526571900004, 31.529629751000073], [121.10713419000001, 31.52741727800003]]]}}, {"type": "Feature", "properties": {"township_name": "横扇镇", "district_code": "wujiang", "district_name": "吴江区", "areacode": "32058410", "class": "乡镇界"}, "geometry": {"type": "Polygon", "coordinates": [[[120.61875839100003, 31.05599521000005], [120.6143362150001, 31.055191775000026], [120.59584952700004, 31.051991171000054], [120.5923714060001, 31.051334801000053], [120.59066787200004, 31.050975700000038], [120.58900438, 31.050581759000067], [120.58739917000003, 31.050137110000037], [120.5858770960001, 31.049620135000055], [120.58447160800006, 31.04900173900006], [120.58322717400006, 31.04824324200007], [120.58220215600011, 31.04729388100003], [120.5814498200001, 31.046126857000047], [120.58090969500006, 31.044775216000062], [120.58052348900003, 31.043289637000044], [120.58024749000003, 31.041708115000063], [120.58004932500012, 31.040058792000025], [120.57990530300003, 31.038362249000045], [120.57971614400003, 31.03488270400004], [120.57959464900011, 31.03134361700006], [120.57925155600003, 31.01888520500006], [120.57909077300008, 31.015388346000066], [120.57897352200007, 31.013676877000023], [120.57881565500008, 31.012006132000067], [120.57859919700002, 31.01039409200007], [120.57829958800005, 31.00886527700004], [120.57788375300004, 31.007452672000056], [120.57730772500008, 31.006200059000037], [120.57651387700002, 31.005164771000068], [120.57545696700004, 31.004393039000036], [120.574184779, 31.003835282000068], [120.57275752400005, 31.00343064900005], [120.57122260300002, 31.003130706000036], [120.5696178290001, 31.002896082000063], [120.56631915600008, 31.002492408000023], [120.56467775600004, 31.00226327000007], [120.56307627700005, 31.00197382700003], [120.56154391700011, 31.001586796000026], [120.56011535200003, 31.00105676700008], [120.55883330400002, 31.00032692600007], [120.55775627100002, 30.999378139000044], [120.55682171600006, 30.99823693500008], [120.55599118800001, 30.99695655900007], [120.55523368200011, 30.99558034200004], [120.55452367400005, 30.99414453000003], [120.55246734200011, 30.98979216600003], [120.55173826700002, 30.988432850000038], [120.55094793600006, 30.987183732000062], [120.55006514000002, 30.98609722200007], [120.54905024100003, 30.985240445000045], [120.54788143700011, 30.98467155000003], [120.54657918100008, 30.984329287000037], [120.5451815670001, 30.984142959000053], [120.54372075700007, 30.984050628000034], [120.54072143600001, 30.983916773000033], [120.53913599700002, 30.98367054700003], [120.53744481600006, 30.983106556000052], [120.53580952200002, 30.98223616000007], [120.53421439500005, 30.98111631200004], [120.53269922800007, 30.979844293000042], [120.53130406800005, 30.978516139000078], [120.53006975100004, 30.977225463000025], [120.52903803100003, 30.976063449000037], [120.52825145400004, 30.975119653000036], [120.52758817600011, 30.97424133000004], [120.5275059490001, 30.974464597000065], [120.52671107000003, 30.977891129000056], [120.52584196300006, 30.98141392900004], [120.52534610400005, 30.983242782000048], [120.52482643600001, 30.984978713000032], [120.52429455400011, 30.98651492500005], [120.52376131000005, 30.987742618000027], [120.52321381400009, 30.988631824000038], [120.52258935400005, 30.989286315000072], [120.52185980100012, 30.989639734000036], [120.52105329900007, 30.989644785000053], [120.52015696400008, 30.98939388100007], [120.51919725200003, 30.988964057000032], [120.51819446400009, 30.988415263000036], [120.51507233500001, 30.986500014000057], [120.51403162300005, 30.985897048000027], [120.51300850100006, 30.985375016000035], [120.51201472000002, 30.98497921200004], [120.51106413000002, 30.98476461100006], [120.51017365100006, 30.984799576000057], [120.50931785000012, 30.985162358000025], [120.50852851500008, 30.985799300000053], [120.50778798200008, 30.986637053000038], [120.50708283800009, 30.98762002600006], [120.50640301500005, 30.988706576000027], [120.50574104100008, 30.98986584100004], [120.50445018000005, 30.992318284000078], [120.5031821880001, 30.994862101000024], [120.49726547600005, 31.006969386000037], [120.49246004500003, 31.01666456600003], [120.487428797, 31.02596651300007], [120.48717316300008, 31.02618586500006], [120.48666295500004, 31.026796610000076], [120.48601968100002, 31.027724164000063], [120.48537239100006, 31.028894432000072], [120.48485357400011, 31.03023334200003], [120.48460074800005, 31.03166639500006], [120.48474806800004, 31.033214086000044], [120.48530289600001, 31.034726289000048], [120.4861820530001, 31.036150124000073], [120.48728910400007, 31.03743441000006], [120.48852529100009, 31.03853047700005], [120.49115645500001, 31.04054471300003], [120.49526957600006, 31.043505354000047], [120.49803941000005, 31.045399461000045], [120.49942208400012, 31.046298509000053], [120.50079998900003, 31.04714664200003], [120.50217063900004, 31.047923144000038], [120.50353117100008, 31.04860024100003], [120.50487807100001, 31.049141117000033], [120.50620689700008, 31.049497537000036], [120.50751199600006, 31.049607071000025], [120.50873446300011, 31.04943967500003], [120.50993960500011, 31.049080471000025], [120.51233721000006, 31.048158311000066], [120.51354893000007, 31.047770408000076], [120.5147830620001, 31.047552076000045], [120.5161721180001, 31.04758792800004], [120.51759062000008, 31.04785643200006], [120.51902856000004, 31.04827823000005], [120.52192882000008, 31.04930980000006], [120.52337522200003, 31.049791053000035], [120.52480784500005, 31.050157875000025], [120.52621659600004, 31.05032894900006], [120.52736747000006, 31.050275706000036], [120.53075617100001, 31.04969280200004], [120.53202509400012, 31.049711695000042], [120.53370780500006, 31.05011058200006], [120.53550819400004, 31.050852379000048], [120.53734188200008, 31.051829111000075], [120.53912441800003, 31.052933118000055], [120.5407714700001, 31.054059659000075], [120.54219890500008, 31.05510732500005], [120.54432448500006, 31.056783737000046], [120.5441437830001, 31.05698465100005], [120.54392352600007, 31.05746783400008], [120.5437217010001, 31.058179249000034], [120.5436088570001, 31.059061160000056], [120.54365954700006, 31.060054647000072], [120.54404040200006, 31.06136374600004], [120.54476223000006, 31.062691361000077], [120.5457588590001, 31.063986046000025], [120.54694647500003, 31.065201564000063], [120.54823544800001, 31.066293399000074], [120.54953575200011, 31.067217146000075], [120.55342843900007, 31.06965259100008], [120.56268075500009, 31.075287436000053], [120.57466897900008, 31.082513498000026], [120.57857287700006, 31.084942477000027], [120.57981090500004, 31.085765836000064], [120.5809865330001, 31.086602694000078], [120.58206879600004, 31.08745974900006], [120.58301378300007, 31.088346493000074], [120.5837599140001, 31.089276244000075], [120.58422188500003, 31.09026744700003], [120.58432785000002, 31.09127058200005], [120.58416295900008, 31.092332292000037], [120.58375848500009, 31.093488121000064], [120.58307637900009, 31.094849298000042], [120.58218243200008, 31.096357415000057], [120.5811490860001, 31.097942897000053], [120.58004650500004, 31.099536659000023], [120.57894223800008, 31.101070184000037], [120.57582247500011, 31.10523949800006], [120.5757176520001, 31.105445216000078], [120.57576799200001, 31.10579535900007], [120.57609123100008, 31.106609909000042], [120.57666063600004, 31.107723082000064], [120.57745988700003, 31.108964263000075], [120.57847649200005, 31.110159861000056], [120.57970104600008, 31.111130943000035], [120.5812100280001, 31.11174974800008], [120.58284377600012, 31.111931113000026], [120.58448675800003, 31.111730598000065], [120.5860166120001, 31.11121602000003], [120.58733691700002, 31.11046839900007], [120.58852121900009, 31.10960870100007], [120.58954043500012, 31.108659638000063], [120.59032785600004, 31.10761830000007], [120.59080039100002, 31.106472152000038], [120.59090017200003, 31.105255808000038], [120.59073046300011, 31.10396570200004], [120.59039029200005, 31.102639332000024], [120.58913357100005, 31.098779255000068], [120.58887619600011, 31.097652332000052], [120.5888297460001, 31.096679481000024], [120.58909040300011, 31.09592006300005], [120.58972812200011, 31.095421610000074], [120.59067455200011, 31.095130107000045], [120.59184218100006, 31.09498357500007], [120.59316135100005, 31.094931651000024], [120.59750392900003, 31.094941448000043], [120.59893515800002, 31.094877927000027], [120.60028888300008, 31.094715880000024], [120.601518639, 31.094407760000024], [120.60257051000008, 31.093896338000036], [120.60339446100011, 31.09315756500007], [120.60406675800004, 31.092252495000025], [120.6052461160001, 31.09028782000007], [120.60589065500005, 31.089391867000074], [120.60666663800009, 31.088666291000038], [120.6075064470001, 31.088218381000047], [120.60847151100006, 31.08790237000005], [120.61065102200007, 31.087395146000063], [120.61181308000005, 31.087072092000028], [120.61325124200005, 31.086518813000055], [120.61470800100005, 31.085812219000047], [120.61617734000004, 31.08499111100008], [120.61765486600007, 31.08408545900005], [120.6191370790001, 31.083118015000025], [120.62210205300005, 31.081061076000026], [120.62503673600008, 31.078907237000067], [120.62647362400003, 31.07780824500003], [120.62787304000005, 31.076698339000075], [120.62921515400001, 31.07557878600005], [120.63047209800004, 31.074449986000047], [120.63160521300006, 31.073311766000074], [120.6325615500001, 31.07216365900007], [120.63326950500004, 31.071005252000077], [120.63363348500002, 31.069836632000033], [120.63359396800001, 31.068761066000036], [120.63325395400011, 31.067707367000025], [120.63268736400005, 31.066708774000062], [120.63195137800005, 31.065804782000043], [120.63108970400003, 31.06504401500007], [120.63013541300006, 31.064487619000033], [120.62911338300012, 31.064213205000044], [120.62801267900011, 31.064287926000077], [120.62688987700005, 31.06464888100004], [120.62577310900008, 31.065196211000057], [120.62469168400003, 31.065840528000024], [120.62277661300004, 31.067075044000035], [120.62203697400003, 31.067477216000043], [120.62152933400012, 31.067584194000062], [120.62131404200011, 31.067309109000064], [120.6213094520001, 31.066645435000055], [120.6215634020001, 31.06423843500005], [120.62167009400002, 31.06273120900005], [120.62166498300007, 31.061178768000048], [120.62148499400007, 31.059692781000024], [120.62108734100002, 31.05837546500004], [120.62047685200002, 31.057292602000075], [120.61979111100004, 31.056507173000057], [120.61917895500005, 31.05605649900008], [120.61875839100003, 31.05599521000005]]]}}, {"type": "Feature", "properties": {"township_name": "太平街道", "district_code": "xiangcheng", "district_name": "相城区", "areacode": "32058711", "class": "乡镇界"}, "geometry": {"type": "Polygon", "coordinates": [[[120.67786415800003, 31.38298271000008], [120.673729019, 31.38413369500006], [120.6718062330001, 31.38459660700005], [120.66973092900002, 31.38501584100004], [120.66760518100011, 31.385332661000064], [120.66553213000009, 31.385485175000042], [120.66361577400005, 31.385408940000048], [120.66196013400008, 31.385039497000037], [120.66064574200004, 31.384361848000026], [120.65944632600008, 31.383464185000037], [120.65829595600007, 31.382415774000037], [120.65717760000007, 31.381264017000035], [120.6560781290001, 31.380044465000026], [120.65279434000001, 31.37623018200003], [120.65167572300004, 31.37497492500006], [120.65052981400004, 31.373761803000036], [120.64934542200001, 31.37261552800004], [120.6481090320001, 31.371566534000067], [120.64680411300003, 31.37065321700004], [120.64537444700011, 31.369887721000055], [120.64388614400002, 31.36928486200003], [120.64237160000005, 31.368825895000043], [120.64086194800007, 31.368506756000045], [120.63938949400006, 31.368338103000042], [120.63799023400009, 31.368346158000065], [120.63670652500002, 31.368574350000074], [120.63558993400011, 31.369085738000024], [120.63467759700006, 31.369936274000054], [120.63393836900002, 31.371061827000062], [120.63332576900007, 31.372387658000036], [120.63280428900009, 31.37385725100006], [120.63234714300006, 31.375428403000058], [120.63193437900009, 31.377069972000072], [120.63155135700003, 31.378759235000075], [120.63049062200002, 31.383970628000043], [120.62915269200005, 31.39096945600005], [120.62854155700006, 31.39439186800007], [120.62827526300009, 31.39605683800005], [120.6280540460001, 31.39767318300005], [120.6278989870001, 31.399221373000046], [120.62783875100001, 31.40067497800004], [120.62791180300007, 31.40199861700006], [120.62816916500003, 31.40314546700006], [120.62867768000001, 31.40405437100003], [120.62941785800001, 31.40464173500004], [120.6303647420001, 31.405043697000053], [120.63144935000003, 31.40533497900003], [120.63379575400006, 31.405858815000045], [120.63494900500007, 31.406227873000034], [120.63601597800005, 31.406768027000055], [120.63703450100002, 31.407624467000062], [120.63791827300008, 31.408716087000073], [120.63869972500004, 31.40998389500004], [120.63940431800006, 31.41138217200006], [120.64005177500007, 31.41287593000004], [120.64065719500002, 31.414438715000074], [120.64178477500002, 31.41769742300005], [120.64343160600004, 31.422973334000062], [120.64793606900002, 31.438122750000048], [120.64926413400008, 31.43863389200004], [120.65028708700004, 31.438505478000025], [120.6643358560001, 31.436422966000066], [120.6672787980001, 31.436052036000035], [120.66869299400003, 31.435907878000023], [120.67005538300009, 31.435806269000068], [120.67134489300008, 31.435764578000033], [120.67253320800012, 31.435806171000024], [120.67358268600003, 31.435962115000052], [120.67444385900001, 31.436273261000053], [120.67505247700001, 31.436792696000055], [120.67535425900007, 31.437533878000067], [120.67543084700003, 31.43846107400003], [120.67535405300009, 31.439515304000054], [120.67518286200004, 31.44064830600007], [120.67475611300006, 31.442989124000064], [120.67459381900005, 31.444121943000027], [120.67453157400007, 31.445177191000028], [120.67462774600006, 31.446108820000063], [120.6749528900001, 31.44686144700006], [120.67561245000002, 31.447418192000043], [120.67653820200007, 31.447766960000024], [120.67765853100002, 31.44796423300005], [120.67891867700007, 31.44805376100004], [120.68027693700003, 31.44806971500003], [120.68614337800011, 31.44789819600004], [120.68761828700008, 31.447911385000054], [120.68905897200011, 31.44800414200006], [120.69044169200004, 31.448220009000067], [120.69177940800012, 31.448670735000064], [120.69303972600005, 31.449465958000076], [120.69428209300008, 31.45056199800007], [120.69548091100012, 31.45186476400005], [120.69661065200012, 31.45328042700004], [120.69764495100003, 31.454717079000034], [120.69855631500002, 31.456085105000057], [120.70040133900011, 31.459104739000054], [120.72602217500003, 31.462935388000062], [120.72663663000003, 31.46039399500006], [120.72698174800007, 31.458699400000057], [120.72729632900007, 31.45676715500008], [120.7275189930001, 31.454709200000025], [120.7275850850001, 31.452638913000044], [120.72742642100002, 31.45067126200007], [120.72697301300002, 31.448922069000048], [120.72618385500004, 31.447486000000026], [120.72515544100008, 31.446368567000036], [120.72398275000012, 31.44534545600004], [120.72272579600008, 31.444362777000038], [120.72014550900008, 31.442441775000077], [120.71890397700008, 31.44147127900004], [120.71775025400007, 31.440473411000028], [120.7167322790001, 31.43943093100006], [120.71590752100008, 31.438323534000062], [120.7153467070001, 31.43712645000005], [120.71510793000004, 31.435901176000073], [120.71508726100001, 31.43459819000003], [120.71520673400005, 31.433240776000048], [120.71560222300002, 31.430436419000046], [120.71575701400002, 31.42902041900004], [120.71580118700001, 31.427614109000046], [120.71566640800006, 31.426231916000063], [120.71527268300008, 31.424811144000046], [120.7146623860001, 31.423426606000078], [120.713890504, 31.42207300900003], [120.71299910900007, 31.42074806900007], [120.71201984900006, 31.419452630000023], [120.71097604300007, 31.418190964000075], [120.70988438800009, 31.41697127100008], [120.70875630400008, 31.41580644100003], [120.70759895200001, 31.414715080000065], [120.70641598000009, 31.413722860000064], [120.70520804000012, 31.412864193000075], [120.70397310100009, 31.412184246000038], [120.70270663400004, 31.411741231000065], [120.70149787800005, 31.411575715000026], [120.70026869300011, 31.41156741700007], [120.69903089000002, 31.411613110000076], [120.69779602500012, 31.41161223900008], [120.69657620500004, 31.411461514000052], [120.69533074100002, 31.41105740900008], [120.69411724400004, 31.410430950000034], [120.69293975300002, 31.409631039000033], [120.69180619000008, 31.40869484600006], [120.69072926700005, 31.40764946400003], [120.689727704, 31.406513305000033], [120.68882779900002, 31.405297251000036], [120.68806542000004, 31.404005493000057], [120.68750057700004, 31.40270776400007], [120.68709802600006, 31.401367788000073], [120.68686370700004, 31.40001115900003], [120.68681627300009, 31.398662499000068], [120.68698827700007, 31.397347077000063], [120.68740826200008, 31.396077028000036], [120.68802178700003, 31.39485925200006], [120.68876175900004, 31.393687600000078], [120.69113787100002, 31.390439185000048], [120.69177221300004, 31.389461761000064], [120.69220021500007, 31.388557782000078], [120.69231906400012, 31.38774949900005], [120.69194164700002, 31.387008758000036], [120.69097549800006, 31.386322906000032], [120.689551961, 31.38569250200004], [120.68781003200002, 31.385118904000024], [120.68588717500006, 31.384604227000068], [120.6839170500001, 31.384151863000056], [120.6820293290001, 31.38376636600003], [120.67813357800003, 31.383059966000076], [120.67786415800003, 31.38298271000008]]]}}, {"type": "Feature", "properties": {"township_name": "松陵镇", "district_code": "wujiang", "district_name": "吴江区", "areacode": "32058411", "class": "乡镇界"}, "geometry": {"type": "Polygon", "coordinates": [[[120.65855740500001, 31.220645218000072], [120.6598381870001, 31.204835493000076], [120.66014903900009, 31.201892658000077], [120.66046322300008, 31.199980432000075], [120.66068303800012, 31.19905497700006], [120.66096696600005, 31.198161648000053], [120.66133854400005, 31.197312942000053], [120.66181756600008, 31.196518042000037], [120.66238397000006, 31.195768789000056], [120.66301384200005, 31.195053940000037], [120.66368912300004, 31.194366048000063], [120.6643963030001, 31.193701110000063], [120.66586879900001, 31.192440856000076], [120.66662111700009, 31.191855088000068], [120.66737807300001, 31.19131268700005], [120.6681363130001, 31.19083127600004], [120.6688929710001, 31.190436374000058], [120.66964533100008, 31.19016385900005], [120.67039053100007, 31.190063128000077], [120.67114351700002, 31.19018197200006], [120.67188793500009, 31.190487463000068], [120.67262570500009, 31.190931095000053], [120.67335839500004, 31.191476054000077], [120.67415454600007, 31.192164569000056], [120.67599393100011, 31.193962944000077], [120.67787995700007, 31.195942752000065], [120.68043208800009, 31.198701604000064], [120.68056738500002, 31.198811688000035], [120.6913525110001, 31.18779706500004], [120.69511980200002, 31.183823035000046], [120.6974135700001, 31.181237589000034], [120.69850778000011, 31.179910084000028], [120.69954940200012, 31.17854789000006], [120.70052027000008, 31.177139055000055], [120.70140852700001, 31.175670333000028], [120.70222818800005, 31.174156237000034], [120.70299890400008, 31.172609546000047], [120.70373527200002, 31.17103971100005], [120.70514502600008, 31.16785632600005], [120.71470204700006, 31.14523005500007], [120.71601108700008, 31.142024027000048], [120.71662196500006, 31.140438506000066], [120.71718317800003, 31.138872355000046], [120.71767169600002, 31.137334202000034], [120.71805595400008, 31.135835865000047], [120.7182931430001, 31.13439334700007], [120.71832581600006, 31.133028084000046], [120.7180777530001, 31.131768460000046], [120.7174964300001, 31.130648775000054], [120.71664887500003, 31.129627196000058], [120.71562305900011, 31.128668567000034], [120.71333445300002, 31.12681616800006], [120.71221040900002, 31.125861400000076], [120.7111973640001, 31.124842271000034], [120.71038170200006, 31.123716845000047], [120.70984564200012, 31.12247976200007], [120.7095336540001, 31.121125681000024], [120.70940439700007, 31.11961577900007], [120.70944886400002, 31.11780139600006], [120.70963210700006, 31.115765295000074], [120.70991662800009, 31.113606751000077], [120.71026616800009, 31.11142430500007], [120.7110242120001, 31.10737700900006], [120.71182311600012, 31.103548255000078], [120.71186112900011, 31.103261959000065], [120.71165329400003, 31.102909676000024], [120.71141847400008, 31.102026650000028], [120.71124606400008, 31.100738491000072], [120.71124355200004, 31.099175523000042], [120.71152652400008, 31.09747040900004], [120.71216189600011, 31.095801383000037], [120.71312085800002, 31.09418600300006], [120.71431800500011, 31.09267527600008], [120.71565430800001, 31.09131558400003], [120.7170260360001, 31.090151969000033], [120.72090194000009, 31.08727247300004], [120.72206134600003, 31.08632454700006], [120.72309195100001, 31.085374112000068], [120.72394281800007, 31.084417630000075], [120.72454972800006, 31.083451042000036], [120.72483152200004, 31.08246934400006], [120.7247350020001, 31.081474487000037], [120.72436911200009, 31.08045681200008], [120.7233332620001, 31.078335123000045], [120.72288875100003, 31.077215413000033], [120.72264151400009, 31.076040514000056], [120.72267246000001, 31.074814426000046], [120.72292485800006, 31.07353481800004], [120.72332278800002, 31.072214418000044], [120.72429372900001, 31.06948466700004], [120.72474466900007, 31.068084941000052], [120.72508884400008, 31.066664442000047], [120.72525559900009, 31.065222403000064], [120.72518484700004, 31.06371673700005], [120.72490923100008, 31.062192177000043], [120.72448327400002, 31.06065371300008], [120.72394973600001, 31.05910493300007], [120.72334225300006, 31.057548344000054], [120.720649707, 31.051268892000053], [120.72000721200004, 31.04968814600005], [120.71941546000005, 31.04810326200004], [120.71889796000005, 31.04651437600006], [120.71848311600002, 31.04492192400005], [120.71820578500001, 31.043326897000043], [120.71809145400005, 31.041833808000035], [120.71807386700004, 31.04035155500003], [120.7181013280001, 31.03747560000005], [120.7180318820001, 31.036118027000043], [120.71782337900004, 31.034845931000064], [120.71740227800001, 31.03369116500005], [120.71669252700008, 31.032658807000075], [120.71574511100005, 31.03175328800006], [120.71461960800002, 31.03094645300007], [120.71336277800003, 31.030218580000053], [120.71201105800003, 31.02955752500003], [120.71059275800008, 31.02895820200007], [120.70912996000004, 31.028422438000064], [120.7076401270001, 31.02795922200005], [120.7061374860001, 31.027585397000053], [120.70463420200008, 31.02732678800004], [120.70314140000005, 31.027219803000037], [120.7016700900001, 31.027313502000027], [120.70014640700003, 31.027673745000072], [120.69865182100011, 31.02825396000003], [120.69717976700008, 31.02899483300007], [120.6957249730001, 31.02985066000008], [120.69428324400008, 31.030786189000025], [120.69285127, 31.03177383900004], [120.68717533900008, 31.035829372000023], [120.68576096600009, 31.03676791500004], [120.68434549800008, 31.037623086000053], [120.68292727800008, 31.038353475000065], [120.6815042830001, 31.038902670000027], [120.680073934, 31.039193734000037], [120.67870856500008, 31.03916822000008], [120.67725125000004, 31.038839487000075], [120.67559460900009, 31.038188053000056], [120.67380749400002, 31.03729119600007], [120.67196186600006, 31.036228318000042], [120.67012963400009, 31.03507694500007], [120.66838263300008, 31.033911979000038], [120.66679263100002, 31.032806074000064], [120.66368218100001, 31.03056477000007], [120.66343823800003, 31.03043424400005], [120.65875813000002, 31.032058728000038], [120.65716062900003, 31.032663510000077], [120.65553063700008, 31.033326113000044], [120.65394975000004, 31.03403279300005], [120.65250042100001, 31.03477076000007], [120.65126540300002, 31.03552737600006], [120.65025935900007, 31.036318471000072], [120.64933355500011, 31.037236707000034], [120.64848112200002, 31.038245328000073], [120.64767945500012, 31.039315628000054], [120.64616698700002, 31.041558417000033], [120.64398437700004, 31.04494377000003], [120.64325381100002, 31.046014699000068], [120.64251193200005, 31.047021674000064], [120.64175173300009, 31.047933999000065], [120.64096450300008, 31.048710924000034], [120.64013906200012, 31.049298313000065], [120.63926091200005, 31.049624696000024], [120.63834733300007, 31.049636088000057], [120.63738384900012, 31.04940057600004], [120.6363839920001, 31.04898522700006], [120.63535832800005, 31.048441854000032], [120.63431523000008, 31.047810773000037], [120.63009700100008, 31.04498871100003], [120.62906236000003, 31.044335687000057], [120.62805183900002, 31.043762817000072], [120.62707773200009, 31.043312840000056], [120.62615658900006, 31.043042554000067], [120.62531077100004, 31.04302819600008], [120.6245416270001, 31.04334785700007], [120.62385567100011, 31.04395394100004], [120.62317999800007, 31.044907072000058], [120.6224889340001, 31.046198056000037], [120.62180106700009, 31.047717738000074], [120.62113548600007, 31.049358575000042], [120.62051218300007, 31.051016035000032], [120.61886101800008, 31.055788508000035], [120.61875839100003, 31.05599521000005], [120.61917895500005, 31.05605649900008], [120.61979111100004, 31.056507173000057], [120.62047685200002, 31.057292602000075], [120.62108734100002, 31.05837546500004], [120.62148499400007, 31.059692781000024], [120.62166498300007, 31.061178768000048], [120.62167009400002, 31.06273120900005], [120.6215634020001, 31.06423843500005], [120.6213094520001, 31.066645435000055], [120.62131404200011, 31.067309109000064], [120.62152933400012, 31.067584194000062], [120.62203697400003, 31.067477216000043], [120.62277661300004, 31.067075044000035], [120.62469168400003, 31.065840528000024], [120.62577310900008, 31.065196211000057], [120.62688987700005, 31.06464888100004], [120.62801267900011, 31.064287926000077], [120.62911338300012, 31.064213205000044], [120.63013541300006, 31.064487619000033], [120.63108970400003, 31.06504401500007], [120.63195137800005, 31.065804782000043], [120.63268736400005, 31.066708774000062], [120.63325395400011, 31.067707367000025], [120.63359396800001, 31.068761066000036], [120.63363348500002, 31.069836632000033], [120.63326950500004, 31.071005252000077], [120.6325615500001, 31.07216365900007], [120.63160521300006, 31.073311766000074], [120.63047209800004, 31.074449986000047], [120.62921515400001, 31.07557878600005], [120.62787304000005, 31.076698339000075], [120.62647362400003, 31.07780824500003], [120.62503673600008, 31.078907237000067], [120.62210205300005, 31.081061076000026], [120.6191370790001, 31.083118015000025], [120.61765486600007, 31.08408545900005], [120.61617734000004, 31.08499111100008], [120.61470800100005, 31.085812219000047], [120.61325124200005, 31.086518813000055], [120.61181308000005, 31.087072092000028], [120.61065102200007, 31.087395146000063], [120.60847151100006, 31.08790237000005], [120.6075064470001, 31.088218381000047], [120.60666663800009, 31.088666291000038], [120.60589065500005, 31.089391867000074], [120.6052461160001, 31.09028782000007], [120.60406675800004, 31.092252495000025], [120.60339446100011, 31.09315756500007], [120.60257051000008, 31.093896338000036], [120.601518639, 31.094407760000024], [120.60028888300008, 31.094715880000024], [120.59893515800002, 31.094877927000027], [120.59750392900003, 31.094941448000043], [120.59316135100005, 31.094931651000024], [120.59184218100006, 31.09498357500007], [120.59067455200011, 31.095130107000045], [120.58972812200011, 31.095421610000074], [120.58909040300011, 31.09592006300005], [120.5888297460001, 31.096679481000024], [120.58887619600011, 31.097652332000052], [120.58913357100005, 31.098779255000068], [120.59039029200005, 31.102639332000024], [120.59073046300011, 31.10396570200004], [120.59090017200003, 31.105255808000038], [120.59080039100002, 31.106472152000038], [120.59032785600004, 31.10761830000007], [120.58954043500012, 31.108659638000063], [120.58852121900009, 31.10960870100007], [120.58733691700002, 31.11046839900007], [120.5860166120001, 31.11121602000003], [120.58448675800003, 31.111730598000065], [120.58284377600012, 31.111931113000026], [120.5812100280001, 31.11174974800008], [120.57970104600008, 31.111130943000035], [120.57847649200005, 31.110159861000056], [120.57745988700003, 31.108964263000075], [120.57666063600004, 31.107723082000064], [120.57609123100008, 31.106609909000042], [120.57576799200001, 31.10579535900007], [120.5757176520001, 31.105445216000078], [120.57563856900003, 31.105631773000027], [120.573553532, 31.10917466500007], [120.5720436580001, 31.111824888000058], [120.57065691100001, 31.11445236900005], [120.57011647800005, 31.115614850000043], [120.56971410400001, 31.11664249300003], [120.5694033960001, 31.11765596600003], [120.56920659100001, 31.118667276000053], [120.56916165000007, 31.11967570400003], [120.56930247000003, 31.120702943000026], [120.56959354000003, 31.121727329000066], [120.56999065900004, 31.122749703000068], [120.57046163100006, 31.12377067400007], [120.57098327300002, 31.12479068400006], [120.57211735600004, 31.126828980000028], [120.58058575000007, 31.14108699800005], [120.59015397900009, 31.15738396200004], [120.59378358300012, 31.162701646000073], [120.59574079800007, 31.162361514000054], [120.59704362800005, 31.16218638500004], [120.59852436900007, 31.16205640100003], [120.60009462200003, 31.162017744000025], [120.60166502700008, 31.16211923700007], [120.6031452410001, 31.16241225400006], [120.60440821100008, 31.162905670000043], [120.6054659450001, 31.163556885000048], [120.60635489700007, 31.164302946000078], [120.6072144960001, 31.16511517600003], [120.60888769100006, 31.166860214000053], [120.61052504100007, 31.16869010700003], [120.61292629400009, 31.171507097000074], [120.61446346500009, 31.173424714000078], [120.61519609000004, 31.17440156600003], [120.61589176600012, 31.17539656400004], [120.6165365600001, 31.17641657200005], [120.61711213800004, 31.177470742000025], [120.61762509400012, 31.178619316000038], [120.6180633560001, 31.17980477900005], [120.6184477160001, 31.181016749000037], [120.61879374600005, 31.182247473000075], [120.61941376200002, 31.184743871000023], [120.61998269200001, 31.187264672000026], [120.62245751300009, 31.198777138000025], [120.62491458300008, 31.21002747700004], [120.62966105500004, 31.212558556000033], [120.63103477700008, 31.213341494000076], [120.63185337900006, 31.21388292900008], [120.6322106240001, 31.214166980000073], [120.63251505100004, 31.214464552000038], [120.63274758200009, 31.21478052200007], [120.63288338200005, 31.21512123900004], [120.63290133700002, 31.215509164000025], [120.6328172640001, 31.215923211000074], [120.63266018400009, 31.21635598200004], [120.63245150800003, 31.216802020000046], [120.63165150200007, 31.218185187000074], [120.62982375800004, 31.22101020100007], [120.62896683700001, 31.222399281000037], [120.62850732800007, 31.223281558000053], [120.62834764400009, 31.223695028000066], [120.62826366700006, 31.22407851500003], [120.62828812600003, 31.224418997000043], [120.62845003400002, 31.224704778000046], [120.62877725200008, 31.224958626000046], [120.62926862000006, 31.225195412000062], [120.62987483300003, 31.22541386900008], [120.63054696400002, 31.22561257700005], [120.63335456100003, 31.226258855000026], [120.65855740500001, 31.220645218000072]]]}}, {"type": "Feature", "properties": {"township_name": "金港镇", "district_code": "zhangjiagang", "district_name": "张家港市", "areacode": "32058210", "class": "乡镇界"}, "geometry": {"type": "MultiPolygon", "coordinates": [[[[120.42129293100004, 31.978349183000034], [120.41958233200012, 31.978288589000044], [120.4178326440001, 31.978295503000027], [120.41605642000002, 31.978346362000025], [120.4124550470001, 31.97852087700005], [120.39411696500008, 31.97960392300007], [120.38876908100008, 31.97996082900005], [120.38709508200009, 31.980111462000025], [120.38552511000012, 31.98029349400008], [120.38410719700005, 31.980521862000046], [120.38290718100006, 31.98081699000005], [120.38201416300001, 31.98120646800004], [120.38154719300007, 31.981727120000073], [120.38160189000007, 31.982402739000065], [120.38207993000003, 31.98320881500007], [120.38286668600006, 31.98411000400006], [120.38387529400006, 31.98507952700004], [120.38504077800008, 31.986097355000027], [120.38631515000009, 31.987148699000045], [120.39048820400001, 31.99041033900005], [120.40262693300008, 31.99964589600006], [120.41359778200001, 32.00806583200006], [120.41641229700008, 32.010273074000054], [120.4178510270001, 32.01127338500004], [120.41850079800008, 32.01164830700003], [120.41905500400003, 32.01188459700006], [120.41953543600005, 32.01198017400003], [120.41998432700007, 32.01193664200002], [120.42037039200011, 32.01174513400008], [120.42073007700003, 32.01143651700005], [120.42107113500003, 32.01104429800006], [120.4213993940001, 32.01059322700007], [120.42203411500009, 32.009582124000076], [120.42361928800005, 32.00683488400006], [120.42507681500001, 32.00453603600005], [120.42735340800004, 32.00116306800004], [120.43423395900004, 31.991153217000033], [120.43310211900007, 31.98887349200004], [120.43230739300009, 31.987364335000052], [120.43133973800002, 31.985680695000042], [120.43022087800011, 31.98394197600004], [120.42897109400008, 31.98227014200006], [120.42760888800001, 31.98079037100007], [120.42615158100011, 31.979629997000075], [120.42454079400011, 31.978857902000072], [120.4229459820001, 31.978511540000056], [120.42129293100004, 31.978349183000034]]], [[[120.5178246700001, 31.972727465000048], [120.49639860400009, 31.951386386000024], [120.49402457300005, 31.947603971000035], [120.4929830430001, 31.945843624000076], [120.49192629900006, 31.943938865000064], [120.49093844300012, 31.941980751000074], [120.49010681100003, 31.940060935000076], [120.48952136700007, 31.93827155500003], [120.48927220400003, 31.936704758000076], [120.48941481300005, 31.935383853000076], [120.48987993900005, 31.934179266000058], [120.49057457900005, 31.93301432100003], [120.49226291700006, 31.930713470000057], [120.49309118000008, 31.929537115000073], [120.49380419400006, 31.928316407000068], [120.49431825400006, 31.927028843000073], [120.49456831200007, 31.925662591000048], [120.4945952280001, 31.924234211000055], [120.49445029700007, 31.92276965600007], [120.49416950800003, 31.921292539000035], [120.49377578500003, 31.91982597100008], [120.49328057700006, 31.918394455000055], [120.49268477100009, 31.917025866000074], [120.49197895200007, 31.91575360300004], [120.49114305600006, 31.91461898500006], [120.4901454510001, 31.913673913000025], [120.48890471000004, 31.912931967000077], [120.48750382600008, 31.91238909300006], [120.48599463800008, 31.911980936000077], [120.48441965800009, 31.911653427000033], [120.48121610300007, 31.911050448000026], [120.47965595200003, 31.91068075700008], [120.47817331200008, 31.910194610000076], [120.47681373000012, 31.90952550700007], [120.47565736700005, 31.908655890000034], [120.47462866900003, 31.907597563000024], [120.47369720400002, 31.90639600600008], [120.47283915800006, 31.905086701000073], [120.47203612400006, 31.90369699400003], [120.47124909600007, 31.902190527000073], [120.4703971240001, 31.90041728700004], [120.46859150000012, 31.896382490000065], [120.4668537020001, 31.892303070000025], [120.46492579500011, 31.887665704000028], [120.46445463700002, 31.886617536000074], [120.45261082100001, 31.892904827000052], [120.4468305040001, 31.890713049000055], [120.44608513800006, 31.890468033000047], [120.44559781400005, 31.890357548000054], [120.44535949700003, 31.890332675000025], [120.4450513700001, 31.89034890000005], [120.44486038900004, 31.890394697000033], [120.44396110700006, 31.890726861000076], [120.44324567000001, 31.890840024000056], [120.44218812400004, 31.890871898000057], [120.43992283400007, 31.890818705000072], [120.40576622200001, 31.90540848300003], [120.4029166680001, 31.906603921000055], [120.40097269900002, 31.907371641000054], [120.39982983800007, 31.907762038000044], [120.39857751800002, 31.908135972000025], [120.39714880400004, 31.90849389500005], [120.3948287830001, 31.90893692000003], [120.39290503400002, 31.909212722000063], [120.39159744200003, 31.909356939000077], [120.3874769570001, 31.907168968000065], [120.38487155400003, 31.90878321300005], [120.38370280900006, 31.90958622100004], [120.38249063100011, 31.910501466000028], [120.3813179120001, 31.91150598200005], [120.38026987700005, 31.91257766700005], [120.3793666570001, 31.913805899000067], [120.37884325200002, 31.914955544000065], [120.37861074600005, 31.91605198600007], [120.37855853600001, 31.917132253000034], [120.37860610000007, 31.918231380000066], [120.37874445800003, 31.91933153100007], [120.3789731060001, 31.920416213000067], [120.37929910500009, 31.921469011000056], [120.37973661400008, 31.92247246100004], [120.38026828300008, 31.92337606700005], [120.3808593120001, 31.924219033000043], [120.38208345300006, 31.925856254000053], [120.38263624500007, 31.926683600000047], [120.38313092300007, 31.927618266000025], [120.38345917400011, 31.92860214600006], [120.38357522700005, 31.92969207400006], [120.38349603400002, 31.930824011000027], [120.38327225300009, 31.931983638000077], [120.38294144400004, 31.933158500000047], [120.38253058900011, 31.93433698900003], [120.38205808100008, 31.935507290000032], [120.38153519500008, 31.936656262000042], [120.38096707000011, 31.937768188000064], [120.38035323700001, 31.93882332700008], [120.37968774500007, 31.939796197000078], [120.37895891000005, 31.94065353900004], [120.37814871700004, 31.94135194900008], [120.3773812280001, 31.941797466000025], [120.37659957900007, 31.942133081000065], [120.37501789200007, 31.942739164000045], [120.37408238600005, 31.94323614500007], [120.37329604400009, 31.943897419000052], [120.37260216900006, 31.94472317800006], [120.37197544300011, 31.945685110000056], [120.37134568200008, 31.946900501000073], [120.37070546400003, 31.948345622000033], [120.3700715870001, 31.94993383800005], [120.36889188900011, 31.95319664400006], [120.36731550500008, 31.95794938000006], [120.36637921500005, 31.960432094000055], [120.36622286900001, 31.965349256000025], [120.36628976100008, 31.964970528000038], [120.36652876100004, 31.964534942000057], [120.36693856500005, 31.964119398000037], [120.36751919400001, 31.963831275000075], [120.36847538900008, 31.96378633200004], [120.36966455400011, 31.964077950000046], [120.37104887600003, 31.964607215000058], [120.37258840900006, 31.96524052500007], [120.37424317900002, 31.965829204000045], [120.37591546300007, 31.96624141600006], [120.37754762400004, 31.966490151000073], [120.37917197700006, 31.966618869000058], [120.38083994800002, 31.966668524000056], [120.3825372010001, 31.966663751000056], [120.38425383100002, 31.96662198000007], [120.38772027200002, 31.966472784000075], [120.3981921730001, 31.965898560000028], [120.40167899200003, 31.96576316900007], [120.4034190530001, 31.96572866200006], [120.40515585800006, 31.965728503000037], [120.4068883330001, 31.965775622000024], [120.40861505800001, 31.965886948000048], [120.41033095000012, 31.966075481000075], [120.41204143900006, 31.96632721800006], [120.4137482320001, 31.96662479400004], [120.41545266500009, 31.96695499300006], [120.41885834200002, 31.967676082000025], [120.43078488600008, 31.970397112000057], [120.43586581300008, 31.971635750000075], [120.43753688100003, 31.972084816000063], [120.4391859210001, 31.972568204000027], [120.44080268000005, 31.97310125300004], [120.44237325300003, 31.97370459600006], [120.443879046, 31.974405615000023], [120.44529553300003, 31.975240170000063], [120.44661239600009, 31.976245516000063], [120.44783762600002, 31.97738637100008], [120.44899477100012, 31.978626365000025], [120.45010060600009, 31.979937884000037], [120.45116599000005, 31.98130029600003], [120.45219643400003, 31.982698463000077], [120.45319231100007, 31.984121541000036], [120.45414870400009, 31.98556202800006], [120.45505486700006, 31.987015038000038], [120.45589325200001, 31.988477765000027], [120.45663808900008, 31.989949111000044], [120.45725345200003, 31.991429458000027], [120.45769081000003, 31.992920537000032], [120.45788604900008, 31.994425405000072], [120.4577841790001, 31.99596809600007], [120.45743535300005, 31.99752488200005], [120.4569074310001, 31.999092354000027], [120.45625281100001, 32.00066804200003], [120.45551216700005, 32.00225015600006], [120.45226935100004, 32.008617241000024], [120.45151382100005, 32.01021125600005], [120.45083720000002, 32.01180106100003], [120.4502790030001, 32.013381837000054], [120.44989015600004, 32.014946483000074], [120.44973678800011, 32.01648471400006], [120.44984686900011, 32.01782321500008], [120.45016195000005, 32.01911437800004], [120.45064532200001, 32.02033867000006], [120.45127250900009, 32.02147038800007], [120.45203019000007, 32.022476045000076], [120.45291547000011, 32.023312443000066], [120.45393551900008, 32.023924452000074], [120.4552615670001, 32.02429604200006], [120.45672846000002, 32.02438909000006], [120.45829491900008, 32.024280255000065], [120.45993034000003, 32.02402747800005], [120.46161236000012, 32.02367393500003], [120.46332488400003, 32.02325135500007], [120.4650565180001, 32.02278272800004], [120.46854798700008, 32.021768045000044], [120.4807748400001, 32.01806142700008], [120.49117856700002, 32.01496297500006], [120.53261930800011, 32.00283381700007], [120.52116928900011, 31.989414461000024], [120.51989370000001, 31.98776524400006], [120.51951382000004, 31.987197596000044], [120.51917366400005, 31.986614248000024], [120.51888909000002, 31.98600893300005], [120.51868187700006, 31.985405719000028], [120.51852704300006, 31.98478180500007], [120.5184110560001, 31.984142537000025], [120.51825659800011, 31.98283336700007], [120.51809750400002, 31.980155814000057], [120.5178246700001, 31.972727465000048]]]]}}, {"type": "Feature", "properties": {"township_name": "沧浪区", "district_code": "gusu", "district_name": "姑苏区", "areacode": "32050201", "class": "乡镇界"}, "geometry": {"type": "Polygon", "coordinates": [[[120.6487292700001, 31.282189061000054], [120.64560860600011, 31.273124301000053], [120.62611010300009, 31.279178375000072], [120.62532464700007, 31.279123206000065], [120.61733421400004, 31.278847893000034], [120.61462317000007, 31.278700420000064], [120.61351022100007, 31.27860773900005], [120.61243541300007, 31.27848706000003], [120.61140145400009, 31.278326401000072], [120.61042438300001, 31.27811001400005], [120.60952565800005, 31.27781682600005], [120.60873363400003, 31.277418972000078], [120.60808532100009, 31.276880076000054], [120.60760257200002, 31.276157741000077], [120.60726343100009, 31.275294484000028], [120.60702677000006, 31.27433072100007], [120.60686209800008, 31.273296354000024], [120.6067468660001, 31.27221340400007], [120.60666428000002, 31.271098116000076], [120.60643445400001, 31.266523177000067], [120.6063550020001, 31.26539099400003], [120.60624511000003, 31.264280025000062], [120.60608908900008, 31.26320161700005], [120.6058660440001, 31.262170661000027], [120.60554788200011, 31.26120704400006], [120.60509689600008, 31.26033737700004], [120.60448716700012, 31.259590005000064], [120.60374314, 31.25893760500003], [120.60289992300011, 31.25835541300006], [120.60198431200001, 31.25782451300006], [120.60101651200011, 31.257330635000073], [120.60001157600004, 31.25686313800003], [120.59898057800001, 31.256414188000065], [120.59673696100003, 31.255499101000055], [120.5879360130001, 31.25210439800003], [120.58719597700008, 31.251794946000075], [120.58040539500007, 31.277326290000076], [120.57753427300008, 31.28198367600004], [120.57139047900012, 31.29505581600006], [120.58002757600002, 31.295636947000048], [120.58257774200001, 31.295856152000056], [120.58419916300011, 31.296059152000055], [120.58496958, 31.29619337200006], [120.58569944100009, 31.29636062800006], [120.5863743650001, 31.296572731000026], [120.58697567900003, 31.29684504000005], [120.58747943700007, 31.297197286000028], [120.58782442600011, 31.29757723700004], [120.58867875800001, 31.29887513700004], [120.58902587800003, 31.29926382700006], [120.58954944400011, 31.299645688000055], [120.5901718240001, 31.299953629000072], [120.59086395200006, 31.300210572000026], [120.59390794300009, 31.30107987200006], [120.59465130600006, 31.30133651500006], [120.59535297700006, 31.301643825000042], [120.59679537000011, 31.302468719000046], [120.5974988160001, 31.302797401000078], [120.59824962200003, 31.30307969900008], [120.59903418200008, 31.303327043000024], [120.60148506900009, 31.30395919800003], [120.60232967800005, 31.30423035700005], [120.60313375900012, 31.304568088000053], [120.6036738570001, 31.304865351000046], [120.60412767100001, 31.305202087000055], [120.60447065800008, 31.30558031000004], [120.60468337300006, 31.305998857000077], [120.60476422800002, 31.306522451000035], [120.60471295000002, 31.307035185000075], [120.60458744900006, 31.307481317000054], [120.6044424480001, 31.307807135000076], [120.60432405000006, 31.30796453000005], [120.60677037900007, 31.307633171000077], [120.60770675800006, 31.307569295000064], [120.60871431200007, 31.30756266000003], [120.60974659300007, 31.30760713600006], [120.61075494400006, 31.307692230000043], [120.61168987700012, 31.307805985000073], [120.61496888200008, 31.308361432000027], [120.62807755400001, 31.31072788000006], [120.63299536800002, 31.311589782000055], [120.63709391800012, 31.312219687000038], [120.64529532900008, 31.313368887000024], [120.64977422800007, 31.295467899000073], [120.65017580800009, 31.29361465200003], [120.65035951700008, 31.292377243000033], [120.6504020110001, 31.291757420000067], [120.65039864300002, 31.29113366100006], [120.65035952000005, 31.29053889200003], [120.65020972700006, 31.28934782600004], [120.64986091100002, 31.28744620100008], [120.6487292700001, 31.282189061000054]]]}}, {"type": "Feature", "properties": {"township_name": "金阊区", "district_code": "gusu", "district_name": "姑苏区", "areacode": "32050402", "class": "乡镇界"}, "geometry": {"type": "Polygon", "coordinates": [[[120.5822312680001, 31.34068503000003], [120.58259332400007, 31.340197673000034], [120.58372444200006, 31.338979824000035], [120.58546417500008, 31.33732769100004], [120.5874708880001, 31.33556399300005], [120.58940703100006, 31.333966561000068], [120.59105396100006, 31.332706451000035], [120.59268729600001, 31.331539187000033], [120.59351615600008, 31.330991635000032], [120.59435575200007, 31.33048004400007], [120.59520862500005, 31.330016984000054], [120.5960778220001, 31.329618822000043], [120.59696690100009, 31.329306596000038], [120.59782982000002, 31.32910416800007], [120.59869999500006, 31.32897287800006], [120.60193230400012, 31.32869498000008], [120.60257199300008, 31.328585409000027], [120.60308289000011, 31.328416451000066], [120.60341954900002, 31.328161058000035], [120.60352571200008, 31.327916534000053], [120.60350471700008, 31.327554388000067], [120.60334536700009, 31.327147423000042], [120.60308091400009, 31.326712014000066], [120.60273908400006, 31.326262576000033], [120.60178895900003, 31.325146991000054], [120.60136263000004, 31.32451153100004], [120.6011308200001, 31.32401929300005], [120.6009072700001, 31.323307115000034], [120.60075923300008, 31.322541149000074], [120.60066552300009, 31.32173428300007], [120.60060765000003, 31.32089667400004], [120.60056405900002, 31.31912815000004], [120.60059284800002, 31.318225212000073], [120.600660059, 31.317381521000073], [120.60078052100005, 31.31648228800003], [120.60096635000002, 31.31548936300004], [120.60126488900005, 31.314196821000053], [120.60163169700002, 31.312881961000073], [120.60205846300005, 31.311610862000066], [120.60250216000009, 31.310517727000047], [120.60297078500002, 31.309569854000074], [120.60344017400007, 31.30881363000003], [120.60384809400011, 31.308308301000068], [120.60416215200007, 31.30801965300003], [120.60432405000006, 31.30796453000005], [120.6044424480001, 31.307807135000076], [120.60458744900006, 31.307481317000054], [120.60471295000002, 31.307035185000075], [120.60476422800002, 31.306522451000035], [120.60468337300006, 31.305998857000077], [120.60447065800008, 31.30558031000004], [120.60412767100001, 31.305202087000055], [120.6036738570001, 31.304865351000046], [120.60313375900012, 31.304568088000053], [120.60232967800005, 31.30423035700005], [120.60148506900009, 31.30395919800003], [120.59903418200008, 31.303327043000024], [120.59824962200003, 31.30307969900008], [120.5974988160001, 31.302797401000078], [120.59679537000011, 31.302468719000046], [120.59535297700006, 31.301643825000042], [120.59465130600006, 31.30133651500006], [120.59390794300009, 31.30107987200006], [120.59086395200006, 31.300210572000026], [120.5901718240001, 31.299953629000072], [120.58954944400011, 31.299645688000055], [120.58902587800003, 31.29926382700006], [120.58867875800001, 31.29887513700004], [120.58782442600011, 31.29757723700004], [120.58747943700007, 31.297197286000028], [120.58697567900003, 31.29684504000005], [120.5863743650001, 31.296572731000026], [120.58569944100009, 31.29636062800006], [120.58496958, 31.29619337200006], [120.58419916300011, 31.296059152000055], [120.58257774200001, 31.295856152000056], [120.58002757600002, 31.295636947000048], [120.57139047900012, 31.29505581600006], [120.56684571900007, 31.30421851600005], [120.56158242000004, 31.312960786000076], [120.55249865500002, 31.330147871000065], [120.55785206700011, 31.337817639000036], [120.5631587370001, 31.333616103000054], [120.56542539500003, 31.331874501000073], [120.5666557300001, 31.331015639000043], [120.56720825800005, 31.330682007000064], [120.5676970940001, 31.330446020000068], [120.56809898300003, 31.33034355500007], [120.56838350300006, 31.330421587000046], [120.56852769300008, 31.330721012000026], [120.56855613400012, 31.331198520000044], [120.56850218200009, 31.331802800000048], [120.56824056900007, 31.33324923300006], [120.56734019700002, 31.337323980000065], [120.56720594800004, 31.338112808000062], [120.5671193070001, 31.33886214100005], [120.56710234700006, 31.339552869000045], [120.56718459700005, 31.34015987400005], [120.56740554100008, 31.340649832000054], [120.56778847600003, 31.340988985000024], [120.56830834100003, 31.341212519000067], [120.56892949200005, 31.341350379000062], [120.56962466700008, 31.34142549300003], [120.5711599010001, 31.341452529000037], [120.57365640900002, 31.341333101000032], [120.5822312680001, 31.34068503000003]]]}}, {"type": "Feature", "properties": {"township_name": "木渎镇", "district_code": "wuzhong", "district_name": "吴中区", "areacode": "32059001", "class": "乡镇界"}, "geometry": {"type": "Polygon", "coordinates": [[[120.55991907300006, 31.23775657400006], [120.55576054100004, 31.23272457400003], [120.55422034800006, 31.23095388200005], [120.55341261500007, 31.230148130000032], [120.55298881400006, 31.22978742400005], [120.55254478400002, 31.22946951700004], [120.55207323200011, 31.229209840000067], [120.5515756640001, 31.229022889000078], [120.55105168700004, 31.228891800000042], [120.55050855100001, 31.228801218000058], [120.54938510000011, 31.22869857300003], [120.54765261200009, 31.228644147000068], [120.54181212600008, 31.22860262900008], [120.54010471100003, 31.228520824000043], [120.53953785200008, 31.228441258000032], [120.53894557800004, 31.228271418000077], [120.53836317900004, 31.22800330800004], [120.53782658700004, 31.227632098000072], [120.537387996, 31.227194962000056], [120.53701770600003, 31.22670996800008], [120.53671480800006, 31.22621999100005], [120.53647913400005, 31.22576678100006], [120.53617956800008, 31.22503630600005], [120.53369444300006, 31.225140074000024], [120.53210279300004, 31.225252241000078], [120.529432197, 31.225523644000077], [120.52830045100006, 31.225663858000075], [120.52722980300007, 31.225831881000033], [120.52603965800006, 31.226107029000048], [120.52508004700007, 31.226456821000056], [120.52442933500004, 31.22687365400003], [120.52415426800007, 31.227294463000078], [120.52415027300003, 31.22771688100005], [120.52470750900011, 31.22901205100004], [120.52478472400003, 31.22936602300007], [120.52481557300007, 31.229719569000054], [120.52481068700001, 31.230255312000054], [120.5247474790001, 31.23067502300006], [120.52462901600006, 31.231060554000067], [120.52413700000011, 31.23199537200003], [120.5239920460001, 31.232438066000043], [120.52393282800006, 31.23286982600007], [120.52401819700003, 31.23349322300004], [120.52427532500008, 31.234090208000055], [120.52505466500008, 31.23540858900003], [120.52563634600006, 31.236523826000052], [120.52610383400008, 31.237469326000053], [120.52709688200002, 31.239746894000064], [120.52745880700002, 31.24040746600008], [120.52811758200005, 31.241329092000058], [120.52888453500009, 31.24218226200003], [120.52942620700003, 31.24270589300005], [120.52999230700004, 31.243185324000024], [120.53051122700003, 31.24355577600005], [120.53105975500011, 31.243863696000062], [120.53183692900006, 31.244154862000073], [120.53266314300004, 31.244326770000043], [120.53351918300007, 31.24439443400007], [120.53615539700002, 31.244277186000033], [120.53740988700008, 31.24430882000007], [120.53865305000011, 31.244469639000044], [120.5399010320001, 31.244762352000066], [120.54113055000005, 31.245191675000058], [120.5420057340001, 31.245595346000073], [120.54285977300003, 31.24606427300006], [120.54379621100009, 31.24664890400004], [120.54578226600006, 31.247959785000035], [120.54727840800001, 31.248876173000042], [120.54890999000008, 31.24981419200003], [120.55398778400001, 31.252562228000045], [120.55548721100001, 31.25340728200007], [120.55667817000005, 31.254169280000042], [120.55747323300011, 31.25482567100005], [120.55771611900002, 31.255123068000046], [120.55782601700002, 31.255386736000048], [120.55775547400003, 31.255541120000032], [120.5622744740001, 31.25052861900008], [120.56306790500003, 31.249610047000033], [120.56351934400004, 31.249014199000044], [120.56370006500003, 31.248724380000056], [120.5638489270001, 31.24840782800004], [120.56390395100004, 31.248190849000025], [120.56389808400002, 31.24788096900005], [120.56381344300007, 31.247488813000075], [120.56344562000004, 31.246423707000076], [120.55991907300006, 31.23775657400006]]]}}]}