{"type": "FeatureCollection", "features": [{"type": "Feature", "properties": {"name": "常州", "full_name": "常州市"}, "geometry": {"type": "Polygon", "coordinates": [[[119.85517767200011, 32.053710855000105], [119.86137491700003, 32.05825657900008], [119.86459439000015, 32.060248131000016], [119.86485499000003, 32.060294461000026], [119.86738906500008, 32.05655663500002], [119.8707478560001, 32.05042993400007], [119.87388977400008, 32.04437866200005], [119.87867195900009, 32.04155704200009], [119.87901056000013, 32.04149428000005], [119.88083259700015, 32.042409768000034], [119.88118916599998, 32.04268706600006], [119.88466927600007, 32.04692705800005], [119.88611826800006, 32.04835508400008], [119.88646473900005, 32.04859329400007], [119.88742904400007, 32.04897479000002], [119.8892854700001, 32.04928454100007], [119.8922191490001, 32.047639959000065], [119.8920109540001, 32.04715980800004], [119.89136843200005, 32.04464209800009], [119.89128152900005, 32.042366567000016], [119.89194156600004, 32.03930803300008], [119.89433658400006, 32.034592368000084], [119.89727004400004, 32.027047808000056], [119.90050732400002, 32.01905471700004], [119.90120994500015, 32.01754825300001], [119.90259903500007, 32.01526543000004], [119.90397899600012, 32.01325958500008], [119.909281544, 32.008057119000036], [119.91172014100006, 32.00655930400009], [119.91277828100013, 32.006157490000064], [119.91500033800004, 32.00584673900002], [119.91887077000001, 32.00586128600007], [119.9226634370001, 32.00611430900005], [119.92909451800003, 32.00628206500007], [119.94434240100006, 32.00467119200001], [119.94487162599998, 32.00451707400005], [119.94695541100009, 32.00447070500003], [119.94743164300004, 32.00455570700005], [119.94836108700014, 32.0050608130001], [119.94951505200004, 32.006291559000054], [119.95870572900003, 32.0083993000001], [119.96759346100006, 32.00873906800006], [119.97073512000014, 32.00894643000007], [119.97311383000013, 32.004375672999984], [119.97534475700007, 32.00010330800007], [119.99373738800017, 31.98622820300001], [120.000620561, 31.98132314100006], [120.01135849000002, 31.972427973000016], [120.01751350100008, 31.969679563000078], [120.00998236500001, 31.957098517000063], [120.00597680500007, 31.95576313100006], [120.00392837500013, 31.953263716000023], [120.00279863500009, 31.949967374000046], [120.00270412800009, 31.947248043000023], [120.00288586200011, 31.944884959000078], [120.00333790700003, 31.942300010000068], [120.002530328, 31.938955695000026], [120.00255635600003, 31.937892377000068], [120.0037285110001, 31.935297256000105], [120.00552507200008, 31.932471220000046], [120.00648867400005, 31.931287069000035], [120.00953603000004, 31.92901649500002], [120.01126079400001, 31.927349039000077], [120.01140843500006, 31.927191571000016], [120.01326793100009, 31.925325723000086], [120.01327793000011, 31.92505663400003], [120.0133228310001, 31.924918473000055], [120.01343456100003, 31.924820126999997], [120.0138285910001, 31.924686953000084], [120.0138315960001, 31.92455491500008], [120.0137468170001, 31.924441136000084], [120.01360717400009, 31.92434051900002], [120.01362613200006, 31.92427745000004], [120.01370095200002, 31.924205216000104], [120.01395034900005, 31.92401545100003], [120.0143114810001, 31.923701336000065], [120.01440225899998, 31.923672068000045], [120.01479827900005, 31.923681926000057], [120.01490402000002, 31.923661616000068], [120.01544671000015, 31.923367990000017], [120.01753179, 31.921608646000024], [120.01012663100005, 31.916693019], [120.00063956200006, 31.91385783800007], [120.00030851500003, 31.912985651000028], [120.00016092100007, 31.91279905800004], [120.00001332800002, 31.91261046500007], [119.99972711900014, 31.912237252000097], [119.99957055000007, 31.91204868600004], [119.99943193400006, 31.911860066000067], [119.99913674900006, 31.91148588100001], [119.99899713600006, 31.91129726400004], [119.99869397200011, 31.910924104000074], [119.9985553560001, 31.910737485], [119.99840776400006, 31.910548892000023], [119.99812055900009, 31.910175684000052], [119.997964988, 31.909987115999996], [119.99767778300006, 31.909613908000026], [119.99753019100001, 31.90942531700005], [119.99738260000005, 31.909235724999995], [119.99708841400005, 31.90886253800003], [119.99693982500001, 31.908673950000058], [119.99680121000009, 31.908487331000067], [119.99650602599999, 31.908112148000022], [119.99635843500005, 31.907925556000038], [119.99606425000005, 31.907549371000087], [119.9961679940001, 31.90733900900009], [119.99628968800005, 31.90713559500005], [119.99652410200008, 31.90673179400003], [119.99675751900011, 31.90632799500002], [119.9968712350001, 31.90612660600005], [119.9971136280001, 31.90572077900005], [119.99714856100005, 31.905431610000015], [119.9971575570001, 31.905205534000046], [119.99716555700005, 31.90498046100008], [119.99716557700003, 31.904754412000024], [119.99717459300007, 31.90430728800007], [119.99717461300008, 31.904082240000008], [119.9971836090001, 31.903856164000047], [119.997087898, 31.903457367999998], [119.99687948900008, 31.903039913000008], [119.99667107900007, 31.902625458000088], [119.996471646, 31.902208975000093], [119.99627221200001, 31.90179649300007], [119.99606380300008, 31.90138003800007], [119.99585539300008, 31.900965583000065], [119.99565596000001, 31.900549101000067], [119.99544755000008, 31.90013464700006], [119.99525609500006, 31.899733143000056], [119.99512645600007, 31.89953549600004], [119.99486518500012, 31.899143207000094], [119.994604911, 31.898749916000057], [119.99434463700004, 31.89835762400002], [119.99409334000003, 31.897964305000073], [119.99383306500008, 31.89757201300003], [119.99358077000008, 31.897178697000086], [119.99332049500003, 31.896786405000043], [119.99319085700006, 31.896588757000032], [119.99301634300001, 31.896337235000004], [119.99340733200003, 31.896032980000058], [119.99379832200006, 31.89572872500002], [119.99399780600004, 31.89557708600008], [119.99438779800006, 31.895273834000037], [119.99477878800008, 31.894969578], [119.99516079999998, 31.894668351000035], [119.99536028400006, 31.894513710000027], [119.99565553099998, 31.89416673800001], [119.99576825000005, 31.893962351000063], [119.99597673299999, 31.893554630000075], [119.99609842800012, 31.893348215000053], [119.99620217100008, 31.893142856000026], [119.99630691200005, 31.892938494000077], [119.99642761000008, 31.89273208200005], [119.996636093, 31.89232436100007], [119.9967488130001, 31.892117975000048], [119.9968625290001, 31.891911585000024], [119.99708795400011, 31.891653844000103], [119.9974520180001, 31.89132366700005], [119.99773030200004, 31.891069766], [119.99825092500014, 31.89103517500007], [119.99878052500009, 31.89099755700007], [119.99919741600002, 31.891061304000104], [119.99944874400003, 31.891137556000018], [119.99995239800015, 31.891287059000042], [120.0006206210001, 31.891421060000027], [120.00148038300009, 31.891089384000026], [120.00366796000009, 31.88744600600002], [120.00417087900004, 31.88481794000009], [120.00767880600003, 31.88437733800005], [120.00991812300003, 31.883719558000067], [120.00873727700002, 31.88221974100005], [120.00583519599999, 31.877489418999993], [120.0052837720001, 31.875912748000104], [120.00537454900007, 31.8757624450001], [120.00834405700009, 31.87362313600002], [120.00820445200009, 31.873222469999995], [120.0084837590001, 31.87295358500004], [120.00848376500002, 31.87288257000003], [120.00831421000011, 31.872773051000024], [120.00754421400008, 31.872532295], [120.00679322700012, 31.87173237300007], [120.00715432700005, 31.87135221700006], [120.00712441599998, 31.871222280000055], [120.00634351000012, 31.870422451000046], [120.00620387600011, 31.87038286100006], [120.00584480000006, 31.870462953000114], [120.00565435900012, 31.869752380000115], [120.00517361000004, 31.869752822000066], [120.00445350400005, 31.86958295300004], [120.00418322300007, 31.869452740000014], [120.00420018700007, 31.869361670000032], [120.00434383100004, 31.869133192000042], [120.00427402700004, 31.868993373000023], [120.00394389700008, 31.86891235100007], [120.00372346400005, 31.869022037999997], [120.00315397400001, 31.868832717000053], [120.0032248120001, 31.86856244899998], [120.00332864900007, 31.86733988900008], [120.00315524700011, 31.86574809200009], [120.00026496799998, 31.864502590000065], [120.00014330700003, 31.864302919000068], [120.00002164600009, 31.864103249000067], [119.99989200700011, 31.863903602000065], [119.99970054100008, 31.863598122000013], [119.99959683300003, 31.863389396000066], [119.99949212900006, 31.863183672000005], [119.99928371600006, 31.862771223000074], [119.99918001, 31.862562497000035], [119.9990673260001, 31.86235679800007], [119.99896262300004, 31.862150075000017], [119.99875421100012, 31.86173862599999], [119.99865050399998, 31.861529900000043], [119.99854679700002, 31.861324174000075], [119.99844209300014, 31.861117452000023], [119.99809503400002, 31.860872458000088], [119.99758240399998, 31.860748993000087], [119.99733107600005, 31.86068774600008], [119.99682742200004, 31.860564255000078], [119.99631579100007, 31.860440788000076], [119.99590688800008, 31.86030200500005], [119.9956645410001, 31.860201723000017], [119.99519580200004, 31.86000411100001], [119.99471808800004, 31.859806526000092], [119.9944837180001, 31.859707220000047], [119.99401498000012, 31.859509609000035], [119.99353726400012, 31.85931202300003], [119.99330289500008, 31.859212717000077], [119.99282517900009, 31.85901713300006], [119.99258283100002, 31.85891484900003], [119.99211409100005, 31.85871723600011], [119.99163637300005, 31.85852265000009], [119.99140200200011, 31.858420343000063], [119.99093326000005, 31.858222727000054], [119.99045653800013, 31.85802713700012], [119.99022216600011, 31.857924828000094], [119.98977934700005, 31.857795146000022], [119.98951904000009, 31.85773892400008], [119.98900640000014, 31.85763245600006], [119.98875506700003, 31.857578207000103], [119.98823444700012, 31.857467760000112], [119.98798211500002, 31.857413512000065], [119.9874784470001, 31.857305013000058], [119.98721813600005, 31.857250788000016], [119.986706485, 31.857142311000096], [119.98619383700013, 31.85703383400009], [119.98593352200008, 31.856979606000046], [119.98542186700003, 31.856869123000052], [119.98527427400006, 31.85661051600006], [119.98527429400008, 31.856384471000098], [119.9853002670001, 31.85593530500006], [119.98531724200006, 31.855710211], [119.9853262390001, 31.855484139000033], [119.98534423200009, 31.85503499700009], [119.98536120800007, 31.854809902000028], [119.98546496100005, 31.854544538000006], [119.98569938600008, 31.854136754000017], [119.98591685500003, 31.85372902000003], [119.98614230200005, 31.853320262000054], [119.98635877200002, 31.852910531000077], [119.98651538800009, 31.8526220030001], [119.98691437000005, 31.852326742000095], [119.98731434700002, 31.852033479000077], [119.98748989800006, 31.851904924000095], [119.98755173800012, 31.85189073400008], [119.98769935100009, 31.851865283000016], [119.98772230300003, 31.85173618900008], [119.98811230500006, 31.851442954000063], [119.9888383900001, 31.851478764000007], [119.98892316700008, 31.851483508000044], [119.988951099, 31.85141641000009], [119.98902392300008, 31.851242156000062], [119.9920030760001, 31.850963058000062], [119.99207393200001, 31.850472749000083], [119.99199318300009, 31.850042911000045], [119.992173707, 31.850023358000023], [119.99245399200002, 31.849712446000055], [119.99226351900006, 31.849472979000048], [119.99255386700011, 31.848142840000037], [119.99253394000007, 31.847922859000043], [119.99564372100006, 31.847582327000026], [119.99633827800007, 31.843100358000086], [119.996363263, 31.84252317400003], [119.99588377600003, 31.839823125000088], [119.99622885300008, 31.83990909100001], [119.99647120300006, 31.839995369000043], [119.99695789699999, 31.840166920000023], [119.99720124400005, 31.840254196000053], [119.99765203500014, 31.840403852000087], [119.99790336200007, 31.840482103000078], [119.99839903500003, 31.84063562299999], [119.99864138600003, 31.840715902000063], [119.99885882500007, 31.840560212000057], [119.99884988900013, 31.84010815400005], [119.99883297400007, 31.83965912100011], [119.99881506200009, 31.839208092000007], [119.99880612500007, 31.838759035000066], [119.998789211, 31.838307002000057], [119.99877129800012, 31.837857973000027], [119.99875438300013, 31.837406940000015], [119.99874644400009, 31.836957881000075], [119.99872853200013, 31.836505851000062], [119.99871161600007, 31.83605682000004], [119.99869370500008, 31.83560579100002], [119.9986937440001, 31.835155707000084], [119.99867683000002, 31.83470467500007], [119.99865891700006, 31.83425564700004], [119.99864200200008, 31.83380461600003], [119.99863306000013, 31.83342257200004], [119.99861615100006, 31.83290352799999], [119.99859823800008, 31.83245450100005], [119.99858032600002, 31.832003473000036], [119.99856341100005, 31.831553442000015], [119.9985544750001, 31.831102387000087], [119.99853756000005, 31.830653356000063], [119.99853160100008, 31.830366322000025], [119.99849869100004, 31.83033841700003], [119.99853061100009, 31.830291312000035], [119.99852862300011, 31.830204302000034], [119.99869422300004, 31.82977872200008], [119.99887578000005, 31.829353092000034], [119.99904935900011, 31.828928488000074], [119.99924087400007, 31.828688863000053], [119.99957003500003, 31.828337799000053], [119.99989221500005, 31.827983758000066], [120.00009170700002, 31.82777111300006], [120.00030812300008, 31.827907482000064], [120.00062127600006, 31.82813757300009], [120.00125467100005, 31.82740852100008], [120.00145415800014, 31.827263892000104], [120.00411003600007, 31.828958176000043], [120.00452693900002, 31.829051937000074], [120.00469250600011, 31.829056440000002], [120.00495283500007, 31.82897564300007], [120.00496979500005, 31.828923583000027], [120.00565610500009, 31.827849329000045], [120.0060641020001, 31.827217992000037], [120.00628062900016, 31.82621716400009], [120.00638438600004, 31.825939804000058], [120.00642827800003, 31.8258726600001], [120.00648015200014, 31.825781489000107], [120.00655895200009, 31.825731245000036], [120.00660184200001, 31.82571811400001], [120.006784367, 31.82573957200001], [120.00701875500013, 31.82580988400006], [120.00727906699998, 31.825985138000078], [120.00764408900008, 31.82640212500003], [120.00851182200003, 31.82678461200006], [120.00924094700005, 31.82686646399999], [120.00970077200009, 31.826873105000097], [120.01115014000001, 31.826319733000055], [120.01373776600005, 31.825036948000054], [120.01442409400009, 31.824711903000072], [120.0149448130001, 31.82466439100005], [120.01509243200005, 31.824852999000022], [120.01522208300003, 31.82519568700004], [120.01543047100004, 31.82630928700008], [120.0159431720001, 31.826786902000073], [120.01699351100005, 31.82796111400006], [120.01734859900012, 31.828551211000033], [120.01791305800012, 31.830570976999994], [120.02039589000002, 31.833566557000047], [120.02387783000007, 31.833998081000047], [120.02535360200014, 31.83314795700005], [120.02698532400007, 31.82978201800009], [120.02711620500006, 31.827946340999993], [120.04006229299999, 31.823595918000017], [120.04112134400013, 31.825242854000038], [120.04304198300005, 31.827552091000058], [120.04542009000009, 31.82977050100002], [120.04695272800006, 31.83098161300004], [120.04871315200016, 31.83221637600007], [120.05035887800008, 31.833268438000076], [120.05175407800006, 31.83379496300003], [120.05146031600009, 31.835165751000027], [120.05554154500008, 31.836327837000077], [120.07533734300011, 31.849272688000084], [120.08051227900009, 31.854844200000024], [120.09371950700005, 31.85734103100002], [120.10915631900001, 31.857129267000083], [120.11247304700007, 31.856799585000076], [120.11789999300004, 31.861141220000036], [120.13936134900011, 31.86075309700007], [120.1413063470001, 31.864314922000084], [120.14681869900002, 31.86602547800004], [120.15329526399998, 31.869686638000097], [120.16400727200008, 31.872034895000056], [120.16504043600003, 31.87173377100001], [120.17008369000004, 31.87241537700001], [120.17111684699998, 31.87209824700006], [120.17796590000012, 31.866750867000107], [120.18043961700006, 31.862319485000093], [120.17950222700004, 31.858026932000016], [120.17574366200009, 31.85089164100001], [120.17203690200009, 31.846381879], [120.16774020200012, 31.84274313300002], [120.16841744400011, 31.84064601000005], [120.16520593100003, 31.837935471000044], [120.16228913300012, 31.837347898000104], [120.15928530000008, 31.834556786000093], [120.15906769200001, 31.834016283000047], [120.15912001500008, 31.832142036000043], [120.15934578700002, 31.83110826500004], [120.15958861100013, 31.830077528000025], [120.15981538700007, 31.82904676200009], [120.16003209400006, 31.828446055000036], [120.16035310100006, 31.82802257499999], [120.160700203, 31.827425113000032], [120.16596935100006, 31.825477625000097], [120.1672623300001, 31.82487794500004], [120.16727138900005, 31.82452689900004], [120.16729753700008, 31.823751811000122], [120.16570912300011, 31.819121009000042], [120.16571718200007, 31.818731956000093], [120.16574334200001, 31.817809844000088], [120.16616866400011, 31.817469584], [120.16744559900008, 31.816813867000107], [120.16981480199999, 31.81662928300002], [120.17151597100006, 31.816425433000028], [120.17313088200001, 31.816019378000092], [120.17447600300011, 31.815218743000017], [120.17448507300006, 31.814737676000092], [120.172757142, 31.81163792800004], [120.17142935199999, 31.809142024000025], [120.16947699000002, 31.80290032700006], [120.17001667600009, 31.802332245000045], [120.17100779100011, 31.801035890000072], [120.17162772200007, 31.800392945000077], [120.17214833300017, 31.799955847000064], [120.17285451100005, 31.799434080000054], [120.17331894500003, 31.799049884000063], [120.17380646200004, 31.79849270200006], [120.17429699600004, 31.797827505999997], [120.17457385800003, 31.79748996600005], [120.17516767700013, 31.797080002000058], [120.17572939900006, 31.79663997100006], [120.17619081800007, 31.796199753000053], [120.17649676200006, 31.795873266000044], [120.17672248599999, 31.79530959200003], [120.17693716900008, 31.794818909000114], [120.17760223000005, 31.79393899200005], [120.17812383300011, 31.793344854000097], [120.17851302800008, 31.792894496000045], [120.1797508830001, 31.790735413000014], [120.18036479500009, 31.78956934600008], [120.18054939200009, 31.78896558600004], [120.18081522100015, 31.788432984000025], [120.18096871400004, 31.787952188000034], [120.18117342800011, 31.78666335800007], [120.18127579700007, 31.785885424000092], [120.181378128, 31.785527554000062], [120.18168506800009, 31.78506703700006], [120.18203314700011, 31.784370556000077], [120.18277949600005, 31.782416596000054], [120.18338341200001, 31.780595401], [120.18371146800007, 31.77939680500004], [120.18487708800005, 31.776522442000065], [120.1852973980001, 31.775366012000042], [120.18640181400008, 31.77244952100005], [120.1870568190001, 31.77085343000006], [120.18732362900006, 31.770248805000037], [120.18757940400008, 31.769676165000085], [120.18781410500006, 31.76924650800006], [120.18852014500013, 31.76869363800006], [120.18940066600014, 31.768100050000058], [120.190065558, 31.76767011000001], [120.19113957600004, 31.767188836000074], [120.19185559000005, 31.766676949999997], [120.19213138300003, 31.766258346], [120.19265390900011, 31.76513204800007], [120.19337197000002, 31.763866044000032], [120.19397372400007, 31.762399817000045], [120.1944851720001, 31.761571526000075], [120.19492542400012, 31.76072211500005], [120.1953556630001, 31.759677657000054], [120.19544695800002, 31.759073721999997], [120.1955853960001, 31.75827083500009], [120.19565462400014, 31.757762878000072], [120.1958461830001, 31.757175103000023], [120.19647100700001, 31.755182823000027], [120.19235701800005, 31.754610175000074], [120.18899778800002, 31.753822473000092], [120.18777435700005, 31.753668366000042], [120.1865759850001, 31.753330256000048], [120.18147233200015, 31.752165085000094], [120.17920669300011, 31.75179693700001], [120.17838094999999, 31.755171857000008], [120.17390612600002, 31.760271260000053], [120.16761814400004, 31.759904442000078], [120.16424164200009, 31.76282049200003], [120.15892067100002, 31.761471386000053], [120.15518452900007, 31.760916444000053], [120.15382459000008, 31.759751820000062], [120.150798773, 31.758674253999985], [120.15136956500007, 31.757324093000094], [120.15027938500012, 31.757214143000056], [120.15041806400004, 31.754112991000063], [120.15110809700002, 31.753958195000045], [120.15125959600003, 31.75333438500003], [120.15112934200009, 31.751894972000038], [120.15109939000001, 31.75036472800008], [120.15088901800002, 31.747614016000036], [120.15092925200005, 31.746303929000085], [120.15101953400006, 31.74610406500007], [120.151398651, 31.74603473200002], [120.15158925300014, 31.745544013000007], [120.15137865500003, 31.745323610000064], [120.15138872900006, 31.744824569000073], [120.15124934100007, 31.744594293000027], [120.15118920300007, 31.74415813500009], [120.15114911100014, 31.743874029000033], [120.15092949200007, 31.743604608000034], [120.15051931600007, 31.7433338480001], [120.14992860000004, 31.74325379500005], [120.14998991100005, 31.74176472800012], [120.15093968700012, 31.741734406000013], [120.15134903100015, 31.740103945000023], [120.15130894300012, 31.73977383600006], [120.15017865300004, 31.739593810000002], [120.15031920900003, 31.737943871], [120.15120880600008, 31.738004455000038], [120.15125893000007, 31.738254573000034], [120.15155880600001, 31.738304113000048], [120.15216886300004, 31.735323870000023], [120.15238864100002, 31.733844100000063], [120.15286917500006, 31.73252382000007], [120.15260855000008, 31.730894176000056], [120.15115924599999, 31.731394638000076], [120.15122950600002, 31.730783698000067], [120.15035411100007, 31.72891394599999], [120.15085861000017, 31.728633811000087], [120.15329686100003, 31.72775208300005], [120.15289889500005, 31.725384123000055], [120.15326909100011, 31.724224672000048], [120.15417891600009, 31.72275417000006], [120.154818887, 31.72196425400007], [120.15580889800003, 31.721254990000006], [120.1566094090001, 31.719904325000073], [120.15466970200009, 31.71903469800006], [120.1546095460001, 31.718774563000032], [120.15494966700008, 31.717534064000063], [120.15497879000009, 31.71712407800007], [120.15410932600001, 31.715774373000038], [120.15334906300008, 31.715914011000045], [120.15330898900004, 31.71540489100002], [120.15230903599999, 31.71543409500004], [120.15225892000004, 31.715073972], [120.15168925100014, 31.715013947000003], [120.15163909100008, 31.715153870000037], [120.15142947400014, 31.715174499000057], [120.15098918700005, 31.715144712000075], [120.15088890400008, 31.715033524000027], [120.15116777300008, 31.71442696400002], [120.15202807500012, 31.70565473200002], [120.15121174200007, 31.70493621600008], [120.14833847200009, 31.703942074000068], [120.14876396600005, 31.700966578000077], [120.14685346800007, 31.700962266000076], [120.14286027600008, 31.700015461000078], [120.14042967500004, 31.698869418000108], [120.13970092400005, 31.69625505800007], [120.13920583000004, 31.693479073000063], [120.1390144650001, 31.6917716520001], [120.13814627900004, 31.690128181000013], [120.14453603299998, 31.688028392], [120.14620287900006, 31.686643127000046], [120.14620911200004, 31.68421498400005], [120.13988295400011, 31.678956218000053], [120.1384241110001, 31.677877858000002], [120.12364786, 31.686413051000017], [120.12181536199999, 31.68050360800001], [120.1211383430001, 31.675620594000108], [120.12099045500013, 31.659618720000026], [120.11959337200008, 31.65001294700007], [120.11736149700008, 31.642580565000088], [120.11621548200002, 31.639914448000027], [120.11458301300004, 31.63266592300007], [120.11151855000006, 31.631713460000043], [120.10393867600013, 31.631005922000035], [120.09955403400008, 31.630532354000017], [120.09840784000009, 31.62897607300004], [120.09745289800004, 31.627638883000067], [120.09458724300008, 31.62477355700004], [120.09265166999998, 31.622956543000072], [120.0890302160001, 31.619843967000108], [120.08570447300008, 31.617924869000035], [120.08280445000003, 31.615921068000063], [120.0793057940001, 31.61357502300011], [120.07465986700001, 31.610969474000086], [120.07064881800014, 31.60888523700003], [120.07043998700009, 31.607702476000043], [120.07032729, 31.60470566500007], [120.06995408900002, 31.59713628200003], [120.06655078500017, 31.594065218000033], [120.06569135600012, 31.59273631700004], [120.06359868800007, 31.591911032000056], [120.05976983700009, 31.588742563999993], [120.0568868150001, 31.584863216000002], [120.05281439900013, 31.582703224000078], [120.05214623900008, 31.582195444999982], [120.05162495700003, 31.581255439000103], [120.05074820700005, 31.57950614800005], [120.05066136399998, 31.57897634000009], [120.05086115600008, 31.57847099700011], [120.05155535700013, 31.577735764000025], [120.05353520800008, 31.575526358000005], [120.05453419100004, 31.57442270100008], [120.05480305600008, 31.572671354000036], [120.05444660800009, 31.57083708000006], [120.05272784300007, 31.56771229200006], [120.05153841199999, 31.5661755450001], [120.05124286500003, 31.56520515700001], [120.05170344600003, 31.563534439000065], [120.0532917580001, 31.561323768000115], [120.05534163400014, 31.559789372000083], [120.05897932900004, 31.557363751000025], [120.06426063800004, 31.554273556000048], [120.06689801100003, 31.55615212200005], [120.0692679760001, 31.556430417000072], [120.07002273600003, 31.556196636000003], [120.07028167500005, 31.55594438700009], [120.07205219800008, 31.555984623000043], [120.07234111200009, 31.55624132700006], [120.07299098000013, 31.556351716000044], [120.074630724, 31.556802241000106], [120.07507170800015, 31.556611891000074], [120.0748207640001, 31.55619213400007], [120.07482078500009, 31.555952153000113], [120.07598176400005, 31.555562252000094], [120.07605177300007, 31.555452206000048], [120.07661179700004, 31.555191800999992], [120.07584189200011, 31.554162482000002], [120.0752609990001, 31.553232026000025], [120.07598202800015, 31.552612507000013], [120.07636204200007, 31.55242223100008], [120.07739210500003, 31.552052504000038], [120.077822136, 31.552032203000046], [120.07822216800005, 31.552072924000043], [120.0804124570001, 31.552672495000003], [120.08073252800011, 31.552673312000067], [120.08225295900004, 31.55244352600006], [120.08874017299999, 31.551211366000075], [120.09240594900007, 31.550505977000064], [120.09229588500011, 31.55020500900003], [120.09245602100013, 31.550176005000033], [120.09202576900006, 31.54901513400008], [120.09298660800007, 31.548646131000012], [120.09292558500007, 31.548315162000073], [120.09413068100005, 31.548060195000026], [120.09355623100012, 31.547276257000092], [120.09525686200007, 31.546816377000056], [120.09514677200002, 31.54661638700003], [120.0948364730001, 31.546621365000085], [120.09473939100005, 31.54649437100006], [120.0935162510001, 31.546656316000046], [120.09344616500007, 31.546915290000065], [120.09265645900011, 31.54715527900003], [120.09218519800001, 31.545675441000064], [120.09197602700013, 31.545685452000008], [120.09180391900009, 31.545338497000074], [120.09011458100011, 31.545935619000012], [120.0898384330001, 31.54540471200005], [120.08957532200009, 31.544604832000033], [120.08924517800003, 31.54369498000007], [120.09036499800004, 31.543294844000094], [120.0918651850001, 31.542905733000048], [120.09206630100005, 31.54344566700005], [120.09361564900007, 31.543185656000027], [120.09377676900007, 31.5434656300001], [120.09394592900004, 31.54339564100008], [120.09448636900008, 31.544066594000086], [120.09429618100015, 31.544175575000047], [120.09445731500008, 31.54436656300004], [120.09465651200003, 31.544255584000005], [120.09455643100011, 31.544105593000026], [120.09517407300005, 31.543543690000078], [120.09545733300004, 31.54373669400006], [120.09552640800007, 31.543665707000045], [120.09592677800006, 31.544006715000016], [120.09679669800002, 31.543766851000065], [120.09653750000007, 31.542945896000084], [120.09666764100008, 31.54288691900009], [120.09710707500003, 31.543225953000075], [120.09765771200011, 31.54277609300007], [120.097707796, 31.54245713400006], [120.09810726, 31.542216236000023], [120.09793708600014, 31.542037221000044], [120.09793710000005, 31.541876237000047], [120.097796968, 31.541626235000052], [120.09739657600008, 31.541106216000102], [120.09823655400012, 31.54054643500006], [120.09805736900014, 31.540366415000086], [120.09762794900004, 31.539749397000016], [120.09718649900003, 31.539437353000046], [120.0970864310001, 31.53899638300006], [120.0961965350001, 31.538606298000026], [120.09608646100006, 31.538176331000066], [120.09580641000005, 31.535566581000054], [120.09713381300003, 31.535286789000082], [120.09671647700013, 31.53408685800001], [120.09734717900008, 31.533756994000072], [120.0972271060001, 31.533127045000086], [120.0968567750001, 31.532407067000022], [120.09666663600001, 31.531727117000074], [120.09795712700011, 31.530626463000047], [120.09894731500006, 31.52991676100003], [120.09852791300008, 31.529016770000084], [120.09744669699998, 31.529156538000016], [120.09721653800011, 31.528156617000057], [120.09765703200006, 31.527976716000097], [120.09741682500007, 31.527356746000045], [120.0977271810001, 31.52716682500005], [120.09745699300002, 31.5259769190001], [120.09744702300009, 31.525516974000055], [120.09753713400008, 31.52536600800009], [120.09746709800007, 31.52491705000007], [120.09801671400007, 31.524797169000095], [120.09798771200006, 31.52444620700001], [120.09804679800007, 31.524226245000108], [120.09865751700015, 31.52389641700009], [120.09828715900005, 31.523206422000015], [120.09903705600001, 31.522776646000075], [120.0986366860001, 31.52174668200003], [120.09848652000002, 31.5216766570001], [120.09840744500006, 31.521526658000035], [120.09849665300007, 31.520326831000055], [120.09964703200004, 31.519897169000032], [120.10059725400006, 31.51914754000009], [120.10097778000011, 31.51858773400005], [120.10061736500003, 31.518187672000074], [120.10010772200005, 31.518387493], [120.0998183900001, 31.518177439000027], [120.09776689000009, 31.51971676000003], [120.0974665790001, 31.519526730000024], [120.0976167570001, 31.519356777999995], [120.09749664200001, 31.519176780000024], [120.09665680999998, 31.518456740000047], [120.09613722900008, 31.51894660800008], [120.09558670600009, 31.518596594000073], [120.09630650800014, 31.517765783000073], [120.09628649999999, 31.517625799000037], [120.09705637400009, 31.51686701000005], [120.09728065800009, 31.51637611100002], [120.09590638200007, 31.514606158000035], [120.09591940200008, 31.514531170000048], [120.09640594500001, 31.51401629800008], [120.09782634800004, 31.51531635200009], [120.09831694500012, 31.51476652500007], [120.09864729100002, 31.51509655300002], [120.0987373960001, 31.51507657700006], [120.09900673700008, 31.51474668600003], [120.09919695500002, 31.514786727000057], [120.09942725800016, 31.51443683300006], [120.09966754000004, 31.514476891000086], [120.100017932, 31.514806944000043], [120.10035639000012, 31.514298111000038], [120.10136360900006, 31.5147743690001], [120.10157793500002, 31.51418752300004], [120.10177818700006, 31.51427758100003], [120.10218767100002, 31.514837656000097], [120.10228780600005, 31.514807697000016], [120.1026082720001, 31.514347884000074], [120.10225783500005, 31.514037789999996], [120.10251920600001, 31.513755929000034], [120.10611912300007, 31.515809316000023], [120.10755919600001, 31.517328926000076], [120.108190142, 31.517898233000018], [120.10804990600003, 31.518048126000075], [120.10768932700013, 31.518148895000067], [120.10786549500006, 31.51937284200008], [120.10853952400012, 31.519888191000092], [120.10886005800009, 31.519718417000078], [120.10921964200008, 31.519758646000028], [120.10989981300006, 31.519259167], [120.11014018500006, 31.519609287000016], [120.11087632100012, 31.52088064400005], [120.11174987400011, 31.52044934200007], [120.11265052600001, 31.51980911900003], [120.11136041300003, 31.51799937000004], [120.11136042300004, 31.51787938600006], [120.11205064900003, 31.517688930000112], [120.112010594, 31.51750892300005], [120.11207971900004, 31.51746898100003], [120.11299034600006, 31.51746969400009], [120.11333999200005, 31.517319996000047], [120.11346020800013, 31.51736008799999], [120.1137507080001, 31.517720279000038], [120.114971027, 31.517209385000044], [120.11489089400001, 31.517010341000095], [120.11537082500003, 31.51675979600006], [120.11516144300003, 31.516580635000068], [120.11449124300009, 31.515889146000056], [120.11471070300004, 31.515340408000036], [120.11407056600001, 31.51469995000007], [120.11349058800008, 31.51370960400002], [120.11413080900002, 31.513220202000113], [120.11374020900011, 31.511859064000113], [120.11392055200011, 31.51174023000005], [120.11356993400014, 31.51144998000011], [120.11457084500009, 31.510789913000025], [120.11480030800007, 31.510430162000013], [120.11453987600011, 31.509790028000076], [120.11422027800005, 31.509809753000106], [120.11407003100014, 31.5094596760001], [120.11396083600008, 31.50938959400007], [120.11354006500008, 31.509359250000045], [120.11346500200008, 31.50853030700003], [120.11394098700012, 31.507279881000038], [120.1171010380001, 31.507130720000042], [120.11723117400004, 31.508497647000077], [120.11717089800001, 31.51025634000011], [120.11793122600014, 31.512370777000086], [120.1180414180001, 31.512699840000046], [120.11831192700001, 31.51312104800008], [120.12456289100012, 31.506721791000047], [120.12487361400008, 31.506494196000048], [120.12406091300008, 31.50501744500007], [120.12343259700003, 31.504061852000056], [120.12263190400006, 31.503261054000056], [120.1214323690001, 31.502550825000085], [120.11869879100004, 31.500983194000057], [120.11271685000008, 31.49500975600008], [120.10629195500006, 31.48691580499998], [120.10383375800006, 31.482768312000097], [120.10077765600016, 31.472269062000024], [120.10152476200005, 31.47046565300011], [120.10517139300006, 31.463311593000064], [120.08643441500008, 31.45496540500006], [120.08507060700003, 31.45652154100003], [120.08454937700009, 31.456507742000042], [120.0828738490001, 31.45519273900004], [120.07383519700008, 31.45179253500008], [120.05606238600001, 31.442233149000053], [120.04988911400002, 31.436112481000066], [120.03968713200004, 31.408076745000038], [120.03483445499998, 31.379997118000105], [120.03528580500003, 31.36636827200008], [120.03703086599998, 31.36289624800004], [120.03997384400013, 31.360673208000044], [120.05235498600004, 31.357967983000037], [120.08875267100005, 31.35494003600006], [120.09123548800005, 31.354295877000048], [120.09553343500012, 31.34119633800003], [120.09524751300009, 31.33714273400001], [120.08468030900008, 31.33426036100009], [120.06383313200001, 31.33871062500007], [120.05575870500002, 31.34098585900003], [120.03689146200009, 31.347757603000062], [120.02722013600012, 31.355274185000084], [120.01886006800012, 31.36687018900004], [120.01610785900004, 31.376125106000096], [120.01623776700005, 31.384926072000077], [120.02300055500005, 31.41094383000003], [120.0296681780001, 31.4204737050001], [120.03273330500012, 31.427755168000026], [120.0340878530001, 31.436752690000013], [120.03935706299998, 31.47153192300005], [120.04130184800015, 31.481610723000067], [120.03957444000004, 31.485500900000062], [120.03847215900014, 31.487932998000034], [120.04013009000009, 31.489903902000037], [120.04059210900004, 31.49208350800008], [120.03274616100012, 31.496601253000044], [120.03132672900009, 31.499731305000033], [120.02611751800012, 31.50207841800008], [120.02033554500008, 31.502996011000064], [120.01723685100004, 31.503627638000097], [120.01365136100002, 31.50653751400008], [120.01096899900003, 31.507349236000003], [120.00427526700005, 31.506379322000043], [120.00295477200004, 31.50570940300004], [120.0007515880001, 31.505259138000085], [120.0004124650001, 31.505430142000115], [120.00018704700011, 31.505551808000057], [119.99973521600012, 31.505786146000084], [119.99951877500006, 31.50590778500002], [119.9990759210001, 31.506142096000048], [119.9986240920001, 31.50638043600005], [119.99839867600011, 31.506500103000093], [119.99795582400006, 31.506736416000017], [119.9975129720001, 31.506975728000008], [119.99727858100006, 31.507095424000056], [119.9968367270001, 31.50733173600007], [119.9963849000001, 31.507568076999995], [119.99616746400014, 31.50768972200011], [119.99605076800009, 31.507750068000043], [119.99602882400004, 31.50776413300005], [119.99600787900008, 31.507773196000088], [119.99571663600014, 31.507926061000035], [119.99549122100007, 31.508045730000077], [119.99505734700004, 31.508280018000015], [119.99460552100004, 31.508518360000018], [119.99438010500015, 31.508640028000045], [119.99404995900008, 31.50885300400008], [119.99368589299999, 31.509178065000064], [119.99332082800007, 31.509504130000046], [119.99296474100001, 31.5098311670001], [119.9923742770001, 31.510082929000063], [119.9922875450001, 31.509638256000038], [119.99220979000006, 31.509193555000017], [119.99211408100005, 31.508748911000083], [119.9920792040001, 31.50839506700003], [119.99207922400001, 31.508169100000075], [119.99208822000004, 31.50794610500001], [119.99208824000004, 31.507720138000053], [119.99209623800009, 31.50749414600009], [119.99209625800009, 31.507268178000047], [119.99209629800009, 31.506819244000027], [119.9920963180001, 31.506594276000065], [119.99210531400004, 31.50637028100001], [119.99210533300004, 31.50614431500005], [119.99210535300004, 31.505918348000094], [119.99211434900008, 31.50569335300004], [119.99214049000011, 31.503303629000115], [119.99133295800007, 31.49946667100008], [119.98847725200005, 31.501892961000102], [119.98516156500017, 31.505713389000015], [119.97680213100011, 31.51348001400003], [119.97586540000006, 31.514001657000023], [119.96884383400005, 31.51789298300003], [119.9691824250001, 31.525068133000048], [119.96911430500006, 31.52823593800005], [119.96911330500006, 31.528259938000083], [119.96911330400006, 31.528283935000026], [119.96906922200006, 31.530386810000024], [119.96899936500004, 31.530605977000036], [119.96885166800008, 31.5310393340001], [119.96871394800006, 31.531473664000067], [119.96857423200004, 31.531905999000045], [119.96850537200012, 31.53212516300006], [119.9683666520001, 31.532559495000022], [119.96821895400004, 31.532990852000097], [119.96814909500003, 31.533210019000023], [119.96801935400005, 31.53364432600008], [119.96787165400008, 31.534078681000047], [119.967801794, 31.534305847000013], [119.96768901200008, 31.534746107000025], [119.96758521100001, 31.535184342000044], [119.96746345000005, 31.53562762500004], [119.96735964700008, 31.536067860000053], [119.96724686500008, 31.536506120000077], [119.96719496200005, 31.536730236000054], [119.96708118200004, 31.537168497999993], [119.96703824700015, 31.537548574], [119.96699530400005, 31.537997643000026], [119.96674286700014, 31.538086318000083], [119.96650040500005, 31.538172966000054], [119.96601348200008, 31.538347262000087], [119.96556247999999, 31.538438466000088], [119.9653020530001, 31.538488159000025], [119.96504162600004, 31.53853984900004], [119.96452974400006, 31.53864020400008], [119.96427829000004, 31.538689866000013], [119.96375741700002, 31.53879023400006], [119.9635059580001, 31.538841891000068], [119.96324551700003, 31.53889257100009], [119.96273360800004, 31.53899190200005], [119.96248114300012, 31.53904355600006], [119.96222967500009, 31.539094204999984], [119.96171775100001, 31.539193522000033], [119.96145729600005, 31.539244190000048], [119.96104913700003, 31.539419223000053], [119.96058109500012, 31.539621400999998], [119.96011204700002, 31.53982357700003], [119.95964399000002, 31.540025743000058], [119.95917492900003, 31.54022890600008], [119.95869787600009, 31.540431083000023], [119.9582288, 31.540633234000047], [119.95775971700009, 31.540837378000063], [119.95729162400008, 31.541039513], [119.95682252600008, 31.541240646000034], [119.95635441900006, 31.54144276800006], [119.95587632200014, 31.541646908000075], [119.95584438199998, 31.541661983999994], [119.95582242300011, 31.541670036000035], [119.95541718100006, 31.5418489960001], [119.95493906900003, 31.542051123000036], [119.9546006940001, 31.542184917000007], [119.95409761800013, 31.542335097], [119.95360252000012, 31.542483249999997], [119.95310841, 31.542632391999994], [119.95285686000014, 31.542708971000025], [119.95236173800004, 31.54285610400003], [119.95186760600009, 31.543006228000017], [119.95137246600007, 31.54315634400009], [119.95087731600005, 31.543303455000093], [119.95038315500011, 31.543453553000077], [119.94988000000004, 31.54360066400008], [119.9493848220001, 31.543750750000065], [119.94889063300008, 31.54390082300005], [119.94839543600004, 31.54404789200005], [119.9479002270001, 31.54419795100003], [119.94740600900006, 31.54434600000011], [119.94691178000002, 31.544496041000095], [119.94640755600005, 31.54464509399999], [119.94590432100007, 31.544793136000074], [119.94541006100012, 31.54494315000005], [119.94491579100008, 31.545093155000117], [119.94442051300004, 31.54524015400002], [119.9439262220001, 31.545390141000084], [119.9436825680001, 31.54546662500011], [119.94325715800007, 31.54568145500012], [119.94279778600007, 31.545909345000055], [119.94234639500011, 31.54613921000007], [119.94188700600012, 31.546367084000096], [119.94143559699998, 31.546596936000107], [119.94099216800007, 31.54682576300003], [119.94053275000007, 31.54705561300004], [119.94008131400003, 31.54728344100006], [119.93962986900016, 31.54751326100007], [119.93917042400005, 31.54774108700009], [119.93872694900006, 31.547971877000094], [119.93826748600014, 31.54819968800011], [119.93781600300008, 31.548429475000027], [119.93765117400002, 31.54868774500008], [119.93739943400007, 31.54908015500004], [119.93713870000008, 31.549477578000065], [119.93689595100008, 31.549783974000015], [119.93653133400002, 31.550115578000003], [119.93634952200016, 31.550280877000006], [119.93599388500004, 31.550610459000005], [119.93582006100004, 31.550775741000095], [119.93545542500007, 31.551103330000018], [119.93509977400005, 31.551435898000094], [119.93492594200006, 31.551601173999998], [119.93468317500003, 31.551813558000077], [119.93430154000009, 31.55211916100005], [119.9339109060001, 31.55242777100009], [119.93372008200002, 31.55258206800007], [119.93333842900006, 31.552887655000042], [119.93306067600008, 31.55311607900002], [119.93267801100004, 31.553426657000053], [119.93248717600015, 31.553582944000013], [119.93211449100014, 31.553892498000046], [119.93192365100006, 31.554051779000083], [119.9315419640001, 31.554361339000025], [119.93115927100007, 31.55467189400005], [119.93096842100007, 31.554828169000103], [119.93054378800002, 31.554743810000055], [119.93003121700008, 31.55464157600003], [119.92952762700006, 31.554540317000004], [119.92926783300007, 31.554487695], [119.92875623000009, 31.55438843100005], [119.92824361400005, 31.55428615700002], [119.92772299100014, 31.554184883000083], [119.92721134900009, 31.554082586000057], [119.92669869400004, 31.553978278000038], [119.92618702600006, 31.553878958000084], [119.92568333900013, 31.553774617000066], [119.92517164400007, 31.553675273000103], [119.92491079400007, 31.553623604000094], [119.92439908000009, 31.55352124400006], [119.92388735100012, 31.553421873000012], [119.92362648500011, 31.553367189000014], [119.92336661400012, 31.553317500000077], [119.92285385900004, 31.553218107000113], [119.92234209199998, 31.553113701], [119.92183930600004, 31.553012274000046], [119.92157841300003, 31.55295956600004], [119.92106661100006, 31.552860131000074], [119.92055479600008, 31.552758685000114], [119.92004196700009, 31.552654228999998], [119.91953112400012, 31.552553757000034], [119.91901826900005, 31.552450278000002], [119.91850640000006, 31.55235078500003], [119.91799451699998, 31.552246280000084], [119.91748262000007, 31.55214676400002], [119.91723066700001, 31.552091998000023], [119.91670975000008, 31.551992471000048], [119.91623281400005, 31.551918893000085], [119.91571986800015, 31.551836336000093], [119.91519991000004, 31.55175877200007], [119.91494792600005, 31.55171697800008], [119.91442694600002, 31.551637397000064], [119.91390695200008, 31.551556804000057], [119.91339494500008, 31.551477191000046], [119.91287392300005, 31.551396574000037], [119.9123528880001, 31.551315945000027], [119.91183283799998, 31.55123430200011], [119.91132077400006, 31.55115364200001], [119.91080769800007, 31.551073970000076], [119.91028760500001, 31.55099329100006], [119.90976650000007, 31.55091360100004], [119.90950644100005, 31.550874751000023], [119.90899431600013, 31.550794038000006], [119.90847417500007, 31.550714316000075], [119.90796202200016, 31.55063157900007], [119.90744085200002, 31.55055083400005], [119.90692066900014, 31.550471076000107], [119.90640847400005, 31.55039130200008], [119.89781211200011, 31.549879279999992], [119.89292544500009, 31.548884020000067], [119.89069989000006, 31.548855522000018], [119.89046561600006, 31.548753466000015], [119.89017125700002, 31.548749382000032], [119.88991093500007, 31.548747304000038], [119.88939028299998, 31.548738140000076], [119.88886060600012, 31.548729962000024], [119.88859125600004, 31.548727867000025], [119.88807057000012, 31.54871967400006], [119.88754086000009, 31.548710467000006], [119.88728150700003, 31.54870836100001], [119.88675177600007, 31.548700136000043], [119.88649141200003, 31.54869602200006], [119.8859706750001, 31.548687785], [119.88544091200006, 31.548678532000032], [119.88498123700003, 31.548687302000047], [119.88471183700004, 31.548703162000024], [119.88418304100009, 31.548730880000008], [119.88392264400011, 31.548745737000083], [119.88340184100001, 31.548774443000063], [119.88314143500006, 31.54878729100006], [119.88287201200005, 31.54880313200004], [119.88235118400013, 31.548830816000105], [119.88185638700013, 31.54885050600005], [119.88133553700001, 31.548864171000027], [119.88080666100004, 31.548874820000016], [119.88027777300007, 31.54888845800008], [119.87975688600014, 31.54889909000007], [119.87922697200008, 31.548911706000048], [119.87869804700011, 31.54892331300003], [119.87817712400008, 31.548935914000012], [119.8776481750001, 31.548946500000085], [119.87711821300005, 31.54895807400007], [119.87660627100004, 31.54897065300004], [119.87607628500007, 31.548982207000023], [119.875547288, 31.54899475100008], [119.87502629600016, 31.54900629200006], [119.87449727700007, 31.549018817000032], [119.873967244, 31.549030330000093], [119.87344722000014, 31.549042843000066], [119.87291716400009, 31.54905433800004], [119.87263961200003, 31.549009074000026], [119.872118567, 31.548923571000053], [119.87159851200013, 31.54884105900007], [119.87107744500008, 31.54875553800001], [119.87062651100008, 31.54870307700002], [119.87010541900005, 31.548674533000053], [119.8695853190001, 31.548643982000016], [119.86931574500008, 31.54863169100006], [119.86879562900003, 31.548601126000023], [119.86853506700005, 31.548587840000074], [119.86800491400007, 31.548560249000012], [119.86747575400017, 31.548529652000056], [119.86722419800003, 31.54851736500011], [119.86669502200004, 31.54848675400006], [119.86643443900007, 31.548473449000028], [119.86590524900006, 31.54844282600007], [119.86538406500003, 31.54841520300009], [119.86512347100003, 31.548401889000054], [119.86459425600003, 31.548372243000088], [119.86432563400001, 31.548358912000054], [119.86381344400002, 31.548328275000095], [119.86328420500001, 31.548300610000112], [119.86301456900009, 31.548287267000077], [119.86249433800002, 31.54825760000002], [119.86197309400006, 31.548228925000046], [119.86161722700001, 31.548359445000095], [119.8613746340001, 31.548448115000063], [119.86112301700007, 31.548532773000048], [119.86086238900009, 31.548472430000032], [119.86035917000001, 31.548354763000063], [119.86010755800007, 31.548296427000032], [119.85985494100012, 31.548236088000102], [119.85959530500006, 31.54817673800008], [119.85927451400006, 31.548129300000063], [119.85876222900004, 31.54821857900008], [119.85824091399999, 31.548307838], [119.8577205940001, 31.54839609200011], [119.85746895200006, 31.548441729000068], [119.85714714100008, 31.54836627400004], [119.85692160000008, 31.547957987000096], [119.85669605900014, 31.54755269900005], [119.85647051600006, 31.547144410000016], [119.85624497200004, 31.546736120000077], [119.85601942600013, 31.546330828000023], [119.85580190000007, 31.545922548000085], [119.8555683300001, 31.545515243000047], [119.85533375300005, 31.545158931000053], [119.85517736200009, 31.544974716000084], [119.854873601, 31.544612298000033], [119.85470818500008, 31.544428069000062], [119.854404421, 31.5440656480001], [119.85409263400004, 31.543701214000052], [119.85393623800007, 31.543515995000092], [119.85362344300003, 31.543153556000036], [119.8534760690001, 31.542971349000062], [119.8531722940001, 31.54260992000009], [119.85285949500006, 31.542242476000062], [119.852704096, 31.542060254999996], [119.85241735500007, 31.541775840000085], [119.85223488000007, 31.54161557300006], [119.85204438300002, 31.54145729200011], [119.85167040500008, 31.541139740000034], [119.8514538390001, 31.54092942200004], [119.85117612200014, 31.540544023000038], [119.85090742700001, 31.540157639000043], [119.850637729, 31.539771251000047], [119.85036903100006, 31.539384864000056], [119.85009130700007, 31.53899846000006], [119.84996096700004, 31.53880727200005], [119.84969226500002, 31.538421881000048], [119.84941453700003, 31.538034474000057], [119.84914482900001, 31.537649079000055], [119.84887612200008, 31.537262684000055], [119.84860741300005, 31.536876289000062], [119.84846804400007, 31.53668308200006], [119.84819932700012, 31.536376676000025], [119.847825315, 31.536056096000053], [119.84746133000007, 31.535734531000095], [119.84708831500004, 31.535413949000038], [119.84690581800012, 31.535252663000016], [119.84654082200004, 31.534932091000044], [119.84616780100008, 31.534613502000063], [119.84579477700004, 31.53429191100001], [119.84561227500004, 31.534131622000075], [119.84523924800007, 31.53381002800002], [119.84487423900006, 31.533490445000048], [119.84450120700004, 31.533169846000078], [119.84431870000003, 31.533011553000037], [119.84394566300016, 31.53268995200007], [119.84358164900006, 31.532369363000015], [119.84321663000006, 31.53204777100005], [119.843026097, 31.531887461000018], [119.84278341000001, 31.531762056000034], [119.84232310300001, 31.53153628300001], [119.84202726000007, 31.53140978200002], [119.84151578700002, 31.531318900000052], [119.84125503400003, 31.531273449000018], [119.84074255100008, 31.53118455900004], [119.84022204300008, 31.531091651000075], [119.83970955200004, 31.531002753000095], [119.83944979600005, 31.53095729800006], [119.8389373000001, 31.53086539600001], [119.83842580400005, 31.530774493000038], [119.83790427500007, 31.530683568000065], [119.83739277200002, 31.530594658000076], [119.83713200400004, 31.530547194000057], [119.83681907500008, 31.530568626000054], [119.83629050400012, 31.530603665000022], [119.83576995400004, 31.530637716000086], [119.83524037400002, 31.530672748000057], [119.83471881500012, 31.530707792000022], [119.83419825600004, 31.530741835000086], [119.83393747400012, 31.53075735500004], [119.8334078840001, 31.53079437800008], [119.8328873190001, 31.53082841500006], [119.83235772500007, 31.530863435000114], [119.83183715599998, 31.530896469000005], [119.83130755800005, 31.530930484000066], [119.83078698500005, 31.530967514000018], [119.8302573830001, 31.531002525000076], [119.82973680700002, 31.531035553000052], [119.8292152270001, 31.53106957600003], [119.82868662300007, 31.53110758600006], [119.82815701600013, 31.531141592000033], [119.82790525200008, 31.531159119000066], [119.82753110900003, 31.531248409000078], [119.82712384999999, 31.531530613000072], [119.82670756200002, 31.53180980100008], [119.82650794300002, 31.53195341100006], [119.82609967900008, 31.532235613000047], [119.82569141500005, 31.532515815000053], [119.82527512600007, 31.53279700300005], [119.82486686100003, 31.53308020400003], [119.82466724300005, 31.533220813000028], [119.82425095300006, 31.533502999000106], [119.82384268700002, 31.5337852010001], [119.8234344230001, 31.534066403000097], [119.82322577700006, 31.534207994999996], [119.82281851500011, 31.53449019800008], [119.82241025000008, 31.534772400000065], [119.8219939610001, 31.535054587000054], [119.82179434300011, 31.535195197000057], [119.82137705200013, 31.535477382000046], [119.82097781500013, 31.535759601000038], [119.82056152800007, 31.536041790000112], [119.82035288400003, 31.53618238400002], [119.81994462100009, 31.536464587000104], [119.8195283360001, 31.536746776], [119.81912910100003, 31.537028998000082], [119.81871281800014, 31.537309189000084], [119.81851219800006, 31.537452798000068], [119.81809591500007, 31.537734990000054], [119.81768765700005, 31.53801619800005], [119.8172794000001, 31.538296406000057], [119.81707176100007, 31.538440004000037], [119.81666350600004, 31.538722214000117], [119.81624722800007, 31.539002409000027], [119.81583897500002, 31.539283621000024], [119.81547385200011, 31.53957291300007], [119.81510972999999, 31.539893205000013], [119.81491914400013, 31.540053835000073], [119.81454599700007, 31.540375111000095], [119.81436343599998, 31.54053875700005], [119.81399831400006, 31.54085905000008], [119.81363419700003, 31.541180345000022], [119.81345163700013, 31.541342992000068], [119.81307849499998, 31.541664273000002], [119.81289593600006, 31.541824921000064], [119.81253182300013, 31.54214622000009], [119.81234023900001, 31.542308852000048], [119.81197612800007, 31.542630153000076], [119.81179357100007, 31.542790803000045], [119.81159396300006, 31.542957422000065], [119.81121180300008, 31.543270693000046], [119.81083867100011, 31.543584982000027], [119.81064809300005, 31.543743620000008], [119.8102749630001, 31.54405791100008], [119.80989280800009, 31.54437218800006], [119.80951867800005, 31.544687481000032], [119.809145553, 31.545001777000017], [119.80895498000004, 31.545158419000096], [119.80857283100012, 31.545472700000076], [119.80819971200006, 31.545788001000055], [119.8078265940001, 31.546102303000033], [119.80744445100001, 31.546416591000018], [119.80726190600001, 31.54657325000001], [119.80687976700011, 31.546887541000082], [119.80650665600005, 31.54720184900006], [119.80612452200015, 31.54751514400005], [119.80594298300005, 31.547673808000035], [119.80556085200013, 31.547988106000012], [119.80518774900008, 31.548302421000088], [119.80481364500012, 31.548616737000067], [119.80443152200004, 31.548932040000047], [119.80424096200008, 31.549087694000043], [119.80386786700004, 31.549403017000024], [119.80349477500008, 31.549715341000017], [119.80311266100017, 31.550029652], [119.80273857100012, 31.550343980000072], [119.8025129160001, 31.55051757700005], [119.80204457500008, 31.55071175800004], [119.80180990500003, 31.550811349000107], [119.80133254500004, 31.55100651900009], [119.80109787800008, 31.551106113000074], [119.80062152800011, 31.55130129100006], [119.80038686400005, 31.551400887000035], [119.80014317600005, 31.55149846900003], [119.79967485800012, 31.551693669000016], [119.79919751900005, 31.551891857000072], [119.79894481500001, 31.551965431000028], [119.79845044100014, 31.552108603000065], [119.79819874400002, 31.552182182000024], [119.79795607300001, 31.552253778000086], [119.79745268500011, 31.552398944000103], [119.79720901600001, 31.552470541000076], [119.79670563800002, 31.552615714000098], [119.7964629740001, 31.55268731700007], [119.79621128800015, 31.55276190600003], [119.79570692000007, 31.552904087000066], [119.79545523800003, 31.552978681000113], [119.79496090500007, 31.553120885000062], [119.79470822600004, 31.55319548000002], [119.79446557500012, 31.553269092000072], [119.79396223000005, 31.553412293000108], [119.79371858100005, 31.55348590800007], [119.79321524500006, 31.553629117000106], [119.79297260400006, 31.553702737000066], [119.79246927900007, 31.553845954000018], [119.79222564000007, 31.553917577000078], [119.79197398100013, 31.553991189000044], [119.79147869000008, 31.55413442900008], [119.79122703600004, 31.554208045000046], [119.79072373400005, 31.554351281999992], [119.79047208600002, 31.554424903000047], [119.79022043900017, 31.554498525000007], [119.78972517300012, 31.55464178500005], [119.78947353200009, 31.5547154120001], [119.78897927800006, 31.554858682000052], [119.78873566100006, 31.554933325000015], [119.78823239599998, 31.55507559100006], [119.78798878600007, 31.55514723800004], [119.78773715700004, 31.555221876000083], [119.7872419270001, 31.555364166000047], [119.7867557290001, 31.555459479000028], [119.78623546000004, 31.555509756000014], [119.78597482900014, 31.555531396000028], [119.78544555100005, 31.555581671000013], [119.78492430100009, 31.555630964000002], [119.78466368000011, 31.555654613000094], [119.78414344600006, 31.55570491800008], [119.78387380900003, 31.555728560999995], [119.78335258700008, 31.555777875000082], [119.78283237500011, 31.555828199000068], [119.78257177100014, 31.555851862000075], [119.78204154900004, 31.555902185000065], [119.78152136000008, 31.555949527000074], [119.78126878500007, 31.555975211000067], [119.78073959000005, 31.556020554000085], [119.78021040400006, 31.556070903999988], [119.779949824, 31.556094588000086], [119.77943768899999, 31.556144970000076], [119.778907525, 31.556194340000076], [119.7786469560001, 31.556218034000082], [119.77811780800002, 31.556267417000086], [119.77760570700002, 31.556315828000002], [119.7773361320001, 31.556341521], [119.77681502700014, 31.55638893400001], [119.77655447700008, 31.556413644000017], [119.77603438900005, 31.556461070000033], [119.77550429000004, 31.556510494000037], [119.77524375400009, 31.556534215000042], [119.77472268900013, 31.55658466200004], [119.7742016340001, 31.55663411700005], [119.77394111000004, 31.55665784700006], [119.77352528600008, 31.556621429000067], [119.77300426400006, 31.556574912000038], [119.77273473900004, 31.556553648000055], [119.7722137320001, 31.556508144000105], [119.77195323300013, 31.556483895000056], [119.77169273600008, 31.556460648999995], [119.77117175000004, 31.556414163000056], [119.77090224400004, 31.556392914000078], [119.77064175799998, 31.556368678000112], [119.77011277900009, 31.55632320299999], [119.7695998410001, 31.55627775000005], [119.76934036900005, 31.556253525000088], [119.76881041600006, 31.556210071000045], [119.7685499520001, 31.556186853000078], [119.76828949100005, 31.556162636000032], [119.76776857600011, 31.55611720800009], [119.76723865600005, 31.55607078400007], [119.76697820800008, 31.556047578000104], [119.76645732100006, 31.556003175000072], [119.766196882, 31.555979976000103], [119.76593644500014, 31.55595578100006], [119.76540656600008, 31.55591038900012], [119.7651461380001, 31.555886200000074], [119.76488571300006, 31.555862014000112], [119.76436487100013, 31.55581864900008], [119.76383502600007, 31.555773286000054], [119.76357461500001, 31.555749111000097], [119.75891766000008, 31.556401310000062], [119.75685683800009, 31.557177282000048], [119.75550710800007, 31.55749170900004], [119.75383206700012, 31.55794708700006], [119.75275782200005, 31.558256741000015], [119.75217514800008, 31.558656553000056], [119.75097285000007, 31.55898424600008], [119.74480022900005, 31.560421549000075], [119.74390755700009, 31.56063956700008], [119.74294288600002, 31.560730632000066], [119.74110360300007, 31.562222752000068], [119.74046621900001, 31.562466844000014], [119.73788088800006, 31.56300541200008], [119.73497279400013, 31.563137386000072], [119.73223409000002, 31.563439579000033], [119.73066379500003, 31.564068354000007], [119.72938960700003, 31.564887026000065], [119.72825154400002, 31.565114713000078], [119.72654460600009, 31.564863874000018], [119.72274320900007, 31.56408984800001], [119.72171948700009, 31.563725745000085], [119.72060387000008, 31.562996789000074], [119.71823688800006, 31.560994181000112], [119.7169835210001, 31.559892527000088], [119.71618698700001, 31.558840438000082], [119.71569024400003, 31.558674977000067], [119.71390221400006, 31.558509948000093], [119.71130185300002, 31.55807400700008], [119.71023858800007, 31.557960311000087], [119.70981786900008, 31.55815281700003], [119.70863961700002, 31.559475198000023], [119.70812196900009, 31.5599678250001], [119.70789511700005, 31.560281095000086], [119.70786911700013, 31.560507110000046], [119.70782511200004, 31.560954133000088], [119.70778210400013, 31.561403154000025], [119.70773909800002, 31.56185217500005], [119.70769509200011, 31.562304198000056], [119.70761713400006, 31.56252328300007], [119.70747820600002, 31.562957432000104], [119.70733927700007, 31.56338958200007], [119.70719135700008, 31.563822744000028], [119.70712239300008, 31.564041819000032], [119.70697447400009, 31.564473983], [119.70683554800004, 31.564908136000035], [119.70668763000006, 31.56534230100008], [119.70654870600004, 31.56577645600003], [119.70640178900013, 31.56620762100009], [119.70626286600009, 31.566641777000036], [119.70611495100002, 31.56707594600008], [119.70596803600003, 31.567510113000033], [119.705828116, 31.567942272999993], [119.70568919500015, 31.56837543200004], [119.70554228199998, 31.56880960200008], [119.70539437, 31.569243775000032], [119.70525545200005, 31.56967593600009], [119.70511653500012, 31.570109098000046], [119.70503856400005, 31.570539176000104], [119.70503854400013, 31.570765162000058], [119.70503852300013, 31.570991147000015], [119.70502949100009, 31.571438130000054], [119.7050294700001, 31.571663115000014], [119.70502945100009, 31.571889100000064], [119.70502143700006, 31.572115097000022], [119.70502141700005, 31.572341082000065], [119.70502139600005, 31.57256606800003], [119.70502137600013, 31.572792054000075], [119.70501236400001, 31.573015051000056], [119.70501234400001, 31.573241038000013], [119.705012323, 31.57346702400006], [119.7050123030001, 31.573693009000102], [119.70500329100005, 31.57391800800007], [119.7050122630001, 31.574143981000113], [119.7050122420001, 31.574369967000074], [119.7050122220001, 31.57459295300005], [119.70500320900015, 31.574818952000008], [119.70500418900005, 31.575044936000054], [119.70500416800004, 31.575269922000103], [119.70500414800004, 31.575495910000065], [119.70499511500009, 31.575944893999996], [119.70499509600009, 31.576168881000058], [119.70499507500008, 31.576394867000012], [119.70498606300006, 31.57661986700007], [119.70498604200006, 31.576845854000027], [119.70498602200006, 31.577071840000073], [119.70498600200006, 31.577296827000033], [119.7049779890001, 31.57752282500008], [119.7049779680001, 31.57774881200004], [119.70495996300012, 31.57798282400004], [119.704517333, 31.57822842300002], [119.70430051700009, 31.5783517180001], [119.70385789600006, 31.578599326000067], [119.70341528200004, 31.57884493900005], [119.70298066600004, 31.57908954600004], [119.70253806300002, 31.57933716800001], [119.70231226900016, 31.579460488000088], [119.70182574600005, 31.579400200000073], [119.70130526400007, 31.579336968000085], [119.70078479100007, 31.57927374200009], [119.70026332700002, 31.579210524000104], [119.70000259700011, 31.579179918000058], [119.69948214300004, 31.57911570900007], [119.69896069900005, 31.579052506999993], [119.69844026000007, 31.578989311000008], [119.69791983000007, 31.578926120000105], [119.69738941700007, 31.5788659520001], [119.69712970800008, 31.57883236099999], [119.69661728700014, 31.578767173000102], [119.69609588199998, 31.57870500400002], [119.69556649400015, 31.578641856000033], [119.69505409400003, 31.578578685000046], [119.69479440000012, 31.578548107000096], [119.69467251400008, 31.578873285999997], [119.69459458600011, 31.579091401000014], [119.69451665900014, 31.57930551500006], [119.69443873100009, 31.579522630000078], [119.69435980500013, 31.579737746000028], [119.69428986900003, 31.579951849000068], [119.69421194200007, 31.580168964000087], [119.69405608800005, 31.58059919500007], [119.69397816099999, 31.58081431100002], [119.69389923700012, 31.581028429000057], [119.69374338400011, 31.58145866200004], [119.69366545800005, 31.581674779000068], [119.69359652100005, 31.581889881000016], [119.69351759700008, 31.58210499900005], [119.69343967200004, 31.58232211600007], [119.69328382200001, 31.582749351000075], [119.6932138870001, 31.582966455000097], [119.69313596100004, 31.58318157300004], [119.69303106800007, 31.583415735000052], [119.69284028600009, 31.58357204400002], [119.69245872600004, 31.58387766300008], [119.69226794700016, 31.58403397400005], [119.69188539300004, 31.584342599000003], [119.69169461600006, 31.584495913000076], [119.69150384000008, 31.584652226000046], [119.6911133030001, 31.584958870000015], [119.69092253000014, 31.585115186000067], [119.69073075900008, 31.585268504000055], [119.69034921700003, 31.5855771390001], [119.69015844600005, 31.585733457000067], [119.68996667900001, 31.585887778000043], [119.68957615400011, 31.5861954330001], [119.68943730200007, 31.58655765500005], [119.68955910400012, 31.586998426000015], [119.68961101700006, 31.587219325999996], [119.68972383200007, 31.58766011200005], [119.68962891800004, 31.588066256000083], [119.68951502600011, 31.588508431000072], [119.68942010800006, 31.58894957600007], [119.68931620300009, 31.589391735000063], [119.68925526300012, 31.589613830000054], [119.68913338900006, 31.589974025000103], [119.68902950600008, 31.590182196000093], [119.68881275200009, 31.590592554000033], [119.68860398900006, 31.591004898000044], [119.68838723700006, 31.59141625800006], [119.68828335500007, 31.591625429000047], [119.68806560600001, 31.59203479300008], [119.68785784500004, 31.592447139000093], [119.68764109700014, 31.592859502000103], [119.68753621800008, 31.59306567700002], [119.68731947000009, 31.59347604200005], [119.68711071300004, 31.593888393000057], [119.68699784700003, 31.594096583000052], [119.68679009000007, 31.59450693400008], [119.68657234700008, 31.594919302000093], [119.68635560300001, 31.595331671000018], [119.68626071400006, 31.59553783200002], [119.68604297300007, 31.59594720300005], [119.68583521900011, 31.596360558000057], [119.68561847900003, 31.596771929000077], [119.68551360500015, 31.59698110900007], [119.68535679500005, 31.597256379000015], [119.68511409300004, 31.597655799000023], [119.68487938200008, 31.598055206000033], [119.68475853100003, 31.59825641600007], [119.68451483300011, 31.598655840000077], [119.68427213500001, 31.599055264000086], [119.68415028700005, 31.599255476000046], [119.6838986030001, 31.59965591700005], [119.68366489400012, 31.600055327000057], [119.68342120100013, 31.60045475600006], [119.68329935500009, 31.60065497100002], [119.68305666199998, 31.60105439900012], [119.68281396900015, 31.601452829000046], [119.68269212500002, 31.601655044000076], [119.68244943400009, 31.602054475000088], [119.682205745, 31.602453908000008], [119.68208390100006, 31.602655125000048], [119.68184121200014, 31.603054558000053], [119.68159852400004, 31.603453991000066], [119.68147668100008, 31.603653210000026], [119.68124198300004, 31.604052629000122], [119.68099130900006, 31.604452080000044], [119.68074762500007, 31.604853519000045], [119.68062578400011, 31.60505373700009], [119.68038310000011, 31.605452176000014], [119.68014840600006, 31.60585260000002], [119.67997564000005, 31.606047915000012], [119.67944541900015, 31.605994899000066], [119.67892518700009, 31.605944867000105], [119.67840396100004, 31.605892839000063], [119.67788273700009, 31.605840814000018], [119.67735352899999, 31.60578880600007], [119.67684129800016, 31.605736770000114], [119.67631209500007, 31.605686767000066], [119.67605148800008, 31.605661258000083], [119.67552229000009, 31.605608258000053], [119.67501006799998, 31.60555722700009], [119.67447987500009, 31.605504232000058], [119.67395967000002, 31.605454221000095], [119.67343846900008, 31.605402212000058], [119.67291726900011, 31.60535020400002], [119.67246595499998, 31.605392063000103], [119.67222331900007, 31.605480523000054], [119.67172806400004, 31.605652464000066], [119.67124179500004, 31.605827388000066], [119.67100814700007, 31.605914832000018], [119.67052188099998, 31.60608875800002], [119.67002762800011, 31.606261700000026], [119.66987882200016, 31.606658975000038], [119.66979193699999, 31.60687613600006], [119.66963613900006, 31.607303424000065], [119.66946237000006, 31.607730748000073], [119.66939245900005, 31.607945876000024], [119.66921968800014, 31.60837319800003], [119.66906389000005, 31.608801488000026], [119.6688981090001, 31.609228796000032], [119.66872433900002, 31.609656121000043], [119.66868833600006, 31.61032317600008], [119.66807419300005, 31.611370334000036], [119.66746612600001, 31.61149449800009], [119.66695391100008, 31.61160047800007], [119.66644169700007, 31.611706459000047], [119.665938469, 31.6118134210001], [119.66542625600007, 31.61191740200009], [119.66491404100006, 31.612026382000046], [119.66440182800014, 31.612132361000114], [119.66388961400003, 31.61223634000001], [119.66362901400014, 31.61229083700008], [119.66311679800003, 31.612396815000054], [119.6626045830001, 31.612500793000045], [119.662093365, 31.612609768], [119.66182377800007, 31.612659281000013], [119.66156318300008, 31.612644778000053], [119.66103400400002, 31.612607786000105], [119.66077340700011, 31.612588283], [119.66051281100013, 31.61257077900006], [119.66025221400007, 31.61255327500003], [119.65972303200007, 31.61251628000008], [119.659462434, 31.612496775000068], [119.65919384800007, 31.61248228400011], [119.65894223500004, 31.612462761000096], [119.65841304900005, 31.61242776200004], [119.65815245000016, 31.612408254000023], [119.65788286300005, 31.612390763000086], [119.65762226299998, 31.612371254000074], [119.6573616610001, 31.612353745000043], [119.65684145500003, 31.612319724000074], [119.65657286400003, 31.61229922800006], [119.65620742200007, 31.612253913000046], [119.655704194, 31.612125857000017], [119.6552009640001, 31.611995798000095], [119.65469773100003, 31.611867736000065], [119.65419449600006, 31.611737672000054], [119.65369025900007, 31.611609608000023], [119.65343863900013, 31.611544074000022], [119.65301328500001, 31.61137486100005], [119.65257994900004, 31.611114663000016], [119.65236228199998, 31.610985065000044], [119.65214561299999, 31.61085446400007], [119.65172026000005, 31.610594247000037], [119.65150358800007, 31.610463644000063], [119.65129490500013, 31.61033402800009], [119.65086056100006, 31.61007582200004], [119.65064388800008, 31.609943218000083], [119.65021852600015, 31.60968499300003], [119.65000185100007, 31.609555387000057], [119.649784176, 31.60942278200001], [119.64935980900006, 31.609164550000045], [119.64898636100007, 31.608966225000067], [119.64851704600005, 31.608765067000036], [119.64828338700008, 31.60866348600007], [119.64780508000004, 31.608463340000114], [119.64734574300005, 31.608262157000077], [119.64686842800006, 31.60806000300005], [119.64639909800005, 31.607857831000018], [119.64592177400007, 31.60765866900006], [119.645462423, 31.60745647200003], [119.64521876400009, 31.60735489800006], [119.64489821000004, 31.60724645500006], [119.64463756600006, 31.60721790400001], [119.64412526100011, 31.60716578500005], [119.64359597400002, 31.607111690000103], [119.64333532300013, 31.60708413400004], [119.64280602700003, 31.607032032000085], [119.64229370300009, 31.606974895000064], [119.64192917800005, 31.606966506000077], [119.64166851700006, 31.60695994100007], [119.64113920000014, 31.606942821000075], [119.64061087400012, 31.60692969400005], [119.64034920600014, 31.606921124000053], [119.63981987200015, 31.606907989000035], [119.63956019700007, 31.606901412000113], [119.639212636, 31.60680797700011], [119.63884811500012, 31.60647657200004], [119.63849257900009, 31.60614415000007], [119.63831880600002, 31.605977432000046], [119.63796326600009, 31.60564500700007], [119.63760772300006, 31.605313579000004], [119.63725117800006, 31.604981150000036], [119.6369565530001, 31.604694619000043], [119.63677378200008, 31.604527909000105], [119.63641822800005, 31.604196471000122], [119.63607066200008, 31.603862019000076], [119.63588888700005, 31.60369430400005], [119.63553232600012, 31.603362861000072], [119.63535953800013, 31.603193130000065], [119.63500297200002, 31.602861681999997], [119.6346474020001, 31.60252923100002], [119.63447361100009, 31.602360498000095], [119.63466443400009, 31.60195222100006], [119.63476034500002, 31.601742082999998], [119.63486424700008, 31.6015329310001], [119.63496015700002, 31.60132279200012], [119.63515897000005, 31.60090650200005], [119.63525488000008, 31.600697363000066], [119.63535878000006, 31.600487210000082], [119.63545468900008, 31.60027907000009], [119.63565449800001, 31.59986177700003], [119.63574940800005, 31.599651638000047], [119.63584531600009, 31.59944349700006], [119.63594022500004, 31.599233358000077], [119.63614003100005, 31.598818062000092], [119.63624492800011, 31.598607907000023], [119.63633185600011, 31.598275783000076], [119.636322907, 31.597824812000063], [119.63631395800004, 31.597372842000063], [119.63630499800001, 31.59703886700005], [119.63628805800013, 31.596587909000043], [119.6362791080001, 31.596137940000027], [119.63626117000004, 31.595686984000018], [119.63625321900008, 31.595236012000008], [119.63621828400004, 31.5949580770001], [119.636010562, 31.594545414000066], [119.63578386000006, 31.594134779000015], [119.63556714500007, 31.593723128000065], [119.63535941900011, 31.59331246100001], [119.63514170300004, 31.59290081000006], [119.63550731300009, 31.59260526300003], [119.63568911800004, 31.59244899100007], [119.63607070700007, 31.59213641500005], [119.63626149900006, 31.591980126000088], [119.63645329000012, 31.591821835000047], [119.63682588100004, 31.59151126800002], [119.6370166690001, 31.591352975000063], [119.63739924400014, 31.59104038700005], [119.63758105100008, 31.590769112000075], [119.63759006000012, 31.590543107000023], [119.63759907000006, 31.590317103000068], [119.6376070800001, 31.590092100000014], [119.63760710000011, 31.589866110000052], [119.63761610900005, 31.58964110500009], [119.6376241190001, 31.589417102000027], [119.63763312900004, 31.58919109800007], [119.63765014800003, 31.588742091000043], [119.63765016800002, 31.588516100999996], [119.63765018800004, 31.588291111000032], [119.63765919700006, 31.588065107000077], [119.63766820700002, 31.587839104000025], [119.63767621800005, 31.587614101000064], [119.637685226, 31.587388097000016], [119.63770224600016, 31.586941091000064], [119.63770226599999, 31.58671510200002], [119.63771127500002, 31.586489098000058], [119.63771129600002, 31.586264109000098], [119.63772030500006, 31.58603810500005], [119.6377283160001, 31.58581310400008], [119.63773732500013, 31.585587101000037], [119.63774635400009, 31.58513710800002], [119.63775436400013, 31.584912106000054], [119.63776337400006, 31.584688103000083], [119.6377723820001, 31.58446210000003], [119.63792822400004, 31.584136869000034], [119.63814497500002, 31.583998532000045], [119.63856149300011, 31.58372888000003], [119.63897800600012, 31.583455224000033], [119.63940350500006, 31.58318655100001], [119.6396122580001, 31.583049219000017], [119.63993288399999, 31.58274371300005], [119.64019359200006, 31.58235330800008], [119.64032344500006, 31.58215810500009], [119.64045429700005, 31.581959901000033], [119.64071400400005, 31.581569494000064], [119.64084485400012, 31.581374289000074], [119.64097470600004, 31.581177085000014], [119.64123540700011, 31.58078667500004], [119.6413652580001, 31.58059047000006], [119.6414961080001, 31.580393264000087], [119.64174781800014, 31.580002866000022], [119.641868681, 31.57977467700006], [119.64166897700011, 31.579360033000036], [119.64156512900004, 31.579150217000084], [119.64136542300002, 31.57873557300006], [119.64117470600006, 31.57831891400005], [119.64106186900005, 31.578108113000013], [119.64086216000013, 31.577693465999992], [119.64067143999998, 31.57727480500008], [119.64056659100001, 31.577066990000027], [119.64036688200011, 31.576650342000015], [119.63998241800009, 31.576058006000032], [119.6400952770001, 31.57604882300007], [119.64004135400018, 31.57594591800008], [119.63986360700002, 31.57560822800012], [119.63976874300008, 31.575400395000067], [119.63953406700011, 31.575052797000083], [119.63920450700002, 31.574705352000024], [119.63903073600012, 31.57453164400004], [119.63886595400008, 31.574355920000066], [119.63852740000004, 31.574009484999998], [119.63836261600008, 31.573835759000104], [119.63819783100004, 31.57366003300004], [119.63802405700005, 31.573486320000058], [119.6377024740001, 31.57313885300008], [119.6375286980001, 31.572965139000097], [119.63736391000006, 31.572789410000034], [119.6371991220001, 31.572615680000048], [119.63686055300006, 31.57226923300007], [119.63669576300002, 31.57209350200001], [119.63652198100012, 31.571919784000023], [119.63620138500005, 31.57157230400005], [119.63602760199998, 31.571398584000065], [119.63574095100014, 31.571190039000044], [119.63549823600015, 31.571116417000077], [119.63499482000006, 31.57097319400004], [119.63450038800009, 31.5708279520001], [119.63399695800001, 31.570684717000063], [119.63374524100004, 31.57061109700001], [119.63324979300009, 31.57046784100006], [119.63274634600009, 31.570322591000036], [119.63234779100006, 31.570056189000105], [119.63213902300002, 31.56991950100008], [119.63172248100011, 31.569646120000108], [119.63151370900007, 31.569509428000075], [119.63130593400001, 31.569369735000066], [119.63108916800002, 31.569233052000037], [119.6308893820001, 31.569094345000018], [119.63068060500007, 31.568957648000072], [119.63046383399998, 31.56881896200006], [119.63026404500013, 31.568682251000027], [119.63005626200001, 31.568543550000093], [119.62983948800002, 31.568406860000067], [119.62943090900004, 31.568133443000093], [119.62922312100008, 31.56799673700006], [119.62901433300013, 31.567858031000043], [119.62880654199998, 31.5677213230001], [119.62859775200002, 31.56758261600008], [119.62838995800007, 31.56744590500005], [119.62818116400001, 31.567307195000026], [119.62797336800006, 31.567170482000087], [119.62775657800015, 31.567033779000056], [119.62755677200005, 31.56689505300003], [119.62734797300001, 31.566758338000092], [119.62693136800009, 31.566484901000024], [119.62672356400003, 31.566346182000096], [119.62650676500004, 31.566209471000064], [119.62630695100003, 31.566069738000046], [119.62609814300006, 31.56593401500001], [119.62588133900007, 31.565797300000064], [119.62573448100008, 31.565597502000053], [119.62559561500005, 31.565408691000066], [119.62529989500001, 31.565031090000083], [119.62516102700008, 31.564842277000004], [119.6248663020001, 31.564464671000025], [119.62458856000003, 31.564087042000047], [119.62444069600006, 31.563898237000053], [119.62415495600013, 31.56352261500006], [119.62400708900006, 31.563331808000086], [119.62372933900009, 31.562954172000012], [119.62343360000014, 31.56257655500012], [119.62328672900006, 31.56238774400004], [119.62303494900002, 31.56204107000005], [119.62148108500006, 31.561867878000015], [119.62006703600002, 31.56177045000004], [119.61870387900004, 31.56169190200002], [119.61693384900005, 31.561790674000022], [119.6154145910001, 31.561771117000006], [119.61401719900005, 31.56165437600003], [119.61289863400012, 31.56149533900001], [119.61081533300015, 31.56084303300004], [119.6101815100001, 31.56062151900001], [119.60954766800015, 31.560432986000045], [119.60842890900005, 31.56003877600002], [119.60778604000006, 31.55959522600009], [119.60740411200007, 31.559315487000042], [119.60654524900008, 31.5586710540001], [119.60559937500014, 31.55782565600005], [119.60447147700009, 31.556732336000003], [119.6029785210001, 31.555315153999985], [119.60234453200005, 31.55443649900012], [119.60230153100014, 31.5543955200001], [119.60189354100012, 31.55367874600004], [119.60110353300004, 31.55234016100004], [119.60039148100009, 31.551357494000086], [119.60031348400004, 31.551140540000077], [119.60020947800004, 31.550953591000066], [119.59960244000001, 31.549770885999997], [119.59909041500009, 31.54853214700009], [119.59891541, 31.548049240000097], [119.59890840900005, 31.548023244000078], [119.5988984090001, 31.54800225000003], [119.59853439100002, 31.546995439000035], [119.59781437400011, 31.544601841000052], [119.59720729400007, 31.543107116000016], [119.59682524299998, 31.542057292000017], [119.59667821600007, 31.54172935200006], [119.59633912900009, 31.541175464000062], [119.59602702600012, 31.540880541999996], [119.59494159500001, 31.54023173900005], [119.59331885900014, 31.539079960000052], [119.59200015600008, 31.538254043000016], [119.5909935760001, 31.53744607500004], [119.59009103900004, 31.53642209900005], [119.58959574400001, 31.53567411700007], [119.58871118400009, 31.5343541230001], [119.58845906200011, 31.53346917600006], [119.58845912300002, 31.53277925400009], [119.5881820190001, 31.531420354000005], [119.58779979000009, 31.53045538500001], [119.58775676100008, 31.53037238500007], [119.587695722, 31.530244387000053], [119.58760866700008, 31.530034391000086], [119.58703630600007, 31.528565427000046], [119.58619471000006, 31.526814407000117], [119.58595952300006, 31.52647537900004], [119.5858644530001, 31.526267376000064], [119.58488365600013, 31.524677250000032], [119.58362559500003, 31.522255078000086], [119.58271381700001, 31.52003097300009], [119.582106283, 31.51847489500004], [119.58123047000001, 31.51631874900007], [119.58097026900006, 31.51513777200006], [119.58046684799999, 31.513108779000042], [119.5803887940001, 31.512650798999985], [119.58024970400004, 31.511769844000106], [119.57988546100012, 31.50945696400005], [119.57945104300005, 31.508058910000017], [119.57872223400014, 31.506680666000108], [119.57793224200006, 31.506147235000114], [119.57768992500007, 31.50605808700002], [119.577212291, 31.50587878700002], [119.57673464600009, 31.505694478000045], [119.576257991, 31.505510159000075], [119.57581436500007, 31.505394845000033], [119.57529461600004, 31.505308459000084], [119.57477385100003, 31.505221060000046], [119.57435721700003, 31.505288712000045], [119.57412285200007, 31.50538850300004], [119.57364509800007, 31.50558707200004], [119.57317634600011, 31.505784637000048], [119.5726995710001, 31.505981187000053], [119.57223079700012, 31.50617873400006], [119.5717539990001, 31.506376263000057], [119.57151860100008, 31.50647702600005], [119.5710508010001, 31.50667255000006], [119.56934674600006, 31.50794265100008], [119.56698939700004, 31.50837400800006], [119.56672890000007, 31.508419700000026], [119.56621691300009, 31.50850908900005], [119.56595640500012, 31.5085547730001], [119.56544439900003, 31.508644145000034], [119.56519290000008, 31.50868883200009], [119.56467185600005, 31.508778175000018], [119.56441133000008, 31.508823841000066], [119.56396040900007, 31.50890425900006], [119.56378707100012, 31.50873306000002], [119.56343938700005, 31.508394660000086], [119.56326604500009, 31.508225458000027], [119.56310071700008, 31.508056265000064], [119.56274500500005, 31.507717843000037], [119.562571657, 31.50754863700007], [119.56223297100006, 31.507210230000048], [119.56208569200012, 31.506841084000058], [119.56208571100004, 31.506615117000017], [119.56208573200004, 31.50638915000006], [119.56208575200004, 31.506164183000095], [119.56208577200005, 31.50594021600004], [119.56208579200005, 31.505714248000082], [119.56208581100014, 31.505489282000035], [119.56208583200014, 31.50526331500008], [119.56208585200014, 31.50503734800003], [119.56208587200005, 31.50481238100007], [119.56208589200006, 31.504586415000027], [119.56208591200006, 31.504362449000055], [119.56208593200006, 31.504137481000008], [119.56208595200006, 31.50391151500005], [119.56208597200006, 31.503685549000096], [119.56209401000001, 31.50345959400005], [119.56209404900002, 31.50301066100012], [119.56209406900011, 31.502786694000065], [119.56209408900011, 31.50256172800001], [119.56209410900011, 31.502335762000058], [119.56209412900012, 31.5021097960001], [119.56209414900002, 31.501884831000048], [119.56209416900003, 31.501658865000003], [119.56209418900002, 31.50143489900004], [119.56209420900004, 31.501209934000073], [119.56209422900012, 31.500983967000032], [119.56209424900013, 31.500758002000076], [119.56209426900013, 31.50053203600003], [119.56209428900004, 31.500307071000066], [119.56209432900005, 31.49985814000005], [119.56209434900003, 31.499632176000006], [119.56209436900005, 31.499406210000046], [119.56209438900014, 31.49918024500009], [119.56209441000013, 31.49895428000005], [119.562103449, 31.498729327], [119.562103469, 31.49850336300004], [119.56210348800009, 31.498280397000066], [119.56210350800009, 31.49805443300002], [119.5621035290001, 31.497828468000066], [119.56210354900008, 31.497602503000024], [119.5621035680001, 31.497376539000065], [119.56210258600001, 31.497151573000018], [119.56210260700001, 31.496925608000062], [119.56203348200006, 31.496671554000088], [119.56189522600009, 31.496235435000067], [119.56174694800008, 31.49580130100003], [119.5616086890001, 31.495368178999982], [119.56147844800014, 31.494934070000035], [119.56159071200011, 31.49467926600009], [119.5617300280001, 31.49448448900005], [119.56199061900008, 31.49409790700004], [119.56212091400002, 31.493905115000075], [119.56225922400009, 31.493709334000044], [119.56252782500012, 31.493322758000033], [119.5626671350001, 31.49312997600007], [119.56279742500013, 31.49293518100003], [119.56305800300001, 31.492550587000004], [119.56329249900014, 31.49243591400002], [119.5637524650001, 31.49220754800004], [119.56419438400007, 31.491979150000063], [119.56464631300008, 31.491751756000077], [119.56487979000012, 31.491636065000094], [119.56533170500003, 31.49140865800011], [119.56578260700013, 31.49118324000002], [119.56601707299998, 31.49106754000004], [119.56645894300004, 31.49084009800005], [119.56673748500009, 31.490702445000032], [119.56730970999999, 31.489055375000085], [119.56761343000008, 31.48731701100005], [119.56803939300006, 31.485322824999983], [119.56820374300008, 31.48476110200005], [119.56860349700003, 31.484445590000057], [119.56960132100008, 31.48392073400006], [119.5700611660001, 31.483449286000045], [119.57023451000006, 31.482939551000058], [119.56809147400011, 31.47417888000004], [119.568082482, 31.47390192200004], [119.5676136420001, 31.473628452000057], [119.56740526500009, 31.47350024200002], [119.56718887100013, 31.47337202000007], [119.56697147400007, 31.47324379600012], [119.56670296400016, 31.47325748400001], [119.56618196400004, 31.47328986700002], [119.56565293500014, 31.473325230000015], [119.56513190900012, 31.473357590000028], [119.56461086900006, 31.47338793800005], [119.56408180000008, 31.473420265000065], [119.56356073300005, 31.473452590000072], [119.56303163599998, 31.473487892000065], [119.56251054300002, 31.473521193000067], [119.56202451200014, 31.473551530000087], [119.56175593900002, 31.4735441650001], [119.56123481699998, 31.473536444999993], [119.56070566600008, 31.473523705000005], [119.56025467300006, 31.473515063], [119.56009834300009, 31.473329873000047], [119.55979469900001, 31.47296350200002], [119.55948203099999, 31.472599113000065], [119.55934274100002, 31.472327960000015], [119.55926558600002, 31.472114886000057], [119.55916938700014, 31.471902784000093], [119.5589960310001, 31.471479607000077], [119.55890083400004, 31.471266505000116], [119.55881365400012, 31.471056415000056], [119.5587264740001, 31.47084332500001], [119.55864029500006, 31.470631236000045], [119.55870145800006, 31.470368377000057], [119.55886587100008, 31.469940706000024], [119.55903128600009, 31.469513034000073], [119.55911750000013, 31.469298203000065], [119.55928191000012, 31.468870529000114], [119.55944732100014, 31.468442855000077], [119.55961273100006, 31.468018180000023], [119.5597861570001, 31.467590515999987], [119.55995056100004, 31.467160838000055], [119.56011596700013, 31.466733161000015], [119.56022022200014, 31.46646636300006], [119.56047979200004, 31.466489730000035], [119.56100092900007, 31.466537458000076], [119.56126149300005, 31.466561818000052], [119.56179062800004, 31.46660854000001], [119.56230271300005, 31.46665722700004], [119.56257127600007, 31.46668058300002], [119.56309236000001, 31.466728265000057], [119.56352625500003, 31.466762825000075], [119.56405533200012, 31.466801498000073], [119.56456736100003, 31.466840137000077], [119.56483689900003, 31.466860469000068], [119.56535792600008, 31.466897102000082], [119.56588695600014, 31.466935733000078], [119.56614745800002, 31.46695503899999], [119.56666845200004, 31.46699464300007], [119.56719744800012, 31.467033243000067], [119.56745793400009, 31.467052535000064], [119.56797789200004, 31.46709210700005], [119.56849883900006, 31.467132668000033], [119.56876832400008, 31.46714995500004], [119.5692892500001, 31.467191497000016], [119.56980916200004, 31.467226028000027], [119.5700696130001, 31.467245290000022], [119.57059952100006, 31.467283812000105], [119.57111939800009, 31.467323313000087], [119.57137983300005, 31.467342558999988], [119.57190970500002, 31.467382051000058], [119.57243054900005, 31.467420522000047], [119.57269898000004, 31.46743976000004], [119.5732117900001, 31.467479206000107], [119.573723586, 31.467517639000086], [119.57425239500006, 31.46756107300004], [119.5747821900001, 31.46760449699999], [119.57529394600007, 31.467647893000027], [119.57555432400014, 31.46767109000008], [119.57582371300012, 31.467693291000053], [119.57634445400004, 31.467736670000093], [119.57686518000006, 31.46778003700004], [119.57738589300007, 31.46782339200007], [119.57791560400011, 31.46786674000002], [119.57843528700002, 31.467910070000052], [119.57869562500008, 31.467933230000014], [119.57921729000006, 31.467976542000045], [119.57961578700008, 31.468041767000024], [119.58012841100005, 31.46814804000011], [119.58064002100002, 31.468254301000023], [119.58114360800002, 31.468362547000005], [119.58139489600003, 31.468414665000054], [119.58190747400008, 31.46852289800004], [119.58241903800004, 31.468629117000035], [119.58293158800008, 31.46873532600003], [119.58344312500003, 31.468841524000027], [119.58351223600008, 31.468413634000058], [119.58349523700008, 31.468190671000087], [119.58348725700014, 31.467875728000053], [119.58346927800008, 31.467426808000035], [119.58346030800013, 31.466975893000026], [119.58346032900013, 31.466731941000006], [119.5839548570001, 31.466595166000054], [119.5842071200001, 31.46652827600012], [119.58470963600011, 31.46639348700007], [119.58520513200008, 31.46625668500012], [119.58570862300007, 31.466121875000063], [119.58599490600014, 31.465939998000025], [119.58617708800011, 31.46578108200002], [119.58655846100015, 31.465464253000007], [119.58685374600006, 31.46521238200004], [119.58682774300004, 31.464986420000088], [119.58681074700006, 31.464761460000034], [119.58679275100008, 31.464537499000066], [119.5867757560001, 31.464311540000026], [119.58674076500003, 31.463864619000084], [119.58671476200001, 31.46363865700004], [119.58669776600004, 31.463413698000075], [119.58654166000008, 31.463033732000078], [119.58624642600009, 31.462656724000063], [119.58596820500006, 31.46227871800005], [119.58567396300006, 31.461900705000033], [119.58554285600005, 31.46170970100004], [119.58524860900003, 31.46133268200002], [119.58497037200002, 31.46095466500001], [119.58482324500011, 31.46076465200001], [119.584632079, 31.460505637000068], [119.58449297900003, 31.460071674000048], [119.58442392900011, 31.45985269400005], [119.58428482600004, 31.459418730000024], [119.58415473300012, 31.45898477100009], [119.58401562900008, 31.458545807000093], [119.58388553300006, 31.458112846000063], [119.5837464280001, 31.45767788000005], [119.58367737500006, 31.45745889800005], [119.5835382680001, 31.457024932000024], [119.5836253890001, 31.45669103700002], [119.58375554200003, 31.456495130000064], [119.5840158450001, 31.456105314000048], [119.58414599500011, 31.455907406000016], [119.58428515400007, 31.45571149900006], [119.58454545000004, 31.45532167700005], [119.5846665880001, 31.455123763000103], [119.58479673400004, 31.45492885000005], [119.58492687900005, 31.454730937000107], [119.585144119, 31.454401081000086], [119.58513515000007, 31.45395217300007], [119.58511817400009, 31.453500263000066], [119.58510920500014, 31.453051356000053], [119.58510023600002, 31.452599449000054], [119.58508325900003, 31.452150539000037], [119.58504825400007, 31.451818598000017], [119.58500523200006, 31.45159563100004], [119.58492719600008, 31.4511507], [119.58489218100013, 31.45092473600004], [119.58482315200001, 31.45047980800009], [119.58478813800004, 31.450256845000112], [119.58471010000007, 31.44981191300007], [119.58451893700015, 31.449502912000085], [119.58418062600003, 31.449162859000104], [119.58400746400002, 31.44898883000009], [119.58384230900003, 31.44881780300006], [119.58349497800006, 31.4484747380001], [119.58332981800008, 31.448301707000084], [119.5829834780001, 31.447960635000108], [119.58265312100005, 31.447939493000042], [119.58215055300002, 31.448067234000042], [119.58164697100003, 31.448195962000035], [119.5811433770001, 31.44832168000005], [119.5808920750001, 31.44838853500007], [119.58055367200006, 31.448384354000083], [119.58003304300007, 31.44834107500005], [119.57977172200003, 31.44831992900008], [119.57925107300002, 31.448274632000064], [119.57872239900007, 31.448235316000094], [119.57842701600015, 31.448209135000063], [119.57818373200008, 31.44780606600002], [119.57794945700006, 31.44740400100006], [119.57783732500002, 31.44720197100004], [119.57769815700014, 31.446971929000014], [119.57768916500001, 31.44674697200005], [119.57768117400008, 31.446521017000094], [119.57768119400006, 31.44629706700004], [119.57768121400008, 31.446072116999993], [119.57767222200005, 31.445846160000038], [119.57767224200003, 31.445620211000083], [119.57766325000009, 31.44539425500004], [119.57765425800005, 31.445171298000062], [119.57765427700006, 31.444945349000108], [119.57764628600012, 31.444719394000067], [119.57763729400008, 31.444494438000014], [119.57763731400007, 31.44426848900006], [119.57762832200004, 31.444044533000095], [119.5776203310001, 31.443819578000046], [119.5776203500001, 31.443593628000002], [119.57761135799998, 31.443367674000044], [119.57761137900007, 31.443141724], [119.57761139800007, 31.44291877400012], [119.57760240600012, 31.442692820000076], [119.577593414, 31.442466864000032], [119.57759344400009, 31.442132940000114], [119.57760247600004, 31.44190699800007], [119.57760249500004, 31.44168404700001], [119.57761152700007, 31.441458105000052], [119.57761154700009, 31.4412321570001], [119.57761156700008, 31.441006209000058], [119.57761959800004, 31.440781265000098], [119.57761160700008, 31.440555311000054], [119.57761965800013, 31.440105420000044], [119.57761967700004, 31.439882471000068], [119.57762871000008, 31.439656529000025], [119.57752460000009, 31.439303539000043], [119.57741146400005, 31.43909750900005], [119.5772983280001, 31.438892479000046], [119.5771952050001, 31.438686455000052], [119.57709108000009, 31.438480430000062], [119.57673460500008, 31.438264228000023], [119.57646522900009, 31.438233041000018], [119.57594549500007, 31.43816867200011], [119.57568512300011, 31.438137482000016], [119.57542474600007, 31.438107289000094], [119.57490398200005, 31.438044893999994], [119.57465160800004, 31.438014698000075], [119.57433915400013, 31.437812491000038], [119.57419194700003, 31.43762641300001], [119.57388851400006, 31.437257244000108], [119.57374030200005, 31.437071163000077], [119.57343686300007, 31.436701988999992], [119.57337579300008, 31.436405005000026], [119.5733758130001, 31.43617905800007], [119.57337583300009, 31.435953111000025], [119.573375853, 31.43572916400006], [119.57336786000005, 31.43550420900001], [119.57336788000006, 31.435278263000058], [119.57336790000014, 31.435053315000097], [119.57335890600011, 31.43482636200006], [119.57335892600011, 31.434601414000007], [119.57335894500011, 31.43437746700004], [119.57315966899998, 31.433959393000087], [119.57295938900009, 31.43354231500004], [119.57276010800004, 31.433128237000062], [119.57251672800007, 31.43302104400008], [119.57228335900002, 31.43292385400003], [119.57179656800008, 31.43287841500009], [119.57128471000009, 31.432965909000046], [119.57076382600007, 31.433052383000096], [119.57025194100008, 31.433141854000034], [119.56974004600009, 31.433228312999994], [119.56921912000007, 31.433315752000034], [119.56870719700007, 31.43340218800008], [119.56818624500013, 31.433489603000034], [119.56767429500005, 31.433576016000075], [119.56715431800002, 31.43366540800001], [119.566901838, 31.43371110800006], [119.56654615700006, 31.433773680000087], [119.566285654, 31.43382136400004], [119.565773656, 31.43391573200003], [119.56526164500009, 31.434010090000108], [119.564749621, 31.43410643500009], [119.5644900980001, 31.434154100000036], [119.56423758400001, 31.434201770000072], [119.56371751900005, 31.434295084000063], [119.56346499600012, 31.43434274500001], [119.56294491100007, 31.434439041000076], [119.56258916100003, 31.434506552000066], [119.56206805300009, 31.4345778320001], [119.56154793500005, 31.43465210300012], [119.56103582000003, 31.434725372000052], [119.56077524900006, 31.43476499600004], [119.56025409600011, 31.43483823600006], [119.55973393300005, 31.43491246600008], [119.55922177500014, 31.434986696000088], [119.55870158600007, 31.435059905000017], [119.55818038200003, 31.43513210000004], [119.55766016700015, 31.43520628500005], [119.5571389380001, 31.435281457000052], [119.55662671800009, 31.435355633000064], [119.55610646600012, 31.435429785000068], [119.55558519899998, 31.435503925000077], [119.55507294300006, 31.43557506900001], [119.55455265500007, 31.435649188000106], [119.55404037400005, 31.435723310000107], [119.55378072100007, 31.435761862000014], [119.55325939900001, 31.435835953000016], [119.55247839700004, 31.435946571000017], [119.55196606900003, 31.43602065100002], [119.55164523500002, 31.43602508000003], [119.55138455400004, 31.436024614000083], [119.55085516300002, 31.43601866000003], [119.5505864530001, 31.436019171000076], [119.55033478400006, 31.436016712000047], [119.55007408900006, 31.43601423200002], [119.54960583300013, 31.436010366000055], [119.54965406800014, 31.434822734000115], [119.54951380000016, 31.433581766000017], [119.54960414900009, 31.43240121500004], [119.54987401400004, 31.4308110960001], [119.54988408800016, 31.430291241000077], [119.54986421400011, 31.428261696000014], [119.5495938030001, 31.424711066000043], [119.54943341800008, 31.424170902000114], [119.54804363100001, 31.42410128500004], [119.54796345100013, 31.42363124800005], [119.54800363500009, 31.422801533000055], [119.54822433300005, 31.42179220900003], [119.54889329300016, 31.42034084800003], [119.54895253800008, 31.419386203000087], [119.55018385700009, 31.419381498000057], [119.55013377200012, 31.41883154600003], [119.55114345500007, 31.418721415000064], [119.55116356600006, 31.41807161700003], [119.55108342600009, 31.417270678000108], [119.54884340700002, 31.41752147300008], [119.54882446300005, 31.416301752000052], [119.54843356800004, 31.414351516000075], [119.54844363499998, 31.413891655000036], [119.54839450600001, 31.41384157500007], [119.54704476300006, 31.41385196300004], [119.54701366000006, 31.414021857000066], [119.54710387900008, 31.4144119320001], [119.5470838120001, 31.414531862000075], [119.54699456, 31.41456167900005], [119.54484442400008, 31.414742334999993], [119.54477522500014, 31.41472219900001], [119.5447050400001, 31.41452310800006], [119.54314546600003, 31.41463284999999], [119.54267516900009, 31.413523150000103], [119.54221478800002, 31.41360315300006], [119.54213454200013, 31.413662966000032], [119.54225482800004, 31.414503003000085], [119.54213445900004, 31.414602720000076], [119.5423049020001, 31.415362885999997], [119.542244716, 31.415432740000007], [119.54166498100008, 31.415356520000003], [119.54143028100012, 31.415255041000044], [119.5409618790001, 31.415048081000066], [119.5405014940001, 31.414844131000066], [119.54002404800012, 31.41464013600006], [119.5397983620001, 31.414538664000105], [119.53932190600003, 31.414332660000113], [119.53886149200002, 31.414128685000023], [119.53838401700014, 31.413926664], [119.53815831800011, 31.413823181000055], [119.53768083100013, 31.41361615100007], [119.53722139200013, 31.413413153000057], [119.53697863100004, 31.41328962800005], [119.536752922, 31.413170139000023], [119.53630149700004, 31.412935155000035], [119.53608380900008, 31.412815680000094], [119.53564140300014, 31.41257970900002], [119.53518996100001, 31.41234571000011], [119.53496423900006, 31.41222620900008], [119.53452181600005, 31.411989222000017], [119.53429608700003, 31.41187071700007], [119.53384563000006, 31.41163370200009], [119.53339416100002, 31.411399679000084], [119.53317645000003, 31.411280186000056], [119.53278617400007, 31.411063297000055], [119.53256946400008, 31.410937804000064], [119.5323517490001, 31.41080930800009], [119.53212600400008, 31.410683790000093], [119.53169257300009, 31.410433793000017], [119.53147585600001, 31.410306293000033], [119.5312320650001, 31.409954784999996], [119.53116287100013, 31.40950773300004], [119.53110270800005, 31.409060703000094], [119.53104154100004, 31.40861367200005], [119.5309723470001, 31.40816662000001], [119.53103257600002, 31.407877846000098], [119.53116305600005, 31.40744128700004], [119.5312323090001, 31.407222517000058], [119.53136278800007, 31.406785957000082], [119.53150129399998, 31.406352416000097], [119.53163177100012, 31.405913856000048], [119.53175321800003, 31.405477273000074], [119.53189272600004, 31.40504273400009], [119.53202219800009, 31.404607170000112], [119.53209145000005, 31.40438839900004], [119.53222192500002, 31.403951837000065], [119.5323604270001, 31.403517294000082], [119.53263033900015, 31.403391986000017], [119.53287315200006, 31.40332259500005], [119.53337583100009, 31.403185848000106], [119.53362766900014, 31.403115473000057], [119.53412331200003, 31.40297869800002], [119.53437414100009, 31.40290731600006], [119.53467011600007, 31.402827042000084], [119.53492999800008, 31.40243876400011], [119.53519890700012, 31.402050505000048], [119.53532934699999, 31.401852867000038], [119.53559825300013, 31.40146460600006], [119.53571966300004, 31.40126894500004], [119.53598053800013, 31.400880661000066], [119.53611900100015, 31.400683039000057], [119.53619727900005, 31.400390302000083], [119.53623140900002, 31.400166444000035], [119.53630067100008, 31.39972172800001], [119.53633580300004, 31.39949787300005], [119.53637093600003, 31.399275016000082], [119.53641409400004, 31.39905117900004], [119.53648335600008, 31.398604465000027], [119.53650945900003, 31.398380587000062], [119.53654459100008, 31.398156732000103], [119.53657872100007, 31.397933874000053], [119.53664798200012, 31.397488159000034], [119.53668311400008, 31.397265302000065], [119.53671724199998, 31.397041445000106], [119.53675237500013, 31.39681558900007], [119.53673535599998, 31.396409665000057], [119.53666515200013, 31.39618656500007], [119.5365618610001, 31.39574845100006], [119.53645756700008, 31.39530533500008], [119.53634424200004, 31.394867197000067], [119.53623192100007, 31.394424062000084], [119.53612762500005, 31.39398594400007], [119.536015302, 31.393542810000085], [119.53591100600008, 31.393102692000085], [119.53579768000012, 31.392662552999994], [119.53570240900004, 31.392258447000046], [119.53545965900003, 31.391856994000044], [119.53521590500011, 31.391453536000057], [119.53498218100005, 31.391052101000064], [119.53474745200008, 31.390652661000054], [119.53450469499998, 31.390251201000055], [119.534392345, 31.390046993000034], [119.53414858200009, 31.38964752800011], [119.53390582000007, 31.389247064000102], [119.533672086, 31.388844621000025], [119.53343734700003, 31.388441174000036], [119.53320260600006, 31.388042724000023], [119.53295080700002, 31.387640233000113], [119.53271706500004, 31.38723978300002], [119.53259467600003, 31.387037546000073], [119.53236093200005, 31.386636094000075], [119.53212618200008, 31.38623463900008], [119.53188340500006, 31.385833162999987], [119.53176201600006, 31.385631924000037], [119.53152726300009, 31.38522946600004], [119.53129351000011, 31.38482900800004], [119.53105875400004, 31.384429546000028], [119.53093736100004, 31.384225305], [119.53069457400011, 31.38382382200009], [119.53055513500013, 31.38344858700004], [119.53045985000006, 31.38300748100005], [119.530407693, 31.382784418000064], [119.53030438100006, 31.382344291000067], [119.53026025000005, 31.382120249000003], [119.53016496500008, 31.381678143000016], [119.53011280700002, 31.381456080000113], [119.53001752200014, 31.38101397400004], [119.52997439400012, 31.38079293200005], [119.52987007800002, 31.380349805000066], [119.529826951, 31.380128763000073], [119.5296272920001, 31.379848346000053], [119.52946174000007, 31.379674982000004], [119.52915772500015, 31.37937330600009], [119.52901926600006, 31.379178015000008], [119.52875940500005, 31.378787474000028], [119.52862897300008, 31.378592203000032], [119.52835907400005, 31.378203634000037], [119.52822964399999, 31.378008364000046], [119.52796977800008, 31.377617819000058], [119.52783934200014, 31.377422545000066], [119.52757846900013, 31.37703399300007], [119.52739686500001, 31.37672162200007], [119.52717914100003, 31.37630918800005], [119.52696242000005, 31.375898755000023], [119.52675372600001, 31.37548734100009], [119.52664937900008, 31.375280134999997], [119.52643265500001, 31.37487069900005], [119.52620689700007, 31.37446023800001], [119.52610254800004, 31.37425203100002], [119.5258948530001, 31.373841616000078], [119.525678123, 31.37343217700004], [119.52557377299999, 31.37322396800004], [119.52540821500006, 31.37291063200005], [119.52523564300009, 31.37248531200003], [119.52506206400002, 31.37205998800001], [119.52488748200005, 31.371634660999995], [119.52471390299999, 31.371209336000064], [119.52454032300011, 31.370782012000056], [119.52437577400008, 31.37035671000004], [119.52419416400005, 31.369933362000005], [119.52402058100009, 31.36950803499998], [119.52394232000009, 31.369293895000027], [119.52375970400008, 31.368868543000097], [119.52359515200015, 31.368445239000067], [119.52342156699999, 31.36801791100006], [119.52324798200002, 31.367592582000036], [119.52313459800006, 31.36732136600007], [119.52310852400004, 31.367097367000007], [119.52305637700007, 31.36665037000006], [119.5230222730001, 31.366425350000007], [119.52296109300008, 31.36597732900006], [119.52290894500004, 31.365530332000027], [119.52287383900014, 31.36530531000006], [119.5228226940001, 31.364858316000024], [119.52279661999998, 31.364632318000062], [119.52273543900006, 31.364185298000024], [119.52268329100002, 31.363738301000076], [119.52264918800003, 31.36351428200002], [119.52259704000008, 31.36306528600008], [119.52256193300002, 31.362841264000018], [119.52255293900006, 31.362412379000062], [119.52257907300009, 31.36196259400006], [119.52258812700005, 31.361737691000016], [119.52260520800004, 31.361511810000067], [119.52262231000012, 31.36106200200006], [119.52264039500002, 31.36083712400002], [119.52264844500007, 31.36061121900007], [119.52268361200004, 31.36016146000007], [119.52268363200005, 31.359936533000024], [119.52270071400004, 31.35971065300007], [119.52272684800008, 31.35926187000007], [119.52274393000006, 31.359034990000033], [119.52275298200001, 31.35881008700008], [119.52277911700004, 31.358360305000076], [119.52279619900003, 31.35813442500004], [119.52280525199998, 31.35790952300008], [119.52283038200002, 31.35745973800008], [119.52283943500007, 31.357233837000045], [119.52285752000013, 31.35701095900008], [119.52287461100003, 31.35668111300005], [119.52288266000008, 31.356455210000014], [119.52291782700006, 31.35600645200001], [119.52293490900004, 31.35578057300006], [119.52294396100001, 31.355554672000018], [119.52297009600012, 31.355104890000106], [119.52298717700012, 31.354880011000063], [119.52301331200015, 31.354430231000066], [119.52303039300014, 31.354204352000025], [119.5230655600001, 31.353755595000024], [119.52307360900008, 31.353529692000073], [119.5230826620001, 31.35330379100003], [119.5231178280001, 31.35285503600003], [119.52312587700013, 31.352629132000075], [119.52316104400012, 31.352180376999982], [119.5231781260001, 31.351954499000037], [119.52319522700009, 31.35150469500003], [119.5232123080001, 31.351279817000076], [119.52323039400008, 31.35105394100004], [119.52325652800002, 31.35060416200004], [119.52327361000002, 31.350379283000088], [119.52329974300004, 31.349931504000075], [119.52331682500002, 31.349705626000038], [119.52334295900006, 31.34925684800003], [119.52336004000006, 31.34903097000008], [119.52337812500005, 31.348805095000046], [119.52339522200012, 31.348403277000017], [119.52343038900011, 31.347954523000098], [119.5234474700001, 31.347728646000064], [119.52348163300007, 31.347279889000056], [119.52349971800007, 31.34705401500002], [119.52362117599999, 31.346802424000074], [119.52520014600007, 31.342988912000024], [119.52571210000006, 31.341389808000052], [119.52561709000011, 31.33773783700005], [119.52549508300005, 31.332974206000074], [119.52471442500013, 31.331719603000096], [119.52168575800007, 31.329237399000064], [119.518430209, 31.324852075000045], [119.51536610900007, 31.32110188000008], [119.51497571000009, 31.320314068000087], [119.51477632900003, 31.31616805200006], [119.51471512000002, 31.31593496600005], [119.51465491200011, 31.315715877000038], [119.51460273500004, 31.315494812000047], [119.51472421900007, 31.31520626600006], [119.515028398, 31.31484326500005], [119.51518400000009, 31.31465877400006], [119.51549721100008, 31.314294797000052], [119.51584353400004, 31.314033872000046], [119.51606939100007, 31.313919552000094], [119.51652110200006, 31.31369090800009], [119.51697281000013, 31.313463260000084], [119.51743254400006, 31.313235631000083], [119.51788323900004, 31.313007972999984], [119.51790132700012, 31.31277511100008], [119.517909377, 31.31254921900004], [119.51790939700008, 31.312324304000086], [119.51791845100004, 31.31210041600012], [119.51792750400017, 31.311874526000082], [119.51793557400003, 31.311425720000074], [119.51794462799998, 31.31119983100004], [119.5179536820001, 31.310973941999997], [119.51796173200015, 31.310748051000047], [119.51796175200006, 31.3105221370001], [119.51796177200006, 31.31029722300005], [119.51796982200003, 31.3100713320001], [119.51797887600006, 31.30984544400006], [119.51797889600006, 31.309622529000002], [119.51799700300015, 31.309172752000094], [119.51800505400001, 31.308946861000052], [119.518005074, 31.30872194700001], [119.51801312300006, 31.30849605600006], [119.518022178, 31.30827016800002], [119.51804830400012, 31.307933370000043], [119.51810053800008, 31.30748668700003], [119.51813568800006, 31.307260872], [119.51818691800014, 31.30681418700008], [119.51823915200009, 31.30636650500007], [119.5183004190001, 31.305915849], [119.51835265300008, 31.305468167000086], [119.51840488500014, 31.305021485000076], [119.51846514899998, 31.304571825999993], [119.51852541100007, 31.304125167000073], [119.51857764500005, 31.303678486000067], [119.51863891100004, 31.303228829999988], [119.51883867700005, 31.3029275010001], [119.51921208200005, 31.302605657000115], [119.51957645299998, 31.302284786000037], [119.51994081900011, 31.301965911000032], [119.5203142170001, 31.301644059000047], [119.52067857800014, 31.301323180000054], [119.52105196900004, 31.30100432300005], [119.52142535700011, 31.300683463000055], [119.52178970900007, 31.30036157600007], [119.5221540580001, 31.300040686000074], [119.52250133300006, 31.299818708000004], [119.5227090940001, 31.2996953150001], [119.52315170900013, 31.29945059700001], [119.52359432099999, 31.29920487600002], [119.5240379300001, 31.298957154000043], [119.524471499, 31.29871239900004], [119.52491409500013, 31.29846666500005], [119.52535668600007, 31.29822192500005], [119.52579024000013, 31.297978156000042], [119.52601604600008, 31.29785479500005], [119.52645862400001, 31.297609044000055], [119.52690119700004, 31.297364288000054], [119.52734376500007, 31.297118528000055], [119.52777829900005, 31.296873741000056], [119.52822085500007, 31.296627971000056], [119.5286634060001, 31.296383195000054], [119.5289243320001, 31.296078979000107], [119.52902770600005, 31.295868323999997], [119.52912305100003, 31.295660648000045], [119.52922742800004, 31.295449996000023], [119.52931474700009, 31.29524130000008], [119.52941912300001, 31.295030647000054], [119.52961784000001, 31.29461631200006], [119.52971318500009, 31.29440563600012], [119.52980050100004, 31.294197939000078], [119.52990487700006, 31.293987285000057], [119.53000022000003, 31.29377860700002], [119.53010459500007, 31.293567954000004], [119.53019993800004, 31.293360275000047], [119.53009561200011, 31.293028148000104], [119.52990497599998, 31.292871732000037], [119.52952269700006, 31.292560896000076], [119.529332058, 31.292405478000006], [119.52914944500009, 31.292249079000037], [119.52895880400003, 31.292092659000062], [119.52876816199998, 31.291936239000087], [119.52838587000005, 31.291626391000115], [119.52819522400009, 31.29146996800005], [119.52801260500007, 31.291313564000077], [119.52782195800012, 31.291157139000106], [119.52763030600015, 31.29100071000004], [119.52724900500004, 31.29069085400007], [119.5269620240001, 31.29044821100007], [119.52658071700009, 31.290137349000105], [119.52638905800003, 31.28998191400003], [119.52651050400004, 31.289775313000078], [119.52665803700009, 31.28958677200002], [119.52679754300007, 31.28939921000005], [119.52694507600003, 31.28921066800008], [119.52709260800006, 31.289024124000008], [119.52723110800008, 31.288837557000114], [119.52737863900012, 31.28864901300006], [119.52752616900014, 31.288462468000077], [119.52782122800014, 31.28808937800003], [119.52796875700008, 31.287899832000065], [119.528030003, 31.287520144000005], [119.52796078300005, 31.287301055000086], [119.5278303680001, 31.286864898000054], [119.52769995400004, 31.286428742000027], [119.52763073300001, 31.286209653000107], [119.52750031800005, 31.28577549600007], [119.5274310960001, 31.28555640700006], [119.52730068100006, 31.285118250000046], [119.527170264, 31.28468409200009], [119.52710104200006, 31.284465002999994], [119.5269706250001, 31.284030844000043], [119.52685825200004, 31.283815642], [119.52674587600006, 31.28360943500008], [119.52652814900009, 31.283204038000022], [119.52629436400002, 31.282796597000065], [119.52607663500012, 31.28239019800001], [119.5258950240001, 31.282064859000094], [119.52586895200008, 31.281840883000037], [119.5258509080001, 31.281615928000072], [119.5258338680001, 31.281389977000032], [119.52581682900004, 31.281167024000055], [119.5257737160001, 31.280717098000046], [119.52576470400007, 31.28049416700007], [119.52573863300003, 31.28026819200003], [119.52572058900014, 31.28004223800007], [119.5259464080001, 31.279779937000043], [119.5261902750001, 31.279690610000024], [119.52666796800011, 31.279512924000066], [119.52715368200006, 31.279337254000005], [119.52739653600008, 31.279247917000077], [119.52787320900009, 31.279072214000017], [119.52835991100002, 31.278895531000053], [119.52860275700004, 31.27880518700004], [119.5290884450001, 31.278629492000064], [119.529566098, 31.27845377000009], [119.52980893600011, 31.27836441799998], [119.53029460600007, 31.2781887080001], [119.53052941200013, 31.278097330999998], [119.5307642350001, 31.277787044999997], [119.53075524500008, 31.277335212000004], [119.530738227, 31.276886356000077], [119.53072923700006, 31.276434523], [119.53071221900007, 31.275983669], [119.53070322800012, 31.27553383499999], [119.53068621100013, 31.27508298200008], [119.53067722, 31.27463414700007], [119.53048660000005, 31.274340797000043], [119.53010432800014, 31.274029972000086], [119.52992171900011, 31.27387458000002], [119.52973108300014, 31.27371816700004], [119.52934880200004, 31.27340733500008], [119.52915816200009, 31.273251919000103], [119.52877587400008, 31.27294108100005], [119.52859426200007, 31.27278468600008], [119.5284026150001, 31.2726282630001], [119.52802132200009, 31.272318421000044], [119.52783067500003, 31.27216199900007], [119.52744837300011, 31.271852148000015], [119.52703194100002, 31.27162417100007], [119.52678006800014, 31.271539555000082], [119.52630240800015, 31.271370387000033], [119.52581671300001, 31.271201192000063], [119.52546949799998, 31.271084333000076], [119.52553075400007, 31.27063768200007], [119.52559100599998, 31.27019003100007], [119.52564323100015, 31.269740358000078], [119.52571251500001, 31.26929372900007], [119.52577377200011, 31.268844081000083], [119.525824992, 31.268397405000073], [119.52588624699999, 31.26795075600006], [119.52594649900001, 31.267503104000063], [119.52597261100004, 31.267277269000026], [119.52602483500002, 31.266830595000016], [119.52608609, 31.266380948000027], [119.52616339600002, 31.266010307000002], [119.52627683400007, 31.26557179100005], [119.52639829900008, 31.265131295000103], [119.52651073200006, 31.26469277600006], [119.52662416900012, 31.264252260000028], [119.52673660200001, 31.263813740000067], [119.52679783600001, 31.2635929940001], [119.52691026800008, 31.26315247500007], [119.5270317320001, 31.26271097900004], [119.52705784400004, 31.262473150000083], [119.5271100670001, 31.262023479000092], [119.52717031600002, 31.26157682800008], [119.52722253800007, 31.26112915600008], [119.52717942500016, 31.260715224000023], [119.52705804000004, 31.260279101000002], [119.5269276240001, 31.259840953000072], [119.52679720600005, 31.25940380600005], [119.526667791, 31.258967661000028], [119.52654540099999, 31.25852953400001], [119.52636377799999, 31.258365134], [119.52600755500009, 31.25803535000007], [119.5256513280001, 31.257707562000036], [119.52546970099999, 31.25754215900003], [119.5251134700001, 31.2572123670001], [119.5247582380001, 31.256884575000065], [119.524575603, 31.256718166000063], [119.52421133500006, 31.256390345000028], [119.52385509200008, 31.256060544000007], [119.5236814850001, 31.25589515500009], [119.52331720800007, 31.255568326000052], [119.52296095699998, 31.255237518000037], [119.5227873460001, 31.255073125000024], [119.52243109100002, 31.25474331300009], [119.5220938990001, 31.254437538000012], [119.52207587400002, 31.253985689000018], [119.52206688, 31.25353686200001], [119.52205889200005, 31.25308503900002], [119.5222054540001, 31.25272259500005], [119.52251861800008, 31.25236059800003], [119.52267520000007, 31.252176100000042], [119.52298735600004, 31.251813098000113], [119.52329951000002, 31.251451094000096], [119.52360363300014, 31.251091064000057], [119.52377727200012, 31.25088661700002], [119.52376828100009, 31.250434793000025], [119.52375928900005, 31.249983969000027], [119.523568638, 31.249627620000034], [119.52338599700008, 31.249465205000007], [119.52302171800014, 31.249139376000045], [119.5226574340001, 31.248816543000068], [119.52229314800007, 31.24849270700001], [119.52193688700007, 31.248167891000044], [119.5215635620001, 31.247845024000064], [119.52119926700007, 31.247519182000104], [119.52083496800003, 31.247195335000043], [119.52047869600004, 31.24687250700007], [119.52010535800005, 31.24654663200002], [119.51974105100011, 31.24622377700004], [119.51937674000007, 31.245899919000067], [119.519020457, 31.245575083000098], [119.51865614100005, 31.24525122100004], [119.51828279000007, 31.244925332999983], [119.51791846800003, 31.244602466000096], [119.51755414400009, 31.244279596000112], [119.51793558500003, 31.243999784000053], [119.51840433900009, 31.243802174000045], [119.51864724600011, 31.243701893000008], [119.51911599400009, 31.243504277000092], [119.51935086700007, 31.243404969000046], [119.51981960700004, 31.243209347000025], [119.5202873390001, 31.243009718000025], [119.52076510300003, 31.242812112000017], [119.52124286100002, 31.242614501000013], [119.52170254900014, 31.242416837000086], [119.52218029800005, 31.24221721700009], [119.52264900700001, 31.242021567000066], [119.52312674500003, 31.241821938000072], [119.52358641200013, 31.241624255000055], [119.52404607300006, 31.241435563000074], [119.52435922300003, 31.241073557000057], [119.52467136600002, 31.24071054700004], [119.524983506, 31.240348534000105], [119.52528761600003, 31.239986497000082], [119.52559975200009, 31.239623481000066], [119.5257824140001, 31.239417052000043], [119.52630325400004, 31.23934644300006], [119.52656317000006, 31.23930913400008], [119.52707496600013, 31.239237493000104], [119.52759578700014, 31.23916486700005], [119.52785669700006, 31.23912855200006], [119.52836847500012, 31.239056893000082], [119.52888927700005, 31.238983252000033], [119.52915017700005, 31.23894892700003], [119.5294793090001, 31.238902779000036], [119.52956662600005, 31.23869209500001], [119.52966999800007, 31.238483450000068], [119.52986971700008, 31.23806714100008], [119.52996506000015, 31.23785847600005], [119.53006140700003, 31.237647813000024], [119.53016477700007, 31.237440166000077], [119.53026012100005, 31.23722950100005], [119.5304518090001, 31.236815169000053], [119.53055517700012, 31.236604522000036], [119.5306515230001, 31.236395858], [119.53075489100004, 31.23618521100007], [119.53085123500011, 31.235977546000115], [119.53112820000001, 31.23564538400008], [119.53131885700007, 31.23548692800002], [119.53169213900006, 31.23517799000004], [119.5318837950001, 31.23502253200006], [119.53226509700002, 31.23471160800009], [119.53245574700009, 31.234555145000023], [119.53282901600005, 31.234245195000042], [119.53302066500011, 31.234088732000068], [119.53340295700002, 31.23377879800009], [119.53359359999999, 31.233622329000113], [119.53396685500006, 31.233311368000052], [119.53434813100017, 31.232999422], [119.53472137700014, 31.232691451000093], [119.53491301400001, 31.232532978000037], [119.53529427900003, 31.232224020000054], [119.53548591300016, 31.232065542999997], [119.53586717000007, 31.231757578000007], [119.5360497710001, 31.231601078000025], [119.53643102000001, 31.23129110600005], [119.53662264700006, 31.231134623000067], [119.53700388900008, 31.230824646000002], [119.53719551200004, 31.230668159000018], [119.5375677180001, 31.230358154000037], [119.53775933600005, 31.230201664000056], [119.53814156600006, 31.229890675999997], [119.53833217700003, 31.22973517900001], [119.53871440000012, 31.229424185000035], [119.538905008, 31.229267685000053], [119.53919091600002, 31.229035432000018], [119.53944270000008, 31.22899001399999], [119.53995528800012, 31.228901190000016], [119.54020706399999, 31.228855766999985], [119.54072766200008, 31.228765948000017], [119.54097842900003, 31.228720515000077], [119.54150001400004, 31.22863168500001], [119.54175980000002, 31.228586265000068], [119.54222921800014, 31.228466324000095], [119.54247194900006, 31.228383878000024], [119.54296643100012, 31.228222998000035], [119.54345288000005, 31.22806509100011], [119.54369559900016, 31.22798463400003], [119.54419005800003, 31.22782373200004], [119.54467648300013, 31.227662806000048], [119.54517092300009, 31.227504886000034], [119.54541362500001, 31.22742241500005], [119.54590002700002, 31.22726146800006], [119.54629114700006, 31.227135306000008], [119.54647267300007, 31.226972742000058], [119.54682870300005, 31.22664759600007], [119.54701122900005, 31.226484030000037], [119.54714963500012, 31.22626340400008], [119.54727099100012, 31.22605873700011], [119.54751470500004, 31.225657399000028], [119.5477483880001, 31.22525403900005], [119.54798307100006, 31.224852680000062], [119.54820872700009, 31.224451301000066], [119.548451428, 31.224048953000086], [119.54868610500014, 31.223645588000103], [119.54891977600003, 31.223244219000023], [119.54888571300015, 31.22292330500003], [119.5487724220001, 31.222717188000026], [119.54854684300008, 31.22230895000009], [119.54832126100007, 31.221900712000064], [119.54809567700015, 31.221495470000015], [119.54799140800006, 31.22128936700002], [119.54777483699999, 31.220983092999987], [119.54749710100009, 31.220603734000044], [119.54721033600009, 31.220225354], [119.54692356799998, 31.219847971000036], [119.54663779900014, 31.219468587000087], [119.54636005000008, 31.219091216000038], [119.54606424600001, 31.21871380500008], [119.54580454000003, 31.21835745500008], [119.5460823620001, 31.21797818900005], [119.54629900100008, 31.21768975700008], [119.546481553, 31.217266320000036], [119.54665507900006, 31.216842864000085], [119.54683762900007, 31.216419424000044], [119.54693291500004, 31.21620671300012], [119.54711546300004, 31.215783272000074], [119.54728898300002, 31.21536081200003], [119.54747052600013, 31.214937367000076], [119.54761896800005, 31.21458782100011], [119.54767015000002, 31.214138135000027], [119.54771330900005, 31.213691432000104], [119.54774842500001, 31.213465607000067], [119.54779158500003, 31.21301890400006], [119.547843768, 31.212569220000063], [119.54789595100014, 31.212122534000052], [119.54791402100014, 31.21189467800012], [119.54796620400009, 31.211446993000024], [119.54799129400013, 31.211222149000072], [119.54803544900005, 31.21083741800004], [119.54801743900006, 31.21038859800003], [119.54800945700003, 31.20993680100004], [119.548000471, 31.20948799800003], [119.54798246100012, 31.20903618200004], [119.54797447900016, 31.20858538300004], [119.5479564690001, 31.20813556600004], [119.54794848700014, 31.207684767000046], [119.5479395020001, 31.20723496700004], [119.54792249500012, 31.206784152000047], [119.54791350000008, 31.20644130000001], [119.54790451400005, 31.20599150000001], [119.54788750700007, 31.2055406860001], [119.54787852200003, 31.205088887000024], [119.54787054000008, 31.204640090000012], [119.54785253000011, 31.204188274000025], [119.54784454800006, 31.203739476000102], [119.54782653700008, 31.203287661000026], [119.54788773800009, 31.20293395100007], [119.54802615700008, 31.20250042800008], [119.54808734500008, 31.202278654000025], [119.54822576400008, 31.201844132000048], [119.54829497500012, 31.201601382000035], [119.54835618200003, 31.201154717000023], [119.54839932000004, 31.20093090900007], [119.54846052700006, 31.200484243000062], [119.54852073100005, 31.20003457800007], [119.54858193800007, 31.199587912000062], [119.54864214100007, 31.199140246000056], [119.54870334699999, 31.19869358100005], [119.54876355000007, 31.198246914000038], [119.54882475700008, 31.19779725000005], [119.54888596300009, 31.197350585000038], [119.54891105100012, 31.197126741999995], [119.54897225600011, 31.19667907800008], [119.54903346100002, 31.196232413000068], [119.54910268800006, 31.195783764000076], [119.54916389299999, 31.195336099000073], [119.54922409600007, 31.194889433000064], [119.54925820700007, 31.19466560700002], [119.54931941200006, 31.194218943000095], [119.54936255700008, 31.19389118500007], [119.54933650700005, 31.193665248000023], [119.54927638400014, 31.193218356000088], [119.54921525800015, 31.19277146200006], [119.54918920800003, 31.192545525000106], [119.54912908400004, 31.19209863300008], [119.54906795700003, 31.191651740000047], [119.54903288199998, 31.191427784000084], [119.54898078100011, 31.19097890800007], [119.54892065700002, 31.19053201600004], [119.54889460500009, 31.190308079000076], [119.548833478, 31.189861185000048], [119.54877235200001, 31.189411293000035], [119.54874630100008, 31.189188355000063], [119.54868617500007, 31.188741463000035], [119.54863407300002, 31.188291588000027], [119.54859899700014, 31.188068632000054], [119.54853887200014, 31.18762174100003], [119.54847774400005, 31.187174847000087], [119.54845169200013, 31.186948911000044], [119.54839958900007, 31.18650203400002], [119.54836451300001, 31.186276080000063], [119.54830438800002, 31.185829188000035], [119.54825228400014, 31.1853823120001], [119.54826935400004, 31.185115479000046], [119.54828642100003, 31.184889624000014], [119.54833058200005, 31.18443993400011], [119.54837373900016, 31.1839932400001], [119.5483998300001, 31.18376740300006], [119.54844298800002, 31.18331771200007], [119.54848614600004, 31.182871018000057], [119.54851223700007, 31.182645182000023], [119.54855539400009, 31.182196489000027], [119.54859855200002, 31.18174679700003], [119.54864270500002, 31.18137107100003], [119.54829578600001, 31.1810305810001], [119.54812232500004, 31.180861334000042], [119.54777439500003, 31.180520835000024], [119.54743648800005, 31.180180352000008], [119.54707147700006, 31.180121669000037], [119.54656805800005, 31.18020663600005], [119.54630832200006, 31.18024810000002], [119.54580488800005, 31.180330054000052], [119.54528440600006, 31.18027803200001], [119.54475488700004, 31.180225982000053], [119.54449413600005, 31.180195464000107], [119.54401675100007, 31.180148504000037], [119.54381718200008, 31.180001165000107], [119.54361761100009, 31.179853824000084], [119.54341803800001, 31.179705483000063], [119.54321846300002, 31.17956013900003], [119.54301888600003, 31.179412794000008], [119.54281930900004, 31.17926544799998], [119.54242014800005, 31.178974750000087], [119.54222056600005, 31.178827400000067], [119.542029006, 31.178680065000044], [119.5418294210001, 31.178531713000027], [119.5416298340001, 31.17838435900009], [119.54143024600012, 31.17823900300005], [119.54115241200014, 31.178176434000115], [119.54063183800005, 31.178091344000094], [119.54037104600005, 31.17805079300011], [119.5398594850001, 31.177965710000002], [119.53934691100005, 31.17788361500005], [119.53882630300005, 31.177798494000022], [119.53856649700005, 31.177755932000053], [119.53806292700004, 31.177672835000102], [119.53768977400017, 31.177435107000065], [119.53756840800007, 31.17723293200003], [119.53731664700001, 31.176835558000015], [119.5370739120001, 31.176436203000016], [119.53685624500011, 31.17615184500002], [119.53670076600005, 31.17596957900004], [119.53637977300005, 31.175612017000034], [119.5362323160001, 31.175429767000054], [119.53591934300005, 31.175069221000065], [119.53559834200004, 31.174709652000068], [119.53544185200006, 31.17452937700007], [119.53512987400009, 31.17416882500008], [119.53497338200012, 31.1739865480001], [119.53466039600006, 31.173628989000093], [119.53449587500003, 31.17344669000002], [119.53418388700007, 31.17308613000003], [119.53387089200011, 31.17272856400011], [119.53371539800003, 31.172545284000044], [119.53340239899998, 31.172185714000044], [119.53323787100014, 31.17200540900005], [119.53292486699999, 31.17164583500005], [119.53276836400002, 31.171465547000054], [119.53245635900014, 31.171102973000075], [119.53214435000007, 31.170745394000065], [119.531987843, 31.170562105000087], [119.53164072400014, 31.170067504000023], [119.53154542299998, 31.169859376000034], [119.53135381500013, 31.169441118000066], [119.53125851300005, 31.16923199000008], [119.53115418000004, 31.16902183900001], [119.5310679080001, 31.168811733000034], [119.53096357500007, 31.168600583000064], [119.53077296700012, 31.168184323000084], [119.53067666000005, 31.16797319200002], [119.53058135600007, 31.167763063000045], [119.530486051, 31.167554933000055], [119.53029544200004, 31.167136670999994], [119.5301911060001, 31.16692552000002], [119.53010483, 31.166717410000032], [119.53000049500005, 31.166507257000056], [119.52990518800007, 31.166296126000084], [119.52971357100012, 31.165879860000103], [119.52961826500005, 31.16566872900004], [119.52952295700007, 31.16545859700006], [119.52942765000009, 31.165248465000083], [119.52923603000013, 31.164832196000106], [119.52913169200012, 31.16462104100004], [119.52904541400008, 31.164410931000063], [119.52894107400007, 31.164202774000074], [119.52885479600003, 31.163991664000015], [119.52865514600003, 31.16357337300004], [119.52855983600014, 31.163364238000057], [119.528463523, 31.163154102000078], [119.52836018400006, 31.1629439480001], [119.52817759000004, 31.16252669700004], [119.52808227900007, 31.162316562000058], [119.52798696800008, 31.16210642699999], [119.52788262500007, 31.161895269000105], [119.52779534100013, 31.16168715300003], [119.52759668900003, 31.16126885900006], [119.52720532400008, 31.161292840000087], [119.5267366700001, 31.161494524000076], [119.52650284200004, 31.16159486600003], [119.5260592760001, 31.16170265500007], [119.52579032800006, 31.161708950000055], [119.52553041100013, 31.16171826400003], [119.52527852000007, 31.161724600000106], [119.52500956700011, 31.161732889000085], [119.52474964400011, 31.161740200000068], [119.5244887170001, 31.161746507000053], [119.52395983000012, 31.1617620970001], [119.52369889600003, 31.161772397000064], [119.52343796200012, 31.161778699000052], [119.52317802900009, 31.16178799900011], [119.52291809400009, 31.1617942990001], [119.52264912600003, 31.161800575], [119.5223881840001, 31.161809868000056], [119.5221282440001, 31.161816164000044], [119.52186729900009, 31.161824455000023], [119.52160735700008, 31.16183174800009], [119.52134741200007, 31.16183803899999], [119.5210784340001, 31.161847304000048], [119.5208174820001, 31.16185259100004], [119.52055753300007, 31.161861877000007], [119.52029657900007, 31.161868160000083], [119.52003562300007, 31.16187744100005], [119.51977567000004, 31.161885723000026], [119.51951571500004, 31.161892005000013], [119.51924572200008, 31.16190125600007], [119.51898576400006, 31.161907536000058], [119.51872580500005, 31.16191381500004], [119.51846484000012, 31.161923087000012], [119.51809147200005, 31.16176913000006], [119.51784958400002, 31.161673507000053], [119.51761472200005, 31.161575903000063], [119.51714599600007, 31.16138469400005], [119.51666823300006, 31.161191456000047], [119.51642533500004, 31.16109382500005], [119.51594756500003, 31.16090358000003], [119.51547982900006, 31.160710361000035], [119.51524495600007, 31.160612747000037], [119.51476818000006, 31.160421496000026], [119.51453330400008, 31.16032587900002], [119.51429842700009, 31.160228262000025], [119.513821643, 31.160037004000095], [119.51335288600002, 31.15984476600009], [119.51311900800012, 31.159746148000103], [119.51264121200012, 31.159555878000077], [119.51240632800013, 31.159458254000086], [119.51216341200009, 31.159362606000073], [119.51168661200009, 31.15916933400007], [119.5112178410001, 31.158976082000066], [119.51097391700009, 31.15888042600006], [119.51050614400003, 31.15868817300005], [119.5100283300001, 31.158494887000046], [119.50979444100003, 31.15839925800004], [119.50932565700015, 31.158205994000035], [119.50885685900008, 31.158154655000047], [119.5086048840001, 31.15820189400005], [119.50834487699998, 31.158251110000037], [119.507832892, 31.15834756100002], [119.50731990200009, 31.15844500700009], [119.50705989200007, 31.158492219000003], [119.50681694600004, 31.158542479000076], [119.50630495400006, 31.158637923000065], [119.50604494100003, 31.158688132000044], [119.50553194200003, 31.15878357000004], [119.50501994300012, 31.15888100700002], [119.50450794200005, 31.158976444000096], [119.50399594000014, 31.15907387699999], [119.50373491800012, 31.159122078000067], [119.50348393500005, 31.159172308000052], [119.50297092500014, 31.159267735000043], [119.5024679520001, 31.15936519000011], [119.50208544000006, 31.159564948000032], [119.50164369200002, 31.15980350900005], [119.50120093900016, 31.16004206500007], [119.50097504500003, 31.16016133000008], [119.50053228900008, 31.160399886000015], [119.50008953400004, 31.160639440000026], [119.49964677800008, 31.16087799300005], [119.49919599000009, 31.161116522000064], [119.49875222900005, 31.161353073000008], [119.498310476, 31.161591628000032], [119.498093614, 31.161710917000043], [119.49764182100012, 31.161950440000055], [119.49719906200006, 31.162188991000072], [119.496634822, 31.162486148000056], [119.49617499799999, 31.16270965300008], [119.49572320500008, 31.162933184000096], [119.49527241600009, 31.16315471900004], [119.49481158900005, 31.163378222000063], [119.4945856930001, 31.163490487000026], [119.49412587000008, 31.163711995000057], [119.49367508300008, 31.16393352900009], [119.49321425700006, 31.164157033000016], [119.49276347100015, 31.164380567000038], [119.49230364900004, 31.16460407400006], [119.49207775600007, 31.164714341000035], [119.49162596700009, 31.16493587500007], [119.49116614900007, 31.165159383000088], [119.49071436300007, 31.165382917000017], [119.49025454600005, 31.16560442800005], [119.48980276200004, 31.165827964000073], [119.48934294800011, 31.166051476000092], [119.48887411500004, 31.166112046000038], [119.48835308, 31.166177459000032], [119.4881021000001, 31.166211694000026], [119.48758106800008, 31.166279108000005], [119.48732005200006, 31.16631431300008], [119.48706003900014, 31.16634652300008], [119.4865390110001, 31.16641394100006], [119.48627900100007, 31.16644815200005], [119.48601798700007, 31.16648336000003], [119.48550599900017, 31.166548809000027], [119.48498498100004, 31.16661523300011], [119.48473400900005, 31.166647474000023], [119.48421299400002, 31.166714901000006], [119.48394395500006, 31.166744092000023], [119.48357054800007, 31.166426156000092], [119.48338786000014, 31.16626570100005], [119.48301445500007, 31.16594876500003], [119.48283176800014, 31.165791309000056], [119.48245936900005, 31.165473380000044], [119.48226765000001, 31.16531589900007], [119.48190328400005, 31.16499599500007], [119.48171256999998, 31.164835520000025], [119.48134820700014, 31.164518618000002], [119.48115749400007, 31.164360142000035], [119.48079213100004, 31.164043240000105], [119.48060141900007, 31.163885765000046], [119.48041071600002, 31.163644334000054], [119.48040170200017, 31.163418424000014], [119.48039268800002, 31.163195514000044], [119.48037564300013, 31.162969581], [119.48036662900009, 31.16274367100005], [119.48035761500014, 31.162517761000096], [119.48034960600012, 31.162291855000056], [119.48034059100007, 31.162068945000087], [119.48033258200013, 31.16184303800005], [119.48032356799999, 31.161617129000007], [119.4803065230001, 31.16139219600005], [119.48029750900005, 31.161168286000084], [119.48028849500011, 31.160942376000044], [119.48028048500007, 31.160716470000096], [119.48027147100004, 31.160491560000047], [119.4802624570001, 31.16026565100001], [119.48025444700014, 31.160041744000047], [119.48023639800007, 31.159816809000084], [119.48022838900012, 31.159589903000054], [119.48021937500008, 31.159364994000008], [119.48021036100013, 31.159141083000044], [119.48020235100009, 31.158915178], [119.48019333700006, 31.158690268000043], [119.48017629199998, 31.158464336000094], [119.48016727800004, 31.158240427000038], [119.480158264, 31.158014518000087], [119.48014925100006, 31.157789608000044], [119.4801412410001, 31.157563703000093], [119.48013222699998, 31.15733779400005], [119.48012421700003, 31.157113887], [119.48010616900004, 31.15688895200004], [119.480098158, 31.156663047000087], [119.48009817900001, 31.15643716500005], [119.48008013000002, 31.15621422800008], [119.479698706, 31.155968248000065], [119.47948992700003, 31.15583171400005], [119.47927311900003, 31.155697156000016], [119.47907337600012, 31.15556064800009], [119.47864779300008, 31.15529155800003], [119.47844805200006, 31.155157051000096], [119.47823124800007, 31.155020497000073], [119.47781470499999, 31.15475043700011], [119.47760593300004, 31.154613909000005], [119.47731083000012, 31.154564086000057], [119.47695546800003, 31.154897892000058], [119.47678180400014, 31.15506530700005], [119.47660813900006, 31.15523472200004], [119.47643447600001, 31.15540213700003], [119.47607811600008, 31.15573594600003], [119.4759044540001, 31.15590336300003], [119.47573079200004, 31.15606978200003], [119.47555713100006, 31.156239199000012], [119.47520178200014, 31.156572015000016], [119.47502812299999, 31.156740434000007], [119.474854464, 31.156907854000096], [119.47449811600009, 31.15724167200009], [119.47432446000003, 31.15740909300009], [119.47415080300004, 31.157578515000075], [119.47397714899998, 31.157744939000075], [119.47362181000007, 31.15807976400007], [119.473448157, 31.158247188000068], [119.4732745040001, 31.158413614000068], [119.47310085200004, 31.158583038000053], [119.47274451700005, 31.158916866000055], [119.47257086700006, 31.159084294000053], [119.47239721800008, 31.159251721000047], [119.47221453600008, 31.159420124000036], [119.47186824400002, 31.159752987000047], [119.47169359400004, 31.159921413000035], [119.47151994800006, 31.160088845000033], [119.47133827300004, 31.16025625300003], [119.47099098600009, 31.160590119000034], [119.47081734200002, 31.160759550000108], [119.47061760600002, 31.160924913000024], [119.47035767000008, 31.16090720600007], [119.47009673200009, 31.16088949700002], [119.46982776700011, 31.160869768000076], [119.46931493300005, 31.160835382000073], [119.46905500600005, 31.160817681000033], [119.46878604800008, 31.160797959], [119.46852512100008, 31.16077925900005], [119.46826519900006, 31.160761563000094], [119.46800427500014, 31.16074386500005], [119.46755268900009, 31.160615712000016], [119.46704892500006, 31.160476428000038], [119.46655420099998, 31.160334176000084], [119.46605045200013, 31.16019490300002], [119.46580761200002, 31.16012329500004], [119.46530487600009, 31.159984034000068], [119.46481017500001, 31.159842801000018], [119.46431447900011, 31.159704570000038], [119.46406261900006, 31.15963194800007], [119.46356793700008, 31.15949172900001], [119.46331608300011, 31.159422110000023], [119.4630732630001, 31.15935051700005], [119.46257859100001, 31.159252288000097], [119.46206586400005, 31.15918700300002], [119.46154511700004, 31.15912170300004], [119.46128424500013, 31.159092053000073], [119.46076351100012, 31.159026763999996], [119.46024278600011, 31.158963481000093], [119.45973009600006, 31.15889822700011], [119.45947024300006, 31.158867592000064], [119.45894853600014, 31.158802326000078], [119.45842784300012, 31.158738069], [119.45791618799998, 31.15867184300003], [119.45739551200006, 31.158609600000034], [119.45713467700017, 31.158576982000085], [119.45661401499999, 31.158513751000008], [119.45609236100007, 31.158448527000118], [119.45558074700011, 31.158383335000053], [119.45531992800011, 31.158352729000093], [119.45495577000008, 31.158506784000053], [119.45472102700012, 31.158606176000013], [119.454251546, 31.158805967000028], [119.45378307500005, 31.159003768000048], [119.4533146140001, 31.15920357400006], [119.45283713200003, 31.15940236600008], [119.4526114350001, 31.15950279400004], [119.45213396700002, 31.15970259700005], [119.45189019700001, 31.160057858000044], [119.45176079000007, 31.16025146300008], [119.4514909420001, 31.160639650000043], [119.45123112800002, 31.16102786200001], [119.45109169300011, 31.16122344600003], [119.45083088000004, 31.161611659000087], [119.45056204500008, 31.162001856000046], [119.45029321300004, 31.162389058000016], [119.45016281000008, 31.162583667000042], [119.44990200700009, 31.162971889000104], [119.44963318200006, 31.163360095000073], [119.44949375600007, 31.16355368900001], [119.44937237100007, 31.163886250000083], [119.44939040300004, 31.16411117400004], [119.44939840600009, 31.164335076000008], [119.44941643800007, 31.164560999000045], [119.44945049700004, 31.16500784300007], [119.44946852900011, 31.16523376600002], [119.44947653100006, 31.165458669000067], [119.44949456400005, 31.16568459200002], [119.44951159300004, 31.165908514000073], [119.44952862200012, 31.166134435000025], [119.44953762800006, 31.166359339000074], [119.44955465700005, 31.166585260000026], [119.44949445500004, 31.166869981000048], [119.44912033500007, 31.167184001000095], [119.44892976700012, 31.16734250400006], [119.44855665800006, 31.167655533000115], [119.44818355500001, 31.167969565000078], [119.44780143200002, 31.168282585000043], [119.44742733799998, 31.16859662500009], [119.447054253, 31.168908674000065], [119.44668117300014, 31.16922372600002], [119.446490624, 31.169380246000088], [119.44611655100005, 31.16969430500005], [119.44573446000007, 31.170007351000017], [119.4453614020001, 31.17032142200007], [119.44498834900006, 31.170634497000037], [119.44460627700006, 31.170948559000088], [119.44442376700015, 31.17110710900006], [119.44404170400006, 31.17142217800002], [119.44385919900006, 31.171577732000102], [119.44347714600008, 31.17189281000006], [119.44310412300003, 31.172204911000037], [119.44272208300004, 31.17251900100009], [119.4423480700001, 31.17283211000006], [119.4419660430001, 31.173146209000024], [119.44169732700007, 31.173333597000074], [119.44149779800009, 31.173474142000067], [119.44128924600014, 31.173617671000045], [119.44108069800004, 31.173758202000037], [119.44088117400014, 31.17389975200011], [119.44067262900002, 31.174040287000018], [119.44047310900012, 31.174180840000098], [119.44006505100002, 31.17446093500009], [119.43985651300008, 31.174604475000066], [119.43965700000001, 31.174745035000065], [119.43944846700006, 31.174886579000052], [119.439248958, 31.175027142000047], [119.43904042900016, 31.17516868900003], [119.43863239700013, 31.175447807000033], [119.43843289600015, 31.175589376000026], [119.43822437400004, 31.17573292900009], [119.43801585400001, 31.175873485000082], [119.4378073370001, 31.17601504300007], [119.43761586200006, 31.17615563300007], [119.4371998390001, 31.176435759000064], [119.43699133000007, 31.17657632400006], [119.43679986200004, 31.176718919000045], [119.4365923590001, 31.176860489000035], [119.43638285300008, 31.177002056000028], [119.43617535400006, 31.177142629000024], [119.43597487300008, 31.17728421600001], [119.43556790300008, 31.17756338500002], [119.43535840700005, 31.177704961000096], [119.43515893700007, 31.177847554999992], [119.43495044700005, 31.177989137000075], [119.43475098100006, 31.17812973500007], [119.43454249600005, 31.178270320000067], [119.43413455100004, 31.17855051100007], [119.4339260720001, 31.17869210100006], [119.43372661500004, 31.178832707000062], [119.433492083, 31.178976258000034], [119.43322248900007, 31.17898182500005], [119.4329619160001, 31.178991407000048], [119.43270235100012, 31.178996995000062], [119.43244178600006, 31.17900358400008], [119.432181225, 31.17901217499999], [119.431651093, 31.179025353000014], [119.43139054300002, 31.179031954000024], [119.43112999500013, 31.179040556000118], [119.43087045200006, 31.179047163000043], [119.4306089090001, 31.179053770000053], [119.43034937300003, 31.179061382000064], [119.43007982000012, 31.179067983999985], [119.42981929000004, 31.179074601000003], [119.42955876200007, 31.179083221000006], [119.4292982380001, 31.17908984300002], [119.42903771800005, 31.179096469000037], [119.42877720100014, 31.17910509700004], [119.42850767000006, 31.17911171600005], [119.42824816100008, 31.179118352000067], [119.42798665300003, 31.179125987000077], [119.4277181340001, 31.179132617000093], [119.42746565000007, 31.179139271000025], [119.42720615500002, 31.179147917000115], [119.4269366460001, 31.179154554000043], [119.42667615700013, 31.17916120600006], [119.42641567100007, 31.179166861000084], [119.42614617200007, 31.179176505000086], [119.42589471000005, 31.17918217800011], [119.42563423500008, 31.179188842000038], [119.42511329100014, 31.179241159000107], [119.42517437600013, 31.17950610200009], [119.42526950600009, 31.17994599900007], [119.42532157900004, 31.18016995100004], [119.42541671000001, 31.180611849000094], [119.42551284300006, 31.18105274800007], [119.42557293100006, 31.18127671200004], [119.42566906500011, 31.18171661300002], [119.42576419700008, 31.18216051100007], [119.42581627200003, 31.182383465000044], [119.42543456100007, 31.182578882000044], [119.42498272899999, 31.182810199000087], [119.42475731800008, 31.182927860000056], [119.42431451800005, 31.18315720200011], [119.42386271300005, 31.183389540000064], [119.42341091700006, 31.183621888000104], [119.42318552400006, 31.183739565000067], [119.42283794099998, 31.183739162000037], [119.42257750800002, 31.18373886300001], [119.42230806300003, 31.183738556999984], [119.42204863800015, 31.183739266000046], [119.42179622800003, 31.183740985000007], [119.42152679500012, 31.183742687000063], [119.42126637900007, 31.183742404000036], [119.42100596800003, 31.183743122000095], [119.42073654500011, 31.18374283600007], [119.42047613999998, 31.183742561000052], [119.42022475300004, 31.183744298000107], [119.41995534200014, 31.183745020000075], [119.41943455800003, 31.18374449200003], [119.41916515800003, 31.1837442240001], [119.41890477400008, 31.183746966000058], [119.4186443960001, 31.18374671300004], [119.41838401900006, 31.18374646300002], [119.418123648, 31.183746215000085], [119.41783724300004, 31.18373095400007], [119.41765500300005, 31.183570865000057], [119.41728151300006, 31.183251683000023], [119.417099278, 31.18308860100003], [119.41673381200005, 31.18276943500009], [119.41655158100005, 31.18260935600008], [119.41618712800002, 31.182288201000063], [119.41599589000009, 31.182127119000057], [119.41562243500002, 31.18180796600003], [119.41544923400016, 31.181577937000007], [119.41550935200007, 31.18113121199999], [119.41556146000002, 31.180681481000086], [119.41562258100011, 31.180234757000072], [119.415683701, 31.179788034000055], [119.41573581000014, 31.179338304000062], [119.41579592900007, 31.178889581000057], [119.41555264100009, 31.178611519000057], [119.41524027500009, 31.178249445000027], [119.41508409500014, 31.17806641000007], [119.41477173700005, 31.17770634200012], [119.41445838299998, 31.177344279000096], [119.41414603600006, 31.176981221000077], [119.41383369299999, 31.176621165000043], [119.41352135700006, 31.17625911600002], [119.41324305300014, 31.176033027000052], [119.4127745310001, 31.1758457870001], [119.41228800300007, 31.175661543000047], [119.41181049500008, 31.175476314999997], [119.4113330010001, 31.17529209800003], [119.41085551800003, 31.175105892000076], [119.41038705800008, 31.174918702000042], [119.41004772400007, 31.17486453], [119.40981348400015, 31.174962344000015], [119.40932699800013, 31.17515097500008], [119.4088585400001, 31.17534162600004], [119.40862431700008, 31.175439454000056], [119.408146869, 31.17562811500003], [119.40791165200008, 31.175725950000043], [119.4076253930001, 31.17585374800005], [119.40743421500011, 31.176009579000066], [119.40704386000004, 31.176315246000044], [119.40685268800004, 31.176470083000062], [119.40647935800006, 31.17677776600003], [119.40628819200005, 31.176931609000057], [119.40590586700011, 31.17723729900004], [119.40552455000011, 31.177545995000088], [119.40532438700006, 31.17769984200003], [119.40494208100006, 31.178005549000012], [119.40475093100005, 31.17816140400003], [119.40436963700003, 31.17846812000009], [119.40417849400002, 31.178621981000035], [119.40379621200009, 31.178929707000094], [119.40340493100005, 31.179235438000077], [119.40321479700003, 31.179390307000098], [119.40283253500003, 31.17969804899998], [119.40252033500005, 31.179864887000107], [119.4022591800001, 31.179892811000023], [119.40199903100009, 31.179921737000015], [119.40174689, 31.179946670000035], [119.40147774200011, 31.17997560100003], [119.40121760500008, 31.180001537000045], [119.40095646800015, 31.18002947600005], [119.4004362100001, 31.180083365000065], [119.40017508500016, 31.180111312000072], [119.39992396800008, 31.180139265000072], [119.39966285100004, 31.180165219000088], [119.39940273800002, 31.180194176000086], [119.39914162700009, 31.180220136000102], [119.39888152100006, 31.18024810000002], [119.398612414, 31.180276065000022], [119.39835231600014, 31.18030203500004], [119.39809121900012, 31.180330006000048], [119.39784013000005, 31.180360981000035], [119.39757904200012, 31.18038696000005], [119.39731895700001, 31.180414940000055], [119.39705787600008, 31.180440924999985], [119.39679779800005, 31.18046891200008], [119.39653772300002, 31.180496902000087], [119.39627665300009, 31.180522896000106], [119.39601658600007, 31.180550892000028], [119.39575552200006, 31.180578890000035], [119.39549546200013, 31.18060489300005], [119.39523440500011, 31.180633897000057], [119.39490535600015, 31.18048999800005], [119.39472236200001, 31.180067228000063], [119.39462736500005, 31.179854345000038], [119.39445337500004, 31.17943357700004], [119.39436638100005, 31.17922069400001], [119.39419239500012, 31.17879692900003], [119.39409740000008, 31.178585047000084], [119.39391441400005, 31.17816128600002], [119.39382842300003, 31.17794840500008], [119.39353242000006, 31.17759462700012], [119.39337642100011, 31.177410744], [119.39307242600009, 31.177042981000035], [119.3929254300001, 31.176859099000097], [119.39261244200006, 31.176492343000042], [119.39246444900007, 31.176310464000004], [119.39216146800004, 31.175943712000034], [119.39193548, 31.17573486600007], [119.3917004810001, 31.175649962000065], [119.39121449400011, 31.175481165000043], [119.39097150500008, 31.175394272000048], [119.39048553700002, 31.175224490000033], [119.39024155700008, 31.175139603000027], [119.38975560600011, 31.174970836000092], [119.38947763700003, 31.174895963000026], [119.38923465399999, 31.174984997000024], [119.3890006720001, 31.175076030000092], [119.38875769300014, 31.175168069000073], [119.38851471800002, 31.175256111000074], [119.38827074600009, 31.175350154000036], [119.38803677500009, 31.175438198000037], [119.38779380900006, 31.175530246000015], [119.38755884400007, 31.17561829500002], [119.3870729260001, 31.17579840600009], [119.3868379700001, 31.175889461000075], [119.38659501800008, 31.175978522000072], [119.38636106700008, 31.176069582000054], [119.38611812100007, 31.176158648000055], [119.38580518100001, 31.176431656999995], [119.38571818500009, 31.176644590000024], [119.38562319200005, 31.176857528000056], [119.38545820099999, 31.177282394000038], [119.38537120700008, 31.177495329000074], [119.38528421300006, 31.177710263000094], [119.38511022800006, 31.178133136000085], [119.38502323500006, 31.178348072000105], [119.38485924900007, 31.178770942000014], [119.384771257, 31.17898687900003], [119.38467626900004, 31.179198821000064], [119.38451128500006, 31.179624693000044], [119.38441629700003, 31.17983663700008], [119.38432029400008, 31.18024048400001], [119.38420729300006, 31.180678325000002], [119.3841552910001, 31.18090224000005], [119.38404229099999, 31.181340081000045], [119.3839212940001, 31.181780926000016], [119.38386829400007, 31.18200284400008], [119.38375629500004, 31.18244068600007], [119.38365129400006, 31.182881524000038], [119.38353030000007, 31.183321372000016], [119.38347829700004, 31.183569277000103], [119.38348727299999, 31.18379515900005], [119.38349525000002, 31.18401804200002], [119.383513222, 31.184243919000053], [119.38352119800004, 31.184469802000002], [119.3835391700001, 31.18469567800004], [119.3835391490001, 31.18491956600009], [119.38354812400004, 31.185144448000045], [119.38356509700012, 31.185370325000086], [119.38357407200016, 31.18559620700003], [119.38358204800011, 31.185822090000073], [119.38360002099998, 31.186044969000037], [119.38360000000017, 31.18627085600008], [119.38360797600002, 31.186496739000027], [119.383625948, 31.186722615000065], [119.38363492400003, 31.186946499000022], [119.38364290000007, 31.187171382000066], [119.38366087200005, 31.187397259000107], [119.38366085200005, 31.187623147000053], [119.38366882800008, 31.18784902900009], [119.38368680000006, 31.18807190800006], [119.3836947760001, 31.18829779100001], [119.38370375200013, 31.188523674000045], [119.38372172400011, 31.188749551000086], [119.3837217030001, 31.18897244000005], [119.38372967900014, 31.18919832400009], [119.38374765100004, 31.189424201000037], [119.38375662799999, 31.18965008400008], [119.38377360000004, 31.18987396300004], [119.38393850600002, 31.190231693000058], [119.38431134200005, 31.19054633500007], [119.38450226200004, 31.190702155000082], [119.38487610900006, 31.191015804000102], [119.38525796000012, 31.191328455000033], [119.38543989100008, 31.191484288000048], [119.38582275300004, 31.191798946000063], [119.38600468800009, 31.19195578300007], [119.38638656100015, 31.1922674530001], [119.38676044200008, 31.19258013200004], [119.38695138500009, 31.192736971000045], [119.38732427600011, 31.19305165800006], [119.38751622400001, 31.193207502000078], [119.38789812400017, 31.1935201960001], [119.38827103400001, 31.19383289800004], [119.3884619910001, 31.19398875000006], [119.38883591100013, 31.194303461000075], [119.38902587300004, 31.194460318000083], [119.38939980400008, 31.194773038000022], [119.38978174100015, 31.19508576100005], [119.3899637120001, 31.195241629000073], [119.39034569100008, 31.195219527000106], [119.39085867500016, 31.195187401000027], [119.39138767200006, 31.19515728100002], [119.39190968200009, 31.19512517500003], [119.39242970700003, 31.19509408100003], [119.39295074700007, 31.195062000000043], [119.39348080000005, 31.19503192600004], [119.39399286600005, 31.19499986900005], [119.39452294900003, 31.19496682200007], [119.39478299400005, 31.19495180200007], [119.39531309800013, 31.19492177200007], [119.39582521300005, 31.19488975500009], [119.39635534600004, 31.19485675000002], [119.39687549100009, 31.194823758000048], [119.39739665000005, 31.19479377500005], [119.39792682700012, 31.194761806000074], [119.39844701500007, 31.194730849000088], [119.39897722100008, 31.194698904000106], [119.39948943400009, 31.19466896900012], [119.40001967, 31.19463604900006], [119.40027978500012, 31.194675066000087], [119.400296752, 31.195124847000088], [119.40029671, 31.19557562500008], [119.40031467700007, 31.196025406000082], [119.40027963600002, 31.196288272000075], [119.40009753700005, 31.19645016700006], [119.39992344300003, 31.196616062000018], [119.39973234400011, 31.196777959000002], [119.39937616100005, 31.19710575800012], [119.39919407099998, 31.1972686600001], [119.39901198100003, 31.19743156300008], [119.39882889500007, 31.197596467000047], [119.39853476700014, 31.197759366000113], [119.39809158400007, 31.197999222000064], [119.39785649200007, 31.198121152000027], [119.39741432600007, 31.198357025000092], [119.39697116900001, 31.19859790400004], [119.39675409600008, 31.198719845], [119.39631095500009, 31.198957738000054], [119.3958688240001, 31.199196639000014], [119.39564276100015, 31.19931859200007], [119.39519964600007, 31.199556506000036], [119.39475754100008, 31.199797428000075], [119.39453149100004, 31.19991939200004], [119.39408840200005, 31.2001573270001], [119.39364532200017, 31.200396272000063], [119.39342928700015, 31.200518245000033], [119.39307323800008, 31.2006672300001], [119.39256918900003, 31.200782266000026], [119.39206515300006, 31.20089931100003], [119.39155313000006, 31.20101437100005], [119.39130112400008, 31.20107240400005], [119.39079812000013, 31.20118747700007], [119.39028513100004, 31.20130756200006], [119.38978215400009, 31.201421658000086], [119.38953017000003, 31.201480709000087], [119.389139234, 31.201224963000065], [119.38892227100008, 31.201088104000107], [119.38871331100003, 31.20095324300005], [119.38850535200004, 31.200816385000095], [119.38829739600007, 31.20067952800005], [119.38808044300006, 31.200544676999996], [119.38788048900004, 31.20040782100004], [119.38778453500001, 31.200111004000085], [119.38766359700003, 31.19967226600002], [119.38759363000011, 31.199453401000035], [119.3874636950001, 31.199019666000027], [119.38733376200001, 31.198580934000056], [119.38720283000009, 31.19814420300007], [119.38714286200002, 31.19792533500008], [119.38701193100012, 31.197489604000083], [119.38688200000001, 31.197052875000097], [119.38675107100002, 31.19661514700003], [119.38669110500004, 31.196395281000044], [119.38656016200004, 31.196121474000037], [119.38620427999999, 31.195791798000116], [119.38584840600004, 31.195462126000017], [119.38567447000003, 31.195297290000056], [119.38531060700004, 31.194966632000053], [119.38513667500004, 31.19480280000009], [119.38478082000007, 31.194472143999995], [119.38441597300009, 31.19414249900008], [119.384242049, 31.19397767400003], [119.38388620800004, 31.19364703200003], [119.38366027100008, 31.193893037000045], [119.3835992530001, 31.194339851000066], [119.38353923400011, 31.194790663000063], [119.38347821600004, 31.195238477000075], [119.38342619500008, 31.195685287000096], [119.3833651780001, 31.19613410100002], [119.38331315700006, 31.19658191100003], [119.38303528100008, 31.196453137000034], [119.38257549600004, 31.19624051600003], [119.38210672400007, 31.196029909000103], [119.38188083800003, 31.19592310400006], [119.381420078, 31.19571050500005], [119.38095133200012, 31.195495922000063], [119.3804915920001, 31.195283339000056], [119.380030861, 31.195070765000054], [119.37957114000005, 31.194857200000058], [119.37911043000014, 31.194646642000045], [119.37864173400007, 31.194432100000057], [119.37818204300005, 31.19421955900006], [119.37794720400007, 31.194112796000105], [119.37763442500014, 31.193945126000088], [119.37743457300012, 31.193795360000045], [119.37724371600004, 31.193645589], [119.37685301300004, 31.193349056000066], [119.37665316800012, 31.19319929700002], [119.37646231700015, 31.193049531000064], [119.37626347400013, 31.192899773000107], [119.37586379500009, 31.192602263000005], [119.37566395899998, 31.19245251100005], [119.3754731170001, 31.19230275200009], [119.37508244500009, 31.192005245000075], [119.37488261500008, 31.191855499000035], [119.37469178, 31.19170574599999], [119.37429212800008, 31.191410258000055], [119.37409230500006, 31.191260518000007], [119.37378857000007, 31.191116873000027], [119.37326700700008, 31.191149352000046], [119.37274645600009, 31.19118184000007], [119.37222591600009, 31.191216337000085], [119.37195615900006, 31.191234597000083], [119.37143563600017, 31.191266110000115], [119.37091512399999, 31.191298631000052], [119.37039362600001, 31.19133316200007], [119.36986414500008, 31.191365711000095], [119.36935165900005, 31.191401251000016], [119.36909189800005, 31.191689394000058], [119.36877019900007, 31.192047573000025], [119.36860535400001, 31.192227667000097], [119.36829265200008, 31.192584842000073], [119.36797096300012, 31.192941031000053], [119.36764927700006, 31.193299223000025], [119.3673375840001, 31.19365740700009], [119.36701590700014, 31.194017604000045], [119.36670322300003, 31.19437379600003], [119.36652140100009, 31.194672864000083], [119.36650439900009, 31.194898773000034], [119.36646040700009, 31.195345605000057], [119.36641741500009, 31.195794435000067], [119.366373423, 31.196244266000072], [119.36634743200017, 31.196470187000024], [119.36630444000006, 31.196917019000047], [119.36626044800008, 31.19736585000006], [119.36620846600012, 31.197814692000073], [119.36619146400005, 31.19804060200002], [119.3661394820001, 31.198487445000048], [119.36609549100001, 31.198939277000036], [119.366052499, 31.199388109000047], [119.3660354970001, 31.199614019000002], [119.36586966600007, 31.19985909900003], [119.36560996400007, 31.199900394000068], [119.36509755900013, 31.199980982000078], [119.36483686600005, 31.200020285000043], [119.36457617500007, 31.200060590000092], [119.36431548599998, 31.200101896000042], [119.36406478900003, 31.200143192000084], [119.36380410500013, 31.20018450200004], [119.36345656300016, 31.19989408800008], [119.3632658160001, 31.199737409000086], [119.36288332600006, 31.199427056000076], [119.36269258300001, 31.19927038200008], [119.36250184100004, 31.199114707000078], [119.36212835100004, 31.198804350000067], [119.36193761200006, 31.19864568100008], [119.36155514200004, 31.198335343000075], [119.36137239700011, 31.19817866500008], [119.36118166400004, 31.198022998000077], [119.36072130400007, 31.197746757000047], [119.36042669000003, 31.19786410300007], [119.36030483700006, 31.198066171000093], [119.36019197200005, 31.198266228000037], [119.36007011900008, 31.198467298000068], [119.35994926600003, 31.19866736600001], [119.35983640200003, 31.198866426000052], [119.35971455100007, 31.199068496000073], [119.35958371299999, 31.199268580000016], [119.35947184900016, 31.199469638000046], [119.3593500000001, 31.199669709999988], [119.35922815100005, 31.199869783000025], [119.35911529000013, 31.200070844000052], [119.35896747400008, 31.200320930000046], [119.35887258800004, 31.20053096200011], [119.35876871500014, 31.200740006999993], [119.35867283100004, 31.200948042000064], [119.35857694700009, 31.201158075000038], [119.35847307500002, 31.20136612100002], [119.35837719100007, 31.201577155000074], [119.3581864250001, 31.20199122700005], [119.35808255400005, 31.2022022720001], [119.35798667200001, 31.202410309000086], [119.35788280200003, 31.20261835700007], [119.3577869210001, 31.20282939300003], [119.35769203800007, 31.203037429000105], [119.35758717000009, 31.20324847800007], [119.35738742100008, 31.203662567000045], [119.35730152700017, 31.203872589000106], [119.3571966610001, 31.20408164100008], [119.35704883800014, 31.20451064900005], [119.35693596200011, 31.20495160000003], [119.35687503100004, 31.20517258300002], [119.35677114300006, 31.205613522000085], [119.35671920000004, 31.205834491000076], [119.35661531200006, 31.206272433000073], [119.35656336800002, 31.206496401000038], [119.35644150900006, 31.206934369000038], [119.35633762200008, 31.20737730900001], [119.35628567900005, 31.20759927900008], [119.35618079500017, 31.208037224000073], [119.3561198650001, 31.20825820800006], [119.35600699400008, 31.208699164000045], [119.35595505100005, 31.20892013400003], [119.35585116500008, 31.20936107700001], [119.35579922300012, 31.209582049000083], [119.35568635300001, 31.210021006000076], [119.3555734820001, 31.210462963000055], [119.35552154000007, 31.21068493500003], [119.35541765700009, 31.21112288100003], [119.35535573000001, 31.211344867000015], [119.35525184700012, 31.21178481400009], [119.35519091900005, 31.212005800000078], [119.35508703700009, 31.212446746000055], [119.35498315500001, 31.212887692000038], [119.35492222800012, 31.213108679000115], [119.35481834600014, 31.213549626000002], [119.35475741900007, 31.21377061300008], [119.35473143300015, 31.214052518000045], [119.35483525400002, 31.214263260000074], [119.35502592400009, 31.21467977300008], [119.35512175800011, 31.214890527000108], [119.35531242900008, 31.215309040000093], [119.35541725100005, 31.215519783000033], [119.35550410000005, 31.215727553000086], [119.35570376000013, 31.216147055000064], [119.3558075840001, 31.216357799000008], [119.35599027200013, 31.21677432900001], [119.3560940970001, 31.216985074000036], [119.35618094800009, 31.217194846000076], [119.3563806120001, 31.217614352000055], [119.35647645000003, 31.217822111000018], [119.35667611500003, 31.218241618], [119.35676296800011, 31.218452391000028], [119.35696263600002, 31.21886890100003], [119.35705747700004, 31.21907866300007], [119.35715331700007, 31.2192894230001], [119.35734400000004, 31.219707948000085], [119.35743982600006, 31.22009062900004], [119.35742280899998, 31.220539442000053], [119.35741380100004, 31.220765349000004], [119.3574047940001, 31.220991255000044], [119.35739678400014, 31.22121716099999], [119.3573877770001, 31.221442068000037], [119.35737876800007, 31.22166797500008], [119.35737073900012, 31.22211677500009], [119.35736173100008, 31.22234268200004], [119.35735272300005, 31.222568589000076], [119.3573447140001, 31.222791497000046], [119.35733570600007, 31.22301740400009], [119.35732669800004, 31.22324331100004], [119.35731868900007, 31.22346921700008], [119.35730966100004, 31.223918020000085], [119.35730065300001, 31.224143927000036], [119.35729164500006, 31.22436983400008], [119.35728363600002, 31.224595740000026], [119.35727462899999, 31.224821648000066], [119.35726661900003, 31.225046555000027], [119.35724860400005, 31.22549637100012], [119.35724059500001, 31.225722277000067], [119.35723158700014, 31.22594518600004], [119.35722257900011, 31.22617109400008], [119.35721457000008, 31.22639700000012], [119.35720556200013, 31.226621909000073], [119.35719655500009, 31.226847817000113], [119.35718852500005, 31.227297619000026], [119.3571795170001, 31.227523527000066], [119.35717051000007, 31.227748436000113], [119.35716150200004, 31.227974344000067], [119.35737914600011, 31.228386836], [119.35750095000006, 31.228592563000056], [119.35771759900004, 31.229001060000016], [119.35794323600007, 31.229408546000073], [119.35815988800005, 31.22981704600003], [119.3582647190001, 31.23002280100009], [119.35849036100004, 31.23043129000005], [119.35870701700001, 31.230838793000018], [119.35893266100004, 31.231247285000066], [119.35904548400003, 31.231453031000036], [119.35909838799998, 31.23167885300007], [119.35921119000008, 31.23211949100002], [119.35927208500004, 31.232341303000076], [119.35939287500001, 31.232781931000034], [119.3595056780001, 31.233222570000073], [119.35961848200012, 31.233660212000046], [119.35973228400012, 31.234100852000005], [119.3598361010001, 31.23453950600006], [119.35961039300007, 31.234745725000067], [119.35943661899998, 31.234907894000074], [119.35925385700014, 31.23507107500008], [119.35889033600009, 31.235396438000087], [119.35870757799998, 31.235559621999997], [119.35852482200005, 31.235721808000093], [119.35816031099999, 31.236047179000018], [119.357986544, 31.236210354000015], [119.35780479100006, 31.236372542000026], [119.35743928900001, 31.236697922000033], [119.3572834890001, 31.2369960120001], [119.35732740300008, 31.237218847000058], [119.35737930800012, 31.23744067100003], [119.35742222400003, 31.237664506000073], [119.35750905700002, 31.238104180000036], [119.35756096200014, 31.238328003000085], [119.35760487800005, 31.23854983900005], [119.35764779500005, 31.238772674000103], [119.35775260200009, 31.23921632200004], [119.3577955200001, 31.23943715900002], [119.35783943600009, 31.239657996000084], [119.3578823530001, 31.23988183300004], [119.35797817500011, 31.24032449400007], [119.35802109300002, 31.240546332000044], [119.358194818, 31.240836951000105], [119.35864615500013, 31.241069202000048], [119.35909849700008, 31.241301457000084], [119.3595408600001, 31.241535732000017], [119.35999221700004, 31.24176800000005], [119.360443581, 31.242000274000084], [119.36089495200012, 31.242234553000102], [119.36134633100008, 31.24246683800005], [119.36156403200006, 31.242584492000013], [119.36201542100002, 31.24281878500004], [119.36246681700007, 31.243051086000072], [119.36291822100011, 31.243283392000023], [119.36336963100007, 31.24351570400006], [119.36380407000004, 31.243750043], [119.36425549400009, 31.243982368000033], [119.36470692700004, 31.244214699000075], [119.3651583670001, 31.244449035000102], [119.36544500800011, 31.24468757700003], [119.36554886700009, 31.24489335800009], [119.36564473600001, 31.245102147000047], [119.36574859600009, 31.24531092700009], [119.36581845, 31.246004532000015], [119.3658883400001, 31.24632230500002], [119.36603711600006, 31.246878877000064], [119.3661759390001, 31.247077622000077], [119.36687709700001, 31.247593559000045], [119.36708582600015, 31.24800613000007], [119.36718170100008, 31.248214925000028], [119.36728556800006, 31.248420713], [119.36738943400005, 31.248629499000046], [119.36749330100011, 31.24883728600001], [119.36758917700004, 31.249046083000053], [119.36769304400002, 31.24925187200003], [119.367797911, 31.249460658000075], [119.36800564900014, 31.249872238000023], [119.368101527, 31.250081037000065], [119.36820539700014, 31.25028882600003], [119.36831026600012, 31.25049761500007], [119.36840514600007, 31.25070441600004], [119.36848303600001, 31.25101019400003], [119.36859687500012, 31.251450871000074], [119.36864880100006, 31.251671714000054], [119.36875265100004, 31.2521124040001], [119.36880457600016, 31.252333248000078], [119.36890842700005, 31.252773939000036], [119.369030261, 31.253214609000082], [119.36913511100016, 31.25365530000004], [119.36918703800009, 31.2538771440001], [119.36929089000017, 31.25431683700006], [119.36940373400009, 31.254759519000096], [119.36950758700007, 31.255198212000067], [119.36955951400009, 31.255422058000114], [119.36961243600004, 31.255695880000033], [119.36957742900006, 31.256144722000045], [119.36955143500005, 31.25637065100009], [119.36934559300008, 31.256922635000016], [119.36923666800013, 31.257304587000093], [119.36909070300013, 31.258546206000062], [119.36909667200008, 31.25882008000007], [119.36921149700008, 31.25942369100001], [119.3692643930001, 31.25996639600006], [119.36929134300011, 31.260213260000057], [119.36951610300005, 31.260330964000026], [119.36973387200013, 31.26044767600009], [119.36995963500007, 31.26056738100005], [119.37041116900005, 31.260799799000004], [119.37063693800008, 31.260917509000066], [119.3708627100001, 31.26103422300004], [119.371079493, 31.261150946000015], [119.37153104700006, 31.261385381000053], [119.37174783500006, 31.261503109000024], [119.37198260900004, 31.261620822000083], [119.37219940100012, 31.261737554000057], [119.37265097600009, 31.261972007000097], [119.37287676700012, 31.262088736000074], [119.37310255999998, 31.262206466000045], [119.37331936300006, 31.262324206000102], [119.37377096000012, 31.262555679000073], [119.37399676100006, 31.262675415000032], [119.3742225660001, 31.2627921550001], [119.37444837200005, 31.262909896000068], [119.37489099800007, 31.263142394000035], [119.37511681000001, 31.26326114000009], [119.3753336120001, 31.263584808000047], [119.37529959700012, 31.264033645000055], [119.37528159000014, 31.264259564000007], [119.37525556800003, 31.264708394000017], [119.37523856000004, 31.264934312000058], [119.37521253800003, 31.265384142000066], [119.37520352500007, 31.26560905300002], [119.37518651700009, 31.265834972000064], [119.37515150200014, 31.266283811000072], [119.3751424880001, 31.266510721000017], [119.37510847300004, 31.266959560000032], [119.37509046600005, 31.26718447999999], [119.37506444400003, 31.26763431100008], [119.37504743700003, 31.267860230000032], [119.37503842300009, 31.268086140999984], [119.37501240200007, 31.268534973999998], [119.37496940800007, 31.26883488400003], [119.37491742800012, 31.269053838000026], [119.37479548300007, 31.269493761000014], [119.37474350400012, 31.26971271500001], [119.37462156000007, 31.27015363900008], [119.37456958100003, 31.270372593000076], [119.37444863700014, 31.270811518000066], [119.37432669500001, 31.27125144400005], [119.37407489000013, 31.271371626000047], [119.37360626000009, 31.27158097700005], [119.37337144900002, 31.271687155000038], [119.37291182500009, 31.271900508000016], [119.37253814599998, 31.271984838000066], [119.37228636600003, 31.272045062000075], [119.37178281300011, 31.272162517000027], [119.37127027800017, 31.27228198900005], [119.37076674700006, 31.272401462000076], [119.37025423400011, 31.272517954000122], [119.36975072400003, 31.272635444000073], [119.3692472230001, 31.272754942000105], [119.36899547700014, 31.27281319500004], [119.3684830010001, 31.272930716000083], [119.36823126200015, 31.27299297399999], [119.36772779300006, 31.273110498000037], [119.36721534300011, 31.273227041999995], [119.36696361699998, 31.273286311000014], [119.36671189300012, 31.27334658200003], [119.36620845300003, 31.27346313200008], [119.36618245600002, 31.273764036000017], [119.3661394630001, 31.27421289900012], [119.36610446100005, 31.274661752000043], [119.36606945900007, 31.275110606000055], [119.36602646700007, 31.275560470000066], [119.36598247600017, 31.27600933499999], [119.36596547500008, 31.276235261000032], [119.36593047400004, 31.276684115000045], [119.36588748200003, 31.277132979000058], [119.36584349100012, 31.27758284500006], [119.36580948900006, 31.278031700000078], [119.36576549800006, 31.27848156600008], [119.36573149600008, 31.278930420000094], [119.36569649500004, 31.27937927600002], [119.36566151200007, 31.27963521200006], [119.36559257100015, 31.279857204000038], [119.36546168400005, 31.280291184000063], [119.36540073500008, 31.280510167000067], [119.365270848, 31.280946146000076], [119.36520191000014, 31.28116514099999], [119.36507102400006, 31.281601121000094], [119.36501007600009, 31.281821106000088], [119.36487120100006, 31.282257099000013], [119.36481125200007, 31.2824760830001], [119.36468036900007, 31.28291006700004], [119.3646194210001, 31.283131052000023], [119.3644895480001, 31.28345708000009], [119.36423781700015, 31.283852233000097], [119.36410795700013, 31.28405131500005], [119.3638552310001, 31.284446474000063], [119.36373436200005, 31.284643547000023], [119.3634826380001, 31.285038706000037], [119.3633517830001, 31.285235794000087], [119.36310006200006, 31.28563095700001], [119.36297919600008, 31.28582903200006], [119.36272747900014, 31.28622419800007], [119.36259661900014, 31.286521249000046], [119.36259657700006, 31.286970065000055], [119.36259655600006, 31.287195974000007], [119.36259653500005, 31.287421882000046], [119.36259651400005, 31.287646791], [119.36259649400004, 31.287870699000052], [119.36258848200009, 31.288096618000097], [119.36258846200009, 31.288322527000048], [119.3625884410001, 31.288547436], [119.36258841900009, 31.288773343000045], [119.36258839900009, 31.28899925200008], [119.36258837800008, 31.289225161000033], [119.36258835600009, 31.289451070000077], [119.36258833600007, 31.289673979000042], [119.36258831500008, 31.289899887999994], [119.36258829400008, 31.290125797000037], [119.36258827399999, 31.29035070599999], [119.362588252, 31.29057661500012], [119.36258823099999, 31.29080252400007], [119.36249232600005, 31.29110652700009], [119.36231953300013, 31.291273687000064], [119.36197195200006, 31.29160601200003], [119.36160739800002, 31.291935365000015], [119.36125083700009, 31.29226771000007], [119.36090327000011, 31.292597048000047], [119.36053872900004, 31.292931410000094], [119.36019216900007, 31.293260754000073], [119.35983662400005, 31.29359311200004], [119.35947109800009, 31.2939254880001], [119.35912355100001, 31.29425484400008], [119.35895077800002, 31.294422020000056], [119.35858626100006, 31.29475340500003], [119.35822973700013, 31.295085780000086], [119.35788220700007, 31.295398155000086], [119.35770045400014, 31.295560352000095], [119.35733595200008, 31.295886751000104], [119.35715320400007, 31.296048953000025], [119.35697045700013, 31.296212155000028], [119.35661495100011, 31.296537549000035], [119.35642421800006, 31.29670076500004], [119.35606871900004, 31.297023164000073], [119.3558859770001, 31.29718837100006], [119.35570323700009, 31.297351579000065], [119.35533875900003, 31.297676998000078], [119.35516500800006, 31.297839195000087], [119.35479154900005, 31.298162633000025], [119.35460981300002, 31.29832784400002], [119.35442708100001, 31.298490059000116], [119.3540706040001, 31.298813477000053], [119.353871892, 31.299045692000085], [119.3538109670001, 31.29926569900008], [119.35375004200012, 31.29948470699999], [119.35368911700006, 31.29970571400007], [119.35362819200009, 31.29992472200007], [119.35350634300003, 31.300360739], [119.35344641700013, 31.30058174500008], [119.35339348000002, 31.300801741000072], [119.35333355500003, 31.301020748000077], [119.35327263000015, 31.301239757000076], [119.3531507820001, 31.301677774999995], [119.35308985800012, 31.301896784000085], [119.35302893500014, 31.30211679300008], [119.35296002400004, 31.30233781400007], [119.3529080850001, 31.30255681000007], [119.35278623900004, 31.302993830000084], [119.35272531600006, 31.30321483900007], [119.35266439300008, 31.303433849000072], [119.3525345730001, 31.30373093800005], [119.35238679300004, 31.30391110100004], [119.35206527800008, 31.30427146800001], [119.35190951199999, 31.304451645], [119.35175275000006, 31.30463382300006], [119.35144022500006, 31.304994181000033], [119.3512754770001, 31.305173376000027], [119.35093704100008, 31.305071957000074], [119.35069444799998, 31.304998377000025], [119.35044187400005, 31.304921815000085], [119.34994771000002, 31.30477467499999], [119.34969613799998, 31.304701114000032], [119.3494525540001, 31.30462454200009], [119.34895740400006, 31.30447741400009], [119.34870583900012, 31.304402858000046], [119.3482106990001, 31.304253738000057], [119.3479681220001, 31.30418017200001], [119.34771656300006, 31.304105621000055], [119.34722143400005, 31.303956510000063], [119.34697786500014, 31.303882950000016], [119.34666542400014, 31.303745532000015], [119.34620525200017, 31.303535396000036], [119.34573709800006, 31.303327276000047], [119.34550252500003, 31.303222718000015], [119.34527693600009, 31.30311614800008], [119.34480779400009, 31.302910037000075], [119.34484277300015, 31.302461152000063], [119.34488573700006, 31.302012253000044], [119.34492071600002, 31.301562369000038], [119.34495569500007, 31.30111348400002], [119.34499866000007, 31.30066358700001], [119.345024652, 31.30024770500006], [119.34502467300001, 31.300021795000113], [119.34501571000007, 31.299797898000058], [119.34501573000016, 31.29957198700002], [119.34501575099998, 31.29934707600006], [119.34501577300016, 31.29912116400002], [119.34501579299999, 31.298895254000072], [119.34501581399999, 31.29866934300003], [119.34501583500008, 31.29844643100006], [119.34501585500007, 31.298220520000022], [119.34501587600008, 31.29799460900007], [119.34501589800007, 31.297768698000027], [119.34500793200004, 31.297543801000074], [119.34500795300005, 31.29731789000003], [119.34500797400005, 31.297091980000083], [119.34500799500005, 31.296868069000027], [119.34500801600005, 31.296643158000073], [119.34500803700004, 31.296417248000033], [119.34500805700006, 31.29619133700008], [119.34500807800006, 31.29596542700004], [119.34500809900015, 31.295739517000086], [119.34500812000014, 31.295514607000044], [119.34500814100015, 31.295290695000077], [119.34499917900013, 31.295042810000083], [119.34499920000012, 31.294819898000114], [119.34499922200004, 31.294593989000077], [119.34499924200011, 31.294368079000037], [119.34499926300012, 31.294143168000076], [119.34499928400012, 31.29391725900004], [119.3449903210001, 31.293691365], [119.3449903420001, 31.293465455000046], [119.34499036200009, 31.293241545000086], [119.3449903830001, 31.293016635000036], [119.3449904040001, 31.292790726000085], [119.34498144100007, 31.29256483100005], [119.34498146200008, 31.2923389220001], [119.34498148300008, 31.292114013000052], [119.34498150300007, 31.291888103000097], [119.34498152400008, 31.291664193000045], [119.34497258200005, 31.291215389000037], [119.34497260300006, 31.29098948100009], [119.34497262300013, 31.29076357100005], [119.34497264400014, 31.290537662000098], [119.34497266500014, 31.29031475300004], [119.34497268599998, 31.290088843999996], [119.34496472100011, 31.289862949000046], [119.34496374300011, 31.28963704200001], [119.34496376400011, 31.28941213300005], [119.34496378600012, 31.289186224000012], [119.34496380600004, 31.28896031500006], [119.34496382700004, 31.288737406000088], [119.344955862, 31.288511511000053], [119.34496386800004, 31.288285589000097], [119.344955904, 31.28805969400006], [119.344955925, 31.287833786000107], [119.34495594500001, 31.28760887700006], [119.34496395200004, 31.28738295500002], [119.3449559870001, 31.287159060000057], [119.34495501, 31.286933153000106], [119.34495503100001, 31.286708245000064], [119.34495505100003, 31.28648233800002], [119.34495507200012, 31.28625642900007], [119.34495509300011, 31.286030522000033], [119.34494712800007, 31.28580662700007], [119.34494714900008, 31.28558171900002], [119.34494717000007, 31.285355811000073], [119.34494719000008, 31.285129903000033], [119.34494721100009, 31.28490399500008], [119.34494723200008, 31.284679087000036], [119.34493826900005, 31.28445519500007], [119.34493829000004, 31.28422928700003], [119.34493831100005, 31.28400338000008], [119.34493833100007, 31.283778472000037], [119.34493835300006, 31.283552564999994], [119.34492938900011, 31.283326673000047], [119.34492941000012, 31.283100766000096], [119.34486854600006, 31.282814989000073], [119.34453916900007, 31.282464703000045], [119.34420879700009, 31.282113420000023], [119.3438794250001, 31.281764137999993], [119.34371374100007, 31.281588500000026], [119.34338437300009, 31.28123921999999], [119.34305400900011, 31.280889944000045], [119.34219476700008, 31.278944265000085], [119.34071063200011, 31.27780738300008], [119.33976446500007, 31.277234323000094], [119.33979842200003, 31.277011355000027], [119.33983337600009, 31.276785387000075], [119.3398593480001, 31.276562432000013], [119.33989430300007, 31.276338463000044], [119.33992925800013, 31.276115494000067], [119.33996421200007, 31.275891525000098], [119.33998918600001, 31.275667573000042], [119.34002414100007, 31.275444603000068], [119.34005111000008, 31.2752206480001], [119.34009405000008, 31.274997665000036], [119.3401200220001, 31.27477371200007], [119.34015497700014, 31.27455074200001], [119.34018094799998, 31.27432479000005], [119.34025085800008, 31.273879852000007], [119.34028481400006, 31.273655886000043], [119.34031078700006, 31.27343293200007], [119.34034574200012, 31.273208964000013], [119.34038069700009, 31.272985995000035], [119.34041565100003, 31.27276202700007], [119.34044162400005, 31.272539074000093], [119.34047558000012, 31.272315108000036], [119.34050155200012, 31.27209115500007], [119.34054549100003, 31.271866172000017], [119.34057146300006, 31.271642220000054], [119.3406064170001, 31.271419251000076], [119.34063239000011, 31.27119529900002], [119.34062343400001, 31.270893443000006], [119.34038891200014, 31.270490035000023], [119.3401543900001, 31.270086628000037], [119.33991987000005, 31.269683222000054], [119.3396863480001, 31.269278815000078], [119.3394598140001, 31.268875396000098], [119.33922629400004, 31.268471991000112], [119.3391045440001, 31.26826829900005], [119.33887901, 31.267863881000068], [119.33864449500004, 31.267460479000086], [119.33840998000008, 31.26705707900002], [119.33817546500005, 31.266653679000036], [119.33794095300001, 31.26624928000006], [119.33771542300008, 31.265845866000078], [119.33747192800001, 31.265442485000094], [119.337246401, 31.265039073000025], [119.33701189100006, 31.264634677000046], [119.3368911440001, 31.26443098700007], [119.33665662000014, 31.264178528000052], [119.33632629400009, 31.263830287000104], [119.335996967, 31.263478047000007], [119.33566664300012, 31.26312881000006], [119.33533632000007, 31.262779574000035], [119.335006989, 31.26250830300006], [119.33458983200002, 31.262245193000048], [119.33416469300002, 31.261983100000037], [119.33394713500005, 31.261850564000085], [119.33352199800004, 31.261587474000073], [119.33309686400004, 31.261327384000047], [119.33267173100012, 31.261065296000034], [119.33223762000009, 31.260802227000028], [119.33203000600005, 31.26110348800009], [119.3317515250001, 31.261485848000106], [119.33147404400006, 31.261870205000022], [119.33119556600002, 31.26225356700003], [119.33091808600015, 31.262637925000035], [119.33064859100014, 31.263022270000043], [119.3303711130001, 31.263404631000057], [119.33020642699998, 31.263588864000027], [119.32988504000004, 31.26394432100004], [119.32972035500009, 31.264122557000043], [119.32938998800012, 31.264476033000065], [119.32907758600001, 31.264829476000088], [119.32891290200007, 31.26500971200008], [119.32858253700009, 31.26536219000011], [119.32826215200014, 31.265717649000038], [119.32794077000011, 31.26607311000005], [119.32763738700014, 31.266060693999997], [119.32737691600008, 31.266047197000034], [119.32685597700005, 31.26602620299999], [119.32632605700007, 31.266002227000044], [119.32606558800003, 31.265988732000082], [119.32554465100009, 31.265966739000042], [119.32501573100002, 31.26594576200008], [119.32475526400006, 31.265932267000032], [119.324225348, 31.265910293000076], [119.323713397, 31.26588428600006], [119.32318348200013, 31.2658633120001], [119.32265456500015, 31.265841337000055], [119.32214261500008, 31.265817330000026], [119.3216127010001, 31.26579535600007], [119.32108278800004, 31.265772383000034], [119.32071853100001, 31.265794072000055], [119.32023251000012, 31.265958933000014], [119.31974649000006, 31.2661187960001], [119.31925148700013, 31.266281673999984], [119.31876546500007, 31.26644453400005], [119.31827944300008, 31.266605394000038], [119.31779341900011, 31.2667682530001], [119.31754990900004, 31.266850682000083], [119.31704691900006, 31.26701357200006], [119.31656089400008, 31.267176428000035], [119.31610082000012, 31.267291255000032], [119.31584034600007, 31.26733073300001], [119.31558885300004, 31.26737119400007], [119.3150679030001, 31.26745014800003], [119.31480742700003, 31.267490625000093], [119.31454695099998, 31.26753210000006], [119.31403498000009, 31.26761003400003], [119.3137745030001, 31.267651507999993], [119.31352300700009, 31.26769296500005], [119.31313179300005, 31.267716692000057], [119.31277650800004, 31.267722356999997], [119.31234038800002, 31.267697187000046], [119.31185336900015, 31.267666113000047], [119.31128250800006, 31.267703164000096], [119.31049407800003, 31.267741617000077], [119.30959886300002, 31.267680304000066], [119.30908688800002, 31.26757629400008], [119.30857490800012, 31.26747128300009], [119.30806292600005, 31.26736726700001], [119.30755094000006, 31.267263249000024], [119.30703895100014, 31.267159228000033], [119.30652695900005, 31.26705520300004], [119.30628344200016, 31.266953689000076], [119.30581536800005, 31.266755620000033], [119.30558083100001, 31.266658085000046], [119.30562376900002, 31.266426107000036], [119.30565872200006, 31.26620513900005], [119.30551100900001, 31.266196409000038], [119.30499001500007, 31.266172356], [119.30472951800002, 31.266158829000034], [119.30432129900008, 31.266182550000046], [119.30381026400008, 31.26631140600005], [119.30355773900014, 31.266375827000047], [119.303054683, 31.266502664000065], [119.30280315300006, 31.266567079000062], [119.30254264000008, 31.266628512000082], [119.30202162800005, 31.266541464000078], [119.30170921900005, 31.26648303600004], [119.30145769600003, 31.266422501000093], [119.30094566100001, 31.266300443000027], [119.30069313500009, 31.26623990600008], [119.30044260500006, 31.266179364000045], [119.29993854700001, 31.266057285000073], [119.29968701400006, 31.265996742000034], [119.2991839470001, 31.26587465300006], [119.29893141300008, 31.26581510900011], [119.29867987600005, 31.265751563000002], [119.29816781500004, 31.26563048000002], [119.29791627400002, 31.26556993000007], [119.29766473200007, 31.26550837900004], [119.2971616440001, 31.26538727100006], [119.29665754700014, 31.265322137000084], [119.2961374680001, 31.26531599800002], [119.29587692800013, 31.265311429000086], [119.29561638500005, 31.265306858000066], [119.29508631100006, 31.265300725000003], [119.29482676300009, 31.26529614800007], [119.29429667900001, 31.265290006], [119.29404511300007, 31.26528541200007], [119.29377657300006, 31.265281844000036], [119.29325546200002, 31.265272677999988], [119.2929859180001, 31.26527110500004], [119.29246579600014, 31.265261927999987], [119.29220523300017, 31.26525733900005], [119.29194466800001, 31.26525574600001], [119.29141554700001, 31.26524657100005], [119.29114699, 31.265242987000107], [119.290633832, 31.265235777000044], [119.29036527000008, 31.265232188000013], [119.2901046930001, 31.26522758600008], [119.28957554600001, 31.265221387000096], [119.28925406900007, 31.265127909000093], [119.28895957300003, 31.264754508000102], [119.2886640750001, 31.26437910900004], [119.28837756100009, 31.264005692000055], [119.28808305700016, 31.263628288000092], [119.28779653900008, 31.26325486800001], [119.287493044, 31.26287947100004], [119.28722348400001, 31.262618975000066], [119.28686706200008, 31.262287631000007], [119.28661545700005, 31.262172041000035], [119.2861641610001, 31.261955778000086], [119.28570487000002, 31.261738519000048], [119.28524457700004, 31.261519258000114], [119.28478427600007, 31.261302991000072], [119.28432397000009, 31.261083719000048], [119.28407334500004, 31.260962114000023], [119.28365597100006, 31.260692797000033], [119.28323160200011, 31.260426483000025], [119.28297897100009, 31.26030687200008], [119.28249363900008, 31.260476441999984], [119.28201628800001, 31.260649994000048], [119.28152095500006, 31.26082156300003], [119.28128726600008, 31.260907826000064], [119.28094871600005, 31.26100621700003], [119.28043639700003, 31.261073837000033], [119.28017574100014, 31.261105151000045], [119.27965542100007, 31.261175769000026], [119.27939475800008, 31.261208076000038], [119.27887442400002, 31.261277682000113], [119.27836207100009, 31.261345271000017], [119.2781013970001, 31.26137756800003], [119.2776150200001, 31.26120621900006], [119.27713862300001, 31.26103485], [119.27689492800002, 31.260948170000027], [119.2766522300001, 31.26086148700005], [119.27616682800007, 31.26069011500008], [119.27592312500008, 31.26060042900012], [119.27543771100015, 31.260430045000057], [119.27496027900008, 31.260258645000086], [119.27446486000012, 31.260084260000042], [119.27413524500002, 31.259928681000048], [119.27394447200005, 31.259774951000033], [119.27356292200011, 31.259468488000074], [119.27317237500003, 31.259165028000012], [119.27278981600008, 31.258858556000057], [119.27240025800009, 31.258555086000086], [119.27200869700002, 31.258251612000024], [119.27181790900013, 31.258096869000006], [119.27142733800007, 31.257791389000047], [119.27105474300006, 31.257487885000067], [119.27086395000008, 31.257333136000057], [119.27047336400008, 31.257029642000077], [119.2700827740001, 31.256726143000016], [119.26970017100007, 31.25641763500007], [119.26930956900009, 31.25611412500009], [119.26891996100008, 31.255810611000115], [119.26853734100004, 31.255504086000066], [119.26832954300008, 31.255343339999996], [119.26786098100004, 31.255139837000037], [119.26762619800006, 31.255036084000068], [119.2671576230001, 31.254831570000107], [119.26668904000006, 31.254628048000058], [119.26645424500009, 31.254524285000088], [119.26599464199998, 31.25431974500004], [119.265517045, 31.25411821000006], [119.26505742499998, 31.253911656000113], [119.26458880200002, 31.253708101000058], [119.26435398900003, 31.253604321000083], [119.26388635400006, 31.25340075300003], [119.26342570400006, 31.253196172000067], [119.26318288500013, 31.253092389000095], [119.2627232220001, 31.252888796000036], [119.26224556200012, 31.252686206000057], [119.261785882, 31.25248059900001], [119.26135115500009, 31.252525857000023], [119.26096936400003, 31.252827963000065], [119.26057957200011, 31.253130068000104], [119.2601887750001, 31.25343416800004], [119.25979797100001, 31.25373526300008], [119.25940716100001, 31.254037352000033], [119.25901734400009, 31.254338436000076], [119.25878244300009, 31.254614442999994], [119.25870446400003, 31.254829391000015], [119.2586354800001, 31.255044333000036], [119.25854850600001, 31.25526128400005], [119.25839254600007, 31.255689178000104], [119.25832256200015, 31.255904121000036], [119.25824458200009, 31.256120067000047], [119.25815760600008, 31.256335018000073], [119.25807962400003, 31.256550964000084], [119.25801063800009, 31.256766904000102], [119.25784568000003, 31.257194801000068], [119.25776769800007, 31.257411745000077], [119.25769771200014, 31.257626687000005], [119.25761972900008, 31.25784163100012], [119.25754174700012, 31.25805657600005], [119.25745476800012, 31.25827352400006], [119.25730779800003, 31.258701410000114], [119.25722881400006, 31.258918353000034], [119.2571508300001, 31.25913329800005], [119.257064849, 31.259348245000076], [119.25699486100007, 31.25956418400009], [119.2569168770001, 31.259780127000013], [119.25675191000005, 31.260207019000077], [119.2566829210001, 31.260423957000086], [119.25660393600006, 31.260638899000107], [119.25651794800004, 31.260910821000046], [119.2564649300001, 31.261357652000065], [119.2564049150001, 31.261808484000063], [119.25635289600007, 31.262256314000084], [119.25629188100008, 31.262703148000107], [119.25626587200006, 31.26292906300006], [119.25620485600007, 31.26337589700008], [119.25590197600006, 31.263419011000096], [119.25538017400005, 31.263491201000114], [119.25486036000004, 31.26356438000004], [119.25434753200014, 31.263636546000065], [119.25383569200008, 31.263707701999998], [119.25331484400014, 31.26377985200002], [119.25305491500004, 31.263818921000052], [119.25253405000002, 31.263891055000073], [119.25202217100004, 31.26396417600008], [119.25150128200002, 31.264036290000007], [119.251241337, 31.26403435900003], [119.25097139100004, 31.264032428000043], [119.25071144000003, 31.264030493000064], [119.2501915310001, 31.264023615000028], [119.24993057100008, 31.264021671000044], [119.24966160900013, 31.26401972700006], [119.24940164400002, 31.264016778999995], [119.24887170500004, 31.264012875000027], [119.24861973000006, 31.264010917000043], [119.2483507530001, 31.264008960000055], [119.24809077400009, 31.264004999000086], [119.24756180500002, 31.26400007000003], [119.247300816, 31.263998100000045], [119.24695382600007, 31.263996137000063], [119.24669283100006, 31.26399216300009], [119.24616383000009, 31.263985206000044], [119.24591182600011, 31.26398322300006], [119.24564381900004, 31.263979238000083], [119.24512279500001, 31.26397425900003], [119.24457575100004, 31.26404024000007], [119.24472280900014, 31.263532457000068], [119.24485385800006, 31.263093643999994], [119.24498390500005, 31.26265982900007], [119.24504393000007, 31.26244092200008], [119.24517497600007, 31.262004107000088], [119.2452440000001, 31.261785201000095], [119.24523502400007, 31.26151331800007], [119.24521804399998, 31.261290415000097], [119.24516608200013, 31.260840611000006], [119.24514910100005, 31.260617709000037], [119.24512312000004, 31.26039180700009], [119.24510513900006, 31.260165906000047], [119.24506217700005, 31.25971910100003], [119.24503519700013, 31.25949320000008], [119.24501821600006, 31.259270297000022], [119.24478422500016, 31.258992422000034], [119.24434121, 31.258753529000074], [119.24411620000004, 31.258634579000088], [119.24389918700001, 31.258512629000037], [119.24344715500001, 31.258276719000058], [119.24322213500014, 31.25815476200009], [119.24277909200006, 31.25791884100002], [119.24256206700014, 31.257796881000054], [119.24233703900009, 31.25767691600008], [119.24188497600008, 31.25743898000011], [119.24166894300005, 31.257319011000043], [119.24122586900016, 31.257081065000072], [119.24099982800011, 31.256962089000083], [119.24077478500014, 31.25684211100002], [119.2403836950001, 31.256738100000028], [119.2401236290001, 31.25670107499998], [119.23961148999999, 31.25663401600012], [119.23935141600006, 31.256599982000054], [119.23883025700002, 31.256529908000033], [119.23857017400007, 31.25649586600006], [119.23804899800004, 31.256427775000105], [119.23778890600009, 31.256391727000057], [119.23728571900003, 31.256324625000012], [119.2370256190001, 31.256287570000055], [119.23650440700013, 31.256220448000093], [119.2362442980001, 31.256183386000046], [119.2359231590001, 31.256142303000026], [119.23541091299998, 31.25625508400003], [119.23515978700007, 31.256311972000027], [119.23464752400005, 31.256424739000032], [119.23414425400007, 31.256537500000036], [119.23388411000005, 31.256596372000025], [119.23338082500005, 31.25670711900004], [119.23318969600004, 31.25693693900005], [119.2330936220001, 31.257145807000008], [119.23299855000005, 31.257355674000053], [119.23279839599999, 31.257770407000088], [119.23269431600009, 31.257981269000034], [119.23259924100013, 31.25818913600009], [119.23249516100014, 31.258397999000053], [119.232400084, 31.258608864000095], [119.23219992700004, 31.25902259300004], [119.23210484900008, 31.259233458000082], [119.23200076600008, 31.259441319000047], [119.23190468800013, 31.259650183000097], [119.23180060400014, 31.25986104300005], [119.23170552600008, 31.260068907000104], [119.23151436700007, 31.260485634000034], [119.23141928800011, 31.260693498000002], [119.23131520100003, 31.260902357000056], [119.23121912100007, 31.261112218000008], [119.23108901200014, 31.26137304000001], [119.23085484800004, 31.261479876000053], [119.23039452000015, 31.261688549], [119.22992617700004, 31.26189620800004], [119.22946583000012, 31.262104864999984], [119.22899747000011, 31.262313510000105], [119.22852910000007, 31.262524145000036], [119.22816480500003, 31.262688856000075], [119.22766940300008, 31.262845484000067], [119.22717499200004, 31.262999105000077], [119.226931786, 31.263074916000043], [119.22668857700012, 31.263155721000068], [119.22619414600007, 31.263309326000076], [119.22569970600009, 31.26346392100008], [119.22544847800009, 31.263542712000024], [119.22511817600002, 31.263627442000022], [119.22486694500003, 31.263687235000084], [119.22436347300003, 31.263804817000043], [119.22385098200007, 31.263924381999985], [119.22334749000007, 31.264039947000043], [119.22309624099998, 31.264098725000025], [119.22284398899998, 31.264158501000082], [119.22233246900011, 31.26427604000004], [119.2218289470001, 31.264395577000073], [119.22132541600001, 31.264513106000024], [119.22081386600004, 31.264632618000057], [119.22031031500003, 31.264749130000013], [119.21980675500004, 31.264869632000035], [119.21929517600006, 31.26498712000008], [119.21879159600006, 31.265105605000024], [119.21853930200005, 31.265164345000088], [119.21806274000005, 31.265281844000036], [119.21781944900009, 31.265351581000033], [119.21731584000008, 31.265486036000055], [119.21706453200017, 31.265557758000043], [119.21656091000014, 31.265692201000064], [119.21630959500013, 31.26576191800006], [119.21581396899998, 31.26589635699999], [119.21556264800006, 31.265966069000072], [119.21506800900008, 31.266100496000007], [119.21481668200016, 31.266170201000087], [119.21431301800013, 31.26630460800002], [119.21406168400003, 31.266376307], [119.21356701900005, 31.266510712000105], [119.21331467600012, 31.2665804050001], [119.2129331420001, 31.2668208790001], [119.21262068600001, 31.267181375000085], [119.21230822600009, 31.26754586600005], [119.21199576400008, 31.267908356000106], [119.21168329700006, 31.268268844000005], [119.21137082800016, 31.268631328000062], [119.21105835500015, 31.268993810000033], [119.21086706300002, 31.269221489000046], [119.21064173100004, 31.26934716900005], [119.21020808700004, 31.269595547000087], [119.20976542300001, 31.26984490900002], [119.2093307650001, 31.270092276000064], [119.20911443500006, 31.270217958000067], [119.20870580700009, 31.27044835600004], [119.2088369630001, 31.270886333000036], [119.20893207600017, 31.271192321000044], [119.2090452250001, 31.271396374000048], [119.20915737200005, 31.271600426000056], [119.20926150700006, 31.271802468000075], [119.20937465600001, 31.272006520000083], [119.20949581500008, 31.272208582000104], [119.20960896100013, 31.27241163400003], [119.20972210900007, 31.272615686000037], [119.20983425300003, 31.27281773500006], [119.20994739900006, 31.273021786000065], [119.21005151600005, 31.27339275500003], [119.21006852000005, 31.273616681000085], [119.21007751300007, 31.273841597000043], [119.21009451700006, 31.274067523000085], [119.21011252200003, 31.27429145000005], [119.21012952700002, 31.27451737600009], [119.21015552300005, 31.27496621800001], [119.21017352900003, 31.27518914700007], [119.2101905330001, 31.275415073000026], [119.21013842600004, 31.275762865000026], [119.21006028000008, 31.276127618000004], [119.20959161200003, 31.275971118000022], [119.20913195800009, 31.275743653000035], [119.20891464700006, 31.275628433000094], [119.20868031000012, 31.275511192000074], [119.20823766700008, 31.275283736000084], [119.208012337, 31.27516650200006], [119.20778700700009, 31.275051266000034], [119.20733533800004, 31.274822787000048], [119.2071009880001, 31.274708536000006], [119.20688366300013, 31.27459130500008], [119.20665832400005, 31.274476062000048], [119.20620664000016, 31.274246569000063], [119.20597228200005, 31.27413131000003], [119.20575494900001, 31.274016072000087], [119.20530425400011, 31.27378657000002], [119.20507790200011, 31.273671317000073], [119.20485255000003, 31.273557063000034], [119.20440184300006, 31.273326550000057], [119.20417548600005, 31.273211291000024], [119.20395012800006, 31.27309603100008], [119.20349840700008, 31.272866507000096], [119.2030476810001, 31.27263897800001], [119.20287340700006, 31.272471806000034], [119.20250982900009, 31.272141436000055], [119.20215325900007, 31.27181407100006], [119.20180670200008, 31.27148371900008], [119.20162340600011, 31.271317528000097], [119.20125981500004, 31.270987147000028], [119.20090323300012, 31.270657772000042], [119.20072994900008, 31.270492591000057], [119.2003653480001, 31.270163201000067], [119.20024415700003, 31.269948116000037], [119.20013097800009, 31.26974203800004], [119.19991463700003, 31.269335892000093], [119.19968827800005, 31.26892873200007], [119.19946292000006, 31.268522572000037], [119.19923755900005, 31.268112413000026], [119.19902021200002, 31.267706262999994], [119.19872468900007, 31.267693826000034], [119.19848224800009, 31.267788422000045], [119.19823880300011, 31.26788701400003], [119.19800437400008, 31.267982619000037], [119.19776994200004, 31.268080223000027], [119.19737119800008, 31.26834050500007], [119.19702453700009, 31.268678830000084], [119.19666785500007, 31.269015137000025], [119.19632920200002, 31.26935347000004], [119.19597351600008, 31.26969077400006], [119.19563485900004, 31.27002710300009], [119.1952791670001, 31.270365401000014], [119.19493248900011, 31.27070171200004], [119.19458480500012, 31.27104001800005], [119.19423812200012, 31.271377325000074], [119.19406377700008, 31.27154597500008], [119.19371708900007, 31.271884278000094], [119.19343051799999, 31.27216469900003], [119.19324011700004, 31.272583216000015], [119.19304871300002, 31.27300472900008], [119.19285730800009, 31.27342524200005], [119.19266690400005, 31.273843757000044], [119.19247549800002, 31.274265269000104], [119.19228509199999, 31.274685782000077], [119.19210270200008, 31.275105308000064], [119.19191229500005, 31.27552682000003], [119.19185114000005, 31.275923553000084], [119.1918591350001, 31.276149472000036], [119.19187714900008, 31.276374407000084], [119.19189416100006, 31.27659834200005], [119.19192918800003, 31.277047212000063], [119.1919462010001, 31.27727314600002], [119.19196421500008, 31.277496081999992], [119.19198122800007, 31.277723016000024], [119.19199824000006, 31.277947950000076], [119.19201625400004, 31.27817388500003], [119.19203326700003, 31.278396821000086], [119.1920502790001, 31.278622755000043], [119.192068294, 31.278848691000086], [119.19210231900006, 31.279295560000023], [119.19212033300003, 31.279521496000065], [119.1921373450001, 31.27974743100002], [119.19215435800001, 31.27997036600008], [119.1921984170001, 31.28025232100005], [119.19228554500012, 31.280697279], [119.192362653, 31.28114222200005], [119.19244076300008, 31.28158916399999], [119.1925278900001, 31.282034123000038], [119.19261501800011, 31.282479081000083], [119.19268411000004, 31.282924011000034], [119.19277123600015, 31.28336896900008], [119.19285736100008, 31.28381392700004], [119.19292745500002, 31.284258857000083], [119.19297953400007, 31.28448185100006], [119.19305764300006, 31.284929794000085], [119.19313575200012, 31.285374738000037], [119.19322187600005, 31.285818696], [119.19330098600003, 31.286263642000044], [119.19337809300009, 31.286708585], [119.19346521900002, 31.287153545000045], [119.19350026499998, 31.287376510000023], [119.1935863880001, 31.28782246800006], [119.19366549900008, 31.288267415000107], [119.19374260400005, 31.288711358000064], [119.19381270200009, 31.289089318000073], [119.19376056300004, 31.28953605300009], [119.19373449300011, 31.28976192000004], [119.19368235400015, 31.290208656000054], [119.19362119600014, 31.290658376000046], [119.19356104100004, 31.29110809900004], [119.19349988300004, 31.291554821000055], [119.19344774300009, 31.292001558000074], [119.19342167300016, 31.292227424000018], [119.19336953300001, 31.292674162000033], [119.1933093770001, 31.293121886000044], [119.19337847900013, 31.293448866000098], [119.19346562600006, 31.29366392100004], [119.19362990000006, 31.29408901500004], [119.19371704600007, 31.29430406900007], [119.19388232100007, 31.294729164000067], [119.19396846400001, 31.29494421600001], [119.19413373800009, 31.295369310000098], [119.1942208830001, 31.295584364000042], [119.19406456900006, 31.295786035000027], [119.19374292699999, 31.296142378000113], [119.19342128300002, 31.29649372200005], [119.1930926230001, 31.29684805100006], [119.19292729100002, 31.297025713000018], [119.19253652400002, 31.297199011000053], [119.19227601900005, 31.297227575000107], [119.19175500500009, 31.297290697000093], [119.19123498700006, 31.297351816000088], [119.19072298000006, 31.297413943999985], [119.19020194900011, 31.297475052000067], [119.18967289700004, 31.297536142000062], [119.1891518560001, 31.29759824000005], [119.18863982800009, 31.29765935000004], [119.18811877700014, 31.297720440000035], [119.18759772100012, 31.2977835250001], [119.18707666100008, 31.29784460600009], [119.18656461400008, 31.297906698000077], [119.18603552700009, 31.29796775800007], [119.18551445400013, 31.29802882700006], [119.18523688000008, 31.29806332800007], [119.18503745500001, 31.298208922000036], [119.18462958600003, 31.298498092000074], [119.18443016100004, 31.298642685000047], [119.18403030500008, 31.29893186700008], [119.18362243, 31.29922003200003], [119.18342300200001, 31.299365621000085], [119.18302414300005, 31.299654800000035], [119.18282371000008, 31.299799387000093], [119.18241582900009, 31.30008854600004], [119.1822163960001, 31.300234133000096], [119.18181753000013, 31.300522306000047], [119.18161709500008, 31.300667889000103], [119.18120920700008, 31.300956044000053], [119.18081033700003, 31.301245211999998], [119.1803593620001, 31.30144531900003], [119.18003466500015, 31.30151570400008], [119.1798472620001, 31.301558348000057], [119.1793341580001, 31.30167037200009], [119.17908261600007, 31.30172689200006], [119.1785795290001, 31.301841929999988], [119.1780674200001, 31.301954949000013], [119.177555309, 31.30206596800005], [119.17730275900007, 31.302124482000096], [119.17680066600009, 31.302237514000034], [119.17582754400004, 31.302436642000075], [119.17650497700005, 31.302785756000006], [119.17679158500005, 31.302912234000082], [119.1771904300001, 31.303070906000066], [119.17764239100009, 31.303213680000063], [119.17818054000013, 31.303287637000054], [119.1788660040001, 31.303345865999987], [119.17946428100004, 31.303365947000053], [119.18000242700006, 31.3033719210001], [119.18047142300006, 31.303371769], [119.18103561100011, 31.30346075299999], [119.18175611600012, 31.303642976000056], [119.18221707000006, 31.303823731000094], [119.18253771700005, 31.304114190000057], [119.18278019300013, 31.304463487000092], [119.18293648100008, 31.304884602000115], [119.18291937700009, 31.30562628400002], [119.18285019400005, 31.306049997000088], [119.18271985400011, 31.306781482000034], [119.18265865000001, 31.307612054000103], [119.18269367299999, 31.308154907000073], [119.18288502100009, 31.308741022000078], [119.18305834700004, 31.309144177000036], [119.18326675700006, 31.309417441999997], [119.18358739300004, 31.309775873000078], [119.18400422300014, 31.310183454000054], [119.18443809400007, 31.310503096000033], [119.18488098900004, 31.310725789000074], [119.18582691000006, 31.310993338000095], [119.18660850600006, 31.311014686000085], [119.18749331700009, 31.31084327400002], [119.18806648000009, 31.31076928200003], [119.18857049300004, 31.310758143999998], [119.1889953350001, 31.31083283500005], [119.18955042300003, 31.31102569700002], [119.19008846000006, 31.311337480000056], [119.19037594100004, 31.31227060500008], [119.19052311500005, 31.313536370000094], [119.19067932900009, 31.31455824400009], [119.19052294000002, 31.31545864500007], [119.19024535100007, 31.315923007000038], [119.18989761500006, 31.31644822900006], [119.1892733200001, 31.31706295000003], [119.18894262900011, 31.31741825900012], [119.18849166600009, 31.318083244999983], [119.1881278760001, 31.318729386000065], [119.18798856500004, 31.319066023000033], [119.18791037300005, 31.319451746000063], [119.18783217799998, 31.319857461000055], [119.18778906100013, 31.320183267000104], [119.18778903100005, 31.320520142000085], [119.18792727400012, 31.320895239000038], [119.18817073300009, 31.321238528000016], [119.18847431900008, 31.321504945000036], [119.18883000800011, 31.32174545900004], [119.18924681900013, 31.321974079000036], [119.18971572200012, 31.32229475000001], [119.19012349900001, 31.322613315000083], [119.19049620600003, 31.32292182300003], [119.19083583400007, 31.323345232000065], [119.19113939200005, 31.323735591000037], [119.191373814, 31.324128833000067], [119.19175548200005, 31.32494216300004], [119.19185965400004, 31.325274213000064], [119.19198085200004, 31.325688260000042], [119.1920759840001, 31.326253209000065], [119.19211101100007, 31.326704102000072], [119.19235436000012, 31.328032018000073], [119.19251054800009, 31.329269824000086], [119.19267574300008, 31.330601613000056], [119.19276183500008, 31.331417460000054], [119.19299720200002, 31.332340511000048], [119.19308334100005, 31.332617551000055], [119.19330073200001, 31.33289580300007], [119.193647357, 31.333288221000032], [119.19528831400015, 31.33473531300004], [119.19599957500012, 31.335391193000042], [119.196303101, 31.335759534000054], [119.19659861000002, 31.336130860000047], [119.19690213200009, 31.336500198000053], [119.19720665300005, 31.336868535000065], [119.19751017000013, 31.33723786900007], [119.19780466900008, 31.33760718600007], [119.19810918400003, 31.337975518000086], [119.19841269400001, 31.338343846000008], [119.19871620199999, 31.338713172000013], [119.1990116930001, 31.33908148400011], [119.19931519600009, 31.339450806000023], [119.1995676140001, 31.339742078000057], [119.1997318870001, 31.339917259000075], [119.19998330000013, 31.340219523000037], [119.20017461300006, 31.340448724000083], [119.20035690900012, 31.340683908000088], [119.20063435400007, 31.34107617500004], [119.20080863500002, 31.341300350000026], [119.20138956200003, 31.342065921000042], [119.20217982000005, 31.342989727000003], [119.20300413200005, 31.34376661500007], [119.20441035600004, 31.344709224000077], [119.20468778699998, 31.344914529000015], [119.20507839400017, 31.345155971000096], [119.20538186500005, 31.345311323000068], [119.20657168, 31.345975660000057], [119.20705740400004, 31.346295178000027], [119.20797775000007, 31.346959123000076], [119.20864570600008, 31.347496774000064], [119.20909634400007, 31.347844212000034], [119.2093577060001, 31.34809344800005], [119.20959102800006, 31.348316656000044], [119.2099565300001, 31.348648985000096], [119.21096289600005, 31.349498893000074], [119.21137944900015, 31.349866255000094], [119.21176996700004, 31.35018060000008], [119.21259505900001, 31.35065137900004], [119.21279331000008, 31.350854534000064], [119.21107668200014, 31.3536116450001], [119.21064603200013, 31.354022002000036], [119.20961650600012, 31.354461623000084], [119.20971664200015, 31.354572708000042], [119.20977668200014, 31.35508161200005], [119.20968654500005, 31.355152479000047], [119.2093069880001, 31.35516201500004], [119.20920681100006, 31.355471789], [119.20953628600014, 31.355582154000075], [119.209546292, 31.355672137000056], [119.2099168240001, 31.355761556000083], [119.20989677100013, 31.35602244400009], [119.20997687900001, 31.35611251200008], [119.2100369670001, 31.356112584000087], [119.210187215, 31.35576187900002], [119.2110364120001, 31.355947823000044], [119.21077201400007, 31.356196430000097], [119.21041647600006, 31.35652590100009], [119.21024221000002, 31.35669363700002], [119.20987765300006, 31.357025091000004], [119.20953111700007, 31.357355563000077], [119.20917456200006, 31.357690018000042], [119.20889713300002, 31.357884613000067], [119.20840238000002, 31.35804194800003], [119.20815900700006, 31.35811961800006], [119.20790762000004, 31.358195277000014], [119.20741285200005, 31.35834959900008], [119.20716145800012, 31.358430251000094], [119.20691807600005, 31.358505913000045], [119.20642329200007, 31.358660222000026], [119.20618090500008, 31.35873987900004], [119.2059375150001, 31.35881653500008], [119.20544272400002, 31.358881859000064], [119.20491388100004, 31.35885316100009], [119.204653462, 31.358840815000043], [119.20413261899998, 31.35881211700007], [119.20387219400001, 31.358799766000025], [119.20360275300001, 31.358786399000074], [119.20307387900004, 31.358760676000074], [119.20281344600008, 31.358745318000047], [119.20253597500003, 31.35882290400007], [119.20203211400008, 31.35895814800007], [119.20153726100008, 31.359092401000076], [119.20103338600005, 31.359227633000074], [119.20053050600009, 31.35936186099999], [119.2000356320001, 31.359496095000083], [119.19953273900006, 31.35963131100008], [119.19924621500006, 31.359826822000095], [119.19914199000004, 31.36026652400006], [119.19903776500004, 31.360709225000093], [119.19892452400009, 31.361149913000055], [119.19882029900009, 31.361590615000104], [119.19872508900002, 31.362033330000052], [119.19861184700007, 31.362474017000096], [119.19850762000014, 31.362916718000044], [119.19840439600013, 31.363357421000003], [119.198291153, 31.36379810900005], [119.19818692600008, 31.36424081000009], [119.19808269799998, 31.36468151100005], [119.19797045600002, 31.36512220000001], [119.1978662270001, 31.365563902000048], [119.19776200000001, 31.3660046030001], [119.19770988500014, 31.366226453000067], [119.19752752800005, 31.366524081000094], [119.19729306600001, 31.366927595000085], [119.19705860200007, 31.367329108], [119.19683315400007, 31.367732634000077], [119.19670289700004, 31.36793437000007], [119.1964684300001, 31.36833588100008], [119.19623396200005, 31.368739390000066], [119.19599949300002, 31.369140899000072], [119.19588726600014, 31.369344660000053], [119.19564377900006, 31.36974415500007], [119.19540930600012, 31.37014766100006], [119.19517483199999, 31.370552165000042], [119.19506260300011, 31.370752925000048], [119.19484516899999, 31.371051488000056], [119.19449848600007, 31.37139183300006], [119.19415981500003, 31.371734187000058], [119.19398647199998, 31.37190585700005], [119.19364779700004, 31.372246209000053], [119.19330010300004, 31.372589542000043], [119.19312675600008, 31.372761209000032], [119.19279709300008, 31.373104569000112], [119.19245039500008, 31.373444901000028], [119.19227604200013, 31.37361656300002], [119.19193835799999, 31.373958906000013], [119.19159866700014, 31.374300242000096], [119.19125195900004, 31.374642566], [119.191078605, 31.374814226000083], [119.19073991000005, 31.375154561000087], [119.19040121200008, 31.37549789200007], [119.19021883700009, 31.375669535000064], [119.18996731700005, 31.3759190380001], [119.1896286150001, 31.376262365000088], [119.18927287599999, 31.376600663000012], [119.18893417000002, 31.376940987000104], [119.18858744500002, 31.377279296000026], [119.18824071800012, 31.377620603000025], [119.18789298700003, 31.377958907000036], [119.18755427200007, 31.37829722400005], [119.18720753800007, 31.378638526000046], [119.18685980100008, 31.37897682500006], [119.18651306299998, 31.379317123000064], [119.18617434000012, 31.37965643400007], [119.18582759800003, 31.37999672900007], [119.18547985300003, 31.380335022000082], [119.18513310900002, 31.380674313], [119.18479437800016, 31.381014618000094], [119.18448170800005, 31.381259995000057], [119.18404778400011, 31.381514154000037], [119.18383132300005, 31.38164173400002], [119.18339639300004, 31.381893888000015], [119.18296246300011, 31.382148042000082], [119.18274599800014, 31.38227561900007], [119.18231206300003, 31.382529769000044], [119.18187812700009, 31.382781918000035], [119.18154841800008, 31.38292928300006], [119.18102730800004, 31.38302231800003], [119.18051521300004, 31.383113368000103], [119.18025465500014, 31.383160883000038], [119.1797515750001, 31.38325294400002], [119.17923045400005, 31.38334597000008], [119.17871835000004, 31.38343701000006], [119.17820624300012, 31.38353004700012], [119.17768511300008, 31.38362106600001], [119.17720808300014, 31.383643184000064], [119.17694752400007, 31.38361271400003], [119.17642640300002, 31.383551772000054], [119.17616584300006, 31.383521301000016], [119.1756447180001, 31.38346335600002], [119.17538515800004, 31.383430885000088], [119.17486403100008, 31.383371937000092], [119.17434390400004, 31.383310990000027], [119.17408333900005, 31.383281514000075], [119.17382277400009, 31.383251039000037], [119.17330164200004, 31.383192086000044], [119.17304107600015, 31.38315961000002], [119.1725209440001, 31.38310065700003], [119.17226037800003, 31.383068180000095], [119.17173924200009, 31.383010223000007], [119.17147867300002, 31.382978745000067], [119.17095853900005, 31.38292078800007], [119.17043740000011, 31.38285983], [119.17017683200004, 31.382829351000055], [119.16991626200006, 31.382796871000032], [119.1693951230001, 31.38273891000003], [119.16913555500003, 31.382708430999998], [119.16879680000008, 31.382831758000073], [119.16869255200007, 31.383039501000034], [119.16858830400005, 31.383246242999995], [119.16848405500005, 31.383451985000058], [119.16837980700004, 31.383660728000095], [119.16827555900011, 31.383867470000062], [119.16806706300008, 31.384278956000088], [119.16796281399999, 31.384485699000052], [119.16785054900004, 31.38469142700002], [119.16774630100011, 31.384900169000062], [119.16765107200004, 31.385105929000034], [119.16753780500008, 31.385311655000095], [119.16743355600008, 31.385520397000043], [119.16732930800006, 31.385726141000106], [119.16722505900006, 31.385932883000066], [119.16701656300003, 31.386345370000093], [119.1669123150001, 31.38655111300006], [119.16680906900001, 31.3867598570001], [119.16670482100008, 31.38696560100007], [119.16659155200013, 31.387172328000034], [119.1664612340001, 31.38751698100004], [119.16641010100012, 31.38773882000001], [119.16636598400012, 31.387961672000067], [119.16626171400002, 31.38840234700011], [119.16620958000014, 31.388623183999997], [119.1661574450001, 31.388845022000055], [119.16606219400003, 31.389287714000005], [119.16601907900011, 31.38950956900006], [119.16595792500001, 31.389730389000036], [119.16590579000005, 31.38995222700001], [119.16581054000008, 31.39039492000004], [119.16576742400007, 31.39061577400002], [119.16570627000007, 31.390837596000075], [119.16561102, 31.391278289000034], [119.16556790500007, 31.3914991440001], [119.16551577000011, 31.39172298200006], [119.16546363500007, 31.391943820000037], [119.16535936500006, 31.392384498000084], [119.16531524800004, 31.392606351000055], [119.16526311300008, 31.392827190000027], [119.16515984600007, 31.393269869000065], [119.16511572800005, 31.393491723000032], [119.16502951400003, 31.39376448300004], [119.16479496100007, 31.39416892700011], [119.16456942900007, 31.39457038800002], [119.16443912500003, 31.394774085999998], [119.16421359300011, 31.39517554800009], [119.16397904100006, 31.395578991999983], [119.16386576200011, 31.39591968400002], [119.16387476100013, 31.396145636000064], [119.16389177800013, 31.39636860600004], [119.16390077600008, 31.39659455900008], [119.16391779300014, 31.39682052700004], [119.16393581200012, 31.397046497000083], [119.16393579100013, 31.397269435000055], [119.16395280700011, 31.39749540400001], [119.1639698240001, 31.397721372000056], [119.16397882300014, 31.397946326000103], [119.16399684200012, 31.39817029700007], [119.16400483900006, 31.398396248000026], [119.1640138370001, 31.398621203000076], [119.16403085400009, 31.398847171000035], [119.16404887300007, 31.399073142000077], [119.16405687000011, 31.39929609600005], [119.16406586800005, 31.399522049000005], [119.16409188400007, 31.399970973000023], [119.16410890100006, 31.400194942999995], [119.16412591800005, 31.40042091300004], [119.16412589700005, 31.40064585000009], [119.16414391500012, 31.400871821000045], [119.1641609320001, 31.40109579100001], [119.16416993200005, 31.40132074600006], [119.16418694800004, 31.40154671600002], [119.16419594600006, 31.401772670000064], [119.16420494600001, 31.40199862500002], [119.16422196300009, 31.402221596000082], [119.16423897900007, 31.402447566000035], [119.16424797100002, 31.402742502000017], [119.16424795000012, 31.402968439000055], [119.16423891000008, 31.40319436100001], [119.16423888900007, 31.403419299000056], [119.16423085100011, 31.4036452220001], [119.16423083000012, 31.403869161000067], [119.16422176900008, 31.40431802100008], [119.16421373000003, 31.40454394500003], [119.16421371000003, 31.40476988300007], [119.16420466899999, 31.40499480500003], [119.16420464799998, 31.405220744000076], [119.16419560700004, 31.405446665000028], [119.16419558700014, 31.40567260500007], [119.16418754800009, 31.405897529000114], [119.16418752800008, 31.40612146800008], [119.16418750600008, 31.406347406000037], [119.16417846600004, 31.40657332899999], [119.16417844500003, 31.40679826800004], [119.1641694050001, 31.40702419000008], [119.16416938400009, 31.407250130000122], [119.16416134500005, 31.40747605400007], [119.16416132400005, 31.407700993000034], [119.1641522640001, 31.408148856000054], [119.16414422400014, 31.4083737810001], [119.16414420400005, 31.40859972100005], [119.16413516300011, 31.408825643000092], [119.1641351420001, 31.40905158300005], [119.16412610200007, 31.40927650500001], [119.16412608100006, 31.409502446000047], [119.16412606000006, 31.409728386000005], [119.16412603900005, 31.409954325000044], [119.16411800100002, 31.41017925000009], [119.16411798000001, 31.410403191000057], [119.16410893999998, 31.4106291150001], [119.16410891900014, 31.410855055000056], [119.16410088100011, 31.411079980000103], [119.16410085900011, 31.411305920000054], [119.16408277800012, 31.411754768000065], [119.16408275800003, 31.411980708000023], [119.16407471900007, 31.412206634000064], [119.16407469900008, 31.41243057500003], [119.16406565800003, 31.412655499000074], [119.16406563700004, 31.412881440000028], [119.16406561700003, 31.413107381000074], [119.16406559500004, 31.413333322000028], [119.164056542, 31.413689212000072], [119.16405652199998, 31.413914153000036], [119.16404848400012, 31.414140079000077], [119.16404846300011, 31.41436602000003], [119.16403942200009, 31.41459194500007], [119.16403940100008, 31.414816886000033], [119.16403136200003, 31.41504281300007], [119.16403134200004, 31.41526675500004], [119.164022302, 31.415491679000084], [119.1640222800001, 31.41571762100004], [119.16401324000006, 31.415943545000083], [119.16401321800005, 31.416169487000033], [119.16401319800005, 31.416394428999993], [119.1640051600001, 31.41662035600004], [119.1640051390001, 31.41684629800008], [119.16400509800009, 31.41729318300002], [119.16399605700005, 31.417519108000057], [119.16399603600004, 31.4177450500001], [119.1639869950001, 31.417970975000053], [119.1639869740001, 31.418195918000016], [119.16397893600006, 31.418421844000058], [119.16397891500006, 31.418647787000097], [119.16396987500002, 31.41887371200005], [119.16396985400002, 31.419098655000013], [119.16396983300001, 31.419322598000065], [119.16396079199998, 31.41954852400002], [119.16396077200015, 31.41977346700007], [119.16395273300012, 31.41999939500002], [119.16395271200011, 31.420225338000066], [119.16394467400006, 31.42045126500002], [119.16394465300006, 31.420677208000058], [119.16393561200002, 31.42090213400011], [119.16393557100002, 31.421349022000044], [119.16393555000002, 31.42157496500009], [119.1639355300001, 31.421800908000044], [119.16392648900015, 31.422026834000086], [119.16392646800016, 31.422251778000046], [119.16391842900012, 31.422477707000084], [119.16391840800011, 31.422703650000038], [119.16390936700007, 31.422929577000083], [119.16390934700007, 31.42315452000004], [119.16390130900002, 31.42337845000001], [119.16387422500009, 31.423643332000076], [119.16381405199999, 31.424090108], [119.16378797299998, 31.42431600400004], [119.16372679800006, 31.424765778000044], [119.16367464300001, 31.42521256900006], [119.16364054700011, 31.425437450000103], [119.16358839100008, 31.425885242000028], [119.16353623600003, 31.426332034000048], [119.1634750610001, 31.426780809000057], [119.16342290400006, 31.42722860200007], [119.16336273200014, 31.427675379999997], [119.16333665400012, 31.427901276000036], [119.16327547800003, 31.428348053000057], [119.16322332299998, 31.428794846000073], [119.16318922700009, 31.429022727000103], [119.16313707200004, 31.429470521000027], [119.16307589600004, 31.429917299000046], [119.16302374100007, 31.430366093000053], [119.16292849400008, 31.430782814000068], [119.1627891490001, 31.43121444999999], [119.16271997700008, 31.43143226700007], [119.16257261500004, 31.43186588800007], [119.1625034440001, 31.432082706000067], [119.16236409800003, 31.432516342000064], [119.16229492700008, 31.432734161000056], [119.16214756500005, 31.43316578200006], [119.16207739200001, 31.43338459900005], [119.16193003, 31.433817221000048], [119.1618518390001, 31.434034023000045], [119.16172151400005, 31.434467677000043], [119.16164332299999, 31.434684480000044], [119.16149596100004, 31.43511910200003], [119.1614267910001, 31.43533592200003], [119.16128744600012, 31.435769560000026], [119.16121827600008, 31.435986380000024], [119.16111502300006, 31.436288117000032], [119.16107091400013, 31.436419003000026], [119.16093157300007, 31.436822650000032], [119.16085338299999, 31.43703745400004], [119.1607751920001, 31.437254257000035], [119.16069700300011, 31.437469062000048], [119.16061881200004, 31.437683866000057], [119.16054162400005, 31.437900672000055], [119.16038524400008, 31.438328281000082], [119.16030705400009, 31.438543086000003], [119.160228864, 31.438760888999994], [119.1601506740001, 31.4389746950001], [119.16007248500013, 31.43918950000002], [119.15990708500013, 31.43962009300003], [119.159837915, 31.43983491500004], [119.15975972600009, 31.440049720000054], [119.15968153600011, 31.440266525000048], [119.159595329, 31.44048131600006], [119.15952515600006, 31.44069613600007], [119.15936977900007, 31.441125749], [119.15928257000004, 31.441340538000098], [119.1592134010001, 31.44155536100002], [119.15912618299998, 31.441863129000083], [119.1591091250001, 31.442089046000035], [119.1590910650001, 31.442314961000072], [119.15907398700003, 31.442763829000086], [119.15879636600006, 31.442972266000012], [119.15853580400008, 31.442952787000003], [119.15827524300002, 31.442935308000067], [119.15801468200004, 31.44291782800004], [119.15775412100007, 31.442898351000025], [119.15749456400007, 31.442880874000004], [119.15722498500007, 31.44285938100009], [119.15670386900004, 31.44282442700004], [119.1564352940001, 31.442804937000027], [119.15618375800008, 31.44278747900009], [119.15592320100009, 31.442770004000067], [119.15565362700008, 31.442751513000047], [119.15539307400002, 31.44273104000004], [119.15513251900005, 31.442713567000013], [119.15486395000002, 31.442695080000085], [119.1546124170001, 31.442676625000068], [119.15429074900013, 31.442521072999988], [119.154056263, 31.442405672000028], [119.15383981600012, 31.44229330400006], [119.15337986600008, 31.442069519000015], [119.15315339800007, 31.44195413500006], [119.15291891600012, 31.441841736000086], [119.15246799000012, 31.441617972000046], [119.15224252800012, 31.441502593000095], [119.15201606500011, 31.441390211000034], [119.15155612600007, 31.441166435000078], [119.15133968600003, 31.441051074000036], [119.15110521000007, 31.440938680000066], [119.15064427500013, 31.44071490800011], [119.15041881900004, 31.440599533000068], [119.15019336400012, 31.440487158000096], [119.14976747300014, 31.440637369000093], [119.14928146000008, 31.44080647100005], [119.14880446900014, 31.440977591999996], [119.14856096500014, 31.441064145000055], [119.14806694600013, 31.441236241000084], [119.1477543010001, 31.44137066400001], [119.1475629, 31.44152429600011], [119.1473634830001, 31.441675916000044], [119.14717208400006, 31.441828549000064], [119.14698970300009, 31.441980199000085], [119.14679028900001, 31.442131819000018], [119.14639948000001, 31.44243307800008], [119.14620808400007, 31.442585713000007], [119.1460086730001, 31.442737337000025], [119.14581828000006, 31.44288897600005], [119.14561786900009, 31.44304059900007], [119.14542747700014, 31.443193239000003], [119.14522706800008, 31.443344864000025], [119.14484528800003, 31.443646147999992], [119.14464588200005, 31.443797775000107], [119.14445449300001, 31.443950417000032], [119.14407272200005, 31.44421471500005], [119.14385628900007, 31.444343321000034], [119.14342142100007, 31.44460053500009], [119.14299657700009, 31.444859769000047], [119.14256271899998, 31.445114992000114], [119.14212886599998, 31.445373217000075], [119.14168500500011, 31.44554444900003], [119.14143352400008, 31.44559702600003], [119.14118204500005, 31.445646604000046], [119.14067007400007, 31.44574475000008], [119.14040958100009, 31.44579431800001], [119.14015710700008, 31.445843899000025], [119.13989661800011, 31.445891470000056], [119.13963713300004, 31.445942043000066], [119.13912418000005, 31.446044203000078], [119.13887271400003, 31.446091793000022], [119.13861223400015, 31.44614137100004], [119.138351755, 31.44619095000005], [119.13809929300007, 31.446241542000067], [119.13759637800003, 31.446338735000026], [119.13733590600006, 31.446388319000043], [119.137075437, 31.44643890500005], [119.13682298300017, 31.44648650500008], [119.1365635190001, 31.446538095999998], [119.13605060700003, 31.44663829000003], [119.13579014600006, 31.44668588400006], [119.1355296830001, 31.446792467000087], [119.13548656700007, 31.44724130400001], [119.13546050000005, 31.44746721400005], [119.13541738400014, 31.447914052000073], [119.13536525200007, 31.44836287500008], [119.13532213500005, 31.448812713000088], [119.13529506700004, 31.449038623000035], [119.13525195100011, 31.44948546100006], [119.13519981900006, 31.449934286000072], [119.13515670300005, 31.45038512400007], [119.13525182900003, 31.450789180000108], [119.13534695300007, 31.45123222800008], [119.13545209499998, 31.451672292000076], [119.13554721900003, 31.452115341000052], [119.13564234400009, 31.452558391000032], [119.13575549900013, 31.453000468000013], [119.13592075800011, 31.453326650000093], [119.13611207800014, 31.45348690600003], [119.13649372100011, 31.45379942400004], [119.1368673530001, 31.454113931000037], [119.13723998800003, 31.454428440000036], [119.13761362800003, 31.45474395400003], [119.13799528700008, 31.455060484000022], [119.138368934, 31.45537300400003], [119.13874258500002, 31.45568952700002], [119.13912425400005, 31.456002067000036], [119.13949791299999, 31.456319596000107], [119.13987057300008, 31.456634127000015], [119.1400619130001, 31.456792402000055], [119.14043558000003, 31.457106939000056], [119.14081726600017, 31.457419493000074], [119.14119093899998, 31.457737035000058], [119.1415636150001, 31.458049580000072], [119.14193729500002, 31.458366129000062], [119.14231899400008, 31.458680694000066], [119.14270069600003, 31.45899526100007], [119.14307438600005, 31.459309818000072], [119.14326574100006, 31.459469105000018], [119.14363843400008, 31.45978366400002], [119.14379571200004, 31.460076869000034], [119.14402111300004, 31.46048416400007], [119.14423749700009, 31.460892447000013], [119.14446290000001, 31.461302744000122], [119.14468028800005, 31.46171103000006], [119.144897678, 31.462118317000012], [119.145123084, 31.46252861800012], [119.14534047500004, 31.462936907000064], [119.14556588300005, 31.46334721000008], [119.14578327600009, 31.46375450000003], [119.14600868600009, 31.46416280600006], [119.14622608100004, 31.46457309800008], [119.14646051100007, 31.464981421000026], [119.14666889000009, 31.465388701000066], [119.14690332200004, 31.465799026000084], [119.14711971900009, 31.46620732000003], [119.14724995500004, 31.466476494000098], [119.14738017800005, 31.466910635000048], [119.14751941800012, 31.467346793000075], [119.14758052100002, 31.46756585600008], [119.14771876000009, 31.46800001300003], [119.14784898300003, 31.46843615600006], [119.14798822500009, 31.468872315000084], [119.14811844900012, 31.469308459000025], [119.14817955200012, 31.46952752400003], [119.14830977600005, 31.469963668000055], [119.14844801700013, 31.4703978270001], [119.14851813900006, 31.470616910000018], [119.1486483640001, 31.47105305500004], [119.14878660500008, 31.471487216000085], [119.14884771000007, 31.471708281000076], [119.14898695400004, 31.47214244500003], [119.14911718000008, 31.472578592000055], [119.1491863010001, 31.472797673000066], [119.14931652700014, 31.473231821000105], [119.14944675400008, 31.473667970000044], [119.14958599900004, 31.474105135000066], [119.14971622599998, 31.474541285], [119.14978534800002, 31.474760366000098], [119.14991557600004, 31.475194517000048], [119.15005482200002, 31.47563068400008], [119.15011492600001, 31.475849750000087], [119.15025417300001, 31.476285917000027], [119.15038440100011, 31.476720070000063], [119.15051463000006, 31.477158222000078], [119.15058374600008, 31.477455291000055], [119.15059272300003, 31.477906225000062], [119.15060971500012, 31.47835617500008], [119.15061869200005, 31.478807109000087], [119.15062767000009, 31.479259045000084], [119.15063564400012, 31.479707978000107], [119.15064462100005, 31.480158914000114], [119.1506535980001, 31.480610850000026], [119.15067059100008, 31.481059800000047], [119.15067956800011, 31.481511737000048], [119.15068854500007, 31.481962673000055], [119.15049711700011, 31.48230527200007], [119.15006319700001, 31.482565455000014], [119.14985475500008, 31.482698063000058], [119.14942084000006, 31.482957250000013], [119.1492033820001, 31.483086842999988], [119.14877848900002, 31.48334705100011], [119.14835259800014, 31.48360525800007], [119.14791869300004, 31.483865455000014], [119.14770224300005, 31.483996054000073], [119.14727635900007, 31.484254270000037], [119.14705891000003, 31.484384870000007], [119.14682442700008, 31.484521440000023], [119.14635647100009, 31.48472459800005], [119.14588751800011, 31.484928757000063], [119.14541856900011, 31.48513292100008], [119.14494962400013, 31.485337087000097], [119.14448068500005, 31.485541257000115], [119.14401174900007, 31.48574443100005], [119.14376926800007, 31.485849006000002], [119.14351775100013, 31.48614853300009], [119.1434475740001, 31.486593341000038], [119.14341348700012, 31.486816246000004], [119.14337839800007, 31.48704014900006], [119.14334330900009, 31.48726405200002], [119.14331723900015, 31.48748697100008], [119.1432831520001, 31.487710876000044], [119.14324806300012, 31.487933780000013], [119.14321297400014, 31.48815968300005], [119.14318690300003, 31.488383603000017], [119.14324798400003, 31.48878263799999], [119.14347338300001, 31.489188947000038], [119.14369978400009, 31.489599258000055], [119.14392518500009, 31.490004569000106], [119.14414257100006, 31.490410868000062], [119.14437699100009, 31.490818196000106], [119.14460239500008, 31.491226510000047], [119.1448278, 31.491632826000092], [119.14505422099998, 31.491904166000076], [119.14535778600006, 31.492270624000106], [119.14566135300004, 31.49263708200005], [119.14597394000006, 31.493004559000084], [119.14627751100014, 31.49337102100003], [119.1465820850001, 31.493737486000065], [119.1468856600001, 31.49410395200001], [119.14718923600006, 31.494471419000035], [119.14749381500005, 31.49483789000007], [119.14765011400002, 31.495022132000038], [119.1481010260001, 31.495030918000054], [119.14836155500008, 31.495037372000056], [119.14888261600002, 31.495046285000086], [119.14914314800001, 31.49505474200007], [119.14967223200009, 31.49506367500001], [119.15020232300006, 31.49507461300003], [119.15046286100004, 31.495079075000042], [119.15099195600011, 31.495092017000047], [119.15125249700009, 31.495096482000065], [119.15177358200003, 31.49510741400008], [119.15230268700012, 31.4951183640001], [119.15256323400001, 31.495122833000025], [119.15309234399999, 31.49513578700003], [119.15335289300006, 31.495140258000042], [119.15388301200005, 31.49515121800006], [119.15441213300004, 31.495159181000098], [119.15467268500001, 31.495165655000015], [119.15519379300005, 31.49517860500002], [119.15545434800003, 31.495184081000026], [119.15598347900001, 31.495194051000055], [119.15650459399998, 31.495203007000086], [119.15677317000008, 31.495209500999998], [119.15730330900007, 31.495220478000107], [119.15756387000013, 31.495226958000025], [119.15808499400009, 31.495235922000056], [119.15861413700009, 31.495246901000073], [119.15887470000006, 31.495251384], [119.15939582900009, 31.495264351000095], [119.15966441200013, 31.495268850000024], [119.16019456400011, 31.495278836000054], [119.16072371500002, 31.495289822000075], [119.16106245100006, 31.495318451000045], [119.16155651599999, 31.49546335100004], [119.16180805900002, 31.495537810000073], [119.16230312900004, 31.495682714000075], [119.16279819899998, 31.495828619000065], [119.16304974300009, 31.495902079000103], [119.16355383600006, 31.4960480020001], [119.16404790600008, 31.49619290600001], [119.16454297900009, 31.49634081300008], [119.16482057800015, 31.496475314000108], [119.16491676900011, 31.496685461], [119.1651161690001, 31.497102771000066], [119.16520334100002, 31.49731290200004], [119.16530654900012, 31.49752306300011], [119.16549793100015, 31.497942358000074], [119.16559312000004, 31.498152504000053], [119.16569733000003, 31.498362667000038], [119.16587969300011, 31.4987799460001], [119.16598390300013, 31.49899010899999], [119.166079092, 31.499200255000062], [119.16627047500003, 31.499619551000023], [119.16641777800014, 31.499849793000067], [119.16689581300008, 31.50003466400009], [119.16737284500002, 31.500222532000087], [119.16785088000006, 31.50040740300002], [119.16809340600005, 31.500502843000014], [119.16857043800007, 31.500689712000018], [119.16904847200011, 31.500878581000016], [119.17824141300002, 31.502089482000017], [119.18144371900013, 31.507794447000073], [119.18160001100009, 31.508225666000044], [119.18160898800011, 31.508666619000024], [119.18161796600006, 31.509117572000036], [119.18163496000014, 31.509569538000036], [119.18164293600009, 31.51001848900006], [119.18164289400008, 31.510469425000068], [119.18166089000015, 31.510921395000068], [119.18166986800009, 31.511370348000092], [119.18188630800014, 31.51155271100008], [119.18207769700008, 31.51170903200005], [119.18226808500003, 31.511865350000015], [119.18265086000008, 31.512177990000033], [119.1829624930001, 31.512405513000033], [119.18338836000008, 31.51266623300002], [119.18381322200005, 31.512930948000076], [119.18844820300005, 31.518492241000054], [119.18860447700001, 31.518922450000034], [119.18876075199998, 31.51935166000002], [119.18891702500002, 31.519781869000084], [119.189177511, 31.520150261000012], [119.18954220900005, 31.520466835000008], [119.18991592200007, 31.520786421000068], [119.19028863000008, 31.521105003000052], [119.19066233700002, 31.521421584000045], [119.19103503900013, 31.521741162000104], [119.19140874100005, 31.522059739000085], [119.19178143899998, 31.522376312000077], [119.19215513399999, 31.522695883000054], [119.192570896, 31.52315450300007], [119.19293154400009, 31.523654026000017], [119.19303069800004, 31.524044139000054], [119.19298156300016, 31.524484005000033], [119.19273104700002, 31.52486455300008], [119.19363166800011, 31.525993869000082], [119.19419168900001, 31.526453709000023], [119.19403134400014, 31.52690439900001], [119.19401123500009, 31.52767427500003], [119.19392103599999, 31.527984093999997], [119.19323067500017, 31.528463930000086], [119.19306131300009, 31.52886461000002], [119.1929209860001, 31.52949430900007], [119.19251116800004, 31.529804608000077], [119.19236084300005, 31.530184320000053], [119.19251104400004, 31.531154453000035], [119.19269136700004, 31.5314247150001], [119.19315122500007, 31.53170442800006], [119.19336060300007, 31.53194473800005], [119.19098097900009, 31.53211383300001], [119.1903016580001, 31.531934726000024], [119.18954216300006, 31.531834466000078], [119.18807221200012, 31.531904971000046], [119.1871112870001, 31.53167435200006], [119.186508051, 31.53175230300012], [119.18614231400014, 31.531634684000068], [119.18410208899999, 31.531765102000108], [119.18339262000008, 31.53164486100011], [119.18326236000004, 31.531515645000077], [119.18147165700012, 31.530805531000027], [119.18147166400004, 31.53073554000001], [119.18133237400005, 31.530685295000026], [119.18127224100014, 31.530745180000096], [119.18086238700008, 31.530575462000087], [119.18083231800007, 31.53064540000001], [119.18068200100006, 31.530615131999994], [119.1795626500001, 31.530235151000085], [119.177841981, 31.529985042000085], [119.17774277300006, 31.52991586900005], [119.17748220600008, 31.529985383000025], [119.17741206700015, 31.529835272000042], [119.17730182700008, 31.529865065000017], [119.1773128350001, 31.530035066000053], [119.17717253600003, 31.529995813], [119.17691293700014, 31.5303952900001], [119.17654213000002, 31.53045560100003], [119.17655215900004, 31.530375628000073], [119.17641186099999, 31.530305378000037], [119.17650207000008, 31.5301655600001], [119.17634273000013, 31.53010527300009], [119.17649207600005, 31.529855577000035], [119.17648209000002, 31.529475603000037], [119.17607219600004, 31.529535841000047], [119.17604213800004, 31.529455795000082], [119.17576252900008, 31.529475276000007], [119.17566233800005, 31.52918512500007], [119.17537274200006, 31.528825631000082], [119.17487258900007, 31.529532622000048], [119.17489060800006, 31.529758630000096], [119.17490762400004, 31.52998163500007], [119.17492464000011, 31.53020764000003], [119.17495967500008, 31.530654654000067], [119.17497669100007, 31.53088066000003], [119.17500372900008, 31.53110568400008], [119.17502074600009, 31.531331690000044], [119.17503776200007, 31.531555696000012], [119.17505578000014, 31.53178070400007], [119.17508081399998, 31.532006724000027], [119.17510682900001, 31.532453722000064], [119.17513286500002, 31.532679745000024], [119.17514186399998, 31.53290473699999], [119.17517690800003, 31.53325676200007], [119.17520294300004, 31.533482785000032], [119.17523697600004, 31.533928798000076], [119.17526401400005, 31.53415482400004], [119.17527201000009, 31.534380813999995], [119.17529804600011, 31.534606837000048], [119.17532408300005, 31.534829861000027], [119.1753591170001, 31.535278877000053], [119.17538515300012, 31.535502901000022], [119.17539415200007, 31.535728892000073], [119.17542018800009, 31.53595391600004], [119.17544522100002, 31.53617793800001], [119.17548025599999, 31.536626955000038], [119.17550629200002, 31.53685197900009], [119.17552431, 31.537075989000066], [119.17554132600007, 31.53730199500002], [119.17556736200001, 31.53752701999999], [119.17560239700006, 31.537975037000024], [119.17562843300009, 31.53820006200008], [119.17565446800012, 31.53842408600005], [119.17566246500006, 31.538649077000102], [119.17568850100008, 31.538875102000063], [119.17572353500006, 31.5393221200001], [119.17574957100007, 31.53954814500006], [119.1757756070001, 31.539773170000032], [119.17578460600012, 31.539997163000088], [119.17595796400008, 31.54019046300001], [119.17610526700003, 31.54037271600008], [119.17627060900011, 31.540555002000062], [119.17641791100004, 31.54073725500004], [119.1765742330001, 31.54091952500002], [119.17673055500006, 31.541101794000006], [119.17704319700007, 31.541464332000068], [119.17719951800005, 31.541646601000053], [119.17735583900001, 31.54182887000003], [119.177511157, 31.542011136000013], [119.17766848000014, 31.542192406000005], [119.17781578000006, 31.54237565800007], [119.178127418, 31.542738192000044], [119.17829275700001, 31.542917476000042], [119.1784400570001, 31.543099728000115], [119.17859737800006, 31.543281996000097], [119.17875269500004, 31.54346526200007], [119.1789090130001, 31.54364652800006], [119.17922165000003, 31.544009062000036], [119.17936894800005, 31.544191311000105], [119.17952526600001, 31.544373578], [119.17985494300002, 31.544671146000013], [119.18026378900001, 31.544950860000064], [119.18067964700005, 31.545233583000012], [119.18088006000002, 31.54537493100007], [119.18115762200017, 31.545665403000037], [119.18126182300009, 31.545873570000026], [119.18147022700009, 31.546285904000037], [119.18157442800009, 31.546494071000033], [119.18167762700011, 31.546702236000023], [119.18177381100008, 31.546908390000027], [119.18187801200008, 31.547116557000024], [119.18207739400006, 31.5475318740001], [119.1821906130001, 31.547740057000098], [119.18226874400008, 31.54811116200007], [119.18222463000006, 31.548336063000114], [119.18215544400003, 31.548781897000055], [119.18212034800007, 31.54900481400003], [119.18202510800009, 31.54943660400005], [119.18189479300005, 31.549873331000036], [119.18177349600005, 31.550311075000018], [119.18164318100001, 31.55074780200009], [119.18151286400007, 31.551185529000072], [119.18157396200006, 31.551533607000096], [119.18174731200011, 31.55170890300012], [119.18190362599998, 31.55188516700005], [119.18224230800003, 31.552231741000035], [119.18240764000004, 31.552407021000064], [119.18258098800007, 31.552583315000085], [119.18273730000013, 31.55275657800003], [119.18290162900004, 31.55293285500005], [119.183240306, 31.55328242600011], [119.18340563600009, 31.553455703000054], [119.1837964360001, 31.553640379000058], [119.18432553500008, 31.553657311000038], [119.18458607400007, 31.55366576800003], [119.18510615000002, 31.553683677000002], [119.18537570500011, 31.55369214800008], [119.18590579400009, 31.553710069000054], [119.18642585800005, 31.55372696900003], [119.18695593800012, 31.553743882000006], [119.1872164660001, 31.553755330000065], [119.18764934400012, 31.553761071000096], [119.1879098710001, 31.553763516000032], [119.18817941400002, 31.553763975000074], [119.18843993800007, 31.553763418000116], [119.18896098300002, 31.553768301000076], [119.18922952000003, 31.55376575400004], [119.189490039, 31.553768192000064], [119.18975857300012, 31.553767642000018], [119.19001908900009, 31.553770079000046], [119.19027960400005, 31.55377051300008], [119.19054011800003, 31.553769947000035], [119.19080964800003, 31.553770394000068], [119.1910701590001, 31.5537718260001], [119.19159017600013, 31.553771683], [119.19185970000005, 31.553772124000034], [119.19212020600003, 31.55377455100006], [119.19238872600013, 31.553773989000014], [119.19280551699998, 31.553904655000075], [119.19318722200003, 31.554214246000114], [119.19337857300005, 31.55437054099999], [119.19375125500007, 31.55468311200009], [119.19394260500009, 31.55483940500006], [119.19432430000005, 31.555149987000085], [119.19451564700016, 31.55530827800004], [119.19474105700007, 31.555453623000076], [119.19516683100004, 31.55572227200001], [119.19537520800006, 31.555859588000004], [119.19579997500011, 31.55612623000004], [119.19600834800012, 31.556262543000038], [119.19643410900008, 31.556530182000067], [119.19664248000001, 31.556666492000062], [119.19706723300007, 31.5569331230001], [119.19727559999998, 31.55707043000009], [119.19770034600006, 31.557337056000037], [119.1981260900001, 31.557607678000046], [119.19854281300005, 31.557875283000072], [119.19876018900008, 31.55801159800007], [119.19917590300011, 31.558279196000093], [119.19939327500006, 31.558415507000092], [119.19980998399998, 31.558682100000034], [119.20002735300012, 31.558819408000026], [119.20030481800008, 31.559024797000056], [119.20047810400003, 31.559196036000102], [119.20083368900013, 31.559532524000055], [119.20117324300008, 31.559870988000085], [119.2015288220001, 31.56020947000011], [119.20150274800008, 31.56053040800002], [119.20148569700008, 31.560756366000064], [119.20145861000006, 31.56120629200008], [119.20144156000006, 31.561431251000037], [119.20142451000008, 31.561657208999996], [119.20138940900003, 31.5621061250001], [119.20137235800013, 31.562332083000058], [119.20134627300001, 31.562781010999984], [119.20132922200001, 31.563006970000032], [119.20129412100005, 31.563455887000046], [119.2012850850001, 31.56368185700009], [119.20125098500012, 31.564130775000024], [119.20123393500012, 31.564354734000077], [119.20119883300006, 31.56480365000001], [119.20121584000005, 31.565055655999984], [119.20160648100013, 31.565357194000065], [119.20179779300005, 31.565509455000054], [119.20198810200009, 31.565660715000043], [119.20218842800014, 31.56581298700003], [119.20237973599998, 31.565965246000104], [119.20257905800014, 31.5661165160001], [119.20296968400012, 31.566421040000073], [119.20315998700005, 31.56657229400006], [119.20335930300013, 31.56672455900005], [119.20355060600005, 31.566875812000042], [119.2037499200001, 31.567028076000028], [119.20394122100004, 31.567180327000102], [119.20432281700008, 31.56748182600009], [119.20452312900014, 31.56763608700006], [119.20471342300007, 31.567787333000055], [119.20491373200004, 31.567939592000037], [119.20510402400006, 31.568090837000028], [119.20530433100012, 31.568243093000014], [119.20549462100004, 31.568395336000002], [119.20588521400012, 31.56869683200008], [119.206085516, 31.568848084000066], [119.20627580100003, 31.56900232200004], [119.20646708700005, 31.569154561000026], [119.20665837200015, 31.569306799000096], [119.20685766800011, 31.56945804700009], [119.2072482450001, 31.569759528000077], [119.20743952400002, 31.569911763000057], [119.20762980200006, 31.570062994000047], [119.2078300930001, 31.570215237000035], [119.20802036700005, 31.570369467000006], [119.2082206560001, 31.57052170800008], [119.20860220300004, 31.570823163000064], [119.20879247200006, 31.570975389000047], [119.20899275700003, 31.571126626000122], [119.20918402600013, 31.571278851000017], [119.20938330600009, 31.571430084000006], [119.20957457300003, 31.571584307000066], [119.2099641130001, 31.571885757000054], [119.21016439000007, 31.572037988000034], [119.21035565100009, 31.572190207000105], [119.21055492400005, 31.572341433000098], [119.21069309000003, 31.572688575000043], [119.2108763120001, 31.57311176400006], [119.21105853200007, 31.573534951000084], [119.21124976400009, 31.57395614800003], [119.21143198100006, 31.57437933400005], [119.21161419800004, 31.57480251800007], [119.2117964130001, 31.57522570200009], [119.21197862599999, 31.575648885000106], [119.2121518270001, 31.57607205700004], [119.21233403900008, 31.57649324000007], [119.21251625000006, 31.576916420000003], [119.21261236100011, 31.57712851600005], [119.21266439500006, 31.577536551000065], [119.21272443600006, 31.577983593000013], [119.21266431500015, 31.578402501000035], [119.2125691660001, 31.578610383000097], [119.212464004, 31.578819253000056], [119.21236885400003, 31.579030134000007], [119.21226469200012, 31.579238005000065], [119.21216954200005, 31.57944688500003], [119.21206537900005, 31.579656755000073], [119.2119692260001, 31.57986563300004], [119.21187407500014, 31.580073514000006], [119.21176991100003, 31.58028438300005], [119.21167475900006, 31.580493262000097], [119.21147544200011, 31.580909010000035], [119.21137928800013, 31.58111788700009], [119.211284135, 31.581325766000056], [119.21118797900012, 31.581536643000007], [119.21108481400012, 31.581744512000064], [119.21098865900007, 31.58195338800003], [119.21088449200013, 31.582163256000072], [119.21078933, 31.58245212900008], [119.21080631200007, 31.58290312500001], [119.21080627100007, 31.58335510300001], [119.2108152430001, 31.583804090000037], [119.21083222500008, 31.58425508800005], [119.21084119600002, 31.58470707600005], [119.21085918100009, 31.585156076000075], [119.21086715100013, 31.585608064000084], [119.21086710900013, 31.586059042000002], [119.2108850930001, 31.586508042000027], [119.21089306300004, 31.586960031000032], [119.21099817600013, 31.58735013600007], [119.21111932900013, 31.587550268000022], [119.21124048300011, 31.587751401000055], [119.21148378799998, 31.58815066500005], [119.21159592600011, 31.588350786], [119.2117180780001, 31.588552917000115], [119.21183922899999, 31.588752048000067], [119.21196138000008, 31.588954178000094], [119.21207351600003, 31.589153297000053], [119.21219566700009, 31.589355428000076], [119.212316815, 31.589554557000035], [119.212446975, 31.589756695000062], [119.21268125900014, 31.590155942000052], [119.21280240400003, 31.590355069000097], [119.21292455100001, 31.590557197000038], [119.21303668500005, 31.590757313000076], [119.21315883100011, 31.590958439000104], [119.2132799750001, 31.591158565000057], [119.21339310800013, 31.59136068200008], [119.21351425100013, 31.591559806000035], [119.21364440500005, 31.59176194000006], [119.21460657899999, 31.59272393700008], [119.21531932299999, 31.594567615000038], [119.21544145900006, 31.59476973400006], [119.21556259400006, 31.594968852000108], [119.21577983300008, 31.59533306300004], [119.21603111, 31.595732305000034], [119.21626536400002, 31.59613252700011], [119.21650862600008, 31.59653075800002], [119.21663075700006, 31.596730873000055], [119.21679491900014, 31.59715202200009], [119.21696908999999, 31.59757917999999], [119.21712524000012, 31.598007319000068], [119.21728939700003, 31.59843446500006], [119.21746356600013, 31.59886162200005], [119.21754163900002, 31.599076690000082], [119.21770679600002, 31.599503836000075], [119.21787094999999, 31.59993198100006], [119.21804511500011, 31.600359133000055], [119.21820125800006, 31.600788269000034], [119.21836540900006, 31.601216411000024], [119.21853957100008, 31.601643562000014], [119.21861764000005, 31.60185862900005], [119.21878279100014, 31.60228577100004], [119.21894794000002, 31.602713911000023], [119.21912109600015, 31.603141058000105], [119.21928624300004, 31.60356819900001], [119.21944237900007, 31.603996329000083], [119.21961553200002, 31.60442347400008], [119.21969359900008, 31.60463853800011], [119.21987576200006, 31.605052692000093], [119.21996283799999, 31.605265763000048], [119.220135989, 31.60568890600006], [119.22023207400005, 31.605898986000035], [119.22041423300001, 31.606322136000053], [119.22050130700003, 31.606535207000007], [119.2206834640001, 31.606958355000117], [119.22077053800001, 31.607170425000078], [119.22095269300007, 31.607593572000006], [119.22103876400001, 31.607806641000046], [119.22122191900006, 31.608229788000067], [119.22131699800002, 31.608441863000024], [119.22149014000004, 31.608865000000044], [119.22157721100007, 31.60907606900001], [119.22175936100004, 31.609499211000113], [119.22184643000004, 31.609711280000077], [119.22202857800002, 31.610134420000094], [119.22212365400006, 31.610347494000045], [119.22229779200009, 31.61077062800006], [119.22239286800004, 31.61098370200002], [119.22256700400007, 31.611406833000032], [119.22265307000008, 31.611618899000085], [119.22283521100005, 31.612043036000003], [119.2229312870001, 31.61225210800007], [119.22310441700003, 31.61267623700008], [119.22320049200007, 31.61288830900004], [119.22337362100009, 31.613311437000057], [119.22346969400006, 31.613524508000104], [119.22359077400003, 31.613921594000004], [119.22365181200011, 31.61414063800001], [119.22378189600013, 31.614576731000035], [119.22391197900006, 31.615012823000058], [119.22403305300013, 31.61545190800006], [119.22416413600004, 31.615887000999997], [119.22428520800011, 31.616326086000093], [119.22435425300014, 31.616545134000006], [119.22444129400006, 31.61697719400005], [119.22445828900005, 31.617200204000028], [119.22447628400003, 31.617426214000076], [119.22452829100007, 31.617873249000027], [119.2245362780001, 31.61809925200008], [119.22456228100013, 31.618324268000045], [119.22458928500006, 31.618548287000102], [119.22460628100012, 31.618774297000066], [119.22464927800004, 31.61922332400009], [119.22466727400003, 31.61944633500007], [119.22468426900001, 31.619672346000115], [119.22471027200004, 31.619897363000085], [119.22472726700002, 31.620121374000057], [119.2247712660001, 31.62057040300008], [119.22478826100009, 31.62079341400006], [119.22491833900011, 31.62122550500002], [119.22502241400001, 31.621434578000084], [119.22523156400008, 31.62184672400008], [119.22543971100008, 31.622258869000078], [119.22564785600007, 31.622673012000057], [119.22575192899998, 31.622881083000046], [119.22596007100006, 31.623294224000034], [119.22617722000008, 31.623708370000017], [119.22627228200014, 31.623914434000014], [119.22648942800006, 31.624328576999993], [119.2266895570001, 31.624741708000073], [119.22680163200005, 31.624949781000055], [119.227001759, 31.625361910000052], [119.22721889800002, 31.62577604900003], [119.22731395700008, 31.625984109000015], [119.22753109300001, 31.626397246000096], [119.22773922100009, 31.626811376000077], [119.22784328400009, 31.627017440000074], [119.22805141000008, 31.627431567000052], [119.22825152700011, 31.627844689000042], [119.22836359300007, 31.628052756000024], [119.22857271500004, 31.628466881000094], [119.22883286300006, 31.628988034000052], [119.23127973300012, 31.627203340999998], [119.23172301900001, 31.62716455500008], [119.24292698500005, 31.631654550000057], [119.25120654100013, 31.633965720000056], [119.25314204500015, 31.634159151000077], [119.25563697900007, 31.636465229000102], [119.25791585400006, 31.63772818000006], [119.26429378300011, 31.638872211000034], [119.2715319170001, 31.64326803100004], [119.27754592800014, 31.644737554000038], [119.27993269300009, 31.646540701000013], [119.28259678700007, 31.649361345000074], [119.283665119, 31.650914957000097], [119.28540049900008, 31.65167259100008], [119.29124198100013, 31.654912089000064], [119.29462707100001, 31.65665579800001], [119.301708671, 31.662675091000047], [119.31122215100004, 31.67289831500002], [119.31165618500007, 31.67390255500007], [119.313462025, 31.679391463000094], [119.31668184200007, 31.686054767000037], [119.31910341100004, 31.69105347700001], [119.3233486070001, 31.702581202000005], [119.32353893900004, 31.705536080000066], [119.32332235400007, 31.705859522000004], [119.31629149600009, 31.70902024500004], [119.31576153300011, 31.70951229499999], [119.31738507200006, 31.71099433600004], [119.31918232200009, 31.711664961000018], [119.31951161300006, 31.712010362000086], [119.3180275120001, 31.713592343000066], [119.316282729, 31.717416024000066], [119.31635256000007, 31.717699918000022], [119.31827924200007, 31.72165162900005], [119.32157829700009, 31.723398483999986], [119.32303621000003, 31.724364785000006], [119.32386944600012, 31.724915242000073], [119.32409495200014, 31.725240843000016], [119.32436630900011, 31.726158417000086], [119.32416369100005, 31.72652284300004], [119.32419760300002, 31.726711797000043], [119.32460273000004, 31.72716406800007], [119.32506668200006, 31.728190285000068], [119.32525328300005, 31.728359946000076], [119.32567735000006, 31.729049206000084], [119.3257551790001, 31.72917407000002], [119.32451366600006, 31.729787514000066], [119.32323417800006, 31.731038102000063], [119.32266331600007, 31.7314142380001], [119.32150058800005, 31.732687606000034], [119.32114225600007, 31.73342837400004], [119.32060727800004, 31.7342674920001], [119.31935271800015, 31.735754059000087], [119.3190053940001, 31.736143768000005], [119.31858327900008, 31.735964555000095], [119.31830886900002, 31.735683048000077], [119.31790172000001, 31.73550780600005], [119.31675404200007, 31.73582803000008], [119.31653250100013, 31.73578344700003], [119.31645369000009, 31.735474563000054], [119.31685289900008, 31.735203772000034], [119.31750657699999, 31.73501050400003], [119.31779001600009, 31.734794941000047], [119.31781897300009, 31.734624866000004], [119.31749366900007, 31.73431545300007], [119.31653262600005, 31.734444297999985], [119.31608253100003, 31.734606172000056], [119.31598274200013, 31.73452435300004], [119.3160007230001, 31.73434829900004], [119.31629014100007, 31.734230735999994], [119.31630312700008, 31.73410369700005], [119.31541094400006, 31.734158398000048], [119.3147652590001, 31.73418662500007], [119.31324437300012, 31.73392846800003], [119.30375717500013, 31.733614850000016], [119.30334096300015, 31.733708599000046], [119.30038142800005, 31.734946912000098], [119.30116215400008, 31.743710567000093], [119.30089305400011, 31.750189820000088], [119.30128405300005, 31.75306550199999], [119.29963433300006, 31.76154445400006], [119.2994694810001, 31.76321796100006], [119.299365274, 31.76749772400005], [119.29950796700008, 31.767968546000105], [119.29987427, 31.76818594800006], [119.29992516700005, 31.768285875000068], [119.29960672600008, 31.768610466000013], [119.29932518100006, 31.769286042000047], [119.29983505400006, 31.771275449000072], [119.29991988900005, 31.771370317000013], [119.30104375700014, 31.771795437000016], [119.30138410000006, 31.77199587399999], [119.30153679500009, 31.77218463400007], [119.30164453200011, 31.77282553800007], [119.30197381700009, 31.773835107000025], [119.30175418500004, 31.774325561000104], [119.30175415800012, 31.774615603000036], [119.30209548200003, 31.774957055000044], [119.30149451000014, 31.776085269000042], [119.30149448200004, 31.776395314000027], [119.30224494300006, 31.777695191000113], [119.30210618300012, 31.77793647], [119.30204925600003, 31.778311625000043], [119.30209416000001, 31.778434564000094], [119.30402444600011, 31.77878520400006], [119.3056742140001, 31.77921430900004], [119.30698466, 31.7791249200001], [119.30806650600007, 31.77935497700004], [119.30934598000007, 31.779209600000094], [119.30953558400003, 31.779391277000023], [119.3095973940001, 31.78011026800001], [119.30951450799998, 31.780654503000093], [119.30914412000007, 31.78200438900005], [119.30928677400004, 31.782658223000062], [119.30946339900001, 31.782914936000076], [119.31013701400005, 31.783335751999985], [119.31082355800001, 31.78419460500008], [119.31257496700007, 31.78483242600001], [119.3128683590001, 31.784990899000064], [119.3129681290001, 31.785290757000006], [119.31293316800013, 31.78561987300006], [119.31277446900006, 31.785843205000063], [119.31241718700008, 31.785902885000027], [119.31244012500011, 31.786066868000006], [119.31303290800012, 31.786247782000054], [119.31298594600005, 31.786858963999997], [119.31336713200007, 31.787299314000016], [119.31468344200009, 31.787423848000017], [119.31473232600004, 31.78760778300005], [119.31455069000003, 31.78767313700004], [119.31378824700009, 31.787609568000022], [119.31347787199999, 31.787669162000064], [119.31314952500009, 31.787804801000007], [119.31300880000009, 31.78792208400003], [119.31234005600008, 31.788963501000048], [119.31227017700007, 31.78916966400005], [119.3127740750001, 31.79006185700006], [119.31284387000002, 31.790736831000046], [119.31328393700002, 31.791177072000053], [119.31355337200011, 31.791370595000082], [119.31434473700004, 31.791645144000057], [119.31433671700009, 31.792037220000083], [119.31433346000009, 31.794844671000114], [119.31450696100005, 31.79639759100008], [119.31445697900008, 31.79730083100003], [119.31473425900003, 31.798954574000085], [119.31347386700011, 31.79848387800004], [119.31200086999999, 31.798264610000018], [119.31004480700007, 31.798204247000086], [119.30946794800003, 31.798319334000013], [119.30924437400009, 31.798527781000118], [119.30907567599999, 31.798895151000053], [119.30879016900008, 31.799691807000066], [119.30832303300008, 31.800363775000065], [119.30821920400001, 31.80073202600007], [119.30817510200009, 31.802759440000038], [119.30826289700008, 31.80308433200001], [119.30976455000007, 31.80693220300006], [119.31162133500004, 31.812142630000054], [119.31104830400014, 31.814117040000077], [119.31077083000001, 31.814449615000065], [119.3084962500001, 31.815747048000034], [119.30899111000011, 31.817416428000044], [119.31386956300007, 31.82515068800005], [119.3146856970001, 31.82732453700006], [119.31508483100008, 31.827879881000086], [119.31713342600003, 31.83014139900007], [119.31973786300014, 31.832371831000053], [119.31994734600006, 31.833294600000016], [119.32090438900002, 31.83314473800005], [119.32534497800009, 31.83608476600004], [119.32728081300003, 31.83822746200005], [119.3289380460001, 31.842372082000047], [119.32886013700013, 31.843081365000025], [119.32624732500005, 31.84462264700001], [119.32424219000006, 31.84727499600009], [119.32415533399998, 31.84764523399999], [119.32457213900008, 31.851233128000025], [119.3268512220001, 31.853825269000005], [119.32706570700009, 31.854642019999993], [119.32943368300008, 31.856761922000068], [119.33357403, 31.860240795000053], [119.3340261110001, 31.860455993000095], [119.33671672900005, 31.861406191000107], [119.33696825199999, 31.861260699000063], [119.33871307200003, 31.859243108000015], [119.34089197900002, 31.858738079000062], [119.34119639500015, 31.858869561000105], [119.34277633400005, 31.860161017000024], [119.34456505300008, 31.860290922000026], [119.34494637600011, 31.86018524200007], [119.34610137600009, 31.85950412700003], [119.34886256300004, 31.85955150500004], [119.35094501800003, 31.860010205000066], [119.35371555700011, 31.859860811000054], [119.3567189470001, 31.85999331300009], [119.35829864600007, 31.859965019000057], [119.35873304200004, 31.85979436800006], [119.36131172300006, 31.8574053360001], [119.3624833260001, 31.85595749700012], [119.36413365200005, 31.851706546000024], [119.36700766500007, 31.84761626199999], [119.36894361500003, 31.84718497600001], [119.37095765700005, 31.846605705000044], [119.37136626500002, 31.846640291000064], [119.37603719200004, 31.848171190000073], [119.37996159800004, 31.848645210000036], [119.38161176000006, 31.848446057000082], [119.38255738600006, 31.84781834600001], [119.38541455800011, 31.845510335000007], [119.38906127200003, 31.840617890000033], [119.39416666400004, 31.83737709900003], [119.39463590700005, 31.835618719000024], [119.39490497700002, 31.835384650000023], [119.39865619100007, 31.833905346000016], [119.40229400000007, 31.83333780600004], [119.40456944000005, 31.83354249700001], [119.4071744670001, 31.83340350400006], [119.40963178600012, 31.83254059900007], [119.41358215800004, 31.83158700900004], [119.41691646400014, 31.831190663000022], [119.41908745700009, 31.832323912000085], [119.4214920180001, 31.83409074200008], [119.42193471700013, 31.83430627100006], [119.42269095200008, 31.83451016400005], [119.42395815700004, 31.83410457700007], [119.42678855600002, 31.831394651000025], [119.42759645500007, 31.827628048000037], [119.42788301800007, 31.827553425000076], [119.43498506500006, 31.82799428400005], [119.4375209350001, 31.829231854000042], [119.43777251800014, 31.82952935200005], [119.43810324400015, 31.830384097000078], [119.438006975, 31.830750992000056], [119.43396112500008, 31.834477792000037], [119.42665027700002, 31.842178481000104], [119.42366726800003, 31.848752000000083], [119.42289875000004, 31.85091651900003], [119.42265630400006, 31.851324319000106], [119.42038136700012, 31.854091366999995], [119.42013794200014, 31.854594213000034], [119.41909637700012, 31.854457132000057], [119.41742000600006, 31.8539574380001], [119.41652579200006, 31.853801607999998], [119.41503184500007, 31.85371833500004], [119.41445912200004, 31.85377188900003], [119.41410267200003, 31.853896638000045], [119.41362605200003, 31.854373371000058], [119.41309534199999, 31.8552541540001], [119.4125395880001, 31.856474001000045], [119.41242737900006, 31.857338094000042], [119.41306077200015, 31.860844237000066], [119.41320875400005, 31.8628627470001], [119.41339094600002, 31.863090926000062], [119.413990624, 31.863512459000034], [119.41637662399998, 31.864022506000047], [119.41663395200013, 31.86421877000003], [119.41709855200011, 31.86459826000008], [119.4175771570001, 31.865251828000062], [119.420174758, 31.867702866000094], [119.42090680700008, 31.868727844999988], [119.42123927300005, 31.86938233600005], [119.42136639500009, 31.87025165100004], [119.42135635000014, 31.8705637030001], [119.42120908700005, 31.87084660100006], [119.42089756500002, 31.871119322000062], [119.42042880700005, 31.871353874000107], [119.418837368, 31.871617316000055], [119.41859299300003, 31.87180211600007], [119.41802608000012, 31.872788777999993], [119.4178016940001, 31.873490711000073], [119.41855374400006, 31.873823493000074], [119.42566922500012, 31.876342989000086], [119.42756171000013, 31.87716565000003], [119.42781417400013, 31.877424048000094], [119.42880297100007, 31.87901475000008], [119.43211993600006, 31.878244493000032], [119.4325368320001, 31.878343162000114], [119.43405609400013, 31.879503826000047], [119.44031665300005, 31.884832892000084], [119.44345967300005, 31.88724646200003], [119.44386776600007, 31.887348298000106], [119.44808760300006, 31.88723703600005], [119.44858305000002, 31.887133083000066], [119.45861960400009, 31.883100577000015], [119.45887948600011, 31.88282916400003], [119.46063365500004, 31.879259815000104], [119.46029481300006, 31.876117309000065], [119.46045136900014, 31.87577463300004], [119.46233491000011, 31.87389104500007], [119.46274332400006, 31.87368705700007], [119.46352502200008, 31.873542054000062], [119.46768355300009, 31.874030179000037], [119.47137286900016, 31.874059277000043], [119.47248408499999, 31.872557060000098], [119.47534899200008, 31.869608527000025], [119.477311523, 31.86799180100011], [119.48120044700008, 31.866873832000067], [119.48159096700014, 31.866680934], [119.48585473300014, 31.864018946000016], [119.48778250900014, 31.861394142000087], [119.49265993300003, 31.85877717800001], [119.4955132150001, 31.858612687000075], [119.49994686800005, 31.857109646000062], [119.50306946600004, 31.8538532970001], [119.51195598000008, 31.854374396000054], [119.51554058200011, 31.85488570500008], [119.52051404500003, 31.855788684000096], [119.52789959500005, 31.85512409400009], [119.53180594600005, 31.855710997000067], [119.53206580000005, 31.855940679000064], [119.53208375900013, 31.857068945000066], [119.53235263799999, 31.85732765300007], [119.53635373600002, 31.85799330100008], [119.545032255, 31.85855129800006], [119.54536219100011, 31.85873400100008], [119.55108947400007, 31.86463312000003], [119.552434971, 31.864793542000072], [119.55345965800007, 31.864053166000097], [119.55356294800008, 31.86373627900008], [119.55330361500012, 31.860139118000077], [119.55345904, 31.85978931400009], [119.55493487500007, 31.858204480000055], [119.56026339700007, 31.857860633000023], [119.56509766800002, 31.856698834999996], [119.57180542, 31.850535879000063], [119.58099651700002, 31.849698405000048], [119.58203772900002, 31.84960290400005], [119.58236711400001, 31.849416022000042], [119.58392892500001, 31.847890390000025], [119.58412816000006, 31.847532399000066], [119.58481409900006, 31.84474111500004], [119.5855262500001, 31.839593379000085], [119.58571645900011, 31.83926537700004], [119.58705379500009, 31.837872491000077], [119.58716592800013, 31.837483446000036], [119.58625542200002, 31.83408757400008], [119.58446715100004, 31.8291380860001], [119.58492761600013, 31.82904623300005], [119.59243346200006, 31.82998673600006], [119.59322411300002, 31.827838341000117], [119.59373558600007, 31.82568993600008], [119.59880371300008, 31.825194060000086], [119.60024416500008, 31.824208458000072], [119.60001949700005, 31.819943775000084], [119.601329575, 31.810774740000028], [119.60080870700007, 31.808266503000063], [119.60485328200005, 31.80617540300006], [119.60514830300014, 31.805911206000047], [119.60632839299998, 31.804398304000102], [119.60745668299998, 31.799994907000006], [119.60848963300009, 31.7989440750001], [119.61007737300011, 31.798325877000025], [119.6206914950001, 31.79889022400009], [119.62248809000006, 31.800536454000053], [119.6234342350001, 31.802176606000046], [119.62471012500006, 31.80331224400004], [119.62812119500003, 31.802890789000074], [119.62844191400009, 31.80269232700008], [119.63071592500015, 31.80020378800006], [119.63108956800014, 31.799958219000082], [119.63233931600007, 31.799441341000033], [119.63968996700014, 31.797652713000012], [119.63990672000013, 31.79738131700003], [119.64013267800009, 31.79468551700009], [119.63971651400001, 31.791193646000096], [119.63986336000009, 31.79085935500006], [119.64193789200014, 31.788819613000044], [119.6438126270001, 31.786476085000025], [119.64400440400007, 31.78609770000007], [119.64590438600007, 31.77976946900005], [119.6499839280001, 31.776355729000038], [119.65161561100001, 31.775702674000094], [119.65641849900013, 31.77499468200005], [119.656438468, 31.774994645000042], [119.65646442900001, 31.774987594999992], [119.65984529900007, 31.77448914400005], [119.65985827900008, 31.77448712000006], [119.65987225800006, 31.774485093000074], [119.67002663000002, 31.772988457000054], [119.67581680700003, 31.772592387000053], [119.68318711400002, 31.77143756100007], [119.68547012900001, 31.769224142000077], [119.68708510600005, 31.767282011000056], [119.6879273430001, 31.763273988999984], [119.6882772680001, 31.758966805000036], [119.68979342300005, 31.757461988000045], [119.69073929600006, 31.75652725200007], [119.69563666500008, 31.75310972100001], [119.69949059400003, 31.751217465000025], [119.70087129100013, 31.749928232000023], [119.70167856100014, 31.749121942000016], [119.70212971200007, 31.742600499999995], [119.70223364600005, 31.742214304000107], [119.70329384800002, 31.739905513000032], [119.70989144600003, 31.73938364100011], [119.71194908900011, 31.738982100000015], [119.71603003499999, 31.736235223000023], [119.71886893000014, 31.734894208000085], [119.7227758270001, 31.734226627000098], [119.7349744420001, 31.733109006000085], [119.73552161200007, 31.733178805000087], [119.73602562600003, 31.734927814000024], [119.733967559, 31.739673155000084], [119.72967028800008, 31.74568204700006], [119.72955693100002, 31.749524581000024], [119.73219689100006, 31.753683667000068], [119.7323178790001, 31.75407165700002], [119.73218756500017, 31.757253129999995], [119.73140598300006, 31.762238186000083], [119.731267794, 31.764078507000114], [119.73833791300004, 31.775254254000032], [119.74214670300015, 31.778450979000027], [119.74365739300008, 31.781942354000073], [119.74372641000002, 31.78228140000006], [119.74335165700009, 31.787711249999994], [119.75004724600004, 31.788007631000006], [119.75013533000005, 31.788043652000056], [119.75194919800003, 31.788151057000057], [119.75231358800016, 31.788205158000004], [119.75326060699999, 31.78860048400003], [119.75357293500008, 31.78890662600005], [119.75402434100013, 31.79020497000009], [119.75485800100009, 31.793847827000057], [119.75484895900006, 31.79418887800003], [119.7540068320001, 31.795594814000005], [119.75398077600008, 31.795877852000068], [119.75548246399998, 31.79714958400004], [119.75784423000007, 31.80015106900005], [119.75800040800004, 31.800483197000084], [119.75845230800005, 31.808358719000054], [119.75866946500005, 31.80989908600005], [119.75893881800005, 31.810110258000023], [119.7706249680001, 31.809487495000013], [119.77064300200009, 31.809485511000027], [119.77066905100003, 31.809484534000035], [119.77262179900004, 31.809380366000028], [119.77790062200009, 31.809455988000067], [119.77995803900005, 31.810347554000032], [119.78192051400006, 31.80980388100008], [119.78548896700009, 31.808985413000038], [119.78691231000009, 31.810231581000025], [119.78593181700006, 31.811403426], [119.78372640500001, 31.813106764000068], [119.78153814000005, 31.81536335300008], [119.78096567700003, 31.81720096100007], [119.78050550400005, 31.81873966600002], [119.78123501700011, 31.820199819000038], [119.78264111600001, 31.821539829000066], [119.78535841600004, 31.82271861599999], [119.78593170500005, 31.823761583000042], [119.78529777500009, 31.828234525000035], [119.78535889100007, 31.828564666999995], [119.78705188300009, 31.829899238000017], [119.79181769500006, 31.832330616000014], [119.7944083110001, 31.83440898500003], [119.79442335100009, 31.834421011000046], [119.7944403950001, 31.83443404100006], [119.79555128600008, 31.835325959000052], [119.80254862100003, 31.84681571000001], [119.80688844800011, 31.85426973100001], [119.80338131700009, 31.85435460300001], [119.79464805900012, 31.855467377000068], [119.77727526000004, 31.854060438000012], [119.77321217000011, 31.85129558400004], [119.7664138140001, 31.84947320400007], [119.76492931900012, 31.84959511900003], [119.75832255100013, 31.85886794600006], [119.75826144200005, 31.85916097500006], [119.75884316000005, 31.860021432000018], [119.75932107100007, 31.868345346000048], [119.75904311800008, 31.874571472000056], [119.75110683300014, 31.881499011000102], [119.75075945900008, 31.8816599720001], [119.75075943099999, 31.881983039000005], [119.75018682200005, 31.882305996000085], [119.74866687400005, 31.88762787800006], [119.74858067100001, 31.888975152000064], [119.74866669600013, 31.889578290000053], [119.750290347, 31.888671351000063], [119.75075983400004, 31.888547416000023], [119.75075985600003, 31.88830036400001], [119.751167289, 31.888176424000058], [119.75293929600005, 31.887189663000036], [119.75327767700009, 31.88719676300009], [119.75812223800008, 31.89236273500005], [119.761621837, 31.89674656300012], [119.7668216770001, 31.9028284890001], [119.77547800900001, 31.90364371900005], [119.77577361500005, 31.90370905200004], [119.77657220100004, 31.904609117000085], [119.7767285140001, 31.90478933000007], [119.77679863100003, 31.90513448200003], [119.77598177300004, 31.906744935000056], [119.77555668900004, 31.908968961000042], [119.77559072400001, 31.909368085000025], [119.77595920900004, 31.912452157000118], [119.77676659000005, 31.915882797000016], [119.77057304700007, 31.918014997000043], [119.75462598400009, 31.923108983000084], [119.75603050700012, 31.92534700700007], [119.75433135500012, 31.926151559000026], [119.75545949500012, 31.928622515000015], [119.7788916620001, 31.921345430000002], [119.78023642600007, 31.923667549000115], [119.78442978100011, 31.92713265200011], [119.78448174200007, 31.928931123000062], [119.78139127900008, 31.93195982000001], [119.77780495900006, 31.93621949800003], [119.77546949700002, 31.942207268000033], [119.77212741200006, 31.946630873000025], [119.76984400100005, 31.94764398800001], [119.76711709500012, 31.94788474500003], [119.76351398400007, 31.949292420000063], [119.76321949600003, 31.949539279000064], [119.76262040200002, 31.951291289000075], [119.77313379400002, 31.98610591000002], [119.7730906810001, 31.986420939000062], [119.77063376100011, 31.988471066000045], [119.77090313400002, 31.989946654000015], [119.77112023800014, 31.993319633000027], [119.773143032, 31.994697899000116], [119.77336845400008, 31.994962186000045], [119.77346458400004, 31.99563343600007], [119.77398527900004, 31.99943784099999], [119.77506135300008, 32.00064223700008], [119.77501824400008, 32.00086724400004], [119.77573962400007, 32.002053286000034], [119.77588678600009, 32.003623806000036], [119.77441964000002, 32.00511259400003], [119.7742713160001, 32.00537250000004], [119.77486222400013, 32.00857985200003], [119.77688519200001, 32.01121964700005], [119.77712859000007, 32.01252621900006], [119.77724080700011, 32.01275839800009], [119.77983741900002, 32.01320852000003], [119.78006290200003, 32.01341683900003], [119.77994056900002, 32.014088846000035], [119.77979321800001, 32.01434272700008], [119.77779680000002, 32.01493352600002], [119.77478445700001, 32.01527730700005], [119.77244770300001, 32.01628617500003], [119.77286345400013, 32.01696873800002], [119.77287347300016, 32.016982752000025], [119.77288349100002, 32.017001766000085], [119.7743411810001, 32.01939878800009], [119.778716484, 32.02933187100003], [119.78347458400005, 32.03686346100005], [119.79134974400007, 32.05107370800005], [119.79609777800007, 32.05704039900008], [119.79933657300009, 32.05811892300006], [119.79979684999999, 32.05817570200005], [119.81692409400011, 32.05797921000004], [119.81731528600005, 32.05791892500003], [119.82058744500009, 32.05563754000009], [119.82412940000003, 32.0540338330001], [119.82999720000007, 32.05504303500002], [119.83506636600009, 32.05666373700009], [119.83538830699999, 32.05692838100005], [119.83610830000006, 32.058730087000086], [119.83766175500008, 32.06065231500006], [119.83909593799999, 32.06136203600008], [119.83910996300008, 32.061553102000076], [119.83920322900008, 32.06164828900005], [119.83898355200012, 32.061967968000026], [119.83903470200008, 32.06197806100006], [119.83932957300013, 32.06196058200004], [119.83986316200006, 32.06175848500001], [119.84335438700009, 32.06112944100001], [119.84517263600007, 32.06072745500006], [119.85375187200009, 32.05419282000002], [119.85517767200011, 32.053710855000105]]]}}, {"type": "Feature", "properties": {"name": "南通", "full_name": "南通市"}, "geometry": {"type": "MultiPolygon", "coordinates": [[[[121.40386053400005, 32.52138123500006], [121.40115775200006, 32.52174656600009], [121.39885535900007, 32.52243916100011], [121.39790621900015, 32.52338890300008], [121.39706595700008, 32.52616424100003], [121.39684685400007, 32.52733296300001], [121.3969567820001, 32.52809977100004], [121.39743173200006, 32.528610637000035], [121.39838074100007, 32.52883059300002], [121.39868573500007, 32.52911753400005], [121.3987827020001, 32.52955543100005], [121.3987825510001, 32.53120402100003], [121.39900245900009, 32.532409731000044], [121.40019355000004, 32.53299868500002], [121.42453018199998, 32.53332360300008], [121.42535241499999, 32.533140650000036], [121.43174524400001, 32.531132912000004], [121.43242958000006, 32.53031215600004], [121.43265757200001, 32.524104021000014], [121.43220085900006, 32.52259668100008], [121.43046579200004, 32.52186627400005], [121.40386053400005, 32.52138123500006]]], [[[120.37931219300002, 32.71031320100006], [120.3818475060001, 32.711093028000015], [120.38486022600014, 32.71025362500011], [120.38769138500001, 32.709014855000106], [120.38478185000005, 32.692521014000086], [120.3873349700001, 32.69139327900004], [120.38945341200005, 32.689249424000025], [120.39513112200007, 32.689494006000096], [120.4006362690001, 32.69018675700004], [120.40566345600013, 32.69118453500008], [120.40676659700009, 32.690876098000054], [120.40744347100005, 32.68910619300007], [120.40808623900011, 32.688350828000104], [120.40851197399999, 32.68550632000002], [120.41031821400006, 32.684188866000085], [120.41096828900001, 32.68121357700002], [120.41460736600001, 32.67930289700003], [120.41740261100003, 32.679116278000045], [120.4197124240001, 32.67893052300004], [120.42707537000001, 32.678350239000075], [120.43219827100003, 32.648913988000075], [120.43541022600006, 32.64583233600009], [120.43617422400004, 32.644704065000084], [120.43705148300015, 32.644154777000026], [120.43587056600003, 32.64360799300008], [120.43845738600012, 32.640945509000055], [120.438371048, 32.63112318000003], [120.44134097200005, 32.63095067500006], [120.44314589100009, 32.631742833000054], [120.44546446800008, 32.63212530900008], [120.44960576900007, 32.63264483900008], [120.4568379000001, 32.632240592000116], [120.46097078800003, 32.63336234500003], [120.46386187800013, 32.633373737000085], [120.46729923900014, 32.63262608600004], [120.47054629700004, 32.630644647000054], [120.47094578200006, 32.630564774000014], [120.47164018800004, 32.63249395000003], [120.47247327500006, 32.632711176000065], [120.47528674300005, 32.63406554600004], [120.47881925800003, 32.63377674800003], [120.480096234, 32.63317966800001], [120.48483616000013, 32.627735611000055], [120.4856343550001, 32.62697525400002], [120.49197138200014, 32.626340347000074], [120.49200643300001, 32.62733407700005], [120.49110282400012, 32.63911783400009], [120.49073014400003, 32.64146979300009], [120.49986108300004, 32.642997506000015], [120.50132886600015, 32.64287893300006], [120.50231775500009, 32.64279191300006], [120.5049220870001, 32.64104033600008], [120.5061630270001, 32.63972352000011], [120.50664095900004, 32.638831280000005], [120.50717908000006, 32.63840602900008], [120.50766498100003, 32.63815455400005], [120.5089238490001, 32.63796531300003], [120.50940972700005, 32.637823787000045], [120.51500000600004, 32.63684326800009], [120.51934809200009, 32.63649559100001], [120.53079605300005, 32.635982005000066], [120.54016966100008, 32.634361782000035], [120.54323335700008, 32.63661854300006], [120.54553265800007, 32.63790880800006], [120.54753808800001, 32.63761392900009], [120.55435104199998, 32.637970275000086], [120.555148882, 32.63803159500001], [120.55693696000006, 32.63737377300002], [120.56457422000004, 32.638637264000025], [120.56626719300004, 32.63893824800006], [120.56684820200007, 32.63876300800004], [120.56931232100013, 32.637601237000105], [120.57462391200013, 32.63717247200007], [120.58002181000009, 32.63961237300006], [120.58261715400008, 32.63990564700008], [120.58620966100013, 32.64182531100002], [120.5873901780001, 32.64425768300001], [120.58778921000008, 32.6465258740001], [120.58826647500004, 32.6464840020001], [120.588717662, 32.64704787200004], [120.589229862, 32.647677715000015], [120.596181524, 32.652186065], [120.60113674000002, 32.64851041600008], [120.60336747200012, 32.646290456000074], [120.60392341600001, 32.645156666000055], [120.60627472500005, 32.643668084000076], [120.61048373500014, 32.641910121000016], [120.61103051900008, 32.640466296000014], [120.61123855100007, 32.638543898000115], [120.60843523700011, 32.637784131000046], [120.60828839800004, 32.63678261500005], [120.60900011100013, 32.63579854100007], [120.61081413500003, 32.63486764500006], [120.61140375700006, 32.63488720200007], [120.61635930500009, 32.63088056600003], [120.61757443600001, 32.62820442300003], [120.61360459099998, 32.6187685410001], [120.61308222800002, 32.615842040000075], [120.611169031, 32.61011458500012], [120.61090934900008, 32.608324411000055], [120.611343129, 32.60765132600005], [120.61239367800007, 32.60466156600004], [120.61331306900001, 32.60405303700005], [120.61520560700004, 32.60381649700002], [120.61599492000005, 32.60406169600005], [120.61750528900006, 32.60733811800007], [120.61763481300011, 32.611478524000084], [120.62062067100007, 32.61343374100003], [120.62083736900007, 32.6142622080001], [120.62133274600001, 32.61530628600007], [120.62546353400012, 32.61967484000004], [120.6281890160001, 32.61930048600006], [120.62908285900008, 32.61851957900011], [120.63019362400007, 32.614740440000055], [120.63209490900007, 32.614110995000026], [120.63471593600005, 32.613664314000104], [120.63675561600007, 32.61424499500001], [120.63790060900013, 32.61559971500001], [120.63965466500012, 32.61533401300005], [120.64437557200003, 32.61193738700003], [120.65007812700006, 32.60783783000003], [120.65258737200011, 32.60563304700004], [120.65203964000008, 32.60356077000009], [120.65047797600002, 32.60053764700006], [120.65146717700006, 32.598864426999995], [120.6517617770001, 32.596756606000035], [120.64941054300007, 32.594877485000076], [120.64632857700005, 32.59306153700001], [120.64560005100009, 32.59175723500001], [120.64494865100002, 32.587193854000084], [120.648394389, 32.58458967500009], [120.64901124900007, 32.584042752000045], [120.64833380000006, 32.58116887400011], [120.64750085100006, 32.57581102500009], [120.64907199900003, 32.57400279500005], [120.65033857000003, 32.57363663600004], [120.65396740500016, 32.57328611800008], [120.65868071200015, 32.574161038000085], [120.65931420600006, 32.576401148000066], [120.65955666400015, 32.576862545000054], [120.66113217600002, 32.57926680100012], [120.66494782300008, 32.58317526800003], [120.66707396800004, 32.587352841000005], [120.66722142700007, 32.58998969500004], [120.67250789600006, 32.59392425800007], [120.67653616300002, 32.59691260000006], [120.68315123100007, 32.60021617900002], [120.689167073, 32.602841544000086], [120.69658005000005, 32.60555520900008], [120.70079972500005, 32.60603049600006], [120.7040894070001, 32.60567681000002], [120.70553123200011, 32.604866072000085], [120.70655581700007, 32.603234237000066], [120.70716293500003, 32.60293052400007], [120.710687933, 32.602488133000065], [120.715827396, 32.601746423000066], [120.71633126400002, 32.59644768900005], [120.71655724500008, 32.59364838900007], [120.72243406700014, 32.593185889], [120.7256122360001, 32.593453228], [120.72648059300002, 32.592837793000065], [120.72781692700009, 32.58889515800008], [120.72838166800011, 32.58720833300004], [120.73391239600004, 32.58714828300005], [120.73585752700004, 32.58742038300009], [120.7355703990001, 32.59016959400001], [120.73536185900007, 32.59730129600007], [120.73679509300007, 32.599748929000086], [120.73914733000001, 32.60033101900011], [120.789026174, 32.602619356999995], [120.78913058800002, 32.59989544300004], [120.78952947200008, 32.59750883000001], [120.78975507900009, 32.594965015000035], [120.788201725, 32.580490502000025], [120.79231667200011, 32.58195106100008], [120.79672663800014, 32.58304558700005], [120.79692598600002, 32.58335780800004], [120.80059893300007, 32.58467542100008], [120.81389354300006, 32.59409786000005], [120.82825624300006, 32.599120027000005], [120.83289937400001, 32.608847288000064], [120.8390803130001, 32.60889951900003], [120.8404360820001, 32.60889393300002], [120.84281997100007, 32.60781849600003], [120.84583493700005, 32.60721087900003], [120.8481714000001, 32.607094820000015], [120.85025124800006, 32.60721116500005], [120.85235398300004, 32.60786526900008], [120.85574173400005, 32.609102996999994], [120.86028891000004, 32.610835874000024], [120.86031494900007, 32.6108529040001], [120.86034900100003, 32.610858948000065], [120.86075661100011, 32.611014448000056], [120.86238201200004, 32.611367489000045], [120.86413548599998, 32.61191154700003], [120.86507073100009, 32.61254048600002], [120.86445980200008, 32.61352137600009], [120.86292265100009, 32.61311156800011], [120.85906086200012, 32.61239861600009], [120.85759449400004, 32.612621452000056], [120.85474660300012, 32.614256663999996], [120.85388810700015, 32.61447628100005], [120.85314181200013, 32.61439716300008], [120.85298553700008, 32.61439792100005], [120.85272508100002, 32.61436752700011], [120.8525768230001, 32.61431931400003], [120.85248165900012, 32.614263186000095], [120.852368466, 32.61417804000006], [120.8521871580001, 32.61401181600008], [120.85161418700011, 32.61339113900006], [120.85148396700001, 32.61322299300009], [120.85097109600011, 32.61259440500004], [120.85048526000006, 32.612044826000044], [120.84945246500004, 32.61085358600007], [120.84842866100007, 32.60967333200002], [120.84782959499998, 32.60897259300004], [120.84771638800011, 32.60889043499999], [120.84760418000006, 32.60884926400005], [120.84748194800008, 32.60884306300007], [120.84729158900004, 32.60882975100004], [120.84708319100002, 32.60884439900009], [120.84699602100011, 32.60889023700007], [120.846952932, 32.60896613800004], [120.84690081800014, 32.60913099300009], [120.84683966400004, 32.60956773599999], [120.84678847300007, 32.6106542640001], [120.84677943700004, 32.61086717300004], [120.84671821900012, 32.61204365000003], [120.84669206800001, 32.61321518600007], [120.84664888699999, 32.61435070500005], [120.84664883600007, 32.614947489000045], [120.84661473600008, 32.61535328500005], [120.84659668600011, 32.61553119000011], [120.84655351800009, 32.61652475700008], [120.84655350300008, 32.61669369600002], [120.84654541000012, 32.61759235400004], [120.84651933500001, 32.61787920500006], [120.84649224500008, 32.618323998000086], [120.84649222499999, 32.618555912000005], [120.846536289, 32.618803895000006], [120.84655330000007, 32.61904383600005], [120.84664043000008, 32.61947582300009], [120.84670953700002, 32.61977782700003], [120.84677965300014, 32.61997787100006], [120.84688283199998, 32.62018596700005], [120.84704813400006, 32.62034618400007], [120.84715232800008, 32.62039434000006], [120.84736974000012, 32.62041569400005], [120.84822835800001, 32.62045310100004], [120.84944361800002, 32.62051106700004], [120.85026813200012, 32.620537389000084], [120.850815128, 32.62055225900007], [120.85232583800011, 32.62060462700005], [120.85281169499999, 32.62063237400004], [120.85422615400014, 32.62072751300009], [120.85476407600007, 32.62074332200007], [120.85674339400015, 32.620827229999996], [120.85844415200009, 32.620905649000086], [120.85857435700011, 32.62092482600008], [120.8588007110001, 32.620996119000026], [120.85892189800009, 32.62106626300005], [120.85905209300003, 32.62118140399999], [120.85913922100005, 32.62129548300001], [120.85918227500005, 32.62146048300008], [120.85919126200008, 32.62177537900002], [120.859217271, 32.62215127600003], [120.85925230200007, 32.622426222000044], [120.85924326300002, 32.62271910000003], [120.85923421900009, 32.62305396300012], [120.85920816300006, 32.623244856000014], [120.85916503800004, 32.623900551000084], [120.8592000540001, 32.62435742900005], [120.85919100300006, 32.62478525600001], [120.8591559170001, 32.625141074000055], [120.85917391799998, 32.6254539810001], [120.85909566400008, 32.62698129600008], [120.85910365100003, 32.62728119400003], [120.85904344900011, 32.62852863700003], [120.85897423100008, 32.629794059000105], [120.85893007300005, 32.63081160800001], [120.85887889400009, 32.63196009600009], [120.85886985100004, 32.63228795700004], [120.85886984500004, 32.63235893000005], [120.85893995500007, 32.632372023000066], [120.85965908300015, 32.63239401800011], [120.86079683500006, 32.63240457300001], [120.86280181600013, 32.63244121900002], [120.8648066550001, 32.63249574100009], [120.8667592810001, 32.63253208900008], [120.86875581700009, 32.63256836700006], [120.87074318800003, 32.63259850700007], [120.872756426, 32.63264353600006], [120.87471844299998, 32.63269837400007], [120.87580348500003, 32.632765319000015], [120.87681841399998, 32.632821166000014], [120.87903128700012, 32.63288190500007], [120.87903125600012, 32.6332397670001], [120.87904024100007, 32.633510669000046], [120.87956062800004, 32.633766958000024], [120.87996893900008, 32.63378025000006], [120.88248571300004, 32.633584015000075], [120.88284193900003, 32.63358623400008], [120.88455092900003, 32.63363419700005], [120.88639084000012, 32.633666112000114], [120.88673799500006, 32.633668271000026], [120.88856070300007, 32.633705013000046], [120.88955001900004, 32.63373535500007], [120.89032323000006, 32.63375459500006], [120.89107740700001, 32.63378680100006], [120.89123343800006, 32.63382382800002], [120.89139846800003, 32.63387585100006], [120.89204056900005, 32.63410292000002], [120.89380273200001, 32.63477800100001], [120.89559973200011, 32.635474941000034], [120.89573872600013, 32.63552193400001], [120.89704857900007, 32.63640464800004], [120.90385231800009, 32.64146274300004], [120.97164880200012, 32.66045297600002], [120.97160574500003, 32.651416851000036], [120.97522359400014, 32.645025146000094], [120.97522318000003, 32.63839178300005], [120.97341479100014, 32.63585895100001], [120.95737062200011, 32.61427987500005], [120.98396806600007, 32.60876513400011], [121.01591365100003, 32.60745156500005], [121.04701044900003, 32.58901421800007], [121.072180524, 32.57819788400005], [121.14844631900013, 32.531154120000075], [121.19273402700006, 32.51391648900006], [121.26495285900016, 32.485468116000085], [121.28306531000007, 32.48219489600006], [121.31326168300009, 32.47917065500003], [121.32684644400001, 32.47816389600005], [121.34722974899998, 32.4761528820001], [121.36107757400009, 32.47187422300002], [121.38574323100008, 32.46256895500006], [121.40033872500007, 32.45477024200005], [121.41267668800003, 32.444959478000015], [121.42072617000011, 32.43288183900008], [121.4358339290001, 32.367958131000066], [121.44237118300009, 32.30114742100005], [121.44552526500003, 32.284158745000035], [121.45310487400002, 32.275831608000004], [121.4893841280001, 32.26548636400006], [121.49505432000002, 32.213179697000015], [121.47465792700004, 32.19994504000001], [121.45687374700003, 32.19563963500012], [121.45397490399998, 32.179593359], [121.4601444240001, 32.17336323900002], [121.46848279900009, 32.17174668600003], [121.49173580400007, 32.17282183700008], [121.49856068200006, 32.17208614600005], [121.53662957000006, 32.15536105300008], [121.53791736800012, 32.154256835000105], [121.52111027300012, 32.13861658200001], [121.53998669500001, 32.12518517399998], [121.540125082, 32.12515647600001], [121.58829177900007, 32.11511165300005], [121.72517886800003, 32.07119278100008], [121.75462984100008, 32.06138498400002], [121.75739932000009, 32.05811331800004], [121.75916135200012, 32.05282897200006], [121.76268681800006, 32.04226059800004], [121.76796572500004, 32.03521479400007], [121.85177167600017, 31.95733476500007], [121.8608331030001, 31.942485738000073], [121.8661101150001, 31.930405794000038], [121.8706411090001, 31.904233194000064], [121.88498722000006, 31.868749290000075], [121.89328409000007, 31.85566267100006], [121.93681616, 31.778651540000013], [121.95593650700009, 31.738887598000098], [121.96271588900004, 31.731893834000083], [121.96605780400016, 31.72088188900004], [121.96347905600012, 31.705922410000056], [121.96572675500012, 31.67310032400004], [121.97094269900003, 31.619029032000093], [121.88345985500007, 31.63847916200011], [121.8135089750001, 31.654021655000108], [121.71086241000012, 31.675786292000055], [121.6383783760001, 31.699530388], [121.62901320400007, 31.698247047000038], [121.62494517100001, 31.699837387000088], [121.62405120300004, 31.699977476000043], [121.62346288300012, 31.699858164000027], [121.62307931400008, 31.69986261200004], [121.61140225900009, 31.704588197000064], [121.607514269, 31.70639495700007], [121.5985113620001, 31.7090488850001], [121.59666834900011, 31.709107228000043], [121.59542457500005, 31.705229052000064], [121.58900563000007, 31.70748791000009], [121.58802008200007, 31.708592791000022], [121.57428519500006, 31.712631651000066], [121.56074588200008, 31.718794629000094], [121.54707711800003, 31.729450214000046], [121.54519339900006, 31.729030376000033], [121.53578604399999, 31.735355289000047], [121.53508280000007, 31.73753886500006], [121.52398100000005, 31.74036308200006], [121.52230633200006, 31.742224795], [121.52026548300012, 31.74273828900003], [121.51709066800007, 31.743338540000046], [121.51056282800005, 31.744847063000073], [121.5094909870001, 31.74544701500006], [121.50861486000008, 31.74566648200001], [121.49407866300012, 31.755188416000045], [121.48522882600001, 31.75529306900009], [121.48431050000013, 31.755998452000014], [121.48322772200008, 31.755316183000048], [121.47225464800016, 31.758011116000006], [121.45954422300008, 31.758972707000076], [121.45094969100015, 31.761152748000065], [121.44510657300012, 31.76346365000005], [121.44073914500007, 31.766092527000048], [121.4348345630001, 31.76814450300001], [121.42861011400015, 31.77038547300006], [121.42681216700007, 31.771031167000018], [121.4210986480001, 31.776035190000073], [121.41788654600006, 31.779545569000092], [121.41621963400009, 31.781361393000054], [121.4143616010001, 31.784249360000082], [121.40665411100008, 31.79654584700009], [121.40620382300004, 31.797338799000066], [121.4076805200001, 31.79796250600007], [121.41004290500007, 31.798640792000057], [121.41161096200005, 31.799402835000045], [121.40989243900006, 31.802738373000075], [121.408748509, 31.80500415100005], [121.40679415200012, 31.808102787000017], [121.405534491, 31.80891744800001], [121.40120790400013, 31.81129375800007], [121.40076179200008, 31.81159574400001], [121.3957200350001, 31.817471626999996], [121.39458504100006, 31.81886899500006], [121.39444602800012, 31.81923707800005], [121.39346512400004, 31.820103389000053], [121.39247023900006, 31.821352811000047], [121.39178637200004, 31.821942080000042], [121.39067962300014, 31.82305458500008], [121.38641209300009, 31.828128161000024], [121.38035170600003, 31.835299111000047], [121.37168624900008, 31.840352698000032], [121.36461048600012, 31.845066759000076], [121.31846999000008, 31.870403190000054], [121.31128304800006, 31.87336735800008], [121.30580605300005, 31.874394591000076], [121.2973607480001, 31.87462525500007], [121.286641065, 31.872914416000086], [121.27683372200015, 31.87097553300007], [121.26109070000008, 31.866073268999997], [121.24762914500005, 31.859686695000036], [121.23758851700008, 31.85535289300001], [121.22082047100002, 31.84897976900001], [121.19580695000002, 31.83705110200006], [121.17695367400009, 31.822281810000085], [121.14460916000007, 31.7890961520001], [121.11383971400006, 31.760841080000034], [121.09655247700005, 31.764275174000048], [121.07221507500003, 31.778770286000068], [121.05602221400014, 31.784850495000086], [121.03025398100013, 31.785189626000076], [121.01421116700013, 31.78539870200006], [120.95521318000013, 31.785102573000067], [120.92867399600001, 31.788813006000026], [120.91243602500003, 31.795788861000077], [120.89344658800012, 31.819037349000048], [120.89112097500006, 31.821910329000083], [120.88561041700004, 31.829094468000044], [120.87964801200008, 31.836852193000034], [120.85923398500006, 31.87006446300009], [120.8560924950001, 31.87517098100001], [120.85320201100004, 31.88196100900005], [120.84920911399999, 31.89076150799999], [120.79876650700007, 31.990481120000005], [120.78568373100012, 32.00011565800003], [120.78335669600004, 32.00530178300005], [120.777704618, 32.01786184600011], [120.77763551400007, 32.018009803000005], [120.77173213900002, 32.02041329000009], [120.76634053700005, 32.02261125100006], [120.75715500100014, 32.02244682600004], [120.75674679500003, 32.022396647000065], [120.75115469200009, 32.02169480599999], [120.74380197400004, 32.020769179000055], [120.73657754500002, 32.01986255800009], [120.72814717600015, 32.018882645000105], [120.70402056400009, 32.016084674000055], [120.69811738200006, 32.01539834500002], [120.68212697100013, 32.01213302000012], [120.66991254100007, 32.009637481000055], [120.66230864400012, 32.00782963500004], [120.64879409300013, 32.00461197300009], [120.64837689700008, 32.00451469100003], [120.637493402, 32.00313061], [120.62414444000004, 32.003325201000024], [120.60426119700007, 32.00842017200005], [120.5902111610001, 32.01082705500007], [120.58406641899998, 32.01188059600002], [120.57490992799998, 32.01484259400005], [120.54883071500001, 32.023280360000086], [120.54905626200002, 32.023670879000065], [120.55351766400013, 32.03071860400011], [120.55481933900009, 32.034950784000074], [120.55422087700005, 32.035894983000034], [120.5436059680001, 32.043201354000075], [120.5457756610001, 32.04672061900003], [120.54618423100007, 32.05307885700004], [120.54050801700009, 32.05572546000008], [120.53527391300008, 32.05816300500006], [120.53279204700009, 32.0578199510001], [120.52501591300009, 32.058516291000075], [120.51944290100002, 32.061280820000015], [120.51637943300013, 32.064466969000115], [120.51404446400011, 32.06796610900009], [120.51183097300012, 32.08173371400005], [120.51126175700009, 32.08248022800009], [120.50840289900006, 32.09379928600005], [120.506120042, 32.09470676899999], [120.48221403600007, 32.10113200600004], [120.4776993800001, 32.1048887050001], [120.43606168700005, 32.12172577900001], [120.43244074800012, 32.12472154799999], [120.43048722800005, 32.12578484100004], [120.42314124600011, 32.1256053000001], [120.41847907900001, 32.12595154800007], [120.41229692500008, 32.12669879099999], [120.40483043200003, 32.128112430000066], [120.38916683100004, 32.13052030400008], [120.38654456700016, 32.13087146800009], [120.38314068400007, 32.13151943300006], [120.37923455200007, 32.131267067000046], [120.37156810300009, 32.13122198200005], [120.37133336700003, 32.12991097800002], [120.36966146500006, 32.1299387830001], [120.35598190700011, 32.13263326600002], [120.35362465800003, 32.132778906000084], [120.35146233300009, 32.13263330700003], [120.35130413000005, 32.13715240600001], [120.35091333300014, 32.140416641000094], [120.348995369, 32.14540569800006], [120.34631243900004, 32.15138829199999], [120.34523680300003, 32.15274738300009], [120.34271040300008, 32.15244775300008], [120.33849984200003, 32.171984652999996], [120.33994061800006, 32.17288818000006], [120.34132936900004, 32.175243060000035], [120.34177219900008, 32.18112820300008], [120.34550579600008, 32.182273827000095], [120.34769278300004, 32.18258414400002], [120.34862149500015, 32.183137673000076], [120.3498458160001, 32.183966775000016], [120.35009730000003, 32.18610669200006], [120.35002815100009, 32.18877120900008], [120.35027159900007, 32.19144721200007], [120.3508356850001, 32.19359561200002], [120.35329248100008, 32.19524993300011], [120.35669586600012, 32.202398757], [120.35847562600011, 32.20563460200003], [120.36058514500004, 32.208890068000095], [120.36202632000001, 32.21345271200005], [120.36193916400009, 32.216123176000025], [120.36597642299999, 32.21755117200005], [120.36686253700012, 32.21943534000007], [120.36519508800009, 32.22860849600002], [120.3598471350001, 32.239708845000095], [120.35664342200005, 32.24151567000011], [120.35228565500009, 32.24062328800008], [120.34679034800007, 32.245845894000105], [120.34322197900005, 32.24977847400006], [120.34118474200014, 32.25181429500002], [120.34484607600004, 32.25655327699999], [120.34581767200005, 32.257133651000046], [120.34612118500003, 32.25789719900008], [120.34592230800001, 32.25958569200007], [120.3425023440001, 32.268413412000044], [120.34347337000005, 32.274913197000046], [120.3454961540001, 32.27906296900003], [120.34764108600011, 32.28056441200009], [120.34738930100005, 32.29311260400005], [120.34785851199999, 32.29485590600005], [120.34756287700012, 32.30637393800004], [120.35093138200011, 32.30726139800002], [120.36045514200012, 32.31070715900002], [120.36060191800001, 32.31155798599998], [120.35985543700008, 32.31422211200006], [120.3573986560001, 32.31868876900006], [120.35106163000015, 32.32491170200007], [120.34951544900002, 32.326845263000095], [120.34912523400007, 32.33492900800006], [120.34836996900002, 32.33786928300007], [120.34517520400001, 32.33922072700006], [120.34145127500008, 32.34196428800005], [120.34147688499999, 32.345898230000024], [120.34404689200008, 32.34921465700007], [120.34536599900008, 32.349670359000115], [120.34641722800009, 32.353214510000086], [120.34897844700001, 32.3569471320001], [120.35240686699998, 32.35913651600006], [120.35495073299998, 32.35989253300009], [120.35197271100003, 32.366863006000045], [120.34671234700009, 32.369650610000036], [120.34761501600008, 32.37083803800005], [120.346885196, 32.379824902000045], [120.34342205400009, 32.3795529110001], [120.34047043000011, 32.378524218000074], [120.33753599600004, 32.37649065300003], [120.33158129300011, 32.375201830000066], [120.32680704499998, 32.37275301800005], [120.32546129, 32.37153364100005], [120.32325589600006, 32.37034491300002], [120.31832567199999, 32.370412351], [120.31650355700003, 32.36997783500002], [120.31424615400013, 32.368758148], [120.3124059830001, 32.36851561300009], [120.30993185600002, 32.366716270000076], [120.30933302400004, 32.36356146499999], [120.305418688, 32.36353757900006], [120.3031356680001, 32.365796571000004], [120.30263231100002, 32.36630243900003], [120.300037489, 32.369527825], [120.29852707400008, 32.37362023600012], [120.29786783000006, 32.374506305000075], [120.29696496500006, 32.37441480700005], [120.29508130200009, 32.373839903000004], [120.29138371500002, 32.37162280300006], [120.28792031800009, 32.37154896699999], [120.28438037900003, 32.374144830000006], [120.28150758600009, 32.3759515360001], [120.27989626100009, 32.38189528100002], [120.28317647800006, 32.384579961000014], [120.28451911500014, 32.38700103000005], [120.28470085400016, 32.388142719000015], [120.28446497800009, 32.38907298500007], [120.28370851800003, 32.390338930000006], [120.28329474400007, 32.39173039600003], [120.2822623650001, 32.39424958900001], [120.280726155, 32.39874224300004], [120.27919802500004, 32.40133793500004], [120.27892113800013, 32.40221220299999], [120.27865190700007, 32.40685916200008], [120.27788819700002, 32.409263864], [120.27701146900004, 32.412406605000065], [120.27687239300008, 32.414209602000035], [120.2769851830001, 32.41579332900007], [120.27599639500008, 32.42000204000004], [120.27525850000004, 32.42347150200005], [120.27523222700009, 32.42669619200005], [120.27553573700007, 32.4303314640001], [120.27596925100013, 32.43303567900002], [120.27515454000006, 32.434893356000075], [120.27468566900008, 32.43626069700005], [120.27439068800001, 32.43776183000009], [120.27408679800008, 32.438255091000045], [120.27151782700007, 32.43970250200008], [120.27067608300005, 32.44044121100009], [120.270511099, 32.44093330400004], [120.27042382800005, 32.44432095100003], [120.26982470500005, 32.448010013000086], [120.26913959000002, 32.451754112000074], [120.26799346000004, 32.456810380000015], [120.26758636100013, 32.45905038899999], [120.26725626100007, 32.46104536000003], [120.26758605500001, 32.462493864000066], [120.26818480500008, 32.463614184000036], [120.2678288010001, 32.46467932000006], [120.26709086200006, 32.465935732000005], [120.26665784500003, 32.46713889000008], [120.26668374800013, 32.468177702000055], [120.26659669700004, 32.46894164700003], [120.26687459900003, 32.46940634700011], [120.26690052300012, 32.47019819600008], [120.26668348000011, 32.471184207000036], [120.26698723200002, 32.473260613000065], [120.26698717900001, 32.473861511000045], [120.2667091950001, 32.47432565700008], [120.26515635300005, 32.47550066100005], [120.26487830700015, 32.47642970700009], [120.26449620300005, 32.478095696], [120.26187582400004, 32.48389043500002], [120.26127662100012, 32.486048408000045], [120.26059045000011, 32.487606526], [120.25966220400004, 32.48951869100003], [120.2573366, 32.49230733800002], [120.2570674990001, 32.49279736700006], [120.25556611800005, 32.49285200000005], [120.2540036180001, 32.4928525820001], [120.25318826500003, 32.49339974200007], [120.25288400200009, 32.49498552200001], [120.25343092300014, 32.4982906870001], [120.2536817780001, 32.500972056], [120.25803096100006, 32.50095726500011], [120.25865602900001, 32.50131087700006], [120.26296922300001, 32.50162024900008], [120.26447103100011, 32.50252101200009], [120.26545978700003, 32.50383000300003], [120.26406572100005, 32.50643447400006], [120.26372071100002, 32.50686962300009], [120.26329064900006, 32.507883702000065], [120.26018346700009, 32.50954929000003], [120.26098503400007, 32.5149496180001], [120.25901971700009, 32.5165973540001], [120.26013941900008, 32.52127165600005], [120.26019212500009, 32.52460683500005], [120.26073888000013, 32.52776275500005], [120.26124173399998, 32.529639993000025], [120.26237007400009, 32.537135396000075], [120.26399340900002, 32.54364359300006], [120.26531192600014, 32.54733863800008], [120.26542461000005, 32.55070463400005], [120.26479159599998, 32.55181780000005], [120.26342861, 32.55305942800002], [120.26184031800004, 32.55684041400004], [120.25764026200008, 32.56403667100003], [120.25947148400007, 32.56464455500006], [120.26038248100012, 32.56558576500004], [120.25826589000005, 32.569449757], [120.25599811900008, 32.57264683200003], [120.25817821100009, 32.576886527000084], [120.25734477200004, 32.58006793500006], [120.25480275000004, 32.58405773800004], [120.25427239600003, 32.58606928300003], [120.25494108900011, 32.59194111700003], [120.25442873100009, 32.594091591000065], [120.25107885800003, 32.59961572100008], [120.24942196399999, 32.599875969000024], [120.24824129400008, 32.599577246], [120.24660936300006, 32.59802992900005], [120.245749853, 32.59688435800003], [120.244127701, 32.595820719000045], [120.24039541500008, 32.595359501000075], [120.23650739800009, 32.593961021000005], [120.23542218700001, 32.59321690399999], [120.23285424600007, 32.58993395000005], [120.23110993700007, 32.58931730800001], [120.22753367200002, 32.58934422500002], [120.22588510600005, 32.58882828400005], [120.22203092200002, 32.58470065800003], [120.21990512600007, 32.58382708700005], [120.21631206100005, 32.58499224600009], [120.21158165100007, 32.59050127100009], [120.20933362400005, 32.590840461000006], [120.20715558300006, 32.59120658900001], [120.20587051300004, 32.59165875400003], [120.20291116700005, 32.59352708900008], [120.20226933700006, 32.59615530200002], [120.2013058340001, 32.59713159200006], [120.20052483400005, 32.597394368000046], [120.19884112500009, 32.601696404000016], [120.19825051600009, 32.60251922900006], [120.19755566500014, 32.602881046000064], [120.19950048700002, 32.60546808300007], [120.19987338300007, 32.60614540000007], [120.2015225400001, 32.6064656940001], [120.20188745900009, 32.60642023400007], [120.20581819499998, 32.60492918200006], [120.20883925500002, 32.60470715200008], [120.208743776, 32.60760202000006], [120.20465593600008, 32.61015278200008], [120.20521993600003, 32.614137119000056], [120.20616585400006, 32.61788702000008], [120.20848353300006, 32.62591803000004], [120.20877805500001, 32.62760676300005], [120.21197289400003, 32.630655446000056], [120.21309235900002, 32.63000196999999], [120.21398622600007, 32.63023787200006], [120.2146971660001, 32.63624732600008], [120.21744871000013, 32.63630913500004], [120.2176309460001, 32.637665785000024], [120.21815182800003, 32.63913471500006], [120.21817744700002, 32.64392184300002], [120.21699755600001, 32.65037008500011], [120.21889824800007, 32.65041990800006], [120.22418363000014, 32.651924791000056], [120.2249388250001, 32.65271503100007], [120.22525108800008, 32.65554009500005], [120.22387154000015, 32.65816197300009], [120.22352389200009, 32.65874146000007], [120.22141513800013, 32.659147562000015], [120.22007857800011, 32.660367877000084], [120.220304862, 32.66188444100007], [120.220555889, 32.66674159900005], [120.22056412200006, 32.67543883600006], [120.22093758700014, 32.677874092000025], [120.22992013800004, 32.67976269400006], [120.2350239110001, 32.680169887], [120.24011744399999, 32.681268805000066], [120.24716523200004, 32.68186287400001], [120.271578211, 32.68125701400007], [120.27612583400004, 32.682723615000086], [120.28796382300004, 32.689523285000035], [120.29111533700004, 32.69184453000007], [120.29738148200015, 32.69752090500007], [120.30553999000009, 32.703524955999995], [120.31084397100008, 32.70629194400006], [120.31469732700006, 32.70370694900004], [120.31477543400004, 32.70118499100001], [120.31962864800005, 32.7032707700001], [120.32134697100003, 32.70276671500005], [120.32203301000004, 32.70133907300006], [120.32275991300006, 32.7006879840001], [120.32827005400006, 32.701634978000115], [120.32767467700009, 32.705199429000075], [120.33621611000001, 32.70720934600011], [120.3405745660001, 32.706960492000036], [120.34527988600004, 32.705916674], [120.34831766700005, 32.70660517400004], [120.34988054100003, 32.70728825600007], [120.35173015100014, 32.70751214500003], [120.35364876700007, 32.707688026000014], [120.36188684700002, 32.706693500000064], [120.36272897600006, 32.70743102500007], [120.36418755400004, 32.708364682000045], [120.3683898620001, 32.71116624000003], [120.37132471100003, 32.71266829400006], [120.37410309200004, 32.71291839700006], [120.37735878100013, 32.71117633800007], [120.37931219300002, 32.71031320100006]]]]}}, {"type": "Feature", "properties": {"name": "泰州", "full_name": "泰州市"}, "geometry": {"type": "Polygon", "coordinates": [[[119.73523524600009, 33.20511110000004], [119.73484515100006, 33.204800463000005], [119.73447104400009, 33.20472966100001], [119.7339418910001, 33.20475986100011], [119.73367281800004, 33.20477496700003], [119.73313468200001, 33.20480518700004], [119.73260456000003, 33.20483741300004], [119.73233550300006, 33.20485752800002], [119.73179740000012, 33.204886776000045], [119.73152835300007, 33.204895907], [119.73098926800006, 33.20493016700008], [119.73046019800006, 33.204962433999995], [119.73019116700002, 33.2049775740001], [119.729652115, 33.20500586500004], [119.72939209400015, 33.205021008000045], [119.72885406100013, 33.20505431000005], [119.72858504799999, 33.20507346400004], [119.72805503500001, 33.20509878100009], [119.72751703200008, 33.20513111000001], [119.72725603700007, 33.205147274000105], [119.72688306600003, 33.204962652000106], [119.72675209200011, 33.20475788200004], [119.72660512400012, 33.204504157], [119.72683915100004, 33.204098273000085], [119.72703917600006, 33.203764365000076], [119.72699619900007, 33.20354054700003], [119.72694322200003, 33.20331973400006], [119.726848268, 33.20287910100011], [119.72680429200008, 33.20265528400006], [119.72675231500014, 33.20243646900008], [119.7267003390001, 33.20221066000004], [119.72660538600006, 33.20177202499999], [119.72656141000006, 33.20154621100004], [119.72650943400002, 33.20132739700006], [119.72646645800012, 33.201103580000016], [119.72637050700007, 33.20066294900006], [119.72631853100003, 33.20043913900002], [119.7262665560001, 33.200218327000044], [119.72622258000001, 33.19999950700006], [119.72612762900005, 33.19955388100004], [119.72607565500002, 33.19933506800006], [119.72603168000002, 33.19910925400003], [119.72597970500007, 33.19888744400006], [119.72593673000006, 33.19866662500009], [119.725831781, 33.198226003000045], [119.72578880600008, 33.198002188], [119.72574583100008, 33.19778137000002], [119.72569285800014, 33.19756156000005], [119.72559790900002, 33.19711693400003], [119.72555393500011, 33.19689811600004], [119.7254939630001, 33.196670316000024], [119.72544998800004, 33.19645050000004], [119.72535504100009, 33.19600787400001], [119.72530206800005, 33.19578606500004], [119.72525909400005, 33.19556524900007], [119.72520712100001, 33.195343440000016], [119.72505117199998, 33.19499679500011], [119.7249292060001, 33.19479702400001], [119.72467727700004, 33.19440148700006], [119.72450432800012, 33.19413080500004], [119.72445235699999, 33.19390899700008], [119.72434741500001, 33.19346638200005], [119.72429544400006, 33.19324557500008], [119.72419150200008, 33.192802960000044], [119.72409556000005, 33.192359340000024], [119.7240435900001, 33.19214053200004], [119.72393965000003, 33.19169592000002], [119.72388768000008, 33.19147611200004], [119.72379173800005, 33.191035492], [119.72367880100003, 33.19059288600006], [119.72363582900002, 33.19037407100007], [119.72362685800007, 33.19010026700007], [119.72362687900008, 33.18987642100011], [119.72363589800011, 33.18965156900007], [119.72364491900007, 33.18942771600011], [119.72364494000007, 33.189201872000076], [119.72365298200012, 33.188751176], [119.72366200200005, 33.18852732300004], [119.72366202400006, 33.188301479000096], [119.72366104500007, 33.18807563600006], [119.7236700660001, 33.18785178300001], [119.7236700870001, 33.18762693800006], [119.72367910700005, 33.18740108700011], [119.72367912900006, 33.18717524300008], [119.7236881480001, 33.18695139000003], [119.72368817100009, 33.18672554600008], [119.72369619100004, 33.186500694000046], [119.72370523200009, 33.18605099800005], [119.72364426700011, 33.18579922], [119.72353132999999, 33.18536061400004], [119.72341839400006, 33.18491601200002], [119.72328846100007, 33.18447941900005], [119.72317552500013, 33.18404181300008], [119.72306259100003, 33.183601210000035], [119.72298463300007, 33.18332946200011], [119.72298465400006, 33.18310661600006], [119.72298467599998, 33.18287977300003], [119.72298469800015, 33.182654928000076], [119.72298471899998, 33.182429085000045], [119.72298474100015, 33.18220324100001], [119.72297576400004, 33.181982401000035], [119.72297578500005, 33.18175555800009], [119.72297580700004, 33.18153071300005], [119.72297582900003, 33.18130087300004], [119.72297585100013, 33.1810750290001], [119.72297587300014, 33.18084918600006], [119.72297589400014, 33.18062534100002], [119.72297591500005, 33.18040249500005], [119.72297593600004, 33.1801766510001], [119.72297595900014, 33.17995080800007], [119.72318395000002, 33.17960287800006], [119.7236098950001, 33.17932572700004], [119.72381787100008, 33.17918665700008], [119.72395687800012, 33.17886577000009], [119.72394790100009, 33.17864293200004], [119.72393892400007, 33.17841609600001], [119.7239309470001, 33.17819325600004], [119.72393096900011, 33.17796741300001], [119.72392199200007, 33.177743576000054], [119.72392201300008, 33.1775187320001], [119.72391303600014, 33.177291897000075], [119.72390505900009, 33.17706705900003], [119.7239050810001, 33.176841214999996], [119.72389610500016, 33.17661338100007], [119.72388712800011, 33.17638754400012], [119.723879151, 33.176161707000084], [119.72404415800005, 33.17579483200011], [119.72420015000009, 33.175614834000044], [119.72452113599999, 33.175256835], [119.72467713200004, 33.17507684100012], [119.72499912500012, 33.174716847000084], [119.725164123, 33.174533850000046], [119.72543310500015, 33.17440873800008], [119.72591907800003, 33.17421751800007], [119.72616206799998, 33.17412241000002], [119.72640506000009, 33.17402630500006], [119.72688305400003, 33.17383810500003], [119.72737805700004, 33.17364890200001], [119.72786407000001, 33.17346071300007], [119.72810708100005, 33.173365622000105], [119.72858411000009, 33.17317445400001], [119.72883612799998, 33.173078364000055], [119.7290791490001, 33.17298328200009], [119.72955719900004, 33.17279312900008], [119.72980022800007, 33.17269705400003], [119.73004326000012, 33.172597983000095], [119.73053833100005, 33.172410835000065], [119.73077236900005, 33.172315773000015], [119.73125845600012, 33.172124646000015], [119.73150150300015, 33.17202858500006], [119.73174455300011, 33.1719335270001], [119.73223066, 33.17174241800009], [119.73247471800003, 33.17164736500005], [119.73296084200001, 33.17145626800004], [119.73326491400005, 33.17144313800002], [119.73353298100002, 33.17143702200005], [119.73380305100008, 33.17143690400004], [119.73407212300003, 33.17143978700001], [119.73433219700007, 33.17143468200003], [119.73460127700004, 33.17143057500005], [119.73514044600006, 33.17143036400003], [119.73540053300009, 33.17142926600012], [119.73567862900009, 33.17142616600004], [119.73594772400006, 33.171427069000025], [119.7362078210001, 33.171423980000036], [119.73647692300005, 33.171421891000044], [119.73674602900005, 33.17141780500006], [119.73701513800009, 33.17141971900004], [119.73728424999999, 33.17141763700005], [119.7375453630001, 33.17141656100004], [119.73781448200006, 33.17141148700007], [119.73809160700009, 33.17141141000006], [119.7383527290001, 33.17141433900004], [119.73889099000004, 33.17140720700007], [119.73916012600012, 33.17140914200005], [119.739429264, 33.17140608400007], [119.73968940200004, 33.17140302899999], [119.73995854800009, 33.171400975], [119.74022769600008, 33.171400922], [119.74049684900005, 33.17139687500001], [119.74076600300012, 33.17139682700001], [119.74103516200009, 33.17139278500012], [119.74130432400017, 33.171394741000015], [119.74160849600001, 33.171553587000105], [119.74179059399998, 33.171718448000064], [119.74217280700007, 33.17204017600004], [119.74254602100004, 33.172358914000036], [119.7429192430001, 33.17267765600012], [119.74310235300007, 33.17284252500008], [119.74347558200013, 33.17316427400006], [119.74380481900002, 33.17315326100003], [119.7443082030001, 33.17299934400009], [119.7448116000001, 33.17284743600004], [119.745316008, 33.172695536999996], [119.74582843400003, 33.17254364900004], [119.746114679, 33.172454718000054], [119.74585450200006, 33.17206198400007], [119.74559332700002, 33.17166925200008], [119.74532415000013, 33.17127652400009], [119.74519406700003, 33.17107666300008], [119.74493390000009, 33.17068793500007], [119.74479481200004, 33.17049107500003], [119.7445346520001, 33.17009835400005], [119.74428250000003, 33.16970963300003], [119.74414341500005, 33.169509778000105], [119.74388326300001, 33.169117064000034], [119.74361410700013, 33.168724353000044], [119.74348403200011, 33.168530497000084], [119.74322288700009, 33.16813579100002], [119.74308481100005, 33.167935941000096], [119.7428676940001, 33.1676021920001], [119.74298879500009, 33.16740232100008], [119.74323200200004, 33.16700257900005], [119.74348421700005, 33.166603839000096], [119.7437264280001, 33.16620210400008], [119.74384853600009, 33.16600223700006], [119.74409175200005, 33.16560350200011], [119.74434397700013, 33.16520477000007], [119.74459520500014, 33.16480304300005], [119.74487344400006, 33.164525230000066], [119.74508162000006, 33.164377332000086], [119.74548096400005, 33.16408253600003], [119.74588832200001, 33.16378974700005], [119.74629668800006, 33.16349296700001], [119.74669605400005, 33.16319719200005], [119.74710443700009, 33.16290442100007], [119.7475038170001, 33.16260666000004], [119.74791221500004, 33.162311903000074], [119.74622792400012, 33.16042610600001], [119.74575851700001, 33.16064893800006], [119.74529012000008, 33.16087077900003], [119.744976874, 33.160872779000016], [119.74471667500006, 33.16085779400002], [119.7441782730001, 33.16082683200003], [119.74390907700003, 33.16081185600004], [119.74364889099999, 33.160794882000054], [119.74332768000015, 33.16062502300012], [119.74294544500006, 33.16030327900006], [119.74257222500009, 33.159984537000064], [119.74238111400008, 33.15982367000008], [119.74200790200011, 33.15950293900001], [119.74181679600011, 33.15934207500002], [119.74144359500005, 33.15902135100004], [119.74106139400013, 33.158704631000035], [119.74087930200008, 33.15854377300005], [119.74059217000004, 33.15817408100001], [119.74049713600007, 33.15796624400005], [119.74040110100012, 33.1577554090001], [119.74030606699998, 33.15754957100003], [119.74020202800008, 33.15734073600007], [119.74010599500005, 33.157130902000034], [119.74000195800014, 33.156922069000075], [119.73990692700009, 33.15670923700005], [119.73980189000011, 33.15649840600001], [119.73970685900005, 33.156290572000046], [119.73951579800006, 33.15587590300002], [119.7394207680001, 33.155665072000076], [119.73931673400011, 33.15545724000002], [119.73922070500006, 33.155246410000075], [119.73924674200009, 33.15500557300004], [119.73929879000005, 33.15478271600008], [119.73936786800007, 33.15433701300006], [119.73945495500008, 33.153896303000096], [119.73948999600006, 33.15366845500007], [119.73957708400008, 33.15322374700005], [119.73966317300008, 33.15277704200004], [119.73974125600014, 33.152334336], [119.73978530100007, 33.152108485000056], [119.73986338600004, 33.15166877700009], [119.73994147100011, 33.151221076000084], [119.73998451600002, 33.151000222000015], [119.7400626020001, 33.1505525200001], [119.74014969200002, 33.15010781500008], [119.74022777900008, 33.14966311200005], [119.73998465700004, 33.149534250000045], [119.73944637300008, 33.14949339300004], [119.73891710699999, 33.149452544000034], [119.73837885000013, 33.14940471200008], [119.73784861000004, 33.14936088600009], [119.73731037900009, 33.149322070999986], [119.73678116500001, 33.14927826700009], [119.73625096300012, 33.14923647100001], [119.73571277100007, 33.14919369100002], [119.73518359600007, 33.14915191600003], [119.73464442900006, 33.149108158000054], [119.73456642900008, 33.14887635200006], [119.73456645000009, 33.14865051100002], [119.73457547400002, 33.14842966200005], [119.73457549600003, 33.14820382000001], [119.73457551700004, 33.14797797900007], [119.73457554000004, 33.147748140000054], [119.73457556100004, 33.14752229900002], [119.73457558300004, 33.147296457999985], [119.73457560300005, 33.147074614000104], [119.73457562500005, 33.14684977100006], [119.73457566800005, 33.14640208600006], [119.73457569000004, 33.14617724400002], [119.7345847150001, 33.14594640300002], [119.73458473600009, 33.145723559000054], [119.7345847580001, 33.145497718000016], [119.7345847790001, 33.14527387500006], [119.7345848010001, 33.14504803400011], [119.7345848220001, 33.14482219200008], [119.73479290600008, 33.144616254000006], [119.73499198200012, 33.14446628100003], [119.73539114200003, 33.14416534100009], [119.73579130900009, 33.143868403000035], [119.73619048300009, 33.143570473000075], [119.73639857600006, 33.143418509000114], [119.7367897580001, 33.14312158900006], [119.73719795400004, 33.14282067300012], [119.73759715300002, 33.14252276400007], [119.73789231800002, 33.14217092600009], [119.7379963840001, 33.14196704100001], [119.73810045200001, 33.14175915900004], [119.7382045210001, 33.14154827900009], [119.73830959000009, 33.14134439400001], [119.738412657, 33.14113851300002], [119.73851772800008, 33.14092763400007], [119.73862179800008, 33.14072175200009], [119.73883894300002, 33.14030998800004], [119.73893401000007, 33.14010511000005], [119.739047087, 33.13989523000001], [119.73915115899999, 33.139689350000026], [119.73925523300008, 33.13947847600007], [119.73935930600007, 33.13927459500008], [119.73946338000007, 33.139066718000024], [119.73956745500007, 33.13885584400007], [119.7396805340001, 33.138651964000076], [119.73977660500006, 33.1384450890001], [119.73988068200005, 33.13823521500006], [119.739993763, 33.13802933799999], [119.74009783900007, 33.137824461], [119.74019291200013, 33.13761459000004], [119.74030599500007, 33.13740871400006], [119.74041007399998, 33.13720184000009], [119.74051415300006, 33.13699396700003], [119.74072331200014, 33.136581222000075], [119.74082739400004, 33.136373350000014], [119.74093948000008, 33.13616248000007], [119.74103555600004, 33.135958608000074], [119.74113963700003, 33.135752736], [119.74125272600006, 33.135541868000054], [119.7415129210001, 33.13516909200003], [119.74167804, 33.13499319300004], [119.7420162870001, 33.134639398000076], [119.74218141100008, 33.134461503000104], [119.74233753000011, 33.134283611000036], [119.74251166100014, 33.13410771600005], [119.74267678800004, 33.133927827], [119.74301505100004, 33.1335790410001], [119.74317117600009, 33.13340315200002], [119.74333630800007, 33.133222267000065], [119.7435094470001, 33.13304737800007], [119.74366657600004, 33.132869494000005], [119.74409990600009, 33.132708584000014], [119.74436910400007, 33.13272855900007], [119.74463930600005, 33.132743540000064], [119.74490751100004, 33.132758525000064], [119.74543792500005, 33.13278450399999], [119.74570613800003, 33.132804493000044], [119.74623657100005, 33.13283448600004], [119.74677402400002, 33.13286149200005], [119.7470442560001, 33.13288049400003], [119.74757372100011, 33.13291051500003], [119.74811220700008, 33.132943543000096], [119.74837244700012, 33.132956563000015], [119.74891095200007, 33.13298960800009], [119.74918021000008, 33.1330026370001], [119.74969169900011, 33.13315061400009], [119.75020420000007, 33.13328960600004], [119.75070770400006, 33.133436601000035], [119.7512202290001, 33.13358060900005], [119.75171474600008, 33.13372362400007], [119.752218285, 33.13387164600006], [119.75271384500005, 33.13381881800004], [119.75317339199998, 33.13358911300004], [119.75362493900003, 33.133354416000074], [119.75385922600006, 33.133237574000084], [119.75431078700002, 33.13300588700001], [119.75454508200005, 33.132886052000046], [119.75484045700014, 33.1327342640001], [119.75510979000006, 33.13273036500004], [119.75537011400002, 33.13273046200005], [119.75563945200008, 33.132726569000084], [119.75591780600013, 33.13272567900001], [119.75618615000012, 33.13272378900003], [119.75644648700008, 33.13271990000006], [119.75671583900007, 33.1327150170001], [119.75698519400007, 33.132715134000115], [119.75725455300005, 33.13271125600006], [119.75751490200001, 33.13271137400007], [119.75778426600002, 33.13270950100009], [119.75832200500008, 33.13270076400008], [119.75859137900008, 33.13269789900002], [119.75885174500004, 33.132696031000044], [119.75912112600014, 33.13269217200008], [119.75939952200008, 33.13269431599999], [119.75965989600003, 33.132690457000024], [119.75992828500011, 33.13268560600007], [119.76019767900003, 33.132683755000095], [119.76046707500004, 33.132678910000045], [119.76072746200008, 33.13267705900007], [119.76099686500007, 33.13267321800002], [119.76126627000008, 33.13267537600011], [119.76153467800007, 33.13267054000006], [119.76180409100007, 33.13266670700001], [119.76206449300004, 33.13266486900004], [119.76234292600007, 33.13266204600007], [119.76261134600009, 33.13265822100002], [119.76287175600012, 33.13266038700002], [119.76314118500014, 33.13265556800007], [119.76341061700012, 33.13265175000002], [119.76367904900005, 33.132648933000056], [119.76394047400001, 33.132645115000095], [119.7642089120001, 33.13264330300003], [119.7647478020001, 33.13264068600008], [119.76501625000002, 33.13263688300003], [119.76527768900007, 33.132634076000066], [119.76555515900012, 33.13263028500002], [119.76582361600003, 33.13262848700005], [119.76609307800004, 33.13262569400008], [119.76635352700009, 33.132621897000035], [119.766622995, 33.13262110700006], [119.76689246600009, 33.13261932000009], [119.7671609380001, 33.13261553700004], [119.76758668000006, 33.132758781000085], [119.76798636600009, 33.13305989700004], [119.76838505700005, 33.1333580200001], [119.7687937740001, 33.13365515800009], [119.7691844640001, 33.13395928000003], [119.769592191, 33.1342564280001], [119.76999191100003, 33.13455357500008], [119.77019127300001, 33.13470164900008], [119.77059100300005, 33.13499880400006], [119.77099875300013, 33.13529597100005], [119.77138947800003, 33.135600121999985], [119.77179724300001, 33.13589730000006], [119.77220601500008, 33.13619448400005], [119.77239737800002, 33.136342566000046], [119.77279614100007, 33.13663974800003], [119.77320392800006, 33.136936944000105], [119.77340431600012, 33.13708903800008], [119.77380309400007, 33.137386233000065], [119.77421089700016, 33.13768344200005], [119.77460167100006, 33.13798163900004], [119.77501048900005, 33.138280858000016], [119.77539226600001, 33.138465135000075], [119.77563476600011, 33.138552334000096], [119.77612979400011, 33.138719753000004], [119.77637330300001, 33.138807958000015], [119.77686834400004, 33.13898038499998], [119.77711987700005, 33.13906460800011], [119.77762295000002, 33.139236055], [119.77811801400004, 33.13940750200006], [119.77861308800006, 33.139574959000065], [119.77885661800005, 33.13966418100007], [119.77935170600006, 33.13983064899999], [119.779603261, 33.139917888000106], [119.78009836100011, 33.14008736500009], [119.78034090300002, 33.140173599000036], [119.78083601500013, 33.14034308700011], [119.78108758400008, 33.14043033600005], [119.7815827100001, 33.14059683600006], [119.78183428500003, 33.140686090000074], [119.78224222200004, 33.14082550800006], [119.782763432, 33.14095308500005], [119.78327563100001, 33.14107766000005], [119.78378783800011, 33.14120324100005], [119.78430005400004, 33.14132883000005], [119.78481227800015, 33.14145442600005], [119.78533353200011, 33.141581039000044], [119.78584477200005, 33.14170664700005], [119.78635802400007, 33.14183326400004], [119.78687830100012, 33.14195889800005], [119.78739056800013, 33.14208452700005], [119.78789482200011, 33.14221015300005], [119.7884151240001, 33.14233680600005], [119.78892741400011, 33.14246245500006], [119.78944873500008, 33.14258812400006], [119.7899610410001, 33.14271478500006], [119.79047235100003, 33.142840452000065], [119.79098467200006, 33.142966126000076], [119.79149700000008, 33.143091805999994], [119.79201835900005, 33.143218505000085], [119.7922700180001, 33.14328284300008], [119.79279138800007, 33.14341154900007], [119.7933027390001, 33.14353525000009], [119.79381509900013, 33.1436609560001], [119.79432746600007, 33.14378866700001], [119.79483984000001, 33.14391238600003], [119.79536024199999, 33.144041120000026], [119.7958726300001, 33.14416484900005], [119.79638502300006, 33.14429058200006], [119.79690644800012, 33.14441633600007], [119.79740982900012, 33.144542064000085], [119.79792123900006, 33.144668811], [119.79844268300013, 33.14479458000002], [119.79895510600016, 33.14492033800012], [119.79947555900006, 33.14504811300003], [119.799987996, 33.14517188200006], [119.80050043700012, 33.145297654000075], [119.80101188100008, 33.1454214300001], [119.80127262000006, 33.145486826], [119.80178507400001, 33.14561260900011], [119.80229753500012, 33.14573839700004], [119.80281802300013, 33.145864202000055], [119.80333049300006, 33.14598999700007], [119.80384196600002, 33.146115795000085], [119.80435444500006, 33.1462425980001], [119.80486693000009, 33.14636840400003], [119.80538744300009, 33.14649422900005], [119.80589993600003, 33.14662004300006], [119.80641243400007, 33.14674586000008], [119.80692393200002, 33.1468716800001], [119.80743643900007, 33.14699750400003], [119.80795697300006, 33.147121347000066], [119.80846948700001, 33.14724717700008], [119.80898200400006, 33.147375009], [119.80950255000005, 33.14749886100004], [119.81001507400009, 33.147624699000055], [119.81052760200012, 33.14774854200009], [119.81077835000008, 33.147813952999996], [119.81129991000017, 33.14793981400002], [119.81181144400011, 33.14806565900004], [119.81232398300008, 33.14819151000006], [119.81284454800007, 33.14831737700008], [119.81335709200002, 33.148443231000016], [119.81386963900007, 33.148569087000034], [119.8143811860001, 33.14869494300006], [119.81489373800007, 33.14882080300008], [119.81541431600007, 33.148946679000105], [119.81590079200008, 33.14906649900007], [119.81641334900004, 33.14920735200009], [119.81692490400008, 33.149344208000045], [119.81742843700009, 33.14948305000007], [119.817689231, 33.14955248800005], [119.81820079100014, 33.149691346000075], [119.81870432700006, 33.14983019000002], [119.81896512400013, 33.14989962900008], [119.81946866100006, 33.15003647600003], [119.8197204310001, 33.15010589800009], [119.82023199500006, 33.15024675800002], [119.82073553500007, 33.150385605000054], [119.82099633300007, 33.15045304700004], [119.82150890300011, 33.15059391000006], [119.82201144200005, 33.150732756000004], [119.82227224100004, 33.15080019800008], [119.82278481099999, 33.1509410630001], [119.82328835400008, 33.15107991100004], [119.8235481510001, 33.151151348000084], [119.8240516940001, 33.151291196000024], [119.82456426500005, 33.15142706300007], [119.82482406100004, 33.151499499000025], [119.82507583200001, 33.151568923000085], [119.82583114700006, 33.151774196000105], [119.82609194600006, 33.15184663500006], [119.82659548800007, 33.15198548100009], [119.82685528300007, 33.15205192100008], [119.82735882400007, 33.15219576300008], [119.82787139200003, 33.152332625000035], [119.82813118700004, 33.15240006300011], [119.82863472500004, 33.15254090500004], [119.82914729000001, 33.15267976300007], [119.82939905900005, 33.152747186000056], [119.82991162200008, 33.152888041000075], [119.83042318100004, 33.153024896000026], [119.83067494800001, 33.153094315], [119.83118750700015, 33.15323316700003], [119.8314392730001, 33.15330258500009], [119.8319428020001, 33.153439421000044], [119.83245435300016, 33.15358026600006], [119.83271514300006, 33.15364969800003], [119.83321866800007, 33.15378652900007], [119.83373021400013, 33.15392737000009], [119.83398197400007, 33.15399678300006], [119.83449452000002, 33.154133625000014], [119.83500606100009, 33.154272462000044], [119.83525781700004, 33.15434387000009], [119.83577035700009, 33.154480706000044], [119.83628289300012, 33.15461953800008], [119.83653364300008, 33.15469094200003], [119.83704617600003, 33.154827772000075], [119.837297927, 33.154897177000045], [119.83780142600008, 33.15503798300006], [119.83831395000004, 33.1551748050001], [119.83856469500009, 33.15524420400007], [119.83907721200003, 33.155385019000086], [119.83946836800007, 33.155489640000035], [119.83998890799998, 33.155589493000036], [119.84050944300006, 33.15568434400007], [119.84102997500005, 33.155782191000085], [119.84155952900008, 33.155880049000096], [119.84182029200008, 33.15592747000002], [119.84208105400015, 33.155977888000024], [119.84260157200006, 33.15607272500005], [119.84312208600014, 33.15617255400005], [119.84365162000007, 33.15626839599999], [119.84417212399998, 33.15636621800009], [119.84469262200005, 33.156462037000026], [119.84521411800003, 33.15656085100003], [119.84572558200009, 33.15663266200002], [119.84599535400002, 33.156661094000064], [119.8465158370001, 33.156714927000074], [119.84705436700007, 33.156771781000074], [119.84758386400009, 33.156827617000076], [119.84811335600011, 33.156880449000006], [119.84864284100004, 33.15693827200008], [119.84918034300003, 33.156990107000105], [119.84970981600014, 33.157048918000086], [119.84997053800012, 33.157075318000054], [119.8505090250001, 33.15713413400003], [119.85103848700011, 33.15712897700005], [119.85129820400002, 33.15709640800002], [119.85182766000004, 33.157040276], [119.85209739900006, 33.15700971800004], [119.85235710800006, 33.156981141000074], [119.85262684400008, 33.156948581000044], [119.85315628100011, 33.15689243300002], [119.85342500800004, 33.15686186500007], [119.85368571200003, 33.156831283000024], [119.85421513600014, 33.15676912700012], [119.85448385499998, 33.156742550000054], [119.85475257200002, 33.156711974000096], [119.85501326600001, 33.156684381000034], [119.8553170720001, 33.15664685800004], [119.85557776100009, 33.15664024800002], [119.85584646800011, 33.15662765200005], [119.85611517300005, 33.15661605400007], [119.85638487900007, 33.156605453000076], [119.85664555900006, 33.15659284000001], [119.85719197800006, 33.156572642000114], [119.85746067300009, 33.15656003500005], [119.85772134500007, 33.15655341100003], [119.85799003600002, 33.156537802000074], [119.85825972700003, 33.1565251910001], [119.85852841200006, 33.15651857200008], [119.85878907600014, 33.1565059440001], [119.85905775700007, 33.15649432600003], [119.85932744, 33.156481707000054], [119.85959611700002, 33.15647108400006], [119.86012544300004, 33.156448819999994], [119.86039511600006, 33.15644219000007], [119.86066378400008, 33.15642955900009], [119.86092342700007, 33.15641891400001], [119.86119309300008, 33.15640728100002], [119.86146175400003, 33.15639464500004], [119.86173141600014, 33.15638400700005], [119.86200007099998, 33.15637336600006], [119.862268726, 33.156359724], [119.86280702700004, 33.15634043100009], [119.86306765500004, 33.15632477500004], [119.86333629800005, 33.156321118000086], [119.86360594300007, 33.156307468000115], [119.86382247800013, 33.15608589400008], [119.86388364300004, 33.15586712300009], [119.8640390510001, 33.155432621000024], [119.86418744100004, 33.15500310700001], [119.86425662500008, 33.15478434500003], [119.86440401100002, 33.15434983200005], [119.86455139700004, 33.15392031400004], [119.86462058000009, 33.153700553000064], [119.86476896800002, 33.15326703900008], [119.86481209700003, 33.15295031400007], [119.86483819900006, 33.15250565600005], [119.86484724200011, 33.15227482900005], [119.86486430300009, 33.15204900900002], [119.86489040500012, 33.151604352000085], [119.86489844500008, 33.15137452300008], [119.8649245470001, 33.15092786900007], [119.86494261000009, 33.150704047000026], [119.86495967100008, 33.15047822700008], [119.86497675200008, 33.150026565000104], [119.86499481400006, 33.14980274300006], [119.86489059900013, 33.149503826000014], [119.86467312900008, 33.14909185000003], [119.86456890400007, 33.148887865000034], [119.86435243300002, 33.148474889000056], [119.8642482060001, 33.14826690600008], [119.86403073100004, 33.147852927000024], [119.86392650400003, 33.147647941000024], [119.86371002900015, 33.14723595900004], [119.86360580000006, 33.147027975000064], [119.86350157000004, 33.14682398700006], [119.86328509200007, 33.146411004000086], [119.86317184000004, 33.14620300600011], [119.86295435700006, 33.14578902000005], [119.86285012600007, 33.145585031000046], [119.86268576100005, 33.14524805600006], [119.86292835200004, 33.14516142800008], [119.86341453400004, 33.14497717500002], [119.86390070600012, 33.14479891100011], [119.86439589100006, 33.14461665200004], [119.8648900660001, 33.14443838300012], [119.86537621300008, 33.144256101000046], [119.8658713730001, 33.14407581900005], [119.86611393800001, 33.1439851700001], [119.86660006300009, 33.143804867000014], [119.86709419800003, 33.14362656400001], [119.86758932700005, 33.14344225900003], [119.86807542600005, 33.143263933000114], [119.86856151600011, 33.143084598000016], [119.86905661700004, 33.1429062660001], [119.869472534, 33.14274982400012], [119.86974208000001, 33.14314283600004], [119.87000160200016, 33.143534835000054], [119.87026212300013, 33.14392783300006], [119.87052264100011, 33.144320828000076], [119.87078315699999, 33.144713820000085], [119.8710516860001, 33.14510682], [119.87131219700007, 33.14549880900002], [119.87157270400004, 33.145891795000026], [119.87174703100007, 33.14626970300003], [119.87180713600007, 33.146488609000116], [119.87186824200015, 33.1467095150001], [119.87192934800007, 33.14692942100008], [119.87198945200007, 33.14714832699999], [119.87205055800004, 33.14736723300007], [119.87211066100005, 33.147587138000056], [119.87217176800004, 33.14780604400005], [119.87229297700003, 33.14824185700005], [119.87235408100003, 33.14846376000003], [119.87241418400004, 33.148679668000035], [119.87268373600013, 33.14866693800005], [119.87295328600013, 33.148641215000055], [119.87348235800003, 33.1485827550001], [119.8737428820001, 33.14855202000005], [119.87401141800002, 33.148523288000064], [119.87454146800009, 33.14846281100004], [119.8748099960001, 33.148432073000066], [119.87507050600007, 33.148399326000025], [119.87560854800009, 33.148341834000064], [119.87586904700007, 33.14831507600007], [119.87613756000007, 33.148282326000114], [119.87639805400013, 33.14825156500005], [119.87692805100002, 33.14819104300002], [119.87719655200013, 33.148158283000065], [119.877457034, 33.148132509000064], [119.87799502000011, 33.14807397100002], [119.87825549400009, 33.148043192000046], [119.8785249800001, 33.14801541600006], [119.87878544800006, 33.147984632], [119.87932340300006, 33.147924068000044], [119.87958285900004, 33.147891277000085], [119.87984431600009, 33.14786248300001], [119.8803822450001, 33.14780589500004], [119.88065070500011, 33.14777609700006], [119.88091114699998, 33.1477432940001], [119.88144103800005, 33.147682681000056], [119.88170948500013, 33.14765187400008], [119.88196991400002, 33.14762205800002], [119.88223034000006, 33.147595237000104], [119.88276821100007, 33.147534602000064], [119.8831067640001, 33.14738490400002], [119.88331510400012, 33.147248119000075], [119.88374079500008, 33.14697255100001], [119.88416547500005, 33.14669697400004], [119.884591148, 33.14642738700011], [119.88501681200015, 33.146151797000044], [119.88543342800006, 33.14617198800003], [119.88556360100009, 33.14636691300008], [119.88583195700008, 33.14675476700002], [119.8859621280001, 33.14695069000007], [119.88610131100008, 33.147143618000044], [119.88637066100016, 33.14753446400005], [119.88650884000005, 33.147729389000105], [119.88663097800011, 33.14811816900003], [119.88663996900006, 33.14834401400007], [119.88664796000009, 33.14856686100003], [119.88666496300009, 33.148792710000066], [119.88667395500012, 33.1490185550001], [119.88669095900002, 33.149241406000066], [119.88669995100005, 33.14946725100001], [119.886708943, 33.149693097000046], [119.88671793500012, 33.149916944000005], [119.88673493800002, 33.15014279200004], [119.88674393000005, 33.150368638000074], [119.88676093300012, 33.15059348700002], [119.88676091300012, 33.15081733000007], [119.88677791600001, 33.15104317900002], [119.88678690700013, 33.151269025000055], [119.88680391100004, 33.15149187500002], [119.88681290300008, 33.151717721000054], [119.88906084599999, 33.15275684600005], [119.88959852000008, 33.15293289600005], [119.89012821800011, 33.15258729800006], [119.89106543200012, 33.151834078], [119.89220281300007, 33.151280722000045], [119.89397280500006, 33.15072440200002], [119.89548235700009, 33.15049270400004], [119.89747821600011, 33.15033184900005], [119.89846806500012, 33.15022487600008], [119.89909256400011, 33.15025979900004], [119.89991718100012, 33.15043957600008], [119.90082882100015, 33.150634299000025], [119.90199159000008, 33.15072300300008], [119.90384867500008, 33.1508144410001], [119.90528038300013, 33.150937865000095], [119.90690307900002, 33.15079330000004], [119.90790941700007, 33.150973700000044], [119.90942884000002, 33.151061838000054], [119.91069609300007, 33.15120499000008], [119.9117892420001, 33.15133119900005], [119.91244929400008, 33.15149163600009], [119.91375031499999, 33.151955365000084], [119.91631111300005, 33.152633805000086], [119.92094486900011, 33.153850434000034], [119.92546657500014, 33.15501329400006], [119.92866825700001, 33.15647695800001], [119.92984928200012, 33.156888969000086], [119.93057764800008, 33.15712072800008], [119.93161971900005, 33.157193096000114], [119.93279962699998, 33.157009379000016], [119.93513426500016, 33.15667579100003], [119.93688732600006, 33.15634101000005], [119.9409312940001, 33.155695043000065], [119.94644226099999, 33.15473960000006], [119.94941938100013, 33.154248486000014], [119.95377562100013, 33.15336012000005], [119.95582372100013, 33.15298048000008], [119.9575343360001, 33.15280141100001], [119.95958218200006, 33.15226965100007], [119.96102316400001, 33.152003155000045], [119.96224654099998, 33.151890064000014], [119.963487845, 33.151645979000065], [119.96644719100009, 33.15151115600001], [119.96733214700012, 33.15155671600005], [119.968001563, 33.15184568100007], [119.97002271900007, 33.15262454100012], [119.97345128399999, 33.15391296300005], [119.97460641200007, 33.1540455630001], [119.9785644440001, 33.153823221], [119.98318152200011, 33.15331089900007], [119.98384975700006, 33.153421822000006], [119.98863285300004, 33.15566782700004], [119.99401414100006, 33.158445516], [119.996453435, 33.15989007000007], [119.99700891800003, 33.16011422000005], [119.99743478000002, 33.160024985000035], [119.99766023000011, 33.15942371900012], [119.99794658000009, 33.158134750000045], [119.99817201000009, 33.15775732800008], [119.99848517300006, 33.15769641600011], [120.00444021000011, 33.15823499700008], [120.0069485840001, 33.15833440100005], [120.00834592400007, 33.1583951920001], [120.00976922600015, 33.15841495700005], [120.01178403300005, 33.15853494000003], [120.0145789310001, 33.158814609000075], [120.01899797400009, 33.159654423000106], [120.02320793300007, 33.16067306300001], [120.02650737500005, 33.16165152800006], [120.03200353200015, 33.16306941200005], [120.03681301600008, 33.164189977000035], [120.04022480000003, 33.1648476930001], [120.0414227250001, 33.16508886900007], [120.04312486400008, 33.165568846000085], [120.04636367700002, 33.1673059030001], [120.05279672100008, 33.17104209200006], [120.05751139900009, 33.173599404000086], [120.06410178100012, 33.17725536200007], [120.07302771600006, 33.18225003900006], [120.0749294090001, 33.18311080100005], [120.07576335600001, 33.18326902200008], [120.07682238400005, 33.18303038300006], [120.08036491900006, 33.182132681000034], [120.0826226000001, 33.18165382800002], [120.08535780100009, 33.180936197000065], [120.08899599500012, 33.180116784000035], [120.09128776300011, 33.17929903600005], [120.09351073100001, 33.17858144900001], [120.0977391920001, 33.177003977000055], [120.10003998900004, 33.176226074000084], [120.10211573900003, 33.17550726700003], [120.10533642700014, 33.174288540000084], [120.10814994200004, 33.17303100300004], [120.10942609800011, 33.17259213100006], [120.11364575100004, 33.17105536300009], [120.11541717900005, 33.17057522200007], [120.11681500700007, 33.169876991000024], [120.11907273599999, 33.16882094100004], [120.12119133500005, 33.16806070600003], [120.12303146800008, 33.16742121400005], [120.1268694780001, 33.16614374500004], [120.12968139300006, 33.16530700500009], [120.13364055100008, 33.164187329000086], [120.13633272900009, 33.16333092300001], [120.1401522210001, 33.1623325730001], [120.14278270300005, 33.16109371400009], [120.14626380900003, 33.15965557400003], [120.14844324999999, 33.15875696900002], [120.15091763400008, 33.15797787200003], [120.15335699000002, 33.157298718000064], [120.15681151700004, 33.15642062800006], [120.15940747300007, 33.15600171700004], [120.16395556300006, 33.15466514100003], [120.16779249200009, 33.15344519800008], [120.16966831200013, 33.152927081000016], [120.17130841100003, 33.15226661700008], [120.1773409890001, 33.150170283000094], [120.18282658300004, 33.14805170600004], [120.18690664900011, 33.14635505899999], [120.19187991300011, 33.14449675500006], [120.19461450200006, 33.14371772900009], [120.19694884000012, 33.14297990700006], [120.204196548, 33.1407830310001], [120.20603604500006, 33.14020291700006], [120.20699036300006, 33.13958260500007], [120.20938595200003, 33.13906299700007], [120.21189555400011, 33.13893408300006], [120.21519257800006, 33.13862395000007], [120.21869859199998, 33.138308680000094], [120.22148484100003, 33.137813530000074], [120.22528646500007, 33.137385822000034], [120.227065346, 33.13727212900004], [120.22881806500007, 33.13702440400006], [120.23239416400011, 33.13686741500004], [120.23407738700011, 33.136574355000036], [120.23670756200013, 33.13659527600008], [120.24115925700005, 33.136212539000034], [120.24163669100002, 33.13634750700001], [120.24221819500009, 33.13661838000004], [120.24316402000011, 33.13664044100009], [120.24404078100008, 33.13630372000003], [120.24691304900014, 33.13492961900002], [120.25076647000003, 33.133355147000046], [120.25226821500013, 33.132882100000074], [120.25383884800013, 33.13279267500005], [120.2550362320001, 33.132973115000055], [120.25678962700013, 33.13378181200009], [120.25763977000011, 33.13416314700002], [120.25937601500007, 33.13434312900008], [120.26252615500003, 33.134276279000055], [120.26785441900009, 33.134049426000026], [120.27239385700008, 33.133824397000055], [120.2754493350001, 33.13371127600002], [120.27660366500005, 33.13368700800006], [120.2787822710001, 33.133530578999995], [120.28148130000014, 33.13339633300008], [120.28413711300004, 33.13321496800008], [120.28660988700011, 33.132787846], [120.28955200800009, 33.132021107000064], [120.29148798200004, 33.13139162100003], [120.2920523700001, 33.131234861000024], [120.29206940400002, 33.130649247000065], [120.29153108000006, 33.12981766600009], [120.29072406100008, 33.128737662999995], [120.29031656500001, 33.12801878800011], [120.29015985600012, 33.12666897900007], [120.2899601670001, 33.12558904300007], [120.28959567900006, 33.12419557400006], [120.28955280900007, 33.12327329100005], [120.28946601700008, 33.12199032800003], [120.28917044600004, 33.120664706000035], [120.2889187980001, 33.11965079599999], [120.28842439100004, 33.118685207000034], [120.287955955, 33.117672607], [120.28766031700006, 33.11693056100007], [120.2876434160001, 33.116031223000086], [120.28710502200013, 33.115176602000076], [120.28674045000007, 33.114343712000085], [120.28665360700008, 33.11353441000009], [120.28624512200011, 33.112162960000035], [120.28611531500005, 33.11137470100001], [120.2859336070001, 33.110048896], [120.28584675800002, 33.10928256200001], [120.28555207899998, 33.10876633900002], [120.28496164800006, 33.10843039300002], [120.28463097500006, 33.10809108700001], [120.28460504200004, 33.10761845700008], [120.28463110700017, 33.10665310700005], [120.28498685600002, 33.10591014700004], [120.28604593000016, 33.10537006000003], [120.2870090990001, 33.104425368000115], [120.28754773099999, 33.10269382500011], [120.28784262300005, 33.100690822000026], [120.28856306100015, 33.09891603300008], [120.28894471900003, 33.098375855000064], [120.28897079300013, 33.09727260000008], [120.28917078300007, 33.09513482500004], [120.28912699700001, 33.09329219900008], [120.28891932300004, 33.09205338700008], [120.28887551500006, 33.0904585860001], [120.28878867300008, 33.089692259000024], [120.28825028200004, 33.08901752800006], [120.28741722500001, 33.08775863000009], [120.28676697800005, 33.08643150300006], [120.28654132000011, 33.08505979900007], [120.28696601700008, 33.08391401100004], [120.28726082900005, 33.082833358000066], [120.28811208100005, 33.0817978650001], [120.28952673100004, 33.08071954800005], [120.29038592000006, 33.07964002700008], [120.29069876200002, 33.07768294500006], [120.2919395870001, 33.075636499000026], [120.29304140700006, 33.07489431000008], [120.2954196970001, 33.07388023100002], [120.29724254000011, 33.07289094400006], [120.298639877, 33.071631503000035], [120.30019399099999, 33.070055982000056], [120.30122668400007, 33.069270762000016], [120.3015822970001, 33.06825686700006], [120.30118286500009, 33.06794278300001], [120.3004798320001, 33.067651202000036], [120.30008039600008, 33.06726716100006], [120.29994163300015, 33.06668381300002], [120.29994170500007, 33.06589637300006], [120.30043609400002, 33.06542286300005], [120.30153862800012, 33.06528805500009], [120.30232858600002, 33.064927934000046], [120.30317942100008, 33.06486048800006], [120.3043947780001, 33.06425476600003], [120.30463746400002, 33.06394655300002], [120.30482829500008, 33.06283600200006], [120.30487232800009, 33.061804656000085], [120.30519294400005, 33.06101264600001], [120.30621763700002, 33.05926804299999], [120.30681591400005, 33.057720061000076], [120.30717156400007, 33.05589571200003], [120.30704988000005, 33.054389004000065], [120.30685135000013, 33.05240577300002], [120.30705013000016, 33.05165294700008], [120.307406676, 33.050938806000055], [120.30828349900005, 33.049749050000024], [120.30816175000012, 33.04895683600002], [120.30752780700007, 33.04756798000004], [120.30709363700012, 33.04542629100011], [120.30629513900013, 33.0416594100001], [120.30602671500003, 33.039597356000016], [120.3060607860001, 33.03828922200005], [120.30606095600002, 33.03642454400004], [120.306338716, 33.03468027800005], [120.30586156900004, 33.03285543100005], [120.30574889700006, 33.03103192500008], [120.30574898400005, 33.03007959900006], [120.30507208800009, 33.02857387900009], [120.304159602, 33.02611524500006], [120.30400412400002, 33.022783876000105], [120.30419502700009, 33.02091885400007], [120.30423848500004, 33.015248776000064], [120.30447251100014, 33.01136209700009], [120.30491525200009, 33.0073561250001], [120.30562663800006, 33.00299391300003], [120.30578356200007, 33.00136877100004], [120.30638181500001, 33.00013755600004], [120.30764918300008, 32.9978378650001], [120.30780509400009, 32.99633163500009], [120.3076065690001, 32.99430841400002], [120.30681593000006, 32.992008459000054], [120.30593946600001, 32.98903312000008], [120.305070967, 32.98617967000006], [120.30336171400006, 32.98237136000009], [120.30221548100008, 32.980309806000044], [120.30054895800004, 32.97777345500006], [120.29959442400002, 32.975511657000055], [120.29864878800002, 32.974006303000024], [120.29749442900008, 32.97214152600001], [120.29678242400006, 32.97099150200007], [120.29491686200006, 32.96920577900002], [120.29436059900004, 32.96837424600005], [120.29436070700005, 32.96718306800008], [120.29523777300005, 32.96595450400004], [120.29650446399998, 32.96337621400005], [120.29693928900006, 32.95937025100007], [120.29634921500009, 32.95723069100005], [120.29563620600007, 32.95592275300001], [120.29416999700008, 32.955486416000056], [120.29202652000001, 32.954772276000035], [120.29059411800006, 32.95445368800005], [120.28972601900008, 32.95469283100003], [120.28825938899999, 32.95619896600004], [120.28671385200009, 32.95679578100004], [120.28369355700012, 32.95719167600002], [120.28270440600008, 32.95699412200002], [120.2822709740001, 32.95465429100004], [120.28167176899998, 32.95116545100003], [120.28203658800007, 32.94997379500002], [120.28338155499998, 32.949141599], [120.28444869300007, 32.9484676230001], [120.2896048060001, 32.94743597000009], [120.29036002600006, 32.94723797100006], [120.29020327300006, 32.9463658010001], [120.28968295900009, 32.9448576080001], [120.28818063700012, 32.943351848000034], [120.28726961300006, 32.94251873100003], [120.28710485700003, 32.94160658600005], [120.28734808500008, 32.936489704000074], [120.28730422600009, 32.93541949000007], [120.28635821200007, 32.93454742500004], [120.283416061, 32.93224801000003], [120.28001395700005, 32.92990895000003], [120.27814834000006, 32.92895584200004], [120.27695918600017, 32.92800586000004], [120.27604784400016, 32.92676072400005], [120.27416485600006, 32.926929652000084], [120.27146407100005, 32.92709926900008], [120.26260394900007, 32.92767311200004], [120.25269598300008, 32.92852129800006], [120.24845878700015, 32.92886998100004], [120.24322795100015, 32.92914199299999], [120.23832821200003, 32.92947301300002], [120.23412026200002, 32.92983440000008], [120.23402536000006, 32.92742697900011], [120.23372237700005, 32.922982831000105], [120.23060624600006, 32.922132917000035], [120.22939960800014, 32.92095003800004], [120.22933053300002, 32.92065919300005], [120.2203305930001, 32.919938043000066], [120.21569567000003, 32.918853285000104], [120.21198162500004, 32.92127658900006], [120.20482117100008, 32.921116693000066], [120.20021257500005, 32.92238433100005], [120.1992919950001, 32.92470641400007], [120.19851938100012, 32.93135779000009], [120.19628941000008, 32.93232371900008], [120.17151621800008, 32.934257048000084], [120.17219342799999, 32.932742334000075], [120.17189884000004, 32.929355064000035], [120.17225501200002, 32.92844933800006], [120.17261072000005, 32.910823754000006], [120.1763082810001, 32.90732792700004], [120.17701155500002, 32.905691301000076], [120.17673386900005, 32.90403987700004], [120.1749106640001, 32.889703870000034], [120.17406918900011, 32.88880788800006], [120.17409434900006, 32.88790052200004], [120.17451974000008, 32.88683999800004], [120.17304451500006, 32.883946122000054], [120.17225446200005, 32.88004515700005], [120.17221137800004, 32.87954140000002], [120.17294863200003, 32.8794918080001], [120.18044824700007, 32.879662498000094], [120.18207105700004, 32.87969739700005], [120.18381628100012, 32.87872712700006], [120.18650312000011, 32.87839704700011], [120.1879121830001, 32.87817761500007], [120.18967019800006, 32.87790577400005], [120.19053567700009, 32.87741354000009], [120.19153151700006, 32.87675461500002], [120.19243607300012, 32.876211448000014], [120.19334156500008, 32.87618593700004], [120.19446562800009, 32.87619873400003], [120.19546130500014, 32.87632723100009], [120.19541236799999, 32.87419051800005], [120.19496146100008, 32.8708119550001], [120.19410129500014, 32.868992739000035], [120.19398901100008, 32.868756709000046], [120.2036663590001, 32.86616886100007], [120.20442150200006, 32.862887969000035], [120.20417009100004, 32.86067901300005], [120.20112312199998, 32.85401887800001], [120.19919626999999, 32.85314158900008], [120.19493498000011, 32.85337487800011], [120.19045666800002, 32.853177704000046], [120.19062117600005, 32.85265830200006], [120.19136748000008, 32.85024803800012], [120.19083838499999, 32.84607274000007], [120.19010044600013, 32.8446443870001], [120.18464127900008, 32.839491158000044], [120.18001395500002, 32.83596203700008], [120.17830407700004, 32.833369497000064], [120.17647306300015, 32.827904432000054], [120.17619529900007, 32.82709540500009], [120.18404159600001, 32.827813178000056], [120.1885897020001, 32.82791501000004], [120.18896388900006, 32.826541471000084], [120.18838141200001, 32.82461163700001], [120.18464919700011, 32.81874866200012], [120.18219342600005, 32.81402909200006], [120.17521449900002, 32.81433118400001], [120.17309602000014, 32.814770989000074], [120.17150815700003, 32.81497290500008], [120.16956320000006, 32.815042220000045], [120.16737547500014, 32.815220009000015], [120.16470219600001, 32.81604949899999], [120.16236696800007, 32.816806677000024], [120.16108225800008, 32.81440869400003], [120.15906825800006, 32.81281588700005], [120.15619564000005, 32.81172623100004], [120.15587378200007, 32.810493363999996], [120.15558716300006, 32.807817404000005], [120.1555090490001, 32.80649603100001], [120.1584439720001, 32.80614463200007], [120.1606658720001, 32.80476455800001], [120.16182058800007, 32.80274188400008], [120.16369556400004, 32.80021585000006], [120.16430352800015, 32.79912261900002], [120.16432870000003, 32.798098255000085], [120.16300980100004, 32.79653567900003], [120.16327877900011, 32.79486413900001], [120.15793990000006, 32.79029180300006], [120.15432904700006, 32.78969452800003], [120.15382582100008, 32.78660835700003], [120.15386909200004, 32.78507229900003], [120.15450207, 32.78422792100007], [120.15758351100014, 32.78276738100001], [120.165683325, 32.78209286200007], [120.16933758500012, 32.781494058000085], [120.16958949700009, 32.77995838600003], [120.17330405300004, 32.77765261400003], [120.17609068100012, 32.77574783700008], [120.17812188700006, 32.774786102000085], [120.18104757200001, 32.77529413800002], [120.18475331100002, 32.77696681400004], [120.19224400200002, 32.78336999400005], [120.19301703900013, 32.784377691000024], [120.19455282100012, 32.788832653000036], [120.20118412300008, 32.78966727900008], [120.20652209700003, 32.790606115000045], [120.20813586100007, 32.79064517100008], [120.21543549300009, 32.79362394500007], [120.21769195400009, 32.79422489000006], [120.22008685900009, 32.79056522100004], [120.22281217400007, 32.7862399910001], [120.22288149400003, 32.7840372840001], [120.2234457970001, 32.78045873200004], [120.22088545300008, 32.778166882000036], [120.21905426800001, 32.775586656000065], [120.21704949800005, 32.77420747900008], [120.2123279800001, 32.77128302100005], [120.20989780200011, 32.769338215000076], [120.20773712700012, 32.7664680830001], [120.20455193700002, 32.76239907600005], [120.20184361200009, 32.758473397000046], [120.2004985130001, 32.75514922100007], [120.19848106600014, 32.74687757400001], [120.19780247400004, 32.74487858500008], [120.19494888000011, 32.744904132000066], [120.19471844400005, 32.74285982700012], [120.19285736000006, 32.74299876000006], [120.19312192300002, 32.74480125499999], [120.19237486600002, 32.744824026000096], [120.19191664200004, 32.74436651200008], [120.19151470000008, 32.742457839000075], [120.19131422100011, 32.74160294900004], [120.19134032600005, 32.74123918000005], [120.19021418200012, 32.741222313999984], [120.18933474500011, 32.74080604900009], [120.18907299300011, 32.740926544000025], [120.1890728860001, 32.74210393700001], [120.18890338800011, 32.74231154100005], [120.18760672200003, 32.74204846500004], [120.18469134800014, 32.741643606000025], [120.18418269200006, 32.743548723000096], [120.18393596200008, 32.74365623200002], [120.18294807200004, 32.74360850300007], [120.18282469500005, 32.743762204000085], [120.18274739100005, 32.74460662700005], [120.18242042100009, 32.74468700300004], [120.18105038800006, 32.74451163500001], [120.18081868600007, 32.744680129000095], [120.18058699400001, 32.74471069400005], [120.17791203400009, 32.744366004000035], [120.17787194200007, 32.74406009000004], [120.17601638300002, 32.74371185600009], [120.17579601800009, 32.740413154000095], [120.17665580800008, 32.727338376999995], [120.17688069200003, 32.7250639260001], [120.17515357500012, 32.72395928500001], [120.17064820100003, 32.72023772700001], [120.16838251400006, 32.71753980100007], [120.16407714200008, 32.71946677400008], [120.16066545600006, 32.72221004300005], [120.15991918100013, 32.722192664000026], [120.15048337700011, 32.716020513000046], [120.1513160990001, 32.71321635500002], [120.15442476900009, 32.708909025000054], [120.154120086, 32.70639867000009], [120.152687923, 32.705098702], [120.14522191600008, 32.706816825000054], [120.142305574, 32.707632572000044], [120.14013453400005, 32.70769302499998], [120.13976165300002, 32.70613217400007], [120.13888480000003, 32.700227577000106], [120.13701814200013, 32.69607561700012], [120.13622824500014, 32.69381446100008], [120.1349600780001, 32.6918674570001], [120.13387537600015, 32.69051748100005], [120.13313761500004, 32.68898511300009], [120.12968180100009, 32.69022873300005], [120.12664340400013, 32.69092445600006], [120.12452448200006, 32.69087387800005], [120.12042675400002, 32.68719892000009], [120.11976645000001, 32.68613770500004], [120.11783974400012, 32.683060146000045], [120.1166846140001, 32.68099596400005], [120.11755308800002, 32.673106269000066], [120.11715287500013, 32.66671464700004], [120.11545185899999, 32.66309262000002], [120.11407960100004, 32.65923405500006], [120.11397351000005, 32.65807245100005], [120.114418438, 32.65710922900011], [120.11678018800002, 32.65533008700008], [120.11743179800011, 32.65204705900005], [120.11781378, 32.64978335300006], [120.1175786890001, 32.6456338020001], [120.11743959800005, 32.643583488000004], [120.11583339500011, 32.64376291500002], [120.11525256300001, 32.640596652000056], [120.11526072600006, 32.63901228400006], [120.11572981200007, 32.637100452000055], [120.11610561200007, 32.63638207400004], [120.11596846500001, 32.635077456000005], [120.11082619400005, 32.63261520500003], [120.10964418100005, 32.63251941600001], [120.10840988100006, 32.63528954000006], [120.10409456400006, 32.632307347000044], [120.10326138600013, 32.632367957000085], [120.1031664300001, 32.63048164000006], [120.102853028, 32.63017162900008], [120.10281901100004, 32.629851738000085], [120.10465065200006, 32.62922078800001], [120.10502428400007, 32.628301318000055], [120.10571038800009, 32.62740500600005], [120.10670812800004, 32.625067427], [120.10744675600004, 32.619991739000056], [120.108193356, 32.61563678200006], [120.10875737000003, 32.61461450800003], [120.10933938100005, 32.61410907000004], [120.11116247200007, 32.61438924500004], [120.11376724600004, 32.613676541000046], [120.1177010450001, 32.61210365400002], [120.12159919000013, 32.61269448700006], [120.12663432900001, 32.61587628900007], [120.13054981700006, 32.61596340700008], [120.13265108500002, 32.616274230000045], [120.13590637500016, 32.61813432300003], [120.14136725800009, 32.61749710700006], [120.14813047600003, 32.6180922780001], [120.14945837600013, 32.61789767100007], [120.15670681100008, 32.619803023000074], [120.17150768000008, 32.62314342900006], [120.17115224599999, 32.62698432600006], [120.17116090400009, 32.631031804000024], [120.17366953300008, 32.631125451000045], [120.18005772500008, 32.63142908500003], [120.18002266900012, 32.63089922400007], [120.18177632199999, 32.62586429700012], [120.18484934100006, 32.625653834000026], [120.18743588000011, 32.62470268700002], [120.18851209900006, 32.622995166000045], [120.19247032700002, 32.621214435000056], [120.19261714700008, 32.616607364000075], [120.19064740900001, 32.608636971000074], [120.19079484300003, 32.60839130300008], [120.19123738300006, 32.60498523200008], [120.19174080300004, 32.60472415500006], [120.19685278000007, 32.603249837000114], [120.19755566500014, 32.602881046000064], [120.19825051600009, 32.60251922900006], [120.19884112500009, 32.601696404000016], [120.20052483400005, 32.597394368000046], [120.2013058340001, 32.59713159200006], [120.20226933700006, 32.59615530200002], [120.20291116700005, 32.59352708900008], [120.20587051300004, 32.59165875400003], [120.20715558300006, 32.59120658900001], [120.20933362400005, 32.590840461000006], [120.21158165100007, 32.59050127100009], [120.21631206100005, 32.58499224600009], [120.21990512600007, 32.58382708700005], [120.22203092200002, 32.58470065800003], [120.22588510600005, 32.58882828400005], [120.22753367200002, 32.58934422500002], [120.23110993700007, 32.58931730800001], [120.23285424600007, 32.58993395000005], [120.23542218700001, 32.59321690399999], [120.23650739800009, 32.593961021000005], [120.24039541500008, 32.595359501000075], [120.244127701, 32.595820719000045], [120.245749853, 32.59688435800003], [120.24660936300006, 32.59802992900005], [120.24824129400008, 32.599577246], [120.24942196399999, 32.599875969000024], [120.25107885800003, 32.59961572100008], [120.25442873100009, 32.594091591000065], [120.25494108900011, 32.59194111700003], [120.25427239600003, 32.58606928300003], [120.25480275000004, 32.58405773800004], [120.25734477200004, 32.58006793500006], [120.25817821100009, 32.576886527000084], [120.25599811900008, 32.57264683200003], [120.25826589000005, 32.569449757], [120.26038248100012, 32.56558576500004], [120.25947148400007, 32.56464455500006], [120.25764026200008, 32.56403667100003], [120.26184031800004, 32.55684041400004], [120.26342861, 32.55305942800002], [120.26479159599998, 32.55181780000005], [120.26542461000005, 32.55070463400005], [120.26531192600014, 32.54733863800008], [120.26399340900002, 32.54364359300006], [120.26237007400009, 32.537135396000075], [120.26124173399998, 32.529639993000025], [120.26073888000013, 32.52776275500005], [120.26019212500009, 32.52460683500005], [120.26013941900008, 32.52127165600005], [120.25901971700009, 32.5165973540001], [120.26098503400007, 32.5149496180001], [120.26018346700009, 32.50954929000003], [120.26329064900006, 32.507883702000065], [120.26372071100002, 32.50686962300009], [120.26406572100005, 32.50643447400006], [120.26545978700003, 32.50383000300003], [120.26447103100011, 32.50252101200009], [120.26296922300001, 32.50162024900008], [120.25865602900001, 32.50131087700006], [120.25803096100006, 32.50095726500011], [120.2536817780001, 32.500972056], [120.25343092300014, 32.4982906870001], [120.25288400200009, 32.49498552200001], [120.25318826500003, 32.49339974200007], [120.2540036180001, 32.4928525820001], [120.25556611800005, 32.49285200000005], [120.2570674990001, 32.49279736700006], [120.2573366, 32.49230733800002], [120.25966220400004, 32.48951869100003], [120.26059045000011, 32.487606526], [120.26127662100012, 32.486048408000045], [120.26187582400004, 32.48389043500002], [120.26449620300005, 32.478095696], [120.26487830700015, 32.47642970700009], [120.26515635300005, 32.47550066100005], [120.2667091950001, 32.47432565700008], [120.26698717900001, 32.473861511000045], [120.26698723200002, 32.473260613000065], [120.26668348000011, 32.471184207000036], [120.26690052300012, 32.47019819600008], [120.26687459900003, 32.46940634700011], [120.26659669700004, 32.46894164700003], [120.26668374800013, 32.468177702000055], [120.26665784500003, 32.46713889000008], [120.26709086200006, 32.465935732000005], [120.2678288010001, 32.46467932000006], [120.26818480500008, 32.463614184000036], [120.26758605500001, 32.462493864000066], [120.26725626100007, 32.46104536000003], [120.26758636100013, 32.45905038899999], [120.26799346000004, 32.456810380000015], [120.26913959000002, 32.451754112000074], [120.26982470500005, 32.448010013000086], [120.27042382800005, 32.44432095100003], [120.270511099, 32.44093330400004], [120.27067608300005, 32.44044121100009], [120.27151782700007, 32.43970250200008], [120.27408679800008, 32.438255091000045], [120.27439068800001, 32.43776183000009], [120.27468566900008, 32.43626069700005], [120.27515454000006, 32.434893356000075], [120.27596925100013, 32.43303567900002], [120.27553573700007, 32.4303314640001], [120.27523222700009, 32.42669619200005], [120.27525850000004, 32.42347150200005], [120.27599639500008, 32.42000204000004], [120.2769851830001, 32.41579332900007], [120.27687239300008, 32.414209602000035], [120.27701146900004, 32.412406605000065], [120.27788819700002, 32.409263864], [120.27865190700007, 32.40685916200008], [120.27892113800013, 32.40221220299999], [120.27919802500004, 32.40133793500004], [120.280726155, 32.39874224300004], [120.2822623650001, 32.39424958900001], [120.28329474400007, 32.39173039600003], [120.28370851800003, 32.390338930000006], [120.28446497800009, 32.38907298500007], [120.28470085400016, 32.388142719000015], [120.28451911500014, 32.38700103000005], [120.28317647800006, 32.384579961000014], [120.27989626100009, 32.38189528100002], [120.28150758600009, 32.3759515360001], [120.28438037900003, 32.374144830000006], [120.28792031800009, 32.37154896699999], [120.29138371500002, 32.37162280300006], [120.29508130200009, 32.373839903000004], [120.29696496500006, 32.37441480700005], [120.29786783000006, 32.374506305000075], [120.29852707400008, 32.37362023600012], [120.300037489, 32.369527825], [120.30263231100002, 32.36630243900003], [120.3031356680001, 32.365796571000004], [120.305418688, 32.36353757900006], [120.30933302400004, 32.36356146499999], [120.30993185600002, 32.366716270000076], [120.3124059830001, 32.36851561300009], [120.31424615400013, 32.368758148], [120.31650355700003, 32.36997783500002], [120.31832567199999, 32.370412351], [120.32325589600006, 32.37034491300002], [120.32546129, 32.37153364100005], [120.32680704499998, 32.37275301800005], [120.33158129300011, 32.375201830000066], [120.33753599600004, 32.37649065300003], [120.34047043000011, 32.378524218000074], [120.34342205400009, 32.3795529110001], [120.346885196, 32.379824902000045], [120.34761501600008, 32.37083803800005], [120.34671234700009, 32.369650610000036], [120.35197271100003, 32.366863006000045], [120.35495073299998, 32.35989253300009], [120.35240686699998, 32.35913651600006], [120.34897844700001, 32.3569471320001], [120.34641722800009, 32.353214510000086], [120.34536599900008, 32.349670359000115], [120.34404689200008, 32.34921465700007], [120.34147688499999, 32.345898230000024], [120.34145127500008, 32.34196428800005], [120.34517520400001, 32.33922072700006], [120.34836996900002, 32.33786928300007], [120.34912523400007, 32.33492900800006], [120.34951544900002, 32.326845263000095], [120.35106163000015, 32.32491170200007], [120.3573986560001, 32.31868876900006], [120.35985543700008, 32.31422211200006], [120.36060191800001, 32.31155798599998], [120.36045514200012, 32.31070715900002], [120.35093138200011, 32.30726139800002], [120.34756287700012, 32.30637393800004], [120.34785851199999, 32.29485590600005], [120.34738930100005, 32.29311260400005], [120.34764108600011, 32.28056441200009], [120.3454961540001, 32.27906296900003], [120.34347337000005, 32.274913197000046], [120.3425023440001, 32.268413412000044], [120.34592230800001, 32.25958569200007], [120.34612118500003, 32.25789719900008], [120.34581767200005, 32.257133651000046], [120.34484607600004, 32.25655327699999], [120.34118474200014, 32.25181429500002], [120.34322197900005, 32.24977847400006], [120.34679034800007, 32.245845894000105], [120.35228565500009, 32.24062328800008], [120.35664342200005, 32.24151567000011], [120.3598471350001, 32.239708845000095], [120.36519508800009, 32.22860849600002], [120.36686253700012, 32.21943534000007], [120.36597642299999, 32.21755117200005], [120.36193916400009, 32.216123176000025], [120.36202632000001, 32.21345271200005], [120.36058514500004, 32.208890068000095], [120.35847562600011, 32.20563460200003], [120.35669586600012, 32.202398757], [120.35329248100008, 32.19524993300011], [120.3508356850001, 32.19359561200002], [120.35027159900007, 32.19144721200007], [120.35002815100009, 32.18877120900008], [120.35009730000003, 32.18610669200006], [120.3498458160001, 32.183966775000016], [120.34862149500015, 32.183137673000076], [120.34769278300004, 32.18258414400002], [120.34550579600008, 32.182273827000095], [120.34177219900008, 32.18112820300008], [120.34132936900004, 32.175243060000035], [120.33994061800006, 32.17288818000006], [120.33849984200003, 32.171984652999996], [120.34271040300008, 32.15244775300008], [120.34523680300003, 32.15274738300009], [120.34631243900004, 32.15138829199999], [120.348995369, 32.14540569800006], [120.35091333300014, 32.140416641000094], [120.35130413000005, 32.13715240600001], [120.35146233300009, 32.13263330700003], [120.35362465800003, 32.132778906000084], [120.35598190700011, 32.13263326600002], [120.36966146500006, 32.1299387830001], [120.37133336700003, 32.12991097800002], [120.37156810300009, 32.13122198200005], [120.37923455200007, 32.131267067000046], [120.38314068400007, 32.13151943300006], [120.38654456700016, 32.13087146800009], [120.38916683100004, 32.13052030400008], [120.40483043200003, 32.128112430000066], [120.41229692500008, 32.12669879099999], [120.41847907900001, 32.12595154800007], [120.42314124600011, 32.1256053000001], [120.43048722800005, 32.12578484100004], [120.43244074800012, 32.12472154799999], [120.43606168700005, 32.12172577900001], [120.4776993800001, 32.1048887050001], [120.48221403600007, 32.10113200600004], [120.506120042, 32.09470676899999], [120.50840289900006, 32.09379928600005], [120.51126175700009, 32.08248022800009], [120.51183097300012, 32.08173371400005], [120.51404446400011, 32.06796610900009], [120.51637943300013, 32.064466969000115], [120.51944290100002, 32.061280820000015], [120.52501591300009, 32.058516291000075], [120.53279204700009, 32.0578199510001], [120.53527391300008, 32.05816300500006], [120.54050801700009, 32.05572546000008], [120.54618423100007, 32.05307885700004], [120.5457756610001, 32.04672061900003], [120.5436059680001, 32.043201354000075], [120.55422087700005, 32.035894983000034], [120.55481933900009, 32.034950784000074], [120.55351766400013, 32.03071860400011], [120.54905626200002, 32.023670879000065], [120.54883071500001, 32.023280360000086], [120.52025026100011, 32.03251563400003], [120.49933205600004, 32.04303541700002], [120.49787332400005, 32.04321409500006], [120.49006156100003, 32.04417494700007], [120.47611047500008, 32.0458885360001], [120.46484204700005, 32.04727000900001], [120.46105682600012, 32.04773638500005], [120.45816616500005, 32.04635390200006], [120.4353495580001, 32.03543227300003], [120.41655187500007, 32.026430669000064], [120.40463881200007, 32.02072549600008], [120.39902169600009, 32.018034846000035], [120.38311565700013, 32.00847713700006], [120.37577854100003, 32.0001057430001], [120.36596749700006, 31.99265144700008], [120.34834371300008, 31.982490949000052], [120.30308438800012, 31.962756078000012], [120.28953527400003, 31.956843835000036], [120.25837811800011, 31.943820878000054], [120.238720841, 31.937173028000053], [120.23196793800001, 31.934889069000086], [120.2011835210001, 31.93346596700011], [120.17046624400007, 31.93572475400004], [120.1299157150001, 31.941214456000047], [120.05994342800014, 31.957300491000076], [120.01751350100008, 31.969679563000078], [120.01135849000002, 31.972427973000016], [120.000620561, 31.98132314100006], [119.99373738800017, 31.98622820300001], [119.97534475700007, 32.00010330800007], [119.97311383000013, 32.004375672999984], [119.97073512000014, 32.00894643000007], [119.96702011900007, 32.01606530600005], [119.94398695000005, 32.049623099000016], [119.92589212499999, 32.081146106000105], [119.9103314560001, 32.1252767920001], [119.90452598400007, 32.14144154100007], [119.90325180300007, 32.14705795400008], [119.90166147300012, 32.15110306500002], [119.90045534900005, 32.154478879000095], [119.89920607799999, 32.1582746990001], [119.89717505899999, 32.16199344800004], [119.89623784099999, 32.16615014100006], [119.89472710800013, 32.16917154800003], [119.89374682900011, 32.1721769280001], [119.89273156600004, 32.17403906800007], [119.89202850900004, 32.17704041400007], [119.89103912800007, 32.179588589000055], [119.89031901200008, 32.18235783100003], [119.88933854000005, 32.185135963000036], [119.88865230600003, 32.189053328000064], [119.88877418100007, 32.19226685400003], [119.88828837900012, 32.1941119530001], [119.88784554200006, 32.19687419000004], [119.88769803800002, 32.20032263000008], [119.88725516700006, 32.20331787500002], [119.88500748400008, 32.20865058200009], [119.88402676100011, 32.21142844300007], [119.88275056800003, 32.21375502700001], [119.88208313100006, 32.21789816000007], [119.88216904600006, 32.22042353500003], [119.88197853500002, 32.222719704000035], [119.88127511600008, 32.22572362400007], [119.88081512600004, 32.22825862600003], [119.87885424300006, 32.23404191500008], [119.87810775200003, 32.23589756000005], [119.87517448399998, 32.24514713700002], [119.87417634100008, 32.24746748000007], [119.87371623000001, 32.24977228799999], [119.87271001200008, 32.25209456100002], [119.87114766100004, 32.253735168000055], [119.87013238100005, 32.25536727000009], [119.86911702100006, 32.257459378000085], [119.86758844700016, 32.260018910000035], [119.86604477100006, 32.26234932400003], [119.86477663000002, 32.2649060160001], [119.86191257500002, 32.26795764200008], [119.859838263, 32.27053307600001], [119.85801652000006, 32.27241369000009], [119.85594195800002, 32.27498489600003], [119.85385827100001, 32.27733096000007], [119.852044199, 32.27967133800009], [119.84995230000004, 32.28178717900001], [119.84787832700012, 32.28413097000005], [119.84260990700012, 32.28838734200006], [119.84023983100005, 32.29005129700007], [119.83815646200006, 32.292397728000054], [119.834971792, 32.294075063000015], [119.83180302500008, 32.29621535600009], [119.82969345900007, 32.29787552700005], [119.82569210000011, 32.29934912000003], [119.8235655010001, 32.30031717600011], [119.82142989700006, 32.30105320200008], [119.81824399500007, 32.30296832199999], [119.81425072500006, 32.30466597600004], [119.81767077000006, 32.30825547400011], [119.8196065720001, 32.309358135000046], [119.82154236900013, 32.310690813000086], [119.82653428900008, 32.314703318000085], [119.82872191900006, 32.31533842900005], [119.83123033700005, 32.31780816700003], [119.83426835400006, 32.31979781700007], [119.83678568900007, 32.32226345500007], [119.8390071350001, 32.324047479000065], [119.84155931600006, 32.3276600500001], [119.84247070500007, 32.33062468200008], [119.84172434400013, 32.33270340900003], [119.84018760800008, 32.335266737000026], [119.84016052500014, 32.33530569000005], [119.84014146700008, 32.335330656000075], [119.84012742299998, 32.33535363200011], [119.83890364900006, 32.33713347300002], [119.83707203400004, 32.33901019900005], [119.83714105300007, 32.34107233000005], [119.8382782760001, 32.34288437200006], [119.83995311100013, 32.34422035000002], [119.83949352600011, 32.34675752600007], [119.83985833400001, 32.34973315200007], [119.83991935000009, 32.35156624100004], [119.83977158200003, 32.35524493000004], [119.8395717850001, 32.357540537999995], [119.83856461500008, 32.35963070400001], [119.837870261, 32.36286238700006], [119.84037045800002, 32.365097776000006], [119.84158797800004, 32.36564889700004], [119.84887696900014, 32.363708253000055], [119.84899922700005, 32.364606427000034], [119.85055548500011, 32.37616153000007], [119.85137721300006, 32.38192857100002], [119.850427478, 32.38344799300006], [119.84866639000003, 32.385849035000035], [119.84831742900013, 32.385699474000006], [119.84730750200005, 32.38674875800005], [119.84733756300014, 32.38700879300007], [119.84716706300006, 32.3872185000001], [119.84700761100011, 32.38724923399998], [119.84649718100006, 32.38709939400011], [119.84645706400012, 32.38713832400004], [119.84561750600002, 32.38903881000008], [119.84629736600004, 32.38985890300008], [119.84549794200007, 32.391508464000054], [119.84479778000005, 32.39328917000004], [119.84456711500006, 32.393309777000056], [119.8428381810001, 32.39267885200008], [119.84133786900013, 32.391999285000075], [119.841071046, 32.39246178900006], [119.84025852300007, 32.39396926500009], [119.84028759400009, 32.39412930600001], [119.84074792999999, 32.39431910500008], [119.839717552, 32.39813903200004], [119.84080874800014, 32.398319945], [119.84262805900002, 32.398349116000105], [119.8422778600001, 32.40035936700008], [119.84263487200006, 32.40064296600009], [119.84368784500006, 32.40150871700005], [119.84405789200002, 32.40172933400001], [119.84442794900009, 32.40181895900005], [119.84470771400007, 32.40223940400002], [119.84440776100011, 32.40325881700008], [119.84441777100005, 32.40345881900002], [119.84573751100001, 32.40386902000003], [119.84656785700005, 32.40401939900004], [119.84667716700002, 32.40400858200003], [119.84684766400002, 32.40384887700005], [119.8473671390001, 32.40373874600009], [119.84766800400004, 32.40352925800008], [119.84831782199998, 32.40355832200008], [119.84855748600009, 32.403618707000106], [119.8487680500001, 32.403869031000035], [119.84905685400011, 32.40386850000008], [119.84902073900005, 32.40402942900007], [119.84865754700002, 32.40603868300005], [119.8492371320001, 32.406338598999994], [119.84851696800003, 32.40810828800005], [119.84805762200003, 32.40879948000004], [119.848307307, 32.40895887500008], [119.84817289999998, 32.409294627000065], [119.84760820200006, 32.41055859400011], [119.84722702300004, 32.41173986300006], [119.84690697400004, 32.41335919100001], [119.84865786100013, 32.41366904100007], [119.84857754900005, 32.41463882400011], [119.8494870670001, 32.4147492860001], [119.85106128800012, 32.41596068700006], [119.85128974400003, 32.417819873000056], [119.85402304500005, 32.418445031], [119.85621071200005, 32.41931120000008], [119.8589968280001, 32.41933116600004], [119.85937440400008, 32.423460279000004], [119.85952768000004, 32.42465136700006], [119.86221528900003, 32.4244919770001], [119.86169575900011, 32.427526978000046], [119.86157836300009, 32.42876968900001], [119.86005455000011, 32.42955956400009], [119.86061365000012, 32.43268696900004], [119.86167888100013, 32.43685189800003], [119.86310209900012, 32.43911246600002], [119.86370135600006, 32.440934998], [119.86187780700007, 32.44304239300002], [119.85785970700007, 32.44428875200003], [119.85443158700002, 32.44666743200002], [119.85318996900006, 32.450138079000034], [119.85192332400004, 32.452694766000015], [119.85148085100003, 32.455689646000096], [119.8492671810001, 32.46216515600005], [119.84854692600001, 32.46493855700001], [119.84581397800002, 32.46758161400003], [119.83566628100007, 32.466633958000045], [119.82476546100008, 32.46249338800003], [119.81491087800006, 32.46763014800005], [119.80958056400002, 32.4709638470001], [119.81277529500002, 32.480020113000066], [119.81286230500004, 32.48276977900011], [119.81267051800015, 32.48507000600009], [119.81277556100005, 32.48805364100005], [119.81260974700001, 32.49149768000008], [119.81323542200008, 32.49377838400005], [119.81654326400005, 32.49576711300002], [119.81961539500003, 32.49844931100008], [119.82031909000008, 32.50348159099998], [119.82040612600008, 32.50600522000007], [119.82021432900002, 32.50830536700005], [119.81953703700003, 32.510697576000005], [119.81948586600006, 32.51084744800006], [119.82011054900013, 32.513358062000044], [119.81941610700005, 32.516816980000065], [119.81948510900008, 32.51910858300005], [119.81908651000006, 32.523249868000036], [119.81916451900011, 32.52577341200003], [119.81800145800008, 32.531308886], [119.8181314770001, 32.53544109400004], [119.81847032400006, 32.53749620300008], [119.82213315400007, 32.54176995900011], [119.82381717900014, 32.54333671000007], [119.82550118500004, 32.54513339300005], [119.82799266300003, 32.5469105830001], [119.829433867, 32.54917366000003], [119.8306051950001, 32.551897091000036], [119.83070121600005, 32.554879440000065], [119.83049241100001, 32.55672153400007], [119.82946811400008, 32.558579101000106], [119.82627319300005, 32.560037713], [119.82224571499998, 32.561276796000115], [119.82068373100006, 32.56337925400008], [119.81913778300012, 32.56571067400007], [119.81683837500012, 32.56989913300006], [119.81584010400003, 32.572446507000066], [119.81482382600007, 32.57453598500011], [119.81326192800006, 32.57640652600007], [119.81070082500007, 32.58083145799999], [119.81048400900008, 32.5826694830001], [119.81141247300006, 32.58609207700005], [119.81316641600006, 32.5897231100001], [119.81377305999999, 32.59177655300001], [119.81447101700009, 32.59348127600001], [119.81471170600003, 32.59392157600003], [119.81505666700005, 32.5948499040001], [119.81522104400005, 32.596180763000085], [119.81389099900005, 32.5963312530001], [119.81389083300004, 32.59813064600004], [119.81377138300002, 32.5990911000001], [119.81135102900012, 32.59980041900008], [119.81205101500005, 32.60105127000001], [119.81098874599999, 32.60194402500007], [119.80999172700001, 32.60237006800006], [119.81016119500009, 32.60277123600004], [119.81011084400009, 32.60496138700007], [119.80958124800007, 32.60514136600003], [119.80921814800004, 32.605362634000045], [119.80871154600005, 32.60642035200008], [119.81064227000002, 32.60671174100003], [119.81080265500006, 32.607737673], [119.81287088500002, 32.60757051200003], [119.81299125100013, 32.607540744000055], [119.81312166699999, 32.60729107200009], [119.81617192500005, 32.60718175100001], [119.81613162000008, 32.60917097600002], [119.81617173200003, 32.60927101500004], [119.81677156, 32.60926113400002], [119.81682471300005, 32.609364197000026], [119.81414100800014, 32.61534108300002], [119.81408182100003, 32.61543094100008], [119.81377090100015, 32.6152014510001], [119.81351107900007, 32.615600827000016], [119.81303145700008, 32.61749125900011], [119.81115085000009, 32.616961009000114], [119.81124207000008, 32.61754096400005], [119.81090162900017, 32.62211166500004], [119.80986123400015, 32.62521062400003], [119.80965159800012, 32.625341195000004], [119.80959137800002, 32.62577092500003], [119.80929148700008, 32.62576138700004], [119.8093034990001, 32.626015314], [119.80941153300014, 32.6291413280001], [119.81119182400002, 32.629441444000065], [119.81377157300003, 32.629671087000055], [119.81994231400009, 32.630411291000016], [119.82060132700008, 32.63050149200011], [119.82051103700006, 32.6306312730001], [119.82057824100002, 32.63065738900004], [119.82380206900004, 32.631461134000105], [119.82343264400004, 32.634611229000065], [119.82520210200008, 32.63440163200004], [119.82590200500007, 32.637100897], [119.82622193600008, 32.63766127900001], [119.82643256900009, 32.637811614000015], [119.82778241100004, 32.641090853], [119.82776233299998, 32.641260749000025], [119.82734202700011, 32.64145088700003], [119.82773811900003, 32.64279209600007], [119.82785245600007, 32.64294125100007], [119.82807212400004, 32.64300163700009], [119.83375749500007, 32.64266730900005], [119.83464216600008, 32.642730904000075], [119.8377715910001, 32.642470677000034], [119.83937134600004, 32.642520514000076], [119.83973241999999, 32.64247017400008], [119.83963228300004, 32.64072068900001], [119.8418818880001, 32.640900572000064], [119.84186201500006, 32.63887033600004], [119.84211175300004, 32.638790802000116], [119.84471127900008, 32.638900227000114], [119.84556172500002, 32.63882069600002], [119.84842082300005, 32.638749465000075], [119.84998120500003, 32.63828916600009], [119.85015068700011, 32.63813949600005], [119.8501206200001, 32.63795951800008], [119.84951097700002, 32.637469732000056], [119.84912093199999, 32.637039271000056], [119.84916706800007, 32.63697137200003], [119.84919113700002, 32.63694042300005], [119.84966046300005, 32.63667928100003], [119.85082067300003, 32.63656017800003], [119.85046082000011, 32.635080181000056], [119.85031041500008, 32.63496998500008], [119.85018014100007, 32.634030140000036], [119.85521074000009, 32.63361905400004], [119.85504942000016, 32.63246925600003], [119.85632978000004, 32.632349187000045], [119.85626066000009, 32.63168933900007], [119.85755903100005, 32.63146929500007], [119.85754000400007, 32.63122836000012], [119.85764928800006, 32.63117853500008], [119.85794002300005, 32.63125891699998], [119.85799015900011, 32.63117901800003], [119.85840921100007, 32.631318555000036], [119.85861976600006, 32.631078942000016], [119.85932953300008, 32.63130883900003], [119.8600093010001, 32.63052906800008], [119.8616193280001, 32.629808497000056], [119.86177871800014, 32.62977871700008], [119.86190997900007, 32.63041864500009], [119.86204918600005, 32.63185827700001], [119.86225858100013, 32.63307808100004], [119.86485779800009, 32.63242960400004], [119.865509318, 32.63228744700009], [119.86491903600009, 32.63137808199998], [119.86561767500007, 32.631098033000086], [119.86472886200008, 32.628407978999995], [119.8645283940001, 32.628417729000006], [119.86446935200001, 32.62734806100005], [119.86416864300008, 32.62739767000007], [119.86405844800004, 32.626687801000045], [119.86342895300008, 32.62678797300007], [119.86319850000011, 32.62573807600007], [119.86416781000003, 32.62553537000008], [119.86543878500001, 32.62532800000007], [119.86556808900005, 32.62525818200006], [119.8647184590001, 32.62154753300008], [119.8675479360001, 32.621207001000066], [119.87072678200003, 32.62166728100004], [119.87084506500005, 32.62128554400008], [119.87185645300006, 32.61815071900005], [119.87191758800006, 32.61804681800007], [119.87218714100007, 32.61804708400009], [119.87307691400005, 32.61841680900004], [119.8755968290001, 32.61866600500005], [119.87649650800003, 32.61888568600002], [119.87667683200002, 32.619025784000065], [119.87679602800003, 32.619305778000054], [119.8767056940001, 32.621136031000056], [119.88256480600012, 32.62150406600004], [119.88266495700006, 32.62160508900005], [119.88249563700009, 32.62215478400006], [119.88262483700012, 32.62222483600008], [119.88577460900004, 32.622534403000024], [119.88732380400006, 32.62247410600001], [119.88928343900011, 32.622132952000115], [119.88919341000013, 32.621173277000025], [119.8892134910001, 32.620563509000114], [119.8900035, 32.62045279700001], [119.89010366700003, 32.61999299600007], [119.89182272800008, 32.61998343900008], [119.89223322100011, 32.619742614000046], [119.89231233100008, 32.61950771700006], [119.89244255300002, 32.618673048000105], [119.89331852600003, 32.61860722600007], [119.89388211900011, 32.61870227100003], [119.894032012, 32.621632213000076], [119.89587244500004, 32.626151685], [119.89615170700006, 32.62617168900006], [119.89771113000003, 32.625930778000026], [119.89816150800007, 32.62596174600001], [119.90502994700012, 32.62680001100009], [119.90702976300011, 32.62718905400004], [119.9071187830001, 32.62732696100008], [119.90066352800014, 32.636059613], [119.8993534110001, 32.637696154000054], [119.89809516600009, 32.64025225100007], [119.89653260300013, 32.642353447000104], [119.89550848800003, 32.64398775700006], [119.8936854230001, 32.64632563800005], [119.89241083700006, 32.64842457800008], [119.89195008400013, 32.65096145400002], [119.89229727400007, 32.653246589999995], [119.89290478900017, 32.65506495400008], [119.89378157200005, 32.65688533700006], [119.89439801000007, 32.65916146300001], [119.89457175300006, 32.66397945300004], [119.89411105000013, 32.66651432100007], [119.89338202600004, 32.66928603300008], [119.89263604100003, 32.67114110500009], [119.89085666100007, 32.674631189000024], [119.89010257100003, 32.676485168000035], [119.88740301400004, 32.676780098000016], [119.88386190800006, 32.67617767600009], [119.88140600100007, 32.676006288000025], [119.87869835400014, 32.67607237400008], [119.8762858790001, 32.676819133000045], [119.87303953099999, 32.677130088000105], [119.87008932500014, 32.67811769100011], [119.86770197700005, 32.67978034500001], [119.86584465800003, 32.68120455500008], [119.86565401100006, 32.68350529900002], [119.86666078800013, 32.689216908000084], [119.86785018300006, 32.69217192100007], [119.86877791300007, 32.695594375000006], [119.87099155100009, 32.696688216000005], [119.87247526600001, 32.700554894000014], [119.8706353010001, 32.70220427000006], [119.86932535500017, 32.70384111400004], [119.86721556000012, 32.70550097800007], [119.86402204700003, 32.70741124700003], [119.85835406800003, 32.708469220999994], [119.85544636300006, 32.710607005000035], [119.85362434400011, 32.71271225700006], [119.85370232300008, 32.71523815300006], [119.85350257900006, 32.717538727000075], [119.853615589, 32.72074632699999], [119.85315612600009, 32.72328337300004], [119.85213118900002, 32.72514486700005], [119.85085551500006, 32.72724182000009], [119.84850373700009, 32.73004963500006], [119.84530950900012, 32.73196636900011], [119.84214109500016, 32.73456462300006], [119.83874769600004, 32.738774497000044], [119.83774946500014, 32.74155728000008], [119.83728887500004, 32.74385926200003], [119.83688127299999, 32.748002371000084], [119.83724613700005, 32.750517711000015], [119.84037904400012, 32.75503391200003], [119.84230562299999, 32.75590781900004], [119.84452795300001, 32.75723393400008], [119.84645539300007, 32.75810371700001], [119.84896329800009, 32.75988089200006], [119.8509255450001, 32.761898951000056], [119.85541223400006, 32.765923647000086], [119.8581982380001, 32.7681544600001], [119.86013400800005, 32.769252538], [119.86208667900004, 32.77058440800007], [119.86217365900004, 32.77310813900007], [119.86061962699998, 32.775669675000096], [119.85825049200007, 32.77779424200003], [119.8555684930001, 32.77854596000005], [119.85097707200009, 32.77957237200007], [119.83880800400006, 32.78101200100008], [119.83449395600007, 32.78203063800007], [119.8285827420001, 32.78400759900004], [119.82672492700013, 32.785196458], [119.82434741500005, 32.78732180300008], [119.82224575100005, 32.7894356630001], [119.82121342500008, 32.79106680200006], [119.8208227990001, 32.79566745100004], [119.81997206900004, 32.79693013400007], [119.82184639800006, 32.80160696200005], [119.82462472200008, 32.804087745000054], [119.82533647099999, 32.80887529700005], [119.82075324900003, 32.81012995900004], [119.81858260100012, 32.80995399600004], [119.81415529400007, 32.80776204200004], [119.80723693299998, 32.80379177900008], [119.80393738300009, 32.8027195930001], [119.8014813410001, 32.80254647300007], [119.79743588800014, 32.803559151000016], [119.79503021900004, 32.80453172500002], [119.79206125100006, 32.805062815000085], [119.78963087700005, 32.80580676000009], [119.78750336500005, 32.807231875000056], [119.78566264600008, 32.80911322400002], [119.78531976000014, 32.809672432000106], [119.78487964000013, 32.81025649700011], [119.78358737000005, 32.81214467700002], [119.78426459900004, 32.816261147000006], [119.7851765400001, 32.81899175200007], [119.78581882600011, 32.82196086000007], [119.78778149400014, 32.82398338800008], [119.78949161199998, 32.826236499000075], [119.79310279800008, 32.82867845200006], [119.79587311100015, 32.83022387100003], [119.79702710600006, 32.83203163800004], [119.79735684400008, 32.83385906900007], [119.79741784100005, 32.83569505400001], [119.7964628470001, 32.83962011700006], [119.7935377340001, 32.84175118999999], [119.79091266800006, 32.84339618700003], [119.79126838400009, 32.84564533700005], [119.79145083099999, 32.845954421000044], [119.79357221700002, 32.84827123300007], [119.79988311700002, 32.85292353900007], [119.8007374430001, 32.85388437700008], [119.79398444100002, 32.857666037000065], [119.79267092500005, 32.85786888000006], [119.7924041760001, 32.858341177000064], [119.792297832, 32.85901259500002], [119.7924652510001, 32.859254698000065], [119.79405233300014, 32.860776196000096], [119.79617394600008, 32.86220965400004], [119.79648777700002, 32.86251996400005], [119.7973410180001, 32.86365962800002], [119.79763874800004, 32.86467247500007], [119.7970018020001, 32.86666218400003], [119.7965714430001, 32.86854829500003], [119.79635783600011, 32.86877580700012], [119.79280897700002, 32.87190324300007], [119.79014595600003, 32.872559818000035], [119.78971877400014, 32.873451623000015], [119.79093939400005, 32.87912080600004], [119.79066451400004, 32.88090625100006], [119.79039780800008, 32.88107474700006], [119.78429140100005, 32.88305689000002], [119.78286743600009, 32.88928400600002], [119.78266777200008, 32.891357405000065], [119.78067063600012, 32.89691028200006], [119.780219331, 32.899904773000024], [119.77950744900008, 32.90290794700008], [119.78013261700002, 32.90541705000003], [119.78019358200001, 32.907252914000054], [119.78080076700006, 32.90930330400006], [119.78034050400008, 32.91160821700008], [119.77880378100011, 32.91462837800003], [119.77751075600007, 32.916722495000016], [119.77375974200004, 32.918417328000004], [119.7701998460001, 32.91780931000006], [119.76686600400004, 32.915592958999994], [119.76351464000004, 32.91291428100005], [119.76038919700017, 32.90908288200003], [119.75843555600008, 32.907519884000024], [119.75675043500009, 32.90595114100008], [119.7528698810001, 32.90397505200009], [119.746019337, 32.902294082000004], [119.74325834700011, 32.901210862], [119.741060992, 32.90057054400004], [119.73833556000011, 32.900400234000074], [119.73429791999999, 32.90164079100004], [119.72806392700012, 32.90247154700003], [119.72507708700007, 32.90253758400008], [119.72209858300002, 32.903060626000105], [119.71993716200006, 32.90357221100007], [119.71647236, 32.9057152070001], [119.71437121900014, 32.90805691700005], [119.71334660800011, 32.91014668600012], [119.71158429400012, 32.91454582500004], [119.71004806300002, 32.91756568400006], [119.70932732500017, 32.92033473800002], [119.70725260500001, 32.923827077000055], [119.7065399100001, 32.92682301700005], [119.70690532300014, 32.92980252900002], [119.70779936200003, 32.93230467100001], [119.70843260500013, 32.93504800300007], [119.70962240800006, 32.938234343000005], [119.70776469100011, 32.93965375300003], [119.70456121000008, 32.9417886210001], [119.70188662500003, 32.94299861100003], [119.7000293550001, 32.944645245000025], [119.69791942100005, 32.94675903400004], [119.69661670600009, 32.948623807000054], [119.69430799000011, 32.953037505000026], [119.69266720599998, 32.961337520000036], [119.69163432400005, 32.96319996800003], [119.69225033200004, 32.965480366000065], [119.69285740400008, 32.96730110000008], [119.6945860000001, 32.970479067000035], [119.69634759300003, 32.97410972600006], [119.69620036900011, 32.978246094999996], [119.69627804100004, 32.980767222000054], [119.69747635700007, 32.98418495700004], [119.69917830400003, 32.98621091900007], [119.70033289500009, 32.988250753], [119.70152238200001, 32.99143676800001], [119.70176544100003, 32.998780278000005], [119.70209492000004, 33.000835358000046], [119.70272007300007, 33.00335069200007], [119.70306752300004, 33.00563559100003], [119.70285954700014, 33.00747859500011], [119.69941273900005, 33.010537537000076], [119.69489748400012, 33.01408313100007], [119.69330926600009, 33.01549573400007], [119.69150321100003, 33.01874845500008], [119.69076591200005, 33.02128991100004], [119.69054901600013, 33.02313197900004], [119.6906356640001, 33.02565804800006], [119.69053970900006, 33.02648262900008], [119.69053970700007, 33.02650361500004], [119.69053471100011, 33.02652560800008], [119.69020986400005, 33.02933917300008], [119.68924673000004, 33.03348789300007], [119.68724987900009, 33.03904343800011], [119.68621611800009, 33.040904944000026], [119.68520128700007, 33.043452945000084], [119.68374281999999, 33.04899163900006], [119.68303055300012, 33.05199280000004], [119.68286546300007, 33.055438653000046], [119.68298693900007, 33.05910882500005], [119.68251837200012, 33.061644877000006], [119.68204084500005, 33.06394811200006], [119.68078239700002, 33.066962280000055], [119.68059143700012, 33.0694918350001], [119.67882859300009, 33.074351649000036], [119.67652862500003, 33.07899265700007], [119.67444552900008, 33.082026437], [119.66942786500013, 33.087183348000096], [119.66678079400006, 33.08976559300005], [119.66465297700003, 33.09165133700003], [119.66225760100008, 33.093313744000085], [119.65904546200014, 33.095221507000105], [119.65609490400008, 33.09666304800001], [119.6518161520001, 33.099284119000075], [119.64963319900004, 33.10121771400001], [119.64885448700008, 33.099605259000086], [119.64879654, 33.09993612800002], [119.64840610700003, 33.09991684000002], [119.64839707600007, 33.10037653000004], [119.64647681599999, 33.100436889000065], [119.64643686700006, 33.10048692400003], [119.6465865990001, 33.101086235000054], [119.64732555500007, 33.10101698100001], [119.64743634400008, 33.10157638700011], [119.64673631700006, 33.1018264460001], [119.64688602800001, 33.10262661400005], [119.64528630100008, 33.102386585], [119.64520640700005, 33.10243668800006], [119.6450664140001, 33.104417524999995], [119.644966541, 33.10453761400007], [119.6443773520001, 33.104566609000074], [119.64433738600007, 33.10478652200006], [119.64442624300015, 33.10499722], [119.64441617300011, 33.10589660000007], [119.64268651300009, 33.105977494000015], [119.64250661900005, 33.10740778400005], [119.64240773700013, 33.107546851000016], [119.64243668400002, 33.10770768900009], [119.64250658700004, 33.10773754999998], [119.64297595800005, 33.107736756000094], [119.64309664500001, 33.10932742299999], [119.64330733700004, 33.10956789400008], [119.64377769800005, 33.10957708500004], [119.64353672900009, 33.11270727700004], [119.64341681800012, 33.11348692900007], [119.64319705600005, 33.114117857000046], [119.64289745800014, 33.11413735100006], [119.64207656700016, 33.11399683600007], [119.64185689600001, 33.11359748700007], [119.641787023, 33.11322786600004], [119.64007726200012, 33.11309779100002], [119.6398365540001, 33.11326806400008], [119.63866704300005, 33.11313805300007], [119.63758796700003, 33.11747770300004], [119.6375070580001, 33.11754778100007], [119.63636843000003, 33.11755856200007], [119.63611770900006, 33.117757810000036], [119.63543840200008, 33.118868073000066], [119.635177546, 33.12054828300008], [119.63524841199998, 33.12109778600008], [119.63561797300011, 33.121188156000095], [119.63681754600006, 33.121218269000096], [119.63817785300009, 33.12158785500004], [119.6396080100001, 33.122097186000076], [119.64150754300007, 33.12220697500001], [119.64405713599999, 33.12204777300008], [119.64417996400002, 33.12209153100005], [119.64414687900013, 33.123466615000055], [119.64405699500006, 33.12353672000008], [119.64304734900011, 33.12372730900004], [119.64326695500006, 33.12474721400005], [119.64317707000009, 33.124817318000076], [119.64220736900006, 33.12482695000008], [119.64245783999999, 33.12688707200009], [119.64231801800007, 33.126977245], [119.64115752300006, 33.12725798700005], [119.64189150900003, 33.127772399000065], [119.64132719300007, 33.128406893000076], [119.64403738100013, 33.13030696900008], [119.64109715800012, 33.13195776800006], [119.64448945300006, 33.144107468000094], [119.64859329500005, 33.158378246000034], [119.64892179700006, 33.15859850300005], [119.65005812000001, 33.15875534700006], [119.65299575800007, 33.15855711600009], [119.65218644500008, 33.16414570100002], [119.652286256, 33.164556231000056], [119.6532237140001, 33.16592255100004], [119.65458953400005, 33.16701725500011], [119.6561540490001, 33.16789871800003], [119.65872496800009, 33.16885320600005], [119.66225724100005, 33.17074416500001], [119.6642479520001, 33.172252304000004], [119.66507953000007, 33.17337592600007], [119.67180156000008, 33.17729931300006], [119.67202318500003, 33.17760967500008], [119.6751660770001, 33.18006399700002], [119.67754718100002, 33.182814607000054], [119.6779205910001, 33.18308472100002], [119.68260545200005, 33.185275548000014], [119.68692404600006, 33.188647474000035], [119.68718266400003, 33.18895980400003], [119.68957207500011, 33.19299286900004], [119.6900912160001, 33.194865691000096], [119.69231895600004, 33.199161974000035], [119.6936691010001, 33.20110640500007], [119.69635568500007, 33.203515413999995], [119.69670628500012, 33.203494873000075], [119.70020079800008, 33.20008182600003], [119.70059839800001, 33.19995831600002], [119.70300899900008, 33.200023750000106], [119.70321478400005, 33.200230315000056], [119.70394698200006, 33.20143145600005], [119.704672811, 33.20673581600009], [119.70571773600011, 33.20830631000009], [119.70600737600009, 33.209458132000094], [119.7068370940001, 33.21551989900009], [119.70681707200004, 33.21592065400003], [119.7071914000001, 33.2197075930001], [119.70747806700001, 33.22075150900006], [119.70798168000012, 33.220594959000074], [119.7084763090001, 33.22043043300005], [119.70897994000012, 33.22026989900009], [119.70923175900008, 33.22018963500002], [119.70973540200009, 33.22003510900002], [119.7102390560001, 33.21987259600008], [119.71052585900011, 33.219820278000014], [119.71105450299999, 33.21973569500003], [119.71131533000008, 33.21969440800008], [119.71184498900001, 33.21960783600011], [119.71210582500011, 33.21956455800008], [119.71263549800005, 33.2194799970001], [119.71315618700007, 33.21939845300002], [119.71342503100001, 33.21935017900002], [119.71395473100006, 33.21926763900003], [119.71421458700007, 33.219226377000076], [119.71473630800006, 33.219141860000015], [119.7150051680001, 33.21910059400006], [119.71553490000005, 33.219016081000085], [119.71578677600012, 33.21897484100005], [119.71631652500008, 33.2188863430001], [119.71658540100012, 33.21884509100006], [119.71711516500008, 33.21876260400008], [119.71736705800004, 33.21871937800005], [119.71768792500004, 33.218665092], [119.71811377200001, 33.21839984999999], [119.71855662100006, 33.21812960000001], [119.71898148400012, 33.21786037200012], [119.71941635100005, 33.21758914300006], [119.71984123000003, 33.217323926000056], [119.72027511100013, 33.21705770700005], [119.72070100400003, 33.216788503000075], [119.72091795300003, 33.21665140200001], [119.72135185400006, 33.2163851980001], [119.72177776600003, 33.21611801000002], [119.72221168400006, 33.21584882100004], [119.72264560900007, 33.21557963900006], [119.72307154300006, 33.215308472000096], [119.72350548400007, 33.21504829700006], [119.72372245700001, 33.2149092170001], [119.72414841200006, 33.21464006400004], [119.72458237300009, 33.21437091100006], [119.725007342, 33.21410477000006], [119.72544131900011, 33.213837629000075], [119.7258663040001, 33.21356850300001], [119.72608430000002, 33.213434437000025], [119.72631029700007, 33.21329737100005], [119.72637031400006, 33.21307847700006], [119.72651834700005, 33.21264267000006], [119.72658736399998, 33.21242477000006], [119.72665738, 33.212210866000035], [119.72680441500009, 33.21177806000002], [119.72687443300003, 33.21156115900001], [119.72694345200014, 33.211338263000044], [119.7270824880001, 33.210906463000114], [119.72715150700003, 33.2106915630001], [119.72722152500015, 33.21047466300009], [119.72736956300005, 33.210038861], [119.72743858400008, 33.209820963000006], [119.7275086030001, 33.2096020660001], [119.72764664400006, 33.20917026899999], [119.72771666399998, 33.20895137300008], [119.72778568400011, 33.20873447499999], [119.72793372600009, 33.20829967500008], [119.72800274700012, 33.20808277900007], [119.72807276900005, 33.20786388300008], [119.72821081300002, 33.20742809200008], [119.72828083500005, 33.207210196000084], [119.72834985699998, 33.20699629900006], [119.72865388, 33.206848209000064], [119.72892289400014, 33.20681806400005], [119.72946193200006, 33.206761778000015], [119.72972195500009, 33.20673164600001], [119.72998198100001, 33.20670551400007], [119.73052104400003, 33.206640254], [119.73079007999999, 33.20661412500006], [119.73105011800011, 33.20658400500005], [119.73158020500009, 33.206525767000116], [119.73184925500007, 33.20649465100003], [119.73210930500008, 33.20646454200003], [119.73263941700007, 33.20640832400008], [119.73290847900013, 33.20637821700008], [119.7331775440001, 33.20634811400007], [119.73370768200009, 33.20628691999998], [119.7339677540001, 33.206260825000044], [119.73423683200008, 33.20622873400006], [119.73476699500007, 33.206167560000054], [119.73503508200005, 33.20614047300003], [119.73520015800011, 33.20591156600001], [119.73535725100007, 33.20548180100007], [119.73523524600009, 33.20511110000004]]]}}, {"type": "Feature", "properties": {"name": "无锡", "full_name": "无锡市"}, "geometry": {"type": "Polygon", "coordinates": [[[120.38651840900002, 31.930404478000106], [120.38574564700004, 31.927655243000096], [120.3763343490001, 31.92069120400005], [120.37516490300007, 31.920359174000026], [120.37621549800012, 31.919579062000047], [120.37574479300008, 31.91858926000004], [120.37552591700009, 31.918309395000065], [120.37539497400009, 31.918348522000016], [120.37520506800001, 31.918288681000043], [120.37505516600004, 31.917988751000095], [120.37461456100009, 31.915948710000052], [120.374874438, 31.915898458000072], [120.37481051200004, 31.915419413000045], [120.3757450920001, 31.915219519000026], [120.3757451280001, 31.914799426000087], [120.37502445900007, 31.91484909000011], [120.37502453500008, 31.913988901999993], [120.37584515500012, 31.91399916200004], [120.37594715900003, 31.91342994700002], [120.3766758480001, 31.91344931600002], [120.37666589600008, 31.912949215000033], [120.37791543300008, 31.912749127999994], [120.37819627600005, 31.91341004600006], [120.37851613000015, 31.913819881000038], [120.378816034, 31.913799641000054], [120.37884600499999, 31.91401966600005], [120.3798457040001, 31.91406892000004], [120.37995567900006, 31.914009825000036], [120.38008566800016, 31.913749673000005], [120.38047658800008, 31.913520340000034], [120.38035680200002, 31.911439972000032], [120.38040579900009, 31.911329912000078], [120.38281640900006, 31.910350083000004], [120.38312631600003, 31.910920015000087], [120.38337629300011, 31.910820843000053], [120.3835072630001, 31.910990800999997], [120.38363125500007, 31.91093471500006], [120.38383722600005, 31.911010611000037], [120.3841072160001, 31.910850421000106], [120.38450622399998, 31.910420101000028], [120.38463624599999, 31.91007095400009], [120.38490723300004, 31.91005080100011], [120.38536720500008, 31.91016058100005], [120.385817212, 31.910000316000023], [120.38616723700011, 31.90972108200001], [120.38632728400012, 31.909210893000072], [120.38659732700016, 31.908790673000034], [120.38698844400002, 31.907641242000054], [120.38714748200003, 31.907291094000037], [120.38732951000009, 31.907105973000085], [120.38816753900005, 31.907560717000052], [120.38892761500006, 31.907731457000054], [120.38931764600008, 31.90802137700006], [120.38912858700007, 31.90836152000005], [120.3893285780001, 31.9088215470001], [120.39040772700005, 31.909362302999988], [120.3910578560001, 31.909552150000067], [120.39118787900011, 31.909642133000048], [120.39121787600001, 31.90976215100003], [120.39115883000011, 31.91012124600008], [120.39120883300006, 31.910231255000035], [120.39128884600004, 31.91030124900005], [120.39152890800008, 31.910302184000038], [120.39167797600007, 31.909972073000084], [120.39238823900004, 31.909312756000062], [120.39275837200012, 31.909121633000062], [120.39290945100001, 31.908792530000007], [120.39325858100003, 31.908652430000053], [120.39335863500004, 31.908432363000053], [120.39313859600014, 31.90801231400011], [120.39317861499998, 31.90795229300003], [120.39570970300005, 31.907242785000037], [120.39627997600007, 31.90726274700009], [120.39657913500005, 31.907152707000044], [120.396854241, 31.907562784000042], [120.39740443700012, 31.908703019000065], [120.39764953200006, 31.909173120000055], [120.39775959500003, 31.909153117000088], [120.39843102000006, 31.90879505100004], [120.4030064360001, 31.907306344000055], [120.41660397300011, 31.901836524000004], [120.41691646400011, 31.901710763000082], [120.42029409900007, 31.90020359900008], [120.4221954960001, 31.899665484000053], [120.4321711770001, 31.897424059000045], [120.43932594500004, 31.89522649300003], [120.44227392200006, 31.894341791000016], [120.442298992, 31.894335838000053], [120.44234712500008, 31.89431992700007], [120.44490031700003, 31.89378883400009], [120.45022210100001, 31.89322092200009], [120.46190832800005, 31.891853412000003], [120.46198578500007, 31.889664147000055], [120.46423432000003, 31.881497223000046], [120.46672719000006, 31.881088698999996], [120.48006919100007, 31.876340939000002], [120.4826040800001, 31.87473498900009], [120.48637985500014, 31.873274805000065], [120.48776877400005, 31.867417734000036], [120.49159714800008, 31.862836223000038], [120.49759842000005, 31.85411646200003], [120.49837697900017, 31.848120630000068], [120.49882812100009, 31.843685133000065], [120.50386255600009, 31.845676512000075], [120.51001635999998, 31.8435341960001], [120.51300293100009, 31.839960153000057], [120.51760328000015, 31.83620749600007], [120.5244600020001, 31.83339469900004], [120.52696793500004, 31.829900654000042], [120.52496359500002, 31.823370223999994], [120.52649121600012, 31.819090486000093], [120.52561340000014, 31.816721772000037], [120.52394870999998, 31.815666177000004], [120.52019263500006, 31.81282650900006], [120.5193215190001, 31.812559062000048], [120.51816769100003, 31.808310139000028], [120.51957320600006, 31.80331420800011], [120.52215993800004, 31.79757935200007], [120.5237826900001, 31.79711464500008], [120.52595332700002, 31.795814188000037], [120.52681231500003, 31.795254344000078], [120.52722015900012, 31.789835554000078], [120.54009016100007, 31.78921155900005], [120.54020329800011, 31.79154617200004], [120.5410245940001, 31.792804180000033], [120.54193713000004, 31.79400235400005], [120.54242450400011, 31.794245442000005], [120.5446377170001, 31.794144088000053], [120.54553013900014, 31.79438795700007], [120.54993557400005, 31.795726787], [120.55121873400007, 31.7961702320001], [120.5515947230001, 31.79538379100004], [120.55161279500008, 31.79504477000006], [120.55159504900004, 31.79148317800007], [120.55159404900004, 31.791455172000063], [120.55159505200004, 31.791435170000092], [120.55159307100004, 31.791159123000078], [120.55159307400004, 31.79112211800004], [120.55159307600005, 31.791095114000022], [120.55158222700004, 31.788967765000045], [120.55238027300007, 31.787656997000035], [120.55412037800008, 31.78781506100006], [120.5664706540001, 31.795896352000085], [120.56677018500011, 31.795629666000046], [120.57651585100008, 31.78692578000002], [120.58002183700009, 31.784277749000033], [120.5808547640001, 31.782716997000037], [120.58226130400011, 31.77934224100005], [120.58452557200005, 31.773734440000048], [120.58482992400002, 31.77216033500001], [120.58519450100007, 31.768316935000065], [120.58449127800006, 31.764917203000053], [120.58431816800012, 31.764689102000013], [120.59062698100004, 31.762563475999997], [120.5927530780001, 31.758303075000093], [120.59345636600003, 31.75716093700001], [120.59369961700008, 31.754856640000042], [120.59581668500002, 31.746757514000045], [120.59454962600014, 31.744930394000036], [120.59061857400006, 31.743271058000055], [120.589117147, 31.74030448000009], [120.58522911100009, 31.737065039000115], [120.58139300000003, 31.737532366000053], [120.58014290399998, 31.73659355700009], [120.5789279950001, 31.732810389000065], [120.57801723200015, 31.730321517000014], [120.57749670600006, 31.72975309200006], [120.57823404900014, 31.72329294400005], [120.57898100800003, 31.72121723400008], [120.58036949100008, 31.720045974000065], [120.58088126400006, 31.71655593600005], [120.58346752000008, 31.716254202000037], [120.5856371130001, 31.716240056000025], [120.58662584700002, 31.71512327300008], [120.59258878, 31.71295107800003], [120.59487934300009, 31.712843035000063], [120.59660673300002, 31.71097369400011], [120.59603183500005, 31.7090015960001], [120.59381746300005, 31.708691717000036], [120.59380648200013, 31.708441697000048], [120.59361746100004, 31.708131672000064], [120.59227711200006, 31.707751613000056], [120.59229715200004, 31.70735158100009], [120.59152690400008, 31.707192517000074], [120.59160691000012, 31.70747254700006], [120.59201703500004, 31.70766159100007], [120.59195700100005, 31.707832602000096], [120.59152685900007, 31.707732562000082], [120.59108674299998, 31.707172474000103], [120.59095772000006, 31.706842433000062], [120.58962732500002, 31.70478208100012], [120.58969738700014, 31.704412062000053], [120.58859797400012, 31.702942737000072], [120.58760649800007, 31.7022034450001], [120.5873183110001, 31.702453389], [120.58717823300006, 31.70240334700003], [120.58561936100014, 31.700992751000022], [120.58401917000008, 31.701474177000065], [120.5837790170001, 31.701083045000033], [120.5851680920001, 31.700483551000083], [120.58501902600003, 31.70001345900009], [120.58422243100011, 31.700182161000015], [120.58410937100007, 31.699873091000022], [120.58485894700001, 31.699593367000055], [120.58486896100013, 31.69951336500001], [120.5841085130001, 31.698142959000045], [120.58396941500004, 31.698053895000044], [120.5829986220001, 31.69835448800005], [120.58281947900002, 31.698293399000057], [120.5824392240001, 31.69751415800006], [120.58221903800008, 31.697494048000088], [120.58129937300009, 31.695694438000046], [120.5809290310001, 31.695714236000086], [120.5807098900001, 31.694934057000104], [120.57612095900001, 31.69540501600008], [120.57389714500005, 31.695821216000056], [120.57379100600005, 31.69581612300008], [120.57375096400003, 31.69568507900007], [120.57372099500003, 31.69483599100007], [120.57415356800003, 31.694739361000067], [120.57386827300004, 31.693823048000105], [120.57449510300013, 31.6935975700001], [120.57417681500009, 31.692125197000045], [120.57415078600006, 31.692066170000047], [120.573820348, 31.69214588800007], [120.57331065300001, 31.692365452000026], [120.57245141100006, 31.693205721000005], [120.57137082100009, 31.69393573500001], [120.57125167400008, 31.693626595000104], [120.57103135400007, 31.693616375000055], [120.57109146200006, 31.693366418000068], [120.57160120700004, 31.69327591400004], [120.57159121000012, 31.693065888999982], [120.57147204000012, 31.693055772000037], [120.57147207400011, 31.69264574400004], [120.57190169100014, 31.69259615700002], [120.57192175600002, 31.69216614700006], [120.5721610950001, 31.692136373999993], [120.57216111100001, 31.69193636000005], [120.5723423660001, 31.69192653000004], [120.57239141900007, 31.692105589000022], [120.57265178700003, 31.692015826000052], [120.57262178200003, 31.691575768000057], [120.56818211900013, 31.69180722300011], [120.56642223100009, 31.691397147000025], [120.56588233, 31.69107747000004], [120.56582323200008, 31.691017393000045], [120.56616285100003, 31.690637782000074], [120.56627206100009, 31.690356895000015], [120.5654026230001, 31.68948677000005], [120.56494285699998, 31.688897154000117], [120.5640832730001, 31.689297077000077], [120.56394302100013, 31.689237890000065], [120.563470249, 31.68800718600002], [120.56382291100013, 31.687897645000106], [120.56381294100002, 31.68730759300005], [120.562613691, 31.687367991000073], [120.56199449200003, 31.687498146000095], [120.56197355499998, 31.68624803700004], [120.56185340700007, 31.685217805000065], [120.56062408700005, 31.683938978000036], [120.56008403400004, 31.6835081630001], [120.55990367500013, 31.68339789000003], [120.55928440100004, 31.683417968000093], [120.55915414200001, 31.683288763000064], [120.55908401600007, 31.68303864300006], [120.55877940100001, 31.6827771640001], [120.55861507000009, 31.68260890300003], [120.55874434900014, 31.682528096000098], [120.55913416200005, 31.682548690000026], [120.55940473300006, 31.682408088000024], [120.55992391500003, 31.68100777900007], [120.55955417900009, 31.68074821400009], [120.55968345700003, 31.68059839900004], [120.56078364000011, 31.681118041000047], [120.56238980900005, 31.680777282000093], [120.562293649, 31.680478133000037], [120.56214336500008, 31.680417922000025], [120.56213339800006, 31.67978787300003], [120.56237387000014, 31.67966819800008], [120.56233379900003, 31.679598138000053], [120.56270351900007, 31.679427635000067], [120.562143545, 31.67824780100006], [120.5631034160001, 31.67769708000006], [120.562943203, 31.676637807000077], [120.56349324700012, 31.676457535000083], [120.56338312200016, 31.67549733700004], [120.56343322600004, 31.67536739700003], [120.5641134680001, 31.67550729900006], [120.56515335600008, 31.675297619000034], [120.5651934330001, 31.675227665000108], [120.56493303700006, 31.674427296000054], [120.56375287800003, 31.67464778300009], [120.56292336400006, 31.674237655000084], [120.56293339400008, 31.674097662000044], [120.56274304400006, 31.673987398000072], [120.56270297900002, 31.673848337000024], [120.56366290400004, 31.672327548000048], [120.56285239900004, 31.672197458000028], [120.56285344100004, 31.671707436000077], [120.56231342000004, 31.67162769400005], [120.56304288500007, 31.67065764200008], [120.56453262700006, 31.6706976030001], [120.56437239000005, 31.670047366000034], [120.56412293600009, 31.670068044000054], [120.56403273700009, 31.670467945000013], [120.56345367400004, 31.670417181000076], [120.56353287200011, 31.66979825600003], [120.56417304900006, 31.6697980960001], [120.56420311100007, 31.669708132000032], [120.56405289000007, 31.669067907000084], [120.5639898390001, 31.668290788999997], [120.56439065300003, 31.66728126500005], [120.56300339500001, 31.663599283000046], [120.56256068600007, 31.662030621000014], [120.55433343300004, 31.660595914000055], [120.5543676100001, 31.659414929000043], [120.55682427800008, 31.657784939000088], [120.56061625400002, 31.657566725000066], [120.56750782300003, 31.65788671400007], [120.57922380300013, 31.65407808800007], [120.58243481700008, 31.653940886999997], [120.58792778800009, 31.65240385500001], [120.59022731700011, 31.647533177000064], [120.59166001100007, 31.64588429700006], [120.586895173, 31.64047433300008], [120.58538434500005, 31.638647821000035], [120.58677334400014, 31.637497260000046], [120.59137292700004, 31.63351810800006], [120.5893513780001, 31.629855821], [120.58790185400008, 31.6271605110001], [120.5957221250001, 31.620158099000072], [120.59640728200011, 31.619242028000038], [120.59471217400002, 31.617545206000067], [120.59392704900006, 31.61705124300005], [120.59284885100013, 31.61604425500004], [120.59206766000014, 31.61542523000007], [120.59087927200005, 31.61491413600006], [120.58947272900002, 31.61414194700003], [120.58812808400015, 31.613731679000104], [120.58729462400001, 31.613618470000063], [120.5859667740001, 31.61392106500005], [120.58368405800006, 31.614826178000065], [120.58220883400011, 31.61498448800002], [120.58123695100008, 31.615253977000023], [120.580274022, 31.615556429], [120.57820791100002, 31.615571119000066], [120.57707163799998, 31.615745316000087], [120.57469276300006, 31.615930448000043], [120.57287033700007, 31.616275843000018], [120.56889569300012, 31.61387587700004], [120.5657977510001, 31.611555318000065], [120.56289851900013, 31.61127357900002], [120.56348882800012, 31.608797421000048], [120.56411402199998, 31.608286253000117], [120.56237898700013, 31.605765992000045], [120.56223986200007, 31.604031845000094], [120.55481031900005, 31.60270947500001], [120.5528056610001, 31.60239302400003], [120.54883940000002, 31.607690581000035], [120.54197381900005, 31.60675659100012], [120.53920590100009, 31.60479953100002], [120.53879776699998, 31.603801637000053], [120.54080301200007, 31.587784705000054], [120.54350994200004, 31.585356654000066], [120.5425736010001, 31.581751850000053], [120.54372710200008, 31.578672467000082], [120.54595033100009, 31.577089144000084], [120.5469971440001, 31.57688025400003], [120.54881085300006, 31.577158777000072], [120.55278256500006, 31.578690006000024], [120.55279559599998, 31.57869402900009], [120.55280862600009, 31.578700052000052], [120.55429907900012, 31.579274607000073], [120.55641474800012, 31.580693050000022], [120.55760129500005, 31.581204919000093], [120.55939102900008, 31.581692644000036], [120.5640273280001, 31.578400335000033], [120.56706461300004, 31.5787810800001], [120.56881739500011, 31.57958202600002], [120.56672678500007, 31.58193050600009], [120.563190144, 31.586099818], [120.56424401600007, 31.58697216600006], [120.56620541700009, 31.587771588000038], [120.56962094800008, 31.58806145800004], [120.5751807030001, 31.587660701000097], [120.58004913300013, 31.587260158999996], [120.58284679800015, 31.585514738], [120.58555904900004, 31.582956981000024], [120.58890030100008, 31.579517086000067], [120.59037509300008, 31.57813641200005], [120.59060928800008, 31.576940512000043], [120.59177300100009, 31.573615832000023], [120.59213626700014, 31.571858969000054], [120.59213927000012, 31.57183597100002], [120.59214627500016, 31.57181397300006], [120.5933521080001, 31.56598941300006], [120.59444608100011, 31.55726507200003], [120.59507974900015, 31.550590621000055], [120.5988191580001, 31.548986195000083], [120.6008330740001, 31.548199712000027], [120.59966130900014, 31.546700200000032], [120.59958332300009, 31.546600232000024], [120.5995233320001, 31.546522255000056], [120.59899351700005, 31.544569581000047], [120.59861962900001, 31.543306794000017], [120.59859378700001, 31.541383995999993], [120.59872386700012, 31.540394069000065], [120.59911490000005, 31.5398470330001], [120.59991291200001, 31.539145896999997], [120.60064190300011, 31.538395761000103], [120.60092891500005, 31.5378117320001], [120.60079798400014, 31.537177843000052], [120.60041709100005, 31.536403046000075], [120.60000830800007, 31.5342264060001], [120.60006940299999, 31.53299852700011], [120.60045144000006, 31.532106517000024], [120.60124958000003, 31.529180602000054], [120.60157068000004, 31.527370707000046], [120.60130182100008, 31.52614894900003], [120.59816045100004, 31.521115435000112], [120.59721444800002, 31.520739659000107], [120.59584331599999, 31.520739845000037], [120.59506124900011, 31.520103996000003], [120.59477529, 31.51898216100009], [120.59438526900014, 31.51829627100009], [120.59369913000012, 31.518101315000038], [120.59247576700017, 31.51839425800003], [120.59145135000004, 31.51927607700007], [120.59076584400007, 31.522255623000042], [120.58979399000013, 31.527628825000086], [120.589403713, 31.528801618000045], [120.58857022800012, 31.52968035100001], [120.58705138500014, 31.529632978000087], [120.58563652800004, 31.52909459700004], [120.58158354899999, 31.526654117000085], [120.57271407600003, 31.519622547000047], [120.56808941200009, 31.5166131880001], [120.564331142, 31.514482922000056], [120.55949695300005, 31.512441459000073], [120.55561771200007, 31.511066536000087], [120.55216370400001, 31.510524660000016], [120.55095682900007, 31.50966759200007], [120.54852709800002, 31.504804723000056], [120.54736424000009, 31.50272176700002], [120.54551545400017, 31.500868342000054], [120.54423907300006, 31.499479925000017], [120.54377998900009, 31.497164328000096], [120.54469972500007, 31.494848613000073], [120.54469985900009, 31.493227876999995], [120.5448213550001, 31.49125945100011], [120.54666944300007, 31.490100396000045], [120.54875299700007, 31.488825692], [120.54968162899999, 31.485584012000103], [120.55034037700014, 31.48444644500004], [120.55100018500002, 31.48238702500008], [120.55107846700001, 31.48129736200007], [120.55099136200009, 31.47996244100002], [120.55015836100009, 31.47912704900009], [120.54918891200008, 31.479120222000056], [120.5498556660001, 31.47833462600007], [120.54667345300004, 31.477981521000075], [120.54646389400011, 31.47799109900007], [120.5451443960001, 31.47723156200002], [120.54209505000003, 31.475211514000122], [120.54003223800007, 31.473229362999987], [120.53929513500009, 31.47234188000001], [120.53823503000004, 31.471592619000013], [120.5364857570001, 31.47101268600008], [120.53301591800005, 31.47042350300009], [120.53241602500006, 31.470022111000006], [120.532226433, 31.469783690000085], [120.5318562890001, 31.469152898000033], [120.5313366150001, 31.468973643000034], [120.52975743, 31.46898367900006], [120.52834675400007, 31.46869413800009], [120.52678749100002, 31.468653113000066], [120.52503746400009, 31.46901344600004], [120.52426777800008, 31.469263354000113], [120.5228477510001, 31.470054395000012], [120.52168763200004, 31.470364193000066], [120.51950784700016, 31.470384211000038], [120.51837879800009, 31.47005014200002], [120.51724873600003, 31.46948409200008], [120.51460818300004, 31.467624987000086], [120.51310864200005, 31.467224777000105], [120.51211897900014, 31.46676501999999], [120.51163820200006, 31.466425698000066], [120.51152881300007, 31.466165433000114], [120.51162719000004, 31.46607973400004], [120.51166863600008, 31.46260554600009], [120.51160944500008, 31.46223544900002], [120.51303882200013, 31.46194462700003], [120.51299884900001, 31.45983494100009], [120.51211856500001, 31.459714433000066], [120.51204935400006, 31.459135351000022], [120.51048852200006, 31.458654932000066], [120.51011908900013, 31.459095767000036], [120.50987917900008, 31.459125062000062], [120.50947874100008, 31.458185089000004], [120.50927898799998, 31.45812551900005], [120.50849902100002, 31.458175228000073], [120.5084688750001, 31.458555061000062], [120.50789869400009, 31.458665367000037], [120.50797896499998, 31.459075519000045], [120.50679848400009, 31.458745117000063], [120.50646921200013, 31.458875120000073], [120.50477480600009, 31.457673363000026], [120.50413333700011, 31.457628471000042], [120.5034988120001, 31.458545398000062], [120.50276895100002, 31.459026129000044], [120.50218972500015, 31.458825447000052], [120.50066983500007, 31.458755928000073], [120.50062958000002, 31.459935566000063], [120.49993888399999, 31.460065476000068], [120.49986964100003, 31.459755333000075], [120.49805957800001, 31.459935882000003], [120.49697940100008, 31.459515733000053], [120.4957999000001, 31.458295450999984], [120.49536927200009, 31.457656293000035], [120.49237889800011, 31.45403609800008], [120.49177961000008, 31.453415437000068], [120.49134895300006, 31.453136209000057], [120.49097952000014, 31.453036127000033], [120.49096048900007, 31.452528178000108], [120.49092944700007, 31.45158528700007], [120.4916392450001, 31.451245482000026], [120.49165934000007, 31.451055583000034], [120.49138735800014, 31.45011197400003], [120.49130907300005, 31.449875791000025], [120.4907599180001, 31.450016121000004], [120.48988848900001, 31.450385439000094], [120.489658596, 31.45034576300001], [120.48959936700007, 31.450325590000027], [120.48970984299999, 31.449786036000063], [120.48937855400001, 31.4497650530001], [120.48894889900008, 31.44954582100008], [120.48838968600009, 31.449976063000065], [120.48818185100004, 31.450289377000054], [120.4880593610001, 31.450454977000078], [120.48762970700008, 31.450265741000052], [120.48698922900012, 31.45013586900005], [120.48577853500004, 31.45012628500006], [120.482549036, 31.450535694000095], [120.4819588170001, 31.449976090000064], [120.48179923600003, 31.44960570500006], [120.48167878200002, 31.449505375000022], [120.4814188490001, 31.448775776000048], [120.48048926600009, 31.449085005000057], [120.4805183640001, 31.449245054000066], [120.48030855000007, 31.44939541300007], [120.48064874100007, 31.45067512300008], [120.48084849800016, 31.450755686], [120.48092879400005, 31.450885891000027], [120.48092971900004, 31.45181569400004], [120.47791328700012, 31.45127809400006], [120.47750573200005, 31.451444891000094], [120.47726279400004, 31.45168714400006], [120.47705697400015, 31.452201443999982], [120.47690643100012, 31.451912077000024], [120.47644871300008, 31.45185578500007], [120.476402557, 31.451652696000053], [120.47605229300007, 31.451037833000072], [120.475168003, 31.45077538300003], [120.4705481130001, 31.448654972], [120.46990779799998, 31.44845526400009], [120.45559656200007, 31.447333871000026], [120.45017748700005, 31.448075338000002], [120.44035337700005, 31.44949914300004], [120.4335322520001, 31.450570241000023], [120.4291514140001, 31.450798689000095], [120.4282314760001, 31.450708444999997], [120.42707210300009, 31.450438962000085], [120.43284113700011, 31.44485241800006], [120.43035557599998, 31.444406802000046], [120.4288572310001, 31.445666406000086], [120.42807050600001, 31.44646715500008], [120.42776586100004, 31.446607714999985], [120.42760153000003, 31.44649352200004], [120.42732794500012, 31.446761102000067], [120.42725877900008, 31.447037949000055], [120.42641906000006, 31.447240818000054], [120.42615648, 31.447874345000074], [120.42595807800002, 31.44795507700009], [120.42588290900002, 31.448184932000103], [120.42499517100012, 31.44818283700002], [120.4250282530001, 31.44797292300006], [120.42472466900003, 31.44793756300006], [120.42463247100012, 31.44818439800006], [120.42324786100005, 31.44818178100011], [120.42327098200009, 31.447287003000056], [120.42192353599998, 31.447228520000102], [120.421590936, 31.447332140000064], [120.42030265000008, 31.447891679000087], [120.42011431200004, 31.44809044600001], [120.41961131600007, 31.449816571000014], [120.41937288500006, 31.450207254000098], [120.41903029200014, 31.45053485400011], [120.41849339800004, 31.45075930000003], [120.41796955800012, 31.450777815000052], [120.41414490800004, 31.45016580700004], [120.40154993400003, 31.443825508000003], [120.35879937800009, 31.42215640500006], [120.3511555690001, 31.418279075000058], [120.33090442000007, 31.409223560000065], [120.31297905800008, 31.40001825400003], [120.303553048, 31.395181819000072], [120.24855304600013, 31.368081985000032], [120.20497663000006, 31.347626196000114], [120.20195656900012, 31.344530044000088], [120.1689895490001, 31.310727650000047], [120.13618459800009, 31.287594952000063], [120.10534514000005, 31.265846641000053], [119.91538940000008, 31.173165208000086], [119.91448847400014, 31.17270116600006], [119.91399349600013, 31.172441678999995], [119.91373349400011, 31.172412889000015], [119.91350748900007, 31.17237707500007], [119.91221441500011, 31.172168095000096], [119.91169436100006, 31.172086482000097], [119.9107652270001, 31.171952139000084], [119.90848269000007, 31.171830480000054], [119.90053368300006, 31.171741149000034], [119.89557756800006, 31.171438518000038], [119.89116105800012, 31.16891510300006], [119.88666447300014, 31.16656574400001], [119.88059028300009, 31.16512806500007], [119.87881035400008, 31.16379347900005], [119.87408067600006, 31.163047904000088], [119.87368991100007, 31.16306953000001], [119.870565455, 31.164595644000073], [119.86194762, 31.170543403000053], [119.86060235500005, 31.170764500000047], [119.85804204200005, 31.17050508799999], [119.85470044000014, 31.171049930000038], [119.8542221770001, 31.171193136000078], [119.85191397000008, 31.172254043000102], [119.85154898400008, 31.17233942700006], [119.85016927700005, 31.17205138500003], [119.84827719400008, 31.17083993800007], [119.84657553100007, 31.170039533000107], [119.84286102700003, 31.16978134500006], [119.83976202900013, 31.170191699000085], [119.83739301900005, 31.170952071000023], [119.83280095200006, 31.175854190000088], [119.8288511760001, 31.174753413000047], [119.82701965500009, 31.174628048000066], [119.82570864600007, 31.17513533100003], [119.82337344800011, 31.17663917800011], [119.82305247100011, 31.17670454200001], [119.82253191800012, 31.176442696000016], [119.82165536099998, 31.175361597000098], [119.81897269100014, 31.170389100000072], [119.81863488300007, 31.167982701000007], [119.82312164900006, 31.1655373830001], [119.82494533900005, 31.16356083100007], [119.82458050600006, 31.16044575899999], [119.8184954780001, 31.156294494000058], [119.80874689200004, 31.151762922000017], [119.80500516499998, 31.150664853000023], [119.80174083800009, 31.15153275500007], [119.79611579299998, 31.158467822000027], [119.79312879600002, 31.159558560000036], [119.78916979499999, 31.15832128300007], [119.78637388900003, 31.158725116], [119.78432573800004, 31.16179275200006], [119.78438668900002, 31.16398270000007], [119.78444680500002, 31.164266633000025], [119.78790173100006, 31.168788054000032], [119.78849307100006, 31.170168191000094], [119.78786729100014, 31.172836934000017], [119.78761560900011, 31.173566206000046], [119.7855845360001, 31.175302508000094], [119.781712469, 31.17585916400005], [119.78132156800007, 31.176056575000047], [119.77968875600007, 31.178100548000053], [119.77735359000012, 31.179602075000034], [119.7748092280001, 31.180762722000054], [119.77439338200006, 31.180867235000086], [119.77071126500005, 31.180794677000037], [119.76844519300005, 31.18024596300002], [119.76809859100005, 31.18013073200008], [119.76070108400003, 31.175853715000045], [119.75733247800011, 31.175441211000113], [119.75451908500011, 31.17425970000005], [119.75038670800006, 31.17284832200007], [119.74818956800007, 31.17348367600006], [119.74278052200009, 31.171735555000012], [119.7396976980001, 31.171954931000045], [119.73797872800006, 31.173636502000093], [119.73586074900007, 31.17532132500005], [119.73553062200011, 31.175491359999995], [119.73397614800001, 31.175666896000045], [119.73362906000015, 31.17566205], [119.7290705480001, 31.17393433500004], [119.72788955400009, 31.173575264000085], [119.71873049200005, 31.17184659800005], [119.71357295499999, 31.17201494200004], [119.71091665000003, 31.171672238000014], [119.70840759800001, 31.17004021300007], [119.70813783399998, 31.169716727000043], [119.70535088900013, 31.160972955], [119.70297246100007, 31.15613681000007], [119.70082766800007, 31.154741674000007], [119.69891770000004, 31.15402293500005], [119.69615671900013, 31.154094215999997], [119.69377838800008, 31.155196490000073], [119.68834386200001, 31.159093666000025], [119.68146014200013, 31.161219895000002], [119.67782230800006, 31.16265589900007], [119.67666786500001, 31.16442115300002], [119.67601665400005, 31.16649131200007], [119.67434192700011, 31.169275049000092], [119.67408129300006, 31.169581387000036], [119.67311768800008, 31.17034482700005], [119.66769202600005, 31.170165297000032], [119.65882985500006, 31.16814326500006], [119.65803117200007, 31.16699036700006], [119.65789160200006, 31.164514907000054], [119.65761424100003, 31.162046706000112], [119.65517499300009, 31.161161736000075], [119.65315218500005, 31.15903059200005], [119.65150373499999, 31.157490416000066], [119.64580984900014, 31.15669599200006], [119.64449066900016, 31.15632347000006], [119.64088869000011, 31.15269544000008], [119.63699063100009, 31.15066877800008], [119.63667902400005, 31.150351432000022], [119.63476058000003, 31.146159591000114], [119.63290290500008, 31.14273117600004], [119.63336274800011, 31.138898539000003], [119.63325895800006, 31.137776292000055], [119.63256475900008, 31.13706668900005], [119.63218318400004, 31.136780397000074], [119.62592539099998, 31.133510663999985], [119.61892952000005, 31.132535296000107], [119.61854774800008, 31.132483719000014], [119.61802704900009, 31.132409291000073], [119.61776719500008, 31.132374572000046], [119.61750634000008, 31.132338852000018], [119.61711554900016, 31.132303257000004], [119.61685568300007, 31.132305509000012], [119.61659481400015, 31.132307760000025], [119.61633494200015, 31.132312006000106], [119.6160660730001, 31.13231426000003], [119.6158051960001, 31.132318502000025], [119.61555331200013, 31.13232073500003], [119.61528443400009, 31.132322981000037], [119.61502454800008, 31.13232821500003], [119.61476366000008, 31.132330449000037], [119.61449477300003, 31.132334685000032], [119.61423488000003, 31.132336914000035], [119.61397398400001, 31.13233914000004], [119.6137140840001, 31.13234336100004], [119.61345418200008, 31.132345581000045], [119.61319327700008, 31.13234979900004], [119.61292437200004, 31.132350023000058], [119.61266346200011, 31.13235223600006], [119.61240354800012, 31.132356446000053], [119.6121426320001, 31.132358654000058], [119.61188271300009, 31.13236285800005], [119.61162279100009, 31.13236506100006], [119.61135286800004, 31.132369268000048], [119.61119691100009, 31.13236938700006], [119.60887951600012, 31.131460541000003], [119.60492233, 31.126096792000027], [119.59795319999998, 31.114433735000027], [119.59493324100004, 31.111463848000056], [119.58725304000006, 31.112348792], [119.57712485800005, 31.110935790000063], [119.57163241300009, 31.112551385000067], [119.56921895900005, 31.116269938000073], [119.56711022100001, 31.126500057000086], [119.56644254000001, 31.131276706000065], [119.55913470400003, 31.138123316000076], [119.55534237900005, 31.142963815000016], [119.54925846300009, 31.146230380000105], [119.54379085300005, 31.148755233000024], [119.54088407300006, 31.150066361000064], [119.5364137400001, 31.15453096300007], [119.53125842800014, 31.15885934500009], [119.52953144300015, 31.160289291000012], [119.52941905500009, 31.16033698300005], [119.528941399, 31.16053867100004], [119.52871561300006, 31.16064104500007], [119.52823794800007, 31.160842724000062], [119.52777833900005, 31.16104444300005], [119.52759668900003, 31.16126885900006], [119.52779534100013, 31.16168715300003], [119.52788262500007, 31.161895269000105], [119.52798696800008, 31.16210642699999], [119.52808227900007, 31.162316562000058], [119.52817759000004, 31.16252669700004], [119.52836018400006, 31.1629439480001], [119.528463523, 31.163154102000078], [119.52855983600014, 31.163364238000057], [119.52865514600003, 31.16357337300004], [119.52885479600003, 31.163991664000015], [119.52894107400007, 31.164202774000074], [119.52904541400008, 31.164410931000063], [119.52913169200012, 31.16462104100004], [119.52923603000013, 31.164832196000106], [119.52942765000009, 31.165248465000083], [119.52952295700007, 31.16545859700006], [119.52961826500005, 31.16566872900004], [119.52971357100012, 31.165879860000103], [119.52990518800007, 31.166296126000084], [119.53000049500005, 31.166507257000056], [119.53010483, 31.166717410000032], [119.5301911060001, 31.16692552000002], [119.53029544200004, 31.167136670999994], [119.530486051, 31.167554933000055], [119.53058135600007, 31.167763063000045], [119.53067666000005, 31.16797319200002], [119.53077296700012, 31.168184323000084], [119.53096357500007, 31.168600583000064], [119.5310679080001, 31.168811733000034], [119.53115418000004, 31.16902183900001], [119.53125851300005, 31.16923199000008], [119.53135381500013, 31.169441118000066], [119.53154542299998, 31.169859376000034], [119.53164072400014, 31.170067504000023], [119.531987843, 31.170562105000087], [119.53214435000007, 31.170745394000065], [119.53245635900014, 31.171102973000075], [119.53276836400002, 31.171465547000054], [119.53292486699999, 31.17164583500005], [119.53323787100014, 31.17200540900005], [119.53340239899998, 31.172185714000044], [119.53371539800003, 31.172545284000044], [119.53387089200011, 31.17272856400011], [119.53418388700007, 31.17308613000003], [119.53449587500003, 31.17344669000002], [119.53466039600006, 31.173628989000093], [119.53497338200012, 31.1739865480001], [119.53512987400009, 31.17416882500008], [119.53544185200006, 31.17452937700007], [119.53559834200004, 31.174709652000068], [119.53591934300005, 31.175069221000065], [119.5362323160001, 31.175429767000054], [119.53637977300005, 31.175612017000034], [119.53670076600005, 31.17596957900004], [119.53685624500011, 31.17615184500002], [119.5370739120001, 31.176436203000016], [119.53731664700001, 31.176835558000015], [119.53756840800007, 31.17723293200003], [119.53768977400017, 31.177435107000065], [119.53806292700004, 31.177672835000102], [119.53856649700005, 31.177755932000053], [119.53882630300005, 31.177798494000022], [119.53934691100005, 31.17788361500005], [119.5398594850001, 31.177965710000002], [119.54037104600005, 31.17805079300011], [119.54063183800005, 31.178091344000094], [119.54115241200014, 31.178176434000115], [119.54143024600012, 31.17823900300005], [119.5416298340001, 31.17838435900009], [119.5418294210001, 31.178531713000027], [119.542029006, 31.178680065000044], [119.54222056600005, 31.178827400000067], [119.54242014800005, 31.178974750000087], [119.54281930900004, 31.17926544799998], [119.54301888600003, 31.179412794000008], [119.54321846300002, 31.17956013900003], [119.54341803800001, 31.179705483000063], [119.54361761100009, 31.179853824000084], [119.54381718200008, 31.180001165000107], [119.54401675100007, 31.180148504000037], [119.54449413600005, 31.180195464000107], [119.54475488700004, 31.180225982000053], [119.54528440600006, 31.18027803200001], [119.54580488800005, 31.180330054000052], [119.54630832200006, 31.18024810000002], [119.54656805800005, 31.18020663600005], [119.54707147700006, 31.180121669000037], [119.54743648800005, 31.180180352000008], [119.54777439500003, 31.180520835000024], [119.54812232500004, 31.180861334000042], [119.54829578600001, 31.1810305810001], [119.54864270500002, 31.18137107100003], [119.54859855200002, 31.18174679700003], [119.54855539400009, 31.182196489000027], [119.54851223700007, 31.182645182000023], [119.54848614600004, 31.182871018000057], [119.54844298800002, 31.18331771200007], [119.5483998300001, 31.18376740300006], [119.54837373900016, 31.1839932400001], [119.54833058200005, 31.18443993400011], [119.54828642100003, 31.184889624000014], [119.54826935400004, 31.185115479000046], [119.54825228400014, 31.1853823120001], [119.54830438800002, 31.185829188000035], [119.54836451300001, 31.186276080000063], [119.54839958900007, 31.18650203400002], [119.54845169200013, 31.186948911000044], [119.54847774400005, 31.187174847000087], [119.54853887200014, 31.18762174100003], [119.54859899700014, 31.188068632000054], [119.54863407300002, 31.188291588000027], [119.54868617500007, 31.188741463000035], [119.54874630100008, 31.189188355000063], [119.54877235200001, 31.189411293000035], [119.548833478, 31.189861185000048], [119.54889460500009, 31.190308079000076], [119.54892065700002, 31.19053201600004], [119.54898078100011, 31.19097890800007], [119.54903288199998, 31.191427784000084], [119.54906795700003, 31.191651740000047], [119.54912908400004, 31.19209863300008], [119.54918920800003, 31.192545525000106], [119.54921525800015, 31.19277146200006], [119.54927638400014, 31.193218356000088], [119.54933650700005, 31.193665248000023], [119.54936255700008, 31.19389118500007], [119.54931941200006, 31.194218943000095], [119.54925820700007, 31.19466560700002], [119.54922409600007, 31.194889433000064], [119.54916389299999, 31.195336099000073], [119.54910268800006, 31.195783764000076], [119.54903346100002, 31.196232413000068], [119.54897225600011, 31.19667907800008], [119.54891105100012, 31.197126741999995], [119.54888596300009, 31.197350585000038], [119.54882475700008, 31.19779725000005], [119.54876355000007, 31.198246914000038], [119.54870334699999, 31.19869358100005], [119.54864214100007, 31.199140246000056], [119.54858193800007, 31.199587912000062], [119.54852073100005, 31.20003457800007], [119.54846052700006, 31.200484243000062], [119.54839932000004, 31.20093090900007], [119.54835618200003, 31.201154717000023], [119.54829497500012, 31.201601382000035], [119.54822576400008, 31.201844132000048], [119.54808734500008, 31.202278654000025], [119.54802615700008, 31.20250042800008], [119.54788773800009, 31.20293395100007], [119.54782653700008, 31.203287661000026], [119.54784454800006, 31.203739476000102], [119.54785253000011, 31.204188274000025], [119.54787054000008, 31.204640090000012], [119.54787852200003, 31.205088887000024], [119.54788750700007, 31.2055406860001], [119.54790451400005, 31.20599150000001], [119.54791350000008, 31.20644130000001], [119.54792249500012, 31.206784152000047], [119.5479395020001, 31.20723496700004], [119.54794848700014, 31.207684767000046], [119.5479564690001, 31.20813556600004], [119.54797447900016, 31.20858538300004], [119.54798246100012, 31.20903618200004], [119.548000471, 31.20948799800003], [119.54800945700003, 31.20993680100004], [119.54801743900006, 31.21038859800003], [119.54803544900005, 31.21083741800004], [119.54799129400013, 31.211222149000072], [119.54796620400009, 31.211446993000024], [119.54791402100014, 31.21189467800012], [119.54789595100014, 31.212122534000052], [119.547843768, 31.212569220000063], [119.54779158500003, 31.21301890400006], [119.54774842500001, 31.213465607000067], [119.54771330900005, 31.213691432000104], [119.54767015000002, 31.214138135000027], [119.54761896800005, 31.21458782100011], [119.54747052600013, 31.214937367000076], [119.54728898300002, 31.21536081200003], [119.54711546300004, 31.215783272000074], [119.54693291500004, 31.21620671300012], [119.54683762900007, 31.216419424000044], [119.54665507900006, 31.216842864000085], [119.546481553, 31.217266320000036], [119.54629900100008, 31.21768975700008], [119.5460823620001, 31.21797818900005], [119.54580454000003, 31.21835745500008], [119.54606424600001, 31.21871380500008], [119.54636005000008, 31.219091216000038], [119.54663779900014, 31.219468587000087], [119.54692356799998, 31.219847971000036], [119.54721033600009, 31.220225354], [119.54749710100009, 31.220603734000044], [119.54777483699999, 31.220983092999987], [119.54799140800006, 31.22128936700002], [119.54809567700015, 31.221495470000015], [119.54832126100007, 31.221900712000064], [119.54854684300008, 31.22230895000009], [119.5487724220001, 31.222717188000026], [119.54888571300015, 31.22292330500003], [119.54891977600003, 31.223244219000023], [119.54868610500014, 31.223645588000103], [119.548451428, 31.224048953000086], [119.54820872700009, 31.224451301000066], [119.54798307100006, 31.224852680000062], [119.5477483880001, 31.22525403900005], [119.54751470500004, 31.225657399000028], [119.54727099100012, 31.22605873700011], [119.54714963500012, 31.22626340400008], [119.54701122900005, 31.226484030000037], [119.54682870300005, 31.22664759600007], [119.54647267300007, 31.226972742000058], [119.54629114700006, 31.227135306000008], [119.54590002700002, 31.22726146800006], [119.54541362500001, 31.22742241500005], [119.54517092300009, 31.227504886000034], [119.54467648300013, 31.227662806000048], [119.54419005800003, 31.22782373200004], [119.54369559900016, 31.22798463400003], [119.54345288000005, 31.22806509100011], [119.54296643100012, 31.228222998000035], [119.54247194900006, 31.228383878000024], [119.54222921800014, 31.228466324000095], [119.54175980000002, 31.228586265000068], [119.54150001400004, 31.22863168500001], [119.54097842900003, 31.228720515000077], [119.54072766200008, 31.228765948000017], [119.54020706399999, 31.228855766999985], [119.53995528800012, 31.228901190000016], [119.53944270000008, 31.22899001399999], [119.53919091600002, 31.229035432000018], [119.538905008, 31.229267685000053], [119.53871440000012, 31.229424185000035], [119.53833217700003, 31.22973517900001], [119.53814156600006, 31.229890675999997], [119.53775933600005, 31.230201664000056], [119.5375677180001, 31.230358154000037], [119.53719551200004, 31.230668159000018], [119.53700388900008, 31.230824646000002], [119.53662264700006, 31.231134623000067], [119.53643102000001, 31.23129110600005], [119.5360497710001, 31.231601078000025], [119.53586717000007, 31.231757578000007], [119.53548591300016, 31.232065542999997], [119.53529427900003, 31.232224020000054], [119.53491301400001, 31.232532978000037], [119.53472137700014, 31.232691451000093], [119.53434813100017, 31.232999422], [119.53396685500006, 31.233311368000052], [119.53359359999999, 31.233622329000113], [119.53340295700002, 31.23377879800009], [119.53302066500011, 31.234088732000068], [119.53282901600005, 31.234245195000042], [119.53245574700009, 31.234555145000023], [119.53226509700002, 31.23471160800009], [119.5318837950001, 31.23502253200006], [119.53169213900006, 31.23517799000004], [119.53131885700007, 31.23548692800002], [119.53112820000001, 31.23564538400008], [119.53085123500011, 31.235977546000115], [119.53075489100004, 31.23618521100007], [119.5306515230001, 31.236395858], [119.53055517700012, 31.236604522000036], [119.5304518090001, 31.236815169000053], [119.53026012100005, 31.23722950100005], [119.53016477700007, 31.237440166000077], [119.53006140700003, 31.237647813000024], [119.52996506000015, 31.23785847600005], [119.52986971700008, 31.23806714100008], [119.52966999800007, 31.238483450000068], [119.52956662600005, 31.23869209500001], [119.5294793090001, 31.238902779000036], [119.52915017700005, 31.23894892700003], [119.52888927700005, 31.238983252000033], [119.52836847500012, 31.239056893000082], [119.52785669700006, 31.23912855200006], [119.52759578700014, 31.23916486700005], [119.52707496600013, 31.239237493000104], [119.52656317000006, 31.23930913400008], [119.52630325400004, 31.23934644300006], [119.5257824140001, 31.239417052000043], [119.52559975200009, 31.239623481000066], [119.52528761600003, 31.239986497000082], [119.524983506, 31.240348534000105], [119.52467136600002, 31.24071054700004], [119.52435922300003, 31.241073557000057], [119.52404607300006, 31.241435563000074], [119.52358641200013, 31.241624255000055], [119.52312674500003, 31.241821938000072], [119.52264900700001, 31.242021567000066], [119.52218029800005, 31.24221721700009], [119.52170254900014, 31.242416837000086], [119.52124286100002, 31.242614501000013], [119.52076510300003, 31.242812112000017], [119.5202873390001, 31.243009718000025], [119.51981960700004, 31.243209347000025], [119.51935086700007, 31.243404969000046], [119.51911599400009, 31.243504277000092], [119.51864724600011, 31.243701893000008], [119.51840433900009, 31.243802174000045], [119.51793558500003, 31.243999784000053], [119.51755414400009, 31.244279596000112], [119.51791846800003, 31.244602466000096], [119.51828279000007, 31.244925332999983], [119.51865614100005, 31.24525122100004], [119.519020457, 31.245575083000098], [119.51937674000007, 31.245899919000067], [119.51974105100011, 31.24622377700004], [119.52010535800005, 31.24654663200002], [119.52047869600004, 31.24687250700007], [119.52083496800003, 31.247195335000043], [119.52119926700007, 31.247519182000104], [119.5215635620001, 31.247845024000064], [119.52193688700007, 31.248167891000044], [119.52229314800007, 31.24849270700001], [119.5226574340001, 31.248816543000068], [119.52302171800014, 31.249139376000045], [119.52338599700008, 31.249465205000007], [119.523568638, 31.249627620000034], [119.52375928900005, 31.249983969000027], [119.52376828100009, 31.250434793000025], [119.52377727200012, 31.25088661700002], [119.52360363300014, 31.251091064000057], [119.52329951000002, 31.251451094000096], [119.52298735600004, 31.251813098000113], [119.52267520000007, 31.252176100000042], [119.52251861800008, 31.25236059800003], [119.5222054540001, 31.25272259500005], [119.52205889200005, 31.25308503900002], [119.52206688, 31.25353686200001], [119.52207587400002, 31.253985689000018], [119.5220938990001, 31.254437538000012], [119.52243109100002, 31.25474331300009], [119.5227873460001, 31.255073125000024], [119.52296095699998, 31.255237518000037], [119.52331720800007, 31.255568326000052], [119.5236814850001, 31.25589515500009], [119.52385509200008, 31.256060544000007], [119.52421133500006, 31.256390345000028], [119.524575603, 31.256718166000063], [119.5247582380001, 31.256884575000065], [119.5251134700001, 31.2572123670001], [119.52546970099999, 31.25754215900003], [119.5256513280001, 31.257707562000036], [119.52600755500009, 31.25803535000007], [119.52636377799999, 31.258365134], [119.52654540099999, 31.25852953400001], [119.526667791, 31.258967661000028], [119.52679720600005, 31.25940380600005], [119.5269276240001, 31.259840953000072], [119.52705804000004, 31.260279101000002], [119.52717942500016, 31.260715224000023], [119.52722253800007, 31.26112915600008], [119.52717031600002, 31.26157682800008], [119.5271100670001, 31.262023479000092], [119.52705784400004, 31.262473150000083], [119.5270317320001, 31.26271097900004], [119.52691026800008, 31.26315247500007], [119.52679783600001, 31.2635929940001], [119.52673660200001, 31.263813740000067], [119.52662416900012, 31.264252260000028], [119.52651073200006, 31.26469277600006], [119.52639829900008, 31.265131295000103], [119.52627683400007, 31.26557179100005], [119.52616339600002, 31.266010307000002], [119.52608609, 31.266380948000027], [119.52602483500002, 31.266830595000016], [119.52597261100004, 31.267277269000026], [119.52594649900001, 31.267503104000063], [119.52588624699999, 31.26795075600006], [119.525824992, 31.268397405000073], [119.52577377200011, 31.268844081000083], [119.52571251500001, 31.26929372900007], [119.52564323100015, 31.269740358000078], [119.52559100599998, 31.27019003100007], [119.52553075400007, 31.27063768200007], [119.52546949799998, 31.271084333000076], [119.52581671300001, 31.271201192000063], [119.52630240800015, 31.271370387000033], [119.52678006800014, 31.271539555000082], [119.52703194100002, 31.27162417100007], [119.52744837300011, 31.271852148000015], [119.52783067500003, 31.27216199900007], [119.52802132200009, 31.272318421000044], [119.5284026150001, 31.2726282630001], [119.52859426200007, 31.27278468600008], [119.52877587400008, 31.27294108100005], [119.52915816200009, 31.273251919000103], [119.52934880200004, 31.27340733500008], [119.52973108300014, 31.27371816700004], [119.52992171900011, 31.27387458000002], [119.53010432800014, 31.274029972000086], [119.53048660000005, 31.274340797000043], [119.53067722, 31.27463414700007], [119.53068621100013, 31.27508298200008], [119.53070322800012, 31.27553383499999], [119.53071221900007, 31.275983669], [119.53072923700006, 31.276434523], [119.530738227, 31.276886356000077], [119.53075524500008, 31.277335212000004], [119.5307642350001, 31.277787044999997], [119.53052941200013, 31.278097330999998], [119.53029460600007, 31.2781887080001], [119.52980893600011, 31.27836441799998], [119.529566098, 31.27845377000009], [119.5290884450001, 31.278629492000064], [119.52860275700004, 31.27880518700004], [119.52835991100002, 31.278895531000053], [119.52787320900009, 31.279072214000017], [119.52739653600008, 31.279247917000077], [119.52715368200006, 31.279337254000005], [119.52666796800011, 31.279512924000066], [119.5261902750001, 31.279690610000024], [119.5259464080001, 31.279779937000043], [119.52572058900014, 31.28004223800007], [119.52573863300003, 31.28026819200003], [119.52576470400007, 31.28049416700007], [119.5257737160001, 31.280717098000046], [119.52581682900004, 31.281167024000055], [119.5258338680001, 31.281389977000032], [119.5258509080001, 31.281615928000072], [119.52586895200008, 31.281840883000037], [119.5258950240001, 31.282064859000094], [119.52607663500012, 31.28239019800001], [119.52629436400002, 31.282796597000065], [119.52652814900009, 31.283204038000022], [119.52674587600006, 31.28360943500008], [119.52685825200004, 31.283815642], [119.5269706250001, 31.284030844000043], [119.52710104200006, 31.284465002999994], [119.527170264, 31.28468409200009], [119.52730068100006, 31.285118250000046], [119.5274310960001, 31.28555640700006], [119.52750031800005, 31.28577549600007], [119.52763073300001, 31.286209653000107], [119.52769995400004, 31.286428742000027], [119.5278303680001, 31.286864898000054], [119.52796078300005, 31.287301055000086], [119.528030003, 31.287520144000005], [119.52796875700008, 31.287899832000065], [119.52782122800014, 31.28808937800003], [119.52752616900014, 31.288462468000077], [119.52737863900012, 31.28864901300006], [119.52723110800008, 31.288837557000114], [119.52709260800006, 31.289024124000008], [119.52694507600003, 31.28921066800008], [119.52679754300007, 31.28939921000005], [119.52665803700009, 31.28958677200002], [119.52651050400004, 31.289775313000078], [119.52638905800003, 31.28998191400003], [119.52658071700009, 31.290137349000105], [119.5269620240001, 31.29044821100007], [119.52724900500004, 31.29069085400007], [119.52763030600015, 31.29100071000004], [119.52782195800012, 31.291157139000106], [119.52801260500007, 31.291313564000077], [119.52819522400009, 31.29146996800005], [119.52838587000005, 31.291626391000115], [119.52876816199998, 31.291936239000087], [119.52895880400003, 31.292092659000062], [119.52914944500009, 31.292249079000037], [119.529332058, 31.292405478000006], [119.52952269700006, 31.292560896000076], [119.52990497599998, 31.292871732000037], [119.53009561200011, 31.293028148000104], [119.53019993800004, 31.293360275000047], [119.53010459500007, 31.293567954000004], [119.53000022000003, 31.29377860700002], [119.52990487700006, 31.293987285000057], [119.52980050100004, 31.294197939000078], [119.52971318500009, 31.29440563600012], [119.52961784000001, 31.29461631200006], [119.52941912300001, 31.295030647000054], [119.52931474700009, 31.29524130000008], [119.52922742800004, 31.295449996000023], [119.52912305100003, 31.295660648000045], [119.52902770600005, 31.295868323999997], [119.5289243320001, 31.296078979000107], [119.5286634060001, 31.296383195000054], [119.52822085500007, 31.296627971000056], [119.52777829900005, 31.296873741000056], [119.52734376500007, 31.297118528000055], [119.52690119700004, 31.297364288000054], [119.52645862400001, 31.297609044000055], [119.52601604600008, 31.29785479500005], [119.52579024000013, 31.297978156000042], [119.52535668600007, 31.29822192500005], [119.52491409500013, 31.29846666500005], [119.524471499, 31.29871239900004], [119.5240379300001, 31.298957154000043], [119.52359432099999, 31.29920487600002], [119.52315170900013, 31.29945059700001], [119.5227090940001, 31.2996953150001], [119.52250133300006, 31.299818708000004], [119.5221540580001, 31.300040686000074], [119.52178970900007, 31.30036157600007], [119.52142535700011, 31.300683463000055], [119.52105196900004, 31.30100432300005], [119.52067857800014, 31.301323180000054], [119.5203142170001, 31.301644059000047], [119.51994081900011, 31.301965911000032], [119.51957645299998, 31.302284786000037], [119.51921208200005, 31.302605657000115], [119.51883867700005, 31.3029275010001], [119.51863891100004, 31.303228829999988], [119.51857764500005, 31.303678486000067], [119.51852541100007, 31.304125167000073], [119.51846514899998, 31.304571825999993], [119.51840488500014, 31.305021485000076], [119.51835265300008, 31.305468167000086], [119.5183004190001, 31.305915849], [119.51823915200009, 31.30636650500007], [119.51818691800014, 31.30681418700008], [119.51813568800006, 31.307260872], [119.51810053800008, 31.30748668700003], [119.51804830400012, 31.307933370000043], [119.518022178, 31.30827016800002], [119.51801312300006, 31.30849605600006], [119.518005074, 31.30872194700001], [119.51800505400001, 31.308946861000052], [119.51799700300015, 31.309172752000094], [119.51797889600006, 31.309622529000002], [119.51797887600006, 31.30984544400006], [119.51796982200003, 31.3100713320001], [119.51796177200006, 31.31029722300005], [119.51796175200006, 31.3105221370001], [119.51796173200015, 31.310748051000047], [119.5179536820001, 31.310973941999997], [119.51794462799998, 31.31119983100004], [119.51793557400003, 31.311425720000074], [119.51792750400017, 31.311874526000082], [119.51791845100004, 31.31210041600012], [119.51790939700008, 31.312324304000086], [119.517909377, 31.31254921900004], [119.51790132700012, 31.31277511100008], [119.51788323900004, 31.313007972999984], [119.51743254400006, 31.313235631000083], [119.51697281000013, 31.313463260000084], [119.51652110200006, 31.31369090800009], [119.51606939100007, 31.313919552000094], [119.51584353400004, 31.314033872000046], [119.51549721100008, 31.314294797000052], [119.51518400000009, 31.31465877400006], [119.515028398, 31.31484326500005], [119.51472421900007, 31.31520626600006], [119.51460273500004, 31.315494812000047], [119.51465491200011, 31.315715877000038], [119.51471512000002, 31.31593496600005], [119.51477632900003, 31.31616805200006], [119.51497571000009, 31.320314068000087], [119.51536610900007, 31.32110188000008], [119.518430209, 31.324852075000045], [119.52168575800007, 31.329237399000064], [119.52471442500013, 31.331719603000096], [119.52549508300005, 31.332974206000074], [119.52561709000011, 31.33773783700005], [119.52571210000006, 31.341389808000052], [119.52520014600007, 31.342988912000024], [119.52362117599999, 31.346802424000074], [119.52349971800007, 31.34705401500002], [119.52348163300007, 31.347279889000056], [119.5234474700001, 31.347728646000064], [119.52343038900011, 31.347954523000098], [119.52339522200012, 31.348403277000017], [119.52337812500005, 31.348805095000046], [119.52336004000006, 31.34903097000008], [119.52334295900006, 31.34925684800003], [119.52331682500002, 31.349705626000038], [119.52329974300004, 31.349931504000075], [119.52327361000002, 31.350379283000088], [119.52325652800002, 31.35060416200004], [119.52323039400008, 31.35105394100004], [119.5232123080001, 31.351279817000076], [119.52319522700009, 31.35150469500003], [119.5231781260001, 31.351954499000037], [119.52316104400012, 31.352180376999982], [119.52312587700013, 31.352629132000075], [119.5231178280001, 31.35285503600003], [119.5230826620001, 31.35330379100003], [119.52307360900008, 31.353529692000073], [119.5230655600001, 31.353755595000024], [119.52303039300014, 31.354204352000025], [119.52301331200015, 31.354430231000066], [119.52298717700012, 31.354880011000063], [119.52297009600012, 31.355104890000106], [119.52294396100001, 31.355554672000018], [119.52293490900004, 31.35578057300006], [119.52291782700006, 31.35600645200001], [119.52288266000008, 31.356455210000014], [119.52287461100003, 31.35668111300005], [119.52285752000013, 31.35701095900008], [119.52283943500007, 31.357233837000045], [119.52283038200002, 31.35745973800008], [119.52280525199998, 31.35790952300008], [119.52279619900003, 31.35813442500004], [119.52277911700004, 31.358360305000076], [119.52275298200001, 31.35881008700008], [119.52274393000006, 31.359034990000033], [119.52272684800008, 31.35926187000007], [119.52270071400004, 31.35971065300007], [119.52268363200005, 31.359936533000024], [119.52268361200004, 31.36016146000007], [119.52264844500007, 31.36061121900007], [119.52264039500002, 31.36083712400002], [119.52262231000012, 31.36106200200006], [119.52260520800004, 31.361511810000067], [119.52258812700005, 31.361737691000016], [119.52257907300009, 31.36196259400006], [119.52255293900006, 31.362412379000062], [119.52256193300002, 31.362841264000018], [119.52259704000008, 31.36306528600008], [119.52264918800003, 31.36351428200002], [119.52268329100002, 31.363738301000076], [119.52273543900006, 31.364185298000024], [119.52279661999998, 31.364632318000062], [119.5228226940001, 31.364858316000024], [119.52287383900014, 31.36530531000006], [119.52290894500004, 31.365530332000027], [119.52296109300008, 31.36597732900006], [119.5230222730001, 31.366425350000007], [119.52305637700007, 31.36665037000006], [119.52310852400004, 31.367097367000007], [119.52313459800006, 31.36732136600007], [119.52324798200002, 31.367592582000036], [119.52342156699999, 31.36801791100006], [119.52359515200015, 31.368445239000067], [119.52375970400008, 31.368868543000097], [119.52394232000009, 31.369293895000027], [119.52402058100009, 31.36950803499998], [119.52419416400005, 31.369933362000005], [119.52437577400008, 31.37035671000004], [119.52454032300011, 31.370782012000056], [119.52471390299999, 31.371209336000064], [119.52488748200005, 31.371634660999995], [119.52506206400002, 31.37205998800001], [119.52523564300009, 31.37248531200003], [119.52540821500006, 31.37291063200005], [119.52557377299999, 31.37322396800004], [119.525678123, 31.37343217700004], [119.5258948530001, 31.373841616000078], [119.52610254800004, 31.37425203100002], [119.52620689700007, 31.37446023800001], [119.52643265500001, 31.37487069900005], [119.52664937900008, 31.375280134999997], [119.52675372600001, 31.37548734100009], [119.52696242000005, 31.375898755000023], [119.52717914100003, 31.37630918800005], [119.52739686500001, 31.37672162200007], [119.52757846900013, 31.37703399300007], [119.52783934200014, 31.377422545000066], [119.52796977800008, 31.377617819000058], [119.52822964399999, 31.378008364000046], [119.52835907400005, 31.378203634000037], [119.52862897300008, 31.378592203000032], [119.52875940500005, 31.378787474000028], [119.52901926600006, 31.379178015000008], [119.52915772500015, 31.37937330600009], [119.52946174000007, 31.379674982000004], [119.5296272920001, 31.379848346000053], [119.529826951, 31.380128763000073], [119.52987007800002, 31.380349805000066], [119.52997439400012, 31.38079293200005], [119.53001752200014, 31.38101397400004], [119.53011280700002, 31.381456080000113], [119.53016496500008, 31.381678143000016], [119.53026025000005, 31.382120249000003], [119.53030438100006, 31.382344291000067], [119.530407693, 31.382784418000064], [119.53045985000006, 31.38300748100005], [119.53055513500013, 31.38344858700004], [119.53069457400011, 31.38382382200009], [119.53093736100004, 31.384225305], [119.53105875400004, 31.384429546000028], [119.53129351000011, 31.38482900800004], [119.53152726300009, 31.38522946600004], [119.53176201600006, 31.385631924000037], [119.53188340500006, 31.385833162999987], [119.53212618200008, 31.38623463900008], [119.53236093200005, 31.386636094000075], [119.53259467600003, 31.387037546000073], [119.53271706500004, 31.38723978300002], [119.53295080700002, 31.387640233000113], [119.53320260600006, 31.388042724000023], [119.53343734700003, 31.388441174000036], [119.533672086, 31.388844621000025], [119.53390582000007, 31.389247064000102], [119.53414858200009, 31.38964752800011], [119.534392345, 31.390046993000034], [119.53450469499998, 31.390251201000055], [119.53474745200008, 31.390652661000054], [119.53498218100005, 31.391052101000064], [119.53521590500011, 31.391453536000057], [119.53545965900003, 31.391856994000044], [119.53570240900004, 31.392258447000046], [119.53579768000012, 31.392662552999994], [119.53591100600008, 31.393102692000085], [119.536015302, 31.393542810000085], [119.53612762500005, 31.39398594400007], [119.53623192100007, 31.394424062000084], [119.53634424200004, 31.394867197000067], [119.53645756700008, 31.39530533500008], [119.5365618610001, 31.39574845100006], [119.53666515200013, 31.39618656500007], [119.53673535599998, 31.396409665000057], [119.53675237500013, 31.39681558900007], [119.53671724199998, 31.397041445000106], [119.53668311400008, 31.397265302000065], [119.53664798200012, 31.397488159000034], [119.53657872100007, 31.397933874000053], [119.53654459100008, 31.398156732000103], [119.53650945900003, 31.398380587000062], [119.53648335600008, 31.398604465000027], [119.53641409400004, 31.39905117900004], [119.53637093600003, 31.399275016000082], [119.53633580300004, 31.39949787300005], [119.53630067100008, 31.39972172800001], [119.53623140900002, 31.400166444000035], [119.53619727900005, 31.400390302000083], [119.53611900100015, 31.400683039000057], [119.53598053800013, 31.400880661000066], [119.53571966300004, 31.40126894500004], [119.53559825300013, 31.40146460600006], [119.53532934699999, 31.401852867000038], [119.53519890700012, 31.402050505000048], [119.53492999800008, 31.40243876400011], [119.53467011600007, 31.402827042000084], [119.53437414100009, 31.40290731600006], [119.53412331200003, 31.40297869800002], [119.53362766900014, 31.403115473000057], [119.53337583100009, 31.403185848000106], [119.53287315200006, 31.40332259500005], [119.53263033900015, 31.403391986000017], [119.5323604270001, 31.403517294000082], [119.53222192500002, 31.403951837000065], [119.53209145000005, 31.40438839900004], [119.53202219800009, 31.404607170000112], [119.53189272600004, 31.40504273400009], [119.53175321800003, 31.405477273000074], [119.53163177100012, 31.405913856000048], [119.53150129399998, 31.406352416000097], [119.53136278800007, 31.406785957000082], [119.5312323090001, 31.407222517000058], [119.53116305600005, 31.40744128700004], [119.53103257600002, 31.407877846000098], [119.5309723470001, 31.40816662000001], [119.53104154100004, 31.40861367200005], [119.53110270800005, 31.409060703000094], [119.53116287100013, 31.40950773300004], [119.5312320650001, 31.409954784999996], [119.53147585600001, 31.410306293000033], [119.53169257300009, 31.410433793000017], [119.53212600400008, 31.410683790000093], [119.5323517490001, 31.41080930800009], [119.53256946400008, 31.410937804000064], [119.53278617400007, 31.411063297000055], [119.53317645000003, 31.411280186000056], [119.53339416100002, 31.411399679000084], [119.53384563000006, 31.41163370200009], [119.53429608700003, 31.41187071700007], [119.53452181600005, 31.411989222000017], [119.53496423900006, 31.41222620900008], [119.53518996100001, 31.41234571000011], [119.53564140300014, 31.41257970900002], [119.53608380900008, 31.412815680000094], [119.53630149700004, 31.412935155000035], [119.536752922, 31.413170139000023], [119.53697863100004, 31.41328962800005], [119.53722139200013, 31.413413153000057], [119.53768083100013, 31.41361615100007], [119.53815831800011, 31.413823181000055], [119.53838401700014, 31.413926664], [119.53886149200002, 31.414128685000023], [119.53932190600003, 31.414332660000113], [119.5397983620001, 31.414538664000105], [119.54002404800012, 31.41464013600006], [119.5405014940001, 31.414844131000066], [119.5409618790001, 31.415048081000066], [119.54143028100012, 31.415255041000044], [119.54166498100008, 31.415356520000003], [119.542244716, 31.415432740000007], [119.5423049020001, 31.415362885999997], [119.54213445900004, 31.414602720000076], [119.54225482800004, 31.414503003000085], [119.54213454200013, 31.413662966000032], [119.54221478800002, 31.41360315300006], [119.54267516900009, 31.413523150000103], [119.54314546600003, 31.41463284999999], [119.5447050400001, 31.41452310800006], [119.54477522500014, 31.41472219900001], [119.54484442400008, 31.414742334999993], [119.54699456, 31.41456167900005], [119.5470838120001, 31.414531862000075], [119.54710387900008, 31.4144119320001], [119.54701366000006, 31.414021857000066], [119.54704476300006, 31.41385196300004], [119.54839450600001, 31.41384157500007], [119.54844363499998, 31.413891655000036], [119.54843356800004, 31.414351516000075], [119.54882446300005, 31.416301752000052], [119.54884340700002, 31.41752147300008], [119.55108342600009, 31.417270678000108], [119.55116356600006, 31.41807161700003], [119.55114345500007, 31.418721415000064], [119.55013377200012, 31.41883154600003], [119.55018385700009, 31.419381498000057], [119.54895253800008, 31.419386203000087], [119.54889329300016, 31.42034084800003], [119.54822433300005, 31.42179220900003], [119.54800363500009, 31.422801533000055], [119.54796345100013, 31.42363124800005], [119.54804363100001, 31.42410128500004], [119.54943341800008, 31.424170902000114], [119.5495938030001, 31.424711066000043], [119.54986421400011, 31.428261696000014], [119.54988408800016, 31.430291241000077], [119.54987401400004, 31.4308110960001], [119.54960414900009, 31.43240121500004], [119.54951380000016, 31.433581766000017], [119.54965406800014, 31.434822734000115], [119.54960583300013, 31.436010366000055], [119.55007408900006, 31.43601423200002], [119.55033478400006, 31.436016712000047], [119.5505864530001, 31.436019171000076], [119.55085516300002, 31.43601866000003], [119.55138455400004, 31.436024614000083], [119.55164523500002, 31.43602508000003], [119.55196606900003, 31.43602065100002], [119.55247839700004, 31.435946571000017], [119.55325939900001, 31.435835953000016], [119.55378072100007, 31.435761862000014], [119.55404037400005, 31.435723310000107], [119.55455265500007, 31.435649188000106], [119.55507294300006, 31.43557506900001], [119.55558519899998, 31.435503925000077], [119.55610646600012, 31.435429785000068], [119.55662671800009, 31.435355633000064], [119.5571389380001, 31.435281457000052], [119.55766016700015, 31.43520628500005], [119.55818038200003, 31.43513210000004], [119.55870158600007, 31.435059905000017], [119.55922177500014, 31.434986696000088], [119.55973393300005, 31.43491246600008], [119.56025409600011, 31.43483823600006], [119.56077524900006, 31.43476499600004], [119.56103582000003, 31.434725372000052], [119.56154793500005, 31.43465210300012], [119.56206805300009, 31.4345778320001], [119.56258916100003, 31.434506552000066], [119.56294491100007, 31.434439041000076], [119.56346499600012, 31.43434274500001], [119.56371751900005, 31.434295084000063], [119.56423758400001, 31.434201770000072], [119.5644900980001, 31.434154100000036], [119.564749621, 31.43410643500009], [119.56526164500009, 31.434010090000108], [119.565773656, 31.43391573200003], [119.566285654, 31.43382136400004], [119.56654615700006, 31.433773680000087], [119.566901838, 31.43371110800006], [119.56715431800002, 31.43366540800001], [119.56767429500005, 31.433576016000075], [119.56818624500013, 31.433489603000034], [119.56870719700007, 31.43340218800008], [119.56921912000007, 31.433315752000034], [119.56974004600009, 31.433228312999994], [119.57025194100008, 31.433141854000034], [119.57076382600007, 31.433052383000096], [119.57128471000009, 31.432965909000046], [119.57179656800008, 31.43287841500009], [119.57228335900002, 31.43292385400003], [119.57251672800007, 31.43302104400008], [119.57276010800004, 31.433128237000062], [119.57295938900009, 31.43354231500004], [119.57315966899998, 31.433959393000087], [119.57335894500011, 31.43437746700004], [119.57335892600011, 31.434601414000007], [119.57335890600011, 31.43482636200006], [119.57336790000014, 31.435053315000097], [119.57336788000006, 31.435278263000058], [119.57336786000005, 31.43550420900001], [119.573375853, 31.43572916400006], [119.57337583300009, 31.435953111000025], [119.5733758130001, 31.43617905800007], [119.57337579300008, 31.436405005000026], [119.57343686300007, 31.436701988999992], [119.57374030200005, 31.437071163000077], [119.57388851400006, 31.437257244000108], [119.57419194700003, 31.43762641300001], [119.57433915400013, 31.437812491000038], [119.57465160800004, 31.438014698000075], [119.57490398200005, 31.438044893999994], [119.57542474600007, 31.438107289000094], [119.57568512300011, 31.438137482000016], [119.57594549500007, 31.43816867200011], [119.57646522900009, 31.438233041000018], [119.57673460500008, 31.438264228000023], [119.57709108000009, 31.438480430000062], [119.5771952050001, 31.438686455000052], [119.5772983280001, 31.438892479000046], [119.57741146400005, 31.43909750900005], [119.57752460000009, 31.439303539000043], [119.57762871000008, 31.439656529000025], [119.57761967700004, 31.439882471000068], [119.57761965800013, 31.440105420000044], [119.57761160700008, 31.440555311000054], [119.57761959800004, 31.440781265000098], [119.57761156700008, 31.441006209000058], [119.57761154700009, 31.4412321570001], [119.57761152700007, 31.441458105000052], [119.57760249500004, 31.44168404700001], [119.57760247600004, 31.44190699800007], [119.57759344400009, 31.442132940000114], [119.577593414, 31.442466864000032], [119.57760240600012, 31.442692820000076], [119.57761139800007, 31.44291877400012], [119.57761137900007, 31.443141724], [119.57761135799998, 31.443367674000044], [119.5776203500001, 31.443593628000002], [119.5776203310001, 31.443819578000046], [119.57762832200004, 31.444044533000095], [119.57763731400007, 31.44426848900006], [119.57763729400008, 31.444494438000014], [119.57764628600012, 31.444719394000067], [119.57765427700006, 31.444945349000108], [119.57765425800005, 31.445171298000062], [119.57766325000009, 31.44539425500004], [119.57767224200003, 31.445620211000083], [119.57767222200005, 31.445846160000038], [119.57768121400008, 31.446072116999993], [119.57768119400006, 31.44629706700004], [119.57768117400008, 31.446521017000094], [119.57768916500001, 31.44674697200005], [119.57769815700014, 31.446971929000014], [119.57783732500002, 31.44720197100004], [119.57794945700006, 31.44740400100006], [119.57818373200008, 31.44780606600002], [119.57842701600015, 31.448209135000063], [119.57872239900007, 31.448235316000094], [119.57925107300002, 31.448274632000064], [119.57977172200003, 31.44831992900008], [119.58003304300007, 31.44834107500005], [119.58055367200006, 31.448384354000083], [119.5808920750001, 31.44838853500007], [119.5811433770001, 31.44832168000005], [119.58164697100003, 31.448195962000035], [119.58215055300002, 31.448067234000042], [119.58265312100005, 31.447939493000042], [119.5829834780001, 31.447960635000108], [119.58332981800008, 31.448301707000084], [119.58349497800006, 31.4484747380001], [119.58384230900003, 31.44881780300006], [119.58400746400002, 31.44898883000009], [119.58418062600003, 31.449162859000104], [119.58451893700015, 31.449502912000085], [119.58471010000007, 31.44981191300007], [119.58478813800004, 31.450256845000112], [119.58482315200001, 31.45047980800009], [119.58489218100013, 31.45092473600004], [119.58492719600008, 31.4511507], [119.58500523200006, 31.45159563100004], [119.58504825400007, 31.451818598000017], [119.58508325900003, 31.452150539000037], [119.58510023600002, 31.452599449000054], [119.58510920500014, 31.453051356000053], [119.58511817400009, 31.453500263000066], [119.58513515000007, 31.45395217300007], [119.585144119, 31.454401081000086], [119.58492687900005, 31.454730937000107], [119.58479673400004, 31.45492885000005], [119.5846665880001, 31.455123763000103], [119.58454545000004, 31.45532167700005], [119.58428515400007, 31.45571149900006], [119.58414599500011, 31.455907406000016], [119.5840158450001, 31.456105314000048], [119.58375554200003, 31.456495130000064], [119.5836253890001, 31.45669103700002], [119.5835382680001, 31.457024932000024], [119.58367737500006, 31.45745889800005], [119.5837464280001, 31.45767788000005], [119.58388553300006, 31.458112846000063], [119.58401562900008, 31.458545807000093], [119.58415473300012, 31.45898477100009], [119.58428482600004, 31.459418730000024], [119.58442392900011, 31.45985269400005], [119.58449297900003, 31.460071674000048], [119.584632079, 31.460505637000068], [119.58482324500011, 31.46076465200001], [119.58497037200002, 31.46095466500001], [119.58524860900003, 31.46133268200002], [119.58554285600005, 31.46170970100004], [119.58567396300006, 31.461900705000033], [119.58596820500006, 31.46227871800005], [119.58624642600009, 31.462656724000063], [119.58654166000008, 31.463033732000078], [119.58669776600004, 31.463413698000075], [119.58671476200001, 31.46363865700004], [119.58674076500003, 31.463864619000084], [119.5867757560001, 31.464311540000026], [119.58679275100008, 31.464537499000066], [119.58681074700006, 31.464761460000034], [119.58682774300004, 31.464986420000088], [119.58685374600006, 31.46521238200004], [119.58655846100015, 31.465464253000007], [119.58617708800011, 31.46578108200002], [119.58599490600014, 31.465939998000025], [119.58570862300007, 31.466121875000063], [119.58520513200008, 31.46625668500012], [119.58470963600011, 31.46639348700007], [119.5842071200001, 31.46652827600012], [119.5839548570001, 31.466595166000054], [119.58346032900013, 31.466731941000006], [119.58346030800013, 31.466975893000026], [119.58346927800008, 31.467426808000035], [119.58348725700014, 31.467875728000053], [119.58349523700008, 31.468190671000087], [119.58351223600008, 31.468413634000058], [119.58344312500003, 31.468841524000027], [119.58293158800008, 31.46873532600003], [119.58241903800004, 31.468629117000035], [119.58190747400008, 31.46852289800004], [119.58139489600003, 31.468414665000054], [119.58114360800002, 31.468362547000005], [119.58064002100002, 31.468254301000023], [119.58012841100005, 31.46814804000011], [119.57961578700008, 31.468041767000024], [119.57921729000006, 31.467976542000045], [119.57869562500008, 31.467933230000014], [119.57843528700002, 31.467910070000052], [119.57791560400011, 31.46786674000002], [119.57738589300007, 31.46782339200007], [119.57686518000006, 31.46778003700004], [119.57634445400004, 31.467736670000093], [119.57582371300012, 31.467693291000053], [119.57555432400014, 31.46767109000008], [119.57529394600007, 31.467647893000027], [119.5747821900001, 31.46760449699999], [119.57425239500006, 31.46756107300004], [119.573723586, 31.467517639000086], [119.5732117900001, 31.467479206000107], [119.57269898000004, 31.46743976000004], [119.57243054900005, 31.467420522000047], [119.57190970500002, 31.467382051000058], [119.57137983300005, 31.467342558999988], [119.57111939800009, 31.467323313000087], [119.57059952100006, 31.467283812000105], [119.5700696130001, 31.467245290000022], [119.56980916200004, 31.467226028000027], [119.5692892500001, 31.467191497000016], [119.56876832400008, 31.46714995500004], [119.56849883900006, 31.467132668000033], [119.56797789200004, 31.46709210700005], [119.56745793400009, 31.467052535000064], [119.56719744800012, 31.467033243000067], [119.56666845200004, 31.46699464300007], [119.56614745800002, 31.46695503899999], [119.56588695600014, 31.466935733000078], [119.56535792600008, 31.466897102000082], [119.56483689900003, 31.466860469000068], [119.56456736100003, 31.466840137000077], [119.56405533200012, 31.466801498000073], [119.56352625500003, 31.466762825000075], [119.56309236000001, 31.466728265000057], [119.56257127600007, 31.46668058300002], [119.56230271300005, 31.46665722700004], [119.56179062800004, 31.46660854000001], [119.56126149300005, 31.466561818000052], [119.56100092900007, 31.466537458000076], [119.56047979200004, 31.466489730000035], [119.56022022200014, 31.46646636300006], [119.56011596700013, 31.466733161000015], [119.55995056100004, 31.467160838000055], [119.5597861570001, 31.467590515999987], [119.55961273100006, 31.468018180000023], [119.55944732100014, 31.468442855000077], [119.55928191000012, 31.468870529000114], [119.55911750000013, 31.469298203000065], [119.55903128600009, 31.469513034000073], [119.55886587100008, 31.469940706000024], [119.55870145800006, 31.470368377000057], [119.55864029500006, 31.470631236000045], [119.5587264740001, 31.47084332500001], [119.55881365400012, 31.471056415000056], [119.55890083400004, 31.471266505000116], [119.5589960310001, 31.471479607000077], [119.55916938700014, 31.471902784000093], [119.55926558600002, 31.472114886000057], [119.55934274100002, 31.472327960000015], [119.55948203099999, 31.472599113000065], [119.55979469900001, 31.47296350200002], [119.56009834300009, 31.473329873000047], [119.56025467300006, 31.473515063], [119.56070566600008, 31.473523705000005], [119.56123481699998, 31.473536444999993], [119.56175593900002, 31.4735441650001], [119.56202451200014, 31.473551530000087], [119.56251054300002, 31.473521193000067], [119.56303163599998, 31.473487892000065], [119.56356073300005, 31.473452590000072], [119.56408180000008, 31.473420265000065], [119.56461086900006, 31.47338793800005], [119.56513190900012, 31.473357590000028], [119.56565293500014, 31.473325230000015], [119.56618196400004, 31.47328986700002], [119.56670296400016, 31.47325748400001], [119.56697147400007, 31.47324379600012], [119.56718887100013, 31.47337202000007], [119.56740526500009, 31.47350024200002], [119.5676136420001, 31.473628452000057], [119.568082482, 31.47390192200004], [119.56809147400011, 31.47417888000004], [119.57023451000006, 31.482939551000058], [119.5700611660001, 31.483449286000045], [119.56960132100008, 31.48392073400006], [119.56860349700003, 31.484445590000057], [119.56820374300008, 31.48476110200005], [119.56803939300006, 31.485322824999983], [119.56761343000008, 31.48731701100005], [119.56730970999999, 31.489055375000085], [119.56673748500009, 31.490702445000032], [119.56645894300004, 31.49084009800005], [119.56601707299998, 31.49106754000004], [119.56578260700013, 31.49118324000002], [119.56533170500003, 31.49140865800011], [119.56487979000012, 31.491636065000094], [119.56464631300008, 31.491751756000077], [119.56419438400007, 31.491979150000063], [119.5637524650001, 31.49220754800004], [119.56329249900014, 31.49243591400002], [119.56305800300001, 31.492550587000004], [119.56279742500013, 31.49293518100003], [119.5626671350001, 31.49312997600007], [119.56252782500012, 31.493322758000033], [119.56225922400009, 31.493709334000044], [119.56212091400002, 31.493905115000075], [119.56199061900008, 31.49409790700004], [119.5617300280001, 31.49448448900005], [119.56159071200011, 31.49467926600009], [119.56147844800014, 31.494934070000035], [119.5616086890001, 31.495368178999982], [119.56174694800008, 31.49580130100003], [119.56189522600009, 31.496235435000067], [119.56203348200006, 31.496671554000088], [119.56210260700001, 31.496925608000062], [119.56210258600001, 31.497151573000018], [119.5621035680001, 31.497376539000065], [119.56210354900008, 31.497602503000024], [119.5621035290001, 31.497828468000066], [119.56210350800009, 31.49805443300002], [119.56210348800009, 31.498280397000066], [119.562103469, 31.49850336300004], [119.562103449, 31.498729327], [119.56209441000013, 31.49895428000005], [119.56209438900014, 31.49918024500009], [119.56209436900005, 31.499406210000046], [119.56209434900003, 31.499632176000006], [119.56209432900005, 31.49985814000005], [119.56209428900004, 31.500307071000066], [119.56209426900013, 31.50053203600003], [119.56209424900013, 31.500758002000076], [119.56209422900012, 31.500983967000032], [119.56209420900004, 31.501209934000073], [119.56209418900002, 31.50143489900004], [119.56209416900003, 31.501658865000003], [119.56209414900002, 31.501884831000048], [119.56209412900012, 31.5021097960001], [119.56209410900011, 31.502335762000058], [119.56209408900011, 31.50256172800001], [119.56209406900011, 31.502786694000065], [119.56209404900002, 31.50301066100012], [119.56209401000001, 31.50345959400005], [119.56208597200006, 31.503685549000096], [119.56208595200006, 31.50391151500005], [119.56208593200006, 31.504137481000008], [119.56208591200006, 31.504362449000055], [119.56208589200006, 31.504586415000027], [119.56208587200005, 31.50481238100007], [119.56208585200014, 31.50503734800003], [119.56208583200014, 31.50526331500008], [119.56208581100014, 31.505489282000035], [119.56208579200005, 31.505714248000082], [119.56208577200005, 31.50594021600004], [119.56208575200004, 31.506164183000095], [119.56208573200004, 31.50638915000006], [119.56208571100004, 31.506615117000017], [119.56208569200012, 31.506841084000058], [119.56223297100006, 31.507210230000048], [119.562571657, 31.50754863700007], [119.56274500500005, 31.507717843000037], [119.56310071700008, 31.508056265000064], [119.56326604500009, 31.508225458000027], [119.56343938700005, 31.508394660000086], [119.56378707100012, 31.50873306000002], [119.56396040900007, 31.50890425900006], [119.56441133000008, 31.508823841000066], [119.56467185600005, 31.508778175000018], [119.56519290000008, 31.50868883200009], [119.56544439900003, 31.508644145000034], [119.56595640500012, 31.5085547730001], [119.56621691300009, 31.50850908900005], [119.56672890000007, 31.508419700000026], [119.56698939700004, 31.50837400800006], [119.56934674600006, 31.50794265100008], [119.5710508010001, 31.50667255000006], [119.57151860100008, 31.50647702600005], [119.5717539990001, 31.506376263000057], [119.57223079700012, 31.50617873400006], [119.5726995710001, 31.505981187000053], [119.57317634600011, 31.505784637000048], [119.57364509800007, 31.50558707200004], [119.57412285200007, 31.50538850300004], [119.57435721700003, 31.505288712000045], [119.57477385100003, 31.505221060000046], [119.57529461600004, 31.505308459000084], [119.57581436500007, 31.505394845000033], [119.576257991, 31.505510159000075], [119.57673464600009, 31.505694478000045], [119.577212291, 31.50587878700002], [119.57768992500007, 31.50605808700002], [119.57793224200006, 31.506147235000114], [119.57872223400014, 31.506680666000108], [119.57945104300005, 31.508058910000017], [119.57988546100012, 31.50945696400005], [119.58024970400004, 31.511769844000106], [119.5803887940001, 31.512650798999985], [119.58046684799999, 31.513108779000042], [119.58097026900006, 31.51513777200006], [119.58123047000001, 31.51631874900007], [119.582106283, 31.51847489500004], [119.58271381700001, 31.52003097300009], [119.58362559500003, 31.522255078000086], [119.58488365600013, 31.524677250000032], [119.5858644530001, 31.526267376000064], [119.58595952300006, 31.52647537900004], [119.58619471000006, 31.526814407000117], [119.58703630600007, 31.528565427000046], [119.58760866700008, 31.530034391000086], [119.587695722, 31.530244387000053], [119.58775676100008, 31.53037238500007], [119.58779979000009, 31.53045538500001], [119.5881820190001, 31.531420354000005], [119.58845912300002, 31.53277925400009], [119.58845906200011, 31.53346917600006], [119.58871118400009, 31.5343541230001], [119.58959574400001, 31.53567411700007], [119.59009103900004, 31.53642209900005], [119.5909935760001, 31.53744607500004], [119.59200015600008, 31.538254043000016], [119.59331885900014, 31.539079960000052], [119.59494159500001, 31.54023173900005], [119.59602702600012, 31.540880541999996], [119.59633912900009, 31.541175464000062], [119.59667821600007, 31.54172935200006], [119.59682524299998, 31.542057292000017], [119.59720729400007, 31.543107116000016], [119.59781437400011, 31.544601841000052], [119.59853439100002, 31.546995439000035], [119.5988984090001, 31.54800225000003], [119.59890840900005, 31.548023244000078], [119.59891541, 31.548049240000097], [119.59909041500009, 31.54853214700009], [119.59960244000001, 31.549770885999997], [119.60020947800004, 31.550953591000066], [119.60031348400004, 31.551140540000077], [119.60039148100009, 31.551357494000086], [119.60110353300004, 31.55234016100004], [119.60189354100012, 31.55367874600004], [119.60230153100014, 31.5543955200001], [119.60234453200005, 31.55443649900012], [119.6029785210001, 31.555315153999985], [119.60447147700009, 31.556732336000003], [119.60559937500014, 31.55782565600005], [119.60654524900008, 31.5586710540001], [119.60740411200007, 31.559315487000042], [119.60778604000006, 31.55959522600009], [119.60842890900005, 31.56003877600002], [119.60954766800015, 31.560432986000045], [119.6101815100001, 31.56062151900001], [119.61081533300015, 31.56084303300004], [119.61289863400012, 31.56149533900001], [119.61401719900005, 31.56165437600003], [119.6154145910001, 31.561771117000006], [119.61693384900005, 31.561790674000022], [119.61870387900004, 31.56169190200002], [119.62006703600002, 31.56177045000004], [119.62148108500006, 31.561867878000015], [119.62303494900002, 31.56204107000005], [119.62328672900006, 31.56238774400004], [119.62343360000014, 31.56257655500012], [119.62372933900009, 31.562954172000012], [119.62400708900006, 31.563331808000086], [119.62415495600013, 31.56352261500006], [119.62444069600006, 31.563898237000053], [119.62458856000003, 31.564087042000047], [119.6248663020001, 31.564464671000025], [119.62516102700008, 31.564842277000004], [119.62529989500001, 31.565031090000083], [119.62559561500005, 31.565408691000066], [119.62573448100008, 31.565597502000053], [119.62588133900007, 31.565797300000064], [119.62609814300006, 31.56593401500001], [119.62630695100003, 31.566069738000046], [119.62650676500004, 31.566209471000064], [119.62672356400003, 31.566346182000096], [119.62693136800009, 31.566484901000024], [119.62734797300001, 31.566758338000092], [119.62755677200005, 31.56689505300003], [119.62775657800015, 31.567033779000056], [119.62797336800006, 31.567170482000087], [119.62818116400001, 31.567307195000026], [119.62838995800007, 31.56744590500005], [119.62859775200002, 31.56758261600008], [119.62880654199998, 31.5677213230001], [119.62901433300013, 31.567858031000043], [119.62922312100008, 31.56799673700006], [119.62943090900004, 31.568133443000093], [119.62983948800002, 31.568406860000067], [119.63005626200001, 31.568543550000093], [119.63026404500013, 31.568682251000027], [119.63046383399998, 31.56881896200006], [119.63068060500007, 31.568957648000072], [119.6308893820001, 31.569094345000018], [119.63108916800002, 31.569233052000037], [119.63130593400001, 31.569369735000066], [119.63151370900007, 31.569509428000075], [119.63172248100011, 31.569646120000108], [119.63213902300002, 31.56991950100008], [119.63234779100006, 31.570056189000105], [119.63274634600009, 31.570322591000036], [119.63324979300009, 31.57046784100006], [119.63374524100004, 31.57061109700001], [119.63399695800001, 31.570684717000063], [119.63450038800009, 31.5708279520001], [119.63499482000006, 31.57097319400004], [119.63549823600015, 31.571116417000077], [119.63574095100014, 31.571190039000044], [119.63602760199998, 31.571398584000065], [119.63620138500005, 31.57157230400005], [119.63652198100012, 31.571919784000023], [119.63669576300002, 31.57209350200001], [119.63686055300006, 31.57226923300007], [119.6371991220001, 31.572615680000048], [119.63736391000006, 31.572789410000034], [119.6375286980001, 31.572965139000097], [119.6377024740001, 31.57313885300008], [119.63802405700005, 31.573486320000058], [119.63819783100004, 31.57366003300004], [119.63836261600008, 31.573835759000104], [119.63852740000004, 31.574009484999998], [119.63886595400008, 31.574355920000066], [119.63903073600012, 31.57453164400004], [119.63920450700002, 31.574705352000024], [119.63953406700011, 31.575052797000083], [119.63976874300008, 31.575400395000067], [119.63986360700002, 31.57560822800012], [119.64004135400018, 31.57594591800008], [119.6400952770001, 31.57604882300007], [119.63998241800009, 31.576058006000032], [119.64036688200011, 31.576650342000015], [119.64056659100001, 31.577066990000027], [119.64067143999998, 31.57727480500008], [119.64086216000013, 31.577693465999992], [119.64106186900005, 31.578108113000013], [119.64117470600006, 31.57831891400005], [119.64136542300002, 31.57873557300006], [119.64156512900004, 31.579150217000084], [119.64166897700011, 31.579360033000036], [119.641868681, 31.57977467700006], [119.64174781800014, 31.580002866000022], [119.6414961080001, 31.580393264000087], [119.6413652580001, 31.58059047000006], [119.64123540700011, 31.58078667500004], [119.64097470600004, 31.581177085000014], [119.64084485400012, 31.581374289000074], [119.64071400400005, 31.581569494000064], [119.64045429700005, 31.581959901000033], [119.64032344500006, 31.58215810500009], [119.64019359200006, 31.58235330800008], [119.63993288399999, 31.58274371300005], [119.6396122580001, 31.583049219000017], [119.63940350500006, 31.58318655100001], [119.63897800600012, 31.583455224000033], [119.63856149300011, 31.58372888000003], [119.63814497500002, 31.583998532000045], [119.63792822400004, 31.584136869000034], [119.6377723820001, 31.58446210000003], [119.63776337400006, 31.584688103000083], [119.63775436400013, 31.584912106000054], [119.63774635400009, 31.58513710800002], [119.63773732500013, 31.585587101000037], [119.6377283160001, 31.58581310400008], [119.63772030500006, 31.58603810500005], [119.63771129600002, 31.586264109000098], [119.63771127500002, 31.586489098000058], [119.63770226599999, 31.58671510200002], [119.63770224600016, 31.586941091000064], [119.637685226, 31.587388097000016], [119.63767621800005, 31.587614101000064], [119.63766820700002, 31.587839104000025], [119.63765919700006, 31.588065107000077], [119.63765018800004, 31.588291111000032], [119.63765016800002, 31.588516100999996], [119.63765014800003, 31.588742091000043], [119.63763312900004, 31.58919109800007], [119.6376241190001, 31.589417102000027], [119.63761610900005, 31.58964110500009], [119.63760710000011, 31.589866110000052], [119.6376070800001, 31.590092100000014], [119.63759907000006, 31.590317103000068], [119.63759006000012, 31.590543107000023], [119.63758105100008, 31.590769112000075], [119.63739924400014, 31.59104038700005], [119.6370166690001, 31.591352975000063], [119.63682588100004, 31.59151126800002], [119.63645329000012, 31.591821835000047], [119.63626149900006, 31.591980126000088], [119.63607070700007, 31.59213641500005], [119.63568911800004, 31.59244899100007], [119.63550731300009, 31.59260526300003], [119.63514170300004, 31.59290081000006], [119.63535941900011, 31.59331246100001], [119.63556714500007, 31.593723128000065], [119.63578386000006, 31.594134779000015], [119.636010562, 31.594545414000066], [119.63621828400004, 31.5949580770001], [119.63625321900008, 31.595236012000008], [119.63626117000004, 31.595686984000018], [119.6362791080001, 31.596137940000027], [119.63628805800013, 31.596587909000043], [119.63630499800001, 31.59703886700005], [119.63631395800004, 31.597372842000063], [119.636322907, 31.597824812000063], [119.63633185600011, 31.598275783000076], [119.63624492800011, 31.598607907000023], [119.63614003100005, 31.598818062000092], [119.63594022500004, 31.599233358000077], [119.63584531600009, 31.59944349700006], [119.63574940800005, 31.599651638000047], [119.63565449800001, 31.59986177700003], [119.63545468900008, 31.60027907000009], [119.63535878000006, 31.600487210000082], [119.63525488000008, 31.600697363000066], [119.63515897000005, 31.60090650200005], [119.63496015700002, 31.60132279200012], [119.63486424700008, 31.6015329310001], [119.63476034500002, 31.601742082999998], [119.63466443400009, 31.60195222100006], [119.63447361100009, 31.602360498000095], [119.6346474020001, 31.60252923100002], [119.63500297200002, 31.602861681999997], [119.63535953800013, 31.603193130000065], [119.63553232600012, 31.603362861000072], [119.63588888700005, 31.60369430400005], [119.63607066200008, 31.603862019000076], [119.63641822800005, 31.604196471000122], [119.63677378200008, 31.604527909000105], [119.6369565530001, 31.604694619000043], [119.63725117800006, 31.604981150000036], [119.63760772300006, 31.605313579000004], [119.63796326600009, 31.60564500700007], [119.63831880600002, 31.605977432000046], [119.63849257900009, 31.60614415000007], [119.63884811500012, 31.60647657200004], [119.639212636, 31.60680797700011], [119.63956019700007, 31.606901412000113], [119.63981987200015, 31.606907989000035], [119.64034920600014, 31.606921124000053], [119.64061087400012, 31.60692969400005], [119.64113920000014, 31.606942821000075], [119.64166851700006, 31.60695994100007], [119.64192917800005, 31.606966506000077], [119.64229370300009, 31.606974895000064], [119.64280602700003, 31.607032032000085], [119.64333532300013, 31.60708413400004], [119.64359597400002, 31.607111690000103], [119.64412526100011, 31.60716578500005], [119.64463756600006, 31.60721790400001], [119.64489821000004, 31.60724645500006], [119.64521876400009, 31.60735489800006], [119.645462423, 31.60745647200003], [119.64592177400007, 31.60765866900006], [119.64639909800005, 31.607857831000018], [119.64686842800006, 31.60806000300005], [119.64734574300005, 31.608262157000077], [119.64780508000004, 31.608463340000114], [119.64828338700008, 31.60866348600007], [119.64851704600005, 31.608765067000036], [119.64898636100007, 31.608966225000067], [119.64935980900006, 31.609164550000045], [119.649784176, 31.60942278200001], [119.65000185100007, 31.609555387000057], [119.65021852600015, 31.60968499300003], [119.65064388800008, 31.609943218000083], [119.65086056100006, 31.61007582200004], [119.65129490500013, 31.61033402800009], [119.65150358800007, 31.610463644000063], [119.65172026000005, 31.610594247000037], [119.65214561299999, 31.61085446400007], [119.65236228199998, 31.610985065000044], [119.65257994900004, 31.611114663000016], [119.65301328500001, 31.61137486100005], [119.65343863900013, 31.611544074000022], [119.65369025900007, 31.611609608000023], [119.65419449600006, 31.611737672000054], [119.65469773100003, 31.611867736000065], [119.6552009640001, 31.611995798000095], [119.655704194, 31.612125857000017], [119.65620742200007, 31.612253913000046], [119.65657286400003, 31.61229922800006], [119.65684145500003, 31.612319724000074], [119.6573616610001, 31.612353745000043], [119.65762226299998, 31.612371254000074], [119.65788286300005, 31.612390763000086], [119.65815245000016, 31.612408254000023], [119.65841304900005, 31.61242776200004], [119.65894223500004, 31.612462761000096], [119.65919384800007, 31.61248228400011], [119.659462434, 31.612496775000068], [119.65972303200007, 31.61251628000008], [119.66025221400007, 31.61255327500003], [119.66051281100013, 31.61257077900006], [119.66077340700011, 31.612588283], [119.66103400400002, 31.612607786000105], [119.66156318300008, 31.612644778000053], [119.66182377800007, 31.612659281000013], [119.662093365, 31.612609768], [119.6626045830001, 31.612500793000045], [119.66311679800003, 31.612396815000054], [119.66362901400014, 31.61229083700008], [119.66388961400003, 31.61223634000001], [119.66440182800014, 31.612132361000114], [119.66491404100006, 31.612026382000046], [119.66542625600007, 31.61191740200009], [119.665938469, 31.6118134210001], [119.66644169700007, 31.611706459000047], [119.66695391100008, 31.61160047800007], [119.66746612600001, 31.61149449800009], [119.66807419300005, 31.611370334000036], [119.66868833600006, 31.61032317600008], [119.66872433900002, 31.609656121000043], [119.6688981090001, 31.609228796000032], [119.66906389000005, 31.608801488000026], [119.66921968800014, 31.60837319800003], [119.66939245900005, 31.607945876000024], [119.66946237000006, 31.607730748000073], [119.66963613900006, 31.607303424000065], [119.66979193699999, 31.60687613600006], [119.66987882200016, 31.606658975000038], [119.67002762800011, 31.606261700000026], [119.67052188099998, 31.60608875800002], [119.67100814700007, 31.605914832000018], [119.67124179500004, 31.605827388000066], [119.67172806400004, 31.605652464000066], [119.67222331900007, 31.605480523000054], [119.67246595499998, 31.605392063000103], [119.67291726900011, 31.60535020400002], [119.67343846900008, 31.605402212000058], [119.67395967000002, 31.605454221000095], [119.67447987500009, 31.605504232000058], [119.67501006799998, 31.60555722700009], [119.67552229000009, 31.605608258000053], [119.67605148800008, 31.605661258000083], [119.67631209500007, 31.605686767000066], [119.67684129800016, 31.605736770000114], [119.67735352899999, 31.60578880600007], [119.67788273700009, 31.605840814000018], [119.67840396100004, 31.605892839000063], [119.67892518700009, 31.605944867000105], [119.67944541900015, 31.605994899000066], [119.67997564000005, 31.606047915000012], [119.68014840600006, 31.60585260000002], [119.68038310000011, 31.605452176000014], [119.68062578400011, 31.60505373700009], [119.68074762500007, 31.604853519000045], [119.68099130900006, 31.604452080000044], [119.68124198300004, 31.604052629000122], [119.68147668100008, 31.603653210000026], [119.68159852400004, 31.603453991000066], [119.68184121200014, 31.603054558000053], [119.68208390100006, 31.602655125000048], [119.682205745, 31.602453908000008], [119.68244943400009, 31.602054475000088], [119.68269212500002, 31.601655044000076], [119.68281396900015, 31.601452829000046], [119.68305666199998, 31.60105439900012], [119.68329935500009, 31.60065497100002], [119.68342120100013, 31.60045475600006], [119.68366489400012, 31.600055327000057], [119.6838986030001, 31.59965591700005], [119.68415028700005, 31.599255476000046], [119.68427213500001, 31.599055264000086], [119.68451483300011, 31.598655840000077], [119.68475853100003, 31.59825641600007], [119.68487938200008, 31.598055206000033], [119.68511409300004, 31.597655799000023], [119.68535679500005, 31.597256379000015], [119.68551360500015, 31.59698110900007], [119.68561847900003, 31.596771929000077], [119.68583521900011, 31.596360558000057], [119.68604297300007, 31.59594720300005], [119.68626071400006, 31.59553783200002], [119.68635560300001, 31.595331671000018], [119.68657234700008, 31.594919302000093], [119.68679009000007, 31.59450693400008], [119.68699784700003, 31.594096583000052], [119.68711071300004, 31.593888393000057], [119.68731947000009, 31.59347604200005], [119.68753621800008, 31.59306567700002], [119.68764109700014, 31.592859502000103], [119.68785784500004, 31.592447139000093], [119.68806560600001, 31.59203479300008], [119.68828335500007, 31.591625429000047], [119.68838723700006, 31.59141625800006], [119.68860398900006, 31.591004898000044], [119.68881275200009, 31.590592554000033], [119.68902950600008, 31.590182196000093], [119.68913338900006, 31.589974025000103], [119.68925526300012, 31.589613830000054], [119.68931620300009, 31.589391735000063], [119.68942010800006, 31.58894957600007], [119.68951502600011, 31.588508431000072], [119.68962891800004, 31.588066256000083], [119.68972383200007, 31.58766011200005], [119.68961101700006, 31.587219325999996], [119.68955910400012, 31.586998426000015], [119.68943730200007, 31.58655765500005], [119.68957615400011, 31.5861954330001], [119.68996667900001, 31.585887778000043], [119.69015844600005, 31.585733457000067], [119.69034921700003, 31.5855771390001], [119.69073075900008, 31.585268504000055], [119.69092253000014, 31.585115186000067], [119.6911133030001, 31.584958870000015], [119.69150384000008, 31.584652226000046], [119.69169461600006, 31.584495913000076], [119.69188539300004, 31.584342599000003], [119.69226794700016, 31.58403397400005], [119.69245872600004, 31.58387766300008], [119.69284028600009, 31.58357204400002], [119.69303106800007, 31.583415735000052], [119.69313596100004, 31.58318157300004], [119.6932138870001, 31.582966455000097], [119.69328382200001, 31.582749351000075], [119.69343967200004, 31.58232211600007], [119.69351759700008, 31.58210499900005], [119.69359652100005, 31.581889881000016], [119.69366545800005, 31.581674779000068], [119.69374338400011, 31.58145866200004], [119.69389923700012, 31.581028429000057], [119.69397816099999, 31.58081431100002], [119.69405608800005, 31.58059919500007], [119.69421194200007, 31.580168964000087], [119.69428986900003, 31.579951849000068], [119.69435980500013, 31.579737746000028], [119.69443873100009, 31.579522630000078], [119.69451665900014, 31.57930551500006], [119.69459458600011, 31.579091401000014], [119.69467251400008, 31.578873285999997], [119.69479440000012, 31.578548107000096], [119.69505409400003, 31.578578685000046], [119.69556649400015, 31.578641856000033], [119.69609588199998, 31.57870500400002], [119.69661728700014, 31.578767173000102], [119.69712970800008, 31.57883236099999], [119.69738941700007, 31.5788659520001], [119.69791983000007, 31.578926120000105], [119.69844026000007, 31.578989311000008], [119.69896069900005, 31.579052506999993], [119.69948214300004, 31.57911570900007], [119.70000259700011, 31.579179918000058], [119.70026332700002, 31.579210524000104], [119.70078479100007, 31.57927374200009], [119.70130526400007, 31.579336968000085], [119.70182574600005, 31.579400200000073], [119.70231226900016, 31.579460488000088], [119.70253806300002, 31.57933716800001], [119.70298066600004, 31.57908954600004], [119.70341528200004, 31.57884493900005], [119.70385789600006, 31.578599326000067], [119.70430051700009, 31.5783517180001], [119.704517333, 31.57822842300002], [119.70495996300012, 31.57798282400004], [119.7049779680001, 31.57774881200004], [119.7049779890001, 31.57752282500008], [119.70498600200006, 31.577296827000033], [119.70498602200006, 31.577071840000073], [119.70498604200006, 31.576845854000027], [119.70498606300006, 31.57661986700007], [119.70499507500008, 31.576394867000012], [119.70499509600009, 31.576168881000058], [119.70499511500009, 31.575944893999996], [119.70500414800004, 31.575495910000065], [119.70500416800004, 31.575269922000103], [119.70500418900005, 31.575044936000054], [119.70500320900015, 31.574818952000008], [119.7050122220001, 31.57459295300005], [119.7050122420001, 31.574369967000074], [119.7050122630001, 31.574143981000113], [119.70500329100005, 31.57391800800007], [119.7050123030001, 31.573693009000102], [119.705012323, 31.57346702400006], [119.70501234400001, 31.573241038000013], [119.70501236400001, 31.573015051000056], [119.70502137600013, 31.572792054000075], [119.70502139600005, 31.57256606800003], [119.70502141700005, 31.572341082000065], [119.70502143700006, 31.572115097000022], [119.70502945100009, 31.571889100000064], [119.7050294700001, 31.571663115000014], [119.70502949100009, 31.571438130000054], [119.70503852300013, 31.570991147000015], [119.70503854400013, 31.570765162000058], [119.70503856400005, 31.570539176000104], [119.70511653500012, 31.570109098000046], [119.70525545200005, 31.56967593600009], [119.70539437, 31.569243775000032], [119.70554228199998, 31.56880960200008], [119.70568919500015, 31.56837543200004], [119.705828116, 31.567942272999993], [119.70596803600003, 31.567510113000033], [119.70611495100002, 31.56707594600008], [119.70626286600009, 31.566641777000036], [119.70640178900013, 31.56620762100009], [119.70654870600004, 31.56577645600003], [119.70668763000006, 31.56534230100008], [119.70683554800004, 31.564908136000035], [119.70697447400009, 31.564473983], [119.70712239300008, 31.564041819000032], [119.70719135700008, 31.563822744000028], [119.70733927700007, 31.56338958200007], [119.70747820600002, 31.562957432000104], [119.70761713400006, 31.56252328300007], [119.70769509200011, 31.562304198000056], [119.70773909800002, 31.56185217500005], [119.70778210400013, 31.561403154000025], [119.70782511200004, 31.560954133000088], [119.70786911700013, 31.560507110000046], [119.70789511700005, 31.560281095000086], [119.70812196900009, 31.5599678250001], [119.70863961700002, 31.559475198000023], [119.70981786900008, 31.55815281700003], [119.71023858800007, 31.557960311000087], [119.71130185300002, 31.55807400700008], [119.71390221400006, 31.558509948000093], [119.71569024400003, 31.558674977000067], [119.71618698700001, 31.558840438000082], [119.7169835210001, 31.559892527000088], [119.71823688800006, 31.560994181000112], [119.72060387000008, 31.562996789000074], [119.72171948700009, 31.563725745000085], [119.72274320900007, 31.56408984800001], [119.72654460600009, 31.564863874000018], [119.72825154400002, 31.565114713000078], [119.72938960700003, 31.564887026000065], [119.73066379500003, 31.564068354000007], [119.73223409000002, 31.563439579000033], [119.73497279400013, 31.563137386000072], [119.73788088800006, 31.56300541200008], [119.74046621900001, 31.562466844000014], [119.74110360300007, 31.562222752000068], [119.74294288600002, 31.560730632000066], [119.74390755700009, 31.56063956700008], [119.74480022900005, 31.560421549000075], [119.75097285000007, 31.55898424600008], [119.75217514800008, 31.558656553000056], [119.75275782200005, 31.558256741000015], [119.75383206700012, 31.55794708700006], [119.75550710800007, 31.55749170900004], [119.75685683800009, 31.557177282000048], [119.75891766000008, 31.556401310000062], [119.76357461500001, 31.555749111000097], [119.76383502600007, 31.555773286000054], [119.76436487100013, 31.55581864900008], [119.76488571300006, 31.555862014000112], [119.7651461380001, 31.555886200000074], [119.76540656600008, 31.55591038900012], [119.76593644500014, 31.55595578100006], [119.766196882, 31.555979976000103], [119.76645732100006, 31.556003175000072], [119.76697820800008, 31.556047578000104], [119.76723865600005, 31.55607078400007], [119.76776857600011, 31.55611720800009], [119.76828949100005, 31.556162636000032], [119.7685499520001, 31.556186853000078], [119.76881041600006, 31.556210071000045], [119.76934036900005, 31.556253525000088], [119.7695998410001, 31.55627775000005], [119.77011277900009, 31.55632320299999], [119.77064175799998, 31.556368678000112], [119.77090224400004, 31.556392914000078], [119.77117175000004, 31.556414163000056], [119.77169273600008, 31.556460648999995], [119.77195323300013, 31.556483895000056], [119.7722137320001, 31.556508144000105], [119.77273473900004, 31.556553648000055], [119.77300426400006, 31.556574912000038], [119.77352528600008, 31.556621429000067], [119.77394111000004, 31.55665784700006], [119.7742016340001, 31.55663411700005], [119.77472268900013, 31.55658466200004], [119.77524375400009, 31.556534215000042], [119.77550429000004, 31.556510494000037], [119.77603438900005, 31.556461070000033], [119.77655447700008, 31.556413644000017], [119.77681502700014, 31.55638893400001], [119.7773361320001, 31.556341521], [119.77760570700002, 31.556315828000002], [119.77811780800002, 31.556267417000086], [119.7786469560001, 31.556218034000082], [119.778907525, 31.556194340000076], [119.77943768899999, 31.556144970000076], [119.779949824, 31.556094588000086], [119.78021040400006, 31.556070903999988], [119.78073959000005, 31.556020554000085], [119.78126878500007, 31.555975211000067], [119.78152136000008, 31.555949527000074], [119.78204154900004, 31.555902185000065], [119.78257177100014, 31.555851862000075], [119.78283237500011, 31.555828199000068], [119.78335258700008, 31.555777875000082], [119.78387380900003, 31.555728560999995], [119.78414344600006, 31.55570491800008], [119.78466368000011, 31.555654613000094], [119.78492430100009, 31.555630964000002], [119.78544555100005, 31.555581671000013], [119.78597482900014, 31.555531396000028], [119.78623546000004, 31.555509756000014], [119.7867557290001, 31.555459479000028], [119.7872419270001, 31.555364166000047], [119.78773715700004, 31.555221876000083], [119.78798878600007, 31.55514723800004], [119.78823239599998, 31.55507559100006], [119.78873566100006, 31.554933325000015], [119.78897927800006, 31.554858682000052], [119.78947353200009, 31.5547154120001], [119.78972517300012, 31.55464178500005], [119.79022043900017, 31.554498525000007], [119.79047208600002, 31.554424903000047], [119.79072373400005, 31.554351281999992], [119.79122703600004, 31.554208045000046], [119.79147869000008, 31.55413442900008], [119.79197398100013, 31.553991189000044], [119.79222564000007, 31.553917577000078], [119.79246927900007, 31.553845954000018], [119.79297260400006, 31.553702737000066], [119.79321524500006, 31.553629117000106], [119.79371858100005, 31.55348590800007], [119.79396223000005, 31.553412293000108], [119.79446557500012, 31.553269092000072], [119.79470822600004, 31.55319548000002], [119.79496090500007, 31.553120885000062], [119.79545523800003, 31.552978681000113], [119.79570692000007, 31.552904087000066], [119.79621128800015, 31.55276190600003], [119.7964629740001, 31.55268731700007], [119.79670563800002, 31.552615714000098], [119.79720901600001, 31.552470541000076], [119.79745268500011, 31.552398944000103], [119.79795607300001, 31.552253778000086], [119.79819874400002, 31.552182182000024], [119.79845044100014, 31.552108603000065], [119.79894481500001, 31.551965431000028], [119.79919751900005, 31.551891857000072], [119.79967485800012, 31.551693669000016], [119.80014317600005, 31.55149846900003], [119.80038686400005, 31.551400887000035], [119.80062152800011, 31.55130129100006], [119.80109787800008, 31.551106113000074], [119.80133254500004, 31.55100651900009], [119.80180990500003, 31.550811349000107], [119.80204457500008, 31.55071175800004], [119.8025129160001, 31.55051757700005], [119.80273857100012, 31.550343980000072], [119.80311266100017, 31.550029652], [119.80349477500008, 31.549715341000017], [119.80386786700004, 31.549403017000024], [119.80424096200008, 31.549087694000043], [119.80443152200004, 31.548932040000047], [119.80481364500012, 31.548616737000067], [119.80518774900008, 31.548302421000088], [119.80556085200013, 31.547988106000012], [119.80594298300005, 31.547673808000035], [119.80612452200015, 31.54751514400005], [119.80650665600005, 31.54720184900006], [119.80687976700011, 31.546887541000082], [119.80726190600001, 31.54657325000001], [119.80744445100001, 31.546416591000018], [119.8078265940001, 31.546102303000033], [119.80819971200006, 31.545788001000055], [119.80857283100012, 31.545472700000076], [119.80895498000004, 31.545158419000096], [119.809145553, 31.545001777000017], [119.80951867800005, 31.544687481000032], [119.80989280800009, 31.54437218800006], [119.8102749630001, 31.54405791100008], [119.81064809300005, 31.543743620000008], [119.81083867100011, 31.543584982000027], [119.81121180300008, 31.543270693000046], [119.81159396300006, 31.542957422000065], [119.81179357100007, 31.542790803000045], [119.81197612800007, 31.542630153000076], [119.81234023900001, 31.542308852000048], [119.81253182300013, 31.54214622000009], [119.81289593600006, 31.541824921000064], [119.81307849499998, 31.541664273000002], [119.81345163700013, 31.541342992000068], [119.81363419700003, 31.541180345000022], [119.81399831400006, 31.54085905000008], [119.81436343599998, 31.54053875700005], [119.81454599700007, 31.540375111000095], [119.81491914400013, 31.540053835000073], [119.81510972999999, 31.539893205000013], [119.81547385200011, 31.53957291300007], [119.81583897500002, 31.539283621000024], [119.81624722800007, 31.539002409000027], [119.81666350600004, 31.538722214000117], [119.81707176100007, 31.538440004000037], [119.8172794000001, 31.538296406000057], [119.81768765700005, 31.53801619800005], [119.81809591500007, 31.537734990000054], [119.81851219800006, 31.537452798000068], [119.81871281800014, 31.537309189000084], [119.81912910100003, 31.537028998000082], [119.8195283360001, 31.536746776], [119.81994462100009, 31.536464587000104], [119.82035288400003, 31.53618238400002], [119.82056152800007, 31.536041790000112], [119.82097781500013, 31.535759601000038], [119.82137705200013, 31.535477382000046], [119.82179434300011, 31.535195197000057], [119.8219939610001, 31.535054587000054], [119.82241025000008, 31.534772400000065], [119.82281851500011, 31.53449019800008], [119.82322577700006, 31.534207994999996], [119.8234344230001, 31.534066403000097], [119.82384268700002, 31.5337852010001], [119.82425095300006, 31.533502999000106], [119.82466724300005, 31.533220813000028], [119.82486686100003, 31.53308020400003], [119.82527512600007, 31.53279700300005], [119.82569141500005, 31.532515815000053], [119.82609967900008, 31.532235613000047], [119.82650794300002, 31.53195341100006], [119.82670756200002, 31.53180980100008], [119.82712384999999, 31.531530613000072], [119.82753110900003, 31.531248409000078], [119.82790525200008, 31.531159119000066], [119.82815701600013, 31.531141592000033], [119.82868662300007, 31.53110758600006], [119.8292152270001, 31.53106957600003], [119.82973680700002, 31.531035553000052], [119.8302573830001, 31.531002525000076], [119.83078698500005, 31.530967514000018], [119.83130755800005, 31.530930484000066], [119.83183715599998, 31.530896469000005], [119.83235772500007, 31.530863435000114], [119.8328873190001, 31.53082841500006], [119.8334078840001, 31.53079437800008], [119.83393747400012, 31.53075735500004], [119.83419825600004, 31.530741835000086], [119.83471881500012, 31.530707792000022], [119.83524037400002, 31.530672748000057], [119.83576995400004, 31.530637716000086], [119.83629050400012, 31.530603665000022], [119.83681907500008, 31.530568626000054], [119.83713200400004, 31.530547194000057], [119.83739277200002, 31.530594658000076], [119.83790427500007, 31.530683568000065], [119.83842580400005, 31.530774493000038], [119.8389373000001, 31.53086539600001], [119.83944979600005, 31.53095729800006], [119.83970955200004, 31.531002753000095], [119.84022204300008, 31.531091651000075], [119.84074255100008, 31.53118455900004], [119.84125503400003, 31.531273449000018], [119.84151578700002, 31.531318900000052], [119.84202726000007, 31.53140978200002], [119.84232310300001, 31.53153628300001], [119.84278341000001, 31.531762056000034], [119.843026097, 31.531887461000018], [119.84321663000006, 31.53204777100005], [119.84358164900006, 31.532369363000015], [119.84394566300016, 31.53268995200007], [119.84431870000003, 31.533011553000037], [119.84450120700004, 31.533169846000078], [119.84487423900006, 31.533490445000048], [119.84523924800007, 31.53381002800002], [119.84561227500004, 31.534131622000075], [119.84579477700004, 31.53429191100001], [119.84616780100008, 31.534613502000063], [119.84654082200004, 31.534932091000044], [119.84690581800012, 31.535252663000016], [119.84708831500004, 31.535413949000038], [119.84746133000007, 31.535734531000095], [119.847825315, 31.536056096000053], [119.84819932700012, 31.536376676000025], [119.84846804400007, 31.53668308200006], [119.84860741300005, 31.536876289000062], [119.84887612200008, 31.537262684000055], [119.84914482900001, 31.537649079000055], [119.84941453700003, 31.538034474000057], [119.84969226500002, 31.538421881000048], [119.84996096700004, 31.53880727200005], [119.85009130700007, 31.53899846000006], [119.85036903100006, 31.539384864000056], [119.850637729, 31.539771251000047], [119.85090742700001, 31.540157639000043], [119.85117612200014, 31.540544023000038], [119.8514538390001, 31.54092942200004], [119.85167040500008, 31.541139740000034], [119.85204438300002, 31.54145729200011], [119.85223488000007, 31.54161557300006], [119.85241735500007, 31.541775840000085], [119.852704096, 31.542060254999996], [119.85285949500006, 31.542242476000062], [119.8531722940001, 31.54260992000009], [119.8534760690001, 31.542971349000062], [119.85362344300003, 31.543153556000036], [119.85393623800007, 31.543515995000092], [119.85409263400004, 31.543701214000052], [119.854404421, 31.5440656480001], [119.85470818500008, 31.544428069000062], [119.854873601, 31.544612298000033], [119.85517736200009, 31.544974716000084], [119.85533375300005, 31.545158931000053], [119.8555683300001, 31.545515243000047], [119.85580190000007, 31.545922548000085], [119.85601942600013, 31.546330828000023], [119.85624497200004, 31.546736120000077], [119.85647051600006, 31.547144410000016], [119.85669605900014, 31.54755269900005], [119.85692160000008, 31.547957987000096], [119.85714714100008, 31.54836627400004], [119.85746895200006, 31.548441729000068], [119.8577205940001, 31.54839609200011], [119.85824091399999, 31.548307838], [119.85876222900004, 31.54821857900008], [119.85927451400006, 31.548129300000063], [119.85959530500006, 31.54817673800008], [119.85985494100012, 31.548236088000102], [119.86010755800007, 31.548296427000032], [119.86035917000001, 31.548354763000063], [119.86086238900009, 31.548472430000032], [119.86112301700007, 31.548532773000048], [119.8613746340001, 31.548448115000063], [119.86161722700001, 31.548359445000095], [119.86197309400006, 31.548228925000046], [119.86249433800002, 31.54825760000002], [119.86301456900009, 31.548287267000077], [119.86328420500001, 31.548300610000112], [119.86381344400002, 31.548328275000095], [119.86432563400001, 31.548358912000054], [119.86459425600003, 31.548372243000088], [119.86512347100003, 31.548401889000054], [119.86538406500003, 31.54841520300009], [119.86590524900006, 31.54844282600007], [119.86643443900007, 31.548473449000028], [119.86669502200004, 31.54848675400006], [119.86722419800003, 31.54851736500011], [119.86747575400017, 31.548529652000056], [119.86800491400007, 31.548560249000012], [119.86853506700005, 31.548587840000074], [119.86879562900003, 31.548601126000023], [119.86931574500008, 31.54863169100006], [119.8695853190001, 31.548643982000016], [119.87010541900005, 31.548674533000053], [119.87062651100008, 31.54870307700002], [119.87107744500008, 31.54875553800001], [119.87159851200013, 31.54884105900007], [119.872118567, 31.548923571000053], [119.87263961200003, 31.549009074000026], [119.87291716400009, 31.54905433800004], [119.87344722000014, 31.549042843000066], [119.873967244, 31.549030330000093], [119.87449727700007, 31.549018817000032], [119.87502629600016, 31.54900629200006], [119.875547288, 31.54899475100008], [119.87607628500007, 31.548982207000023], [119.87660627100004, 31.54897065300004], [119.87711821300005, 31.54895807400007], [119.8776481750001, 31.548946500000085], [119.87817712400008, 31.548935914000012], [119.87869804700011, 31.54892331300003], [119.87922697200008, 31.548911706000048], [119.87975688600014, 31.54889909000007], [119.88027777300007, 31.54888845800008], [119.88080666100004, 31.548874820000016], [119.88133553700001, 31.548864171000027], [119.88185638700013, 31.54885050600005], [119.88235118400013, 31.548830816000105], [119.88287201200005, 31.54880313200004], [119.88314143500006, 31.54878729100006], [119.88340184100001, 31.548774443000063], [119.88392264400011, 31.548745737000083], [119.88418304100009, 31.548730880000008], [119.88471183700004, 31.548703162000024], [119.88498123700003, 31.548687302000047], [119.88544091200006, 31.548678532000032], [119.8859706750001, 31.548687785], [119.88649141200003, 31.54869602200006], [119.88675177600007, 31.548700136000043], [119.88728150700003, 31.54870836100001], [119.88754086000009, 31.548710467000006], [119.88807057000012, 31.54871967400006], [119.88859125600004, 31.548727867000025], [119.88886060600012, 31.548729962000024], [119.88939028299998, 31.548738140000076], [119.88991093500007, 31.548747304000038], [119.89017125700002, 31.548749382000032], [119.89046561600006, 31.548753466000015], [119.89069989000006, 31.548855522000018], [119.89292544500009, 31.548884020000067], [119.89781211200011, 31.549879279999992], [119.90640847400005, 31.55039130200008], [119.90692066900014, 31.550471076000107], [119.90744085200002, 31.55055083400005], [119.90796202200016, 31.55063157900007], [119.90847417500007, 31.550714316000075], [119.90899431600013, 31.550794038000006], [119.90950644100005, 31.550874751000023], [119.90976650000007, 31.55091360100004], [119.91028760500001, 31.55099329100006], [119.91080769800007, 31.551073970000076], [119.91132077400006, 31.55115364200001], [119.91183283799998, 31.55123430200011], [119.9123528880001, 31.551315945000027], [119.91287392300005, 31.551396574000037], [119.91339494500008, 31.551477191000046], [119.91390695200008, 31.551556804000057], [119.91442694600002, 31.551637397000064], [119.91494792600005, 31.55171697800008], [119.91519991000004, 31.55175877200007], [119.91571986800015, 31.551836336000093], [119.91623281400005, 31.551918893000085], [119.91670975000008, 31.551992471000048], [119.91723066700001, 31.552091998000023], [119.91748262000007, 31.55214676400002], [119.91799451699998, 31.552246280000084], [119.91850640000006, 31.55235078500003], [119.91901826900005, 31.552450278000002], [119.91953112400012, 31.552553757000034], [119.92004196700009, 31.552654228999998], [119.92055479600008, 31.552758685000114], [119.92106661100006, 31.552860131000074], [119.92157841300003, 31.55295956600004], [119.92183930600004, 31.553012274000046], [119.92234209199998, 31.553113701], [119.92285385900004, 31.553218107000113], [119.92336661400012, 31.553317500000077], [119.92362648500011, 31.553367189000014], [119.92388735100012, 31.553421873000012], [119.92439908000009, 31.55352124400006], [119.92491079400007, 31.553623604000094], [119.92517164400007, 31.553675273000103], [119.92568333900013, 31.553774617000066], [119.92618702600006, 31.553878958000084], [119.92669869400004, 31.553978278000038], [119.92721134900009, 31.554082586000057], [119.92772299100014, 31.554184883000083], [119.92824361400005, 31.55428615700002], [119.92875623000009, 31.55438843100005], [119.92926783300007, 31.554487695], [119.92952762700006, 31.554540317000004], [119.93003121700008, 31.55464157600003], [119.93054378800002, 31.554743810000055], [119.93096842100007, 31.554828169000103], [119.93115927100007, 31.55467189400005], [119.9315419640001, 31.554361339000025], [119.93192365100006, 31.554051779000083], [119.93211449100014, 31.553892498000046], [119.93248717600015, 31.553582944000013], [119.93267801100004, 31.553426657000053], [119.93306067600008, 31.55311607900002], [119.93333842900006, 31.552887655000042], [119.93372008200002, 31.55258206800007], [119.9339109060001, 31.55242777100009], [119.93430154000009, 31.55211916100005], [119.93468317500003, 31.551813558000077], [119.93492594200006, 31.551601173999998], [119.93509977400005, 31.551435898000094], [119.93545542500007, 31.551103330000018], [119.93582006100004, 31.550775741000095], [119.93599388500004, 31.550610459000005], [119.93634952200016, 31.550280877000006], [119.93653133400002, 31.550115578000003], [119.93689595100008, 31.549783974000015], [119.93713870000008, 31.549477578000065], [119.93739943400007, 31.54908015500004], [119.93765117400002, 31.54868774500008], [119.93781600300008, 31.548429475000027], [119.93826748600014, 31.54819968800011], [119.93872694900006, 31.547971877000094], [119.93917042400005, 31.54774108700009], [119.93962986900016, 31.54751326100007], [119.94008131400003, 31.54728344100006], [119.94053275000007, 31.54705561300004], [119.94099216800007, 31.54682576300003], [119.94143559699998, 31.546596936000107], [119.94188700600012, 31.546367084000096], [119.94234639500011, 31.54613921000007], [119.94279778600007, 31.545909345000055], [119.94325715800007, 31.54568145500012], [119.9436825680001, 31.54546662500011], [119.9439262220001, 31.545390141000084], [119.94442051300004, 31.54524015400002], [119.94491579100008, 31.545093155000117], [119.94541006100012, 31.54494315000005], [119.94590432100007, 31.544793136000074], [119.94640755600005, 31.54464509399999], [119.94691178000002, 31.544496041000095], [119.94740600900006, 31.54434600000011], [119.9479002270001, 31.54419795100003], [119.94839543600004, 31.54404789200005], [119.94889063300008, 31.54390082300005], [119.9493848220001, 31.543750750000065], [119.94988000000004, 31.54360066400008], [119.95038315500011, 31.543453553000077], [119.95087731600005, 31.543303455000093], [119.95137246600007, 31.54315634400009], [119.95186760600009, 31.543006228000017], [119.95236173800004, 31.54285610400003], [119.95285686000014, 31.542708971000025], [119.95310841, 31.542632391999994], [119.95360252000012, 31.542483249999997], [119.95409761800013, 31.542335097], [119.9546006940001, 31.542184917000007], [119.95493906900003, 31.542051123000036], [119.95541718100006, 31.5418489960001], [119.95582242300011, 31.541670036000035], [119.95584438199998, 31.541661983999994], [119.95587632200014, 31.541646908000075], [119.95635441900006, 31.54144276800006], [119.95682252600008, 31.541240646000034], [119.95729162400008, 31.541039513], [119.95775971700009, 31.540837378000063], [119.9582288, 31.540633234000047], [119.95869787600009, 31.540431083000023], [119.95917492900003, 31.54022890600008], [119.95964399000002, 31.540025743000058], [119.96011204700002, 31.53982357700003], [119.96058109500012, 31.539621400999998], [119.96104913700003, 31.539419223000053], [119.96145729600005, 31.539244190000048], [119.96171775100001, 31.539193522000033], [119.96222967500009, 31.539094204999984], [119.96248114300012, 31.53904355600006], [119.96273360800004, 31.53899190200005], [119.96324551700003, 31.53889257100009], [119.9635059580001, 31.538841891000068], [119.96375741700002, 31.53879023400006], [119.96427829000004, 31.538689866000013], [119.96452974400006, 31.53864020400008], [119.96504162600004, 31.53853984900004], [119.9653020530001, 31.538488159000025], [119.96556247999999, 31.538438466000088], [119.96601348200008, 31.538347262000087], [119.96650040500005, 31.538172966000054], [119.96674286700014, 31.538086318000083], [119.96699530400005, 31.537997643000026], [119.96703824700015, 31.537548574], [119.96708118200004, 31.537168497999993], [119.96719496200005, 31.536730236000054], [119.96724686500008, 31.536506120000077], [119.96735964700008, 31.536067860000053], [119.96746345000005, 31.53562762500004], [119.96758521100001, 31.535184342000044], [119.96768901200008, 31.534746107000025], [119.967801794, 31.534305847000013], [119.96787165400008, 31.534078681000047], [119.96801935400005, 31.53364432600008], [119.96814909500003, 31.533210019000023], [119.96821895400004, 31.532990852000097], [119.9683666520001, 31.532559495000022], [119.96850537200012, 31.53212516300006], [119.96857423200004, 31.531905999000045], [119.96871394800006, 31.531473664000067], [119.96885166800008, 31.5310393340001], [119.96899936500004, 31.530605977000036], [119.96906922200006, 31.530386810000024], [119.96911330400006, 31.528283935000026], [119.96911330500006, 31.528259938000083], [119.96911430500006, 31.52823593800005], [119.9691824250001, 31.525068133000048], [119.96884383400005, 31.51789298300003], [119.97586540000006, 31.514001657000023], [119.97680213100011, 31.51348001400003], [119.98516156500017, 31.505713389000015], [119.98847725200005, 31.501892961000102], [119.99133295800007, 31.49946667100008], [119.99214049000011, 31.503303629000115], [119.99211434900008, 31.50569335300004], [119.99210535300004, 31.505918348000094], [119.99210533300004, 31.50614431500005], [119.99210531400004, 31.50637028100001], [119.9920963180001, 31.506594276000065], [119.99209629800009, 31.506819244000027], [119.99209625800009, 31.507268178000047], [119.99209623800009, 31.50749414600009], [119.99208824000004, 31.507720138000053], [119.99208822000004, 31.50794610500001], [119.99207922400001, 31.508169100000075], [119.9920792040001, 31.50839506700003], [119.99211408100005, 31.508748911000083], [119.99220979000006, 31.509193555000017], [119.9922875450001, 31.509638256000038], [119.9923742770001, 31.510082929000063], [119.99296474100001, 31.5098311670001], [119.99332082800007, 31.509504130000046], [119.99368589299999, 31.509178065000064], [119.99404995900008, 31.50885300400008], [119.99438010500015, 31.508640028000045], [119.99460552100004, 31.508518360000018], [119.99505734700004, 31.508280018000015], [119.99549122100007, 31.508045730000077], [119.99571663600014, 31.507926061000035], [119.99600787900008, 31.507773196000088], [119.99602882400004, 31.50776413300005], [119.99605076800009, 31.507750068000043], [119.99616746400014, 31.50768972200011], [119.9963849000001, 31.507568076999995], [119.9968367270001, 31.50733173600007], [119.99727858100006, 31.507095424000056], [119.9975129720001, 31.506975728000008], [119.99795582400006, 31.506736416000017], [119.99839867600011, 31.506500103000093], [119.9986240920001, 31.50638043600005], [119.9990759210001, 31.506142096000048], [119.99951877500006, 31.50590778500002], [119.99973521600012, 31.505786146000084], [120.00018704700011, 31.505551808000057], [120.0004124650001, 31.505430142000115], [120.0007515880001, 31.505259138000085], [120.00295477200004, 31.50570940300004], [120.00427526700005, 31.506379322000043], [120.01096899900003, 31.507349236000003], [120.01365136100002, 31.50653751400008], [120.01723685100004, 31.503627638000097], [120.02033554500008, 31.502996011000064], [120.02611751800012, 31.50207841800008], [120.03132672900009, 31.499731305000033], [120.03274616100012, 31.496601253000044], [120.04059210900004, 31.49208350800008], [120.04013009000009, 31.489903902000037], [120.03847215900014, 31.487932998000034], [120.03957444000004, 31.485500900000062], [120.04130184800015, 31.481610723000067], [120.03935706299998, 31.47153192300005], [120.0340878530001, 31.436752690000013], [120.03273330500012, 31.427755168000026], [120.0296681780001, 31.4204737050001], [120.02300055500005, 31.41094383000003], [120.01623776700005, 31.384926072000077], [120.01610785900004, 31.376125106000096], [120.01886006800012, 31.36687018900004], [120.02722013600012, 31.355274185000084], [120.03689146200009, 31.347757603000062], [120.05575870500002, 31.34098585900003], [120.06383313200001, 31.33871062500007], [120.08468030900008, 31.33426036100009], [120.09524751300009, 31.33714273400001], [120.09553343500012, 31.34119633800003], [120.09123548800005, 31.354295877000048], [120.08875267100005, 31.35494003600006], [120.05235498600004, 31.357967983000037], [120.03997384400013, 31.360673208000044], [120.03703086599998, 31.36289624800004], [120.03528580500003, 31.36636827200008], [120.03483445499998, 31.379997118000105], [120.03968713200004, 31.408076745000038], [120.04988911400002, 31.436112481000066], [120.05606238600001, 31.442233149000053], [120.07383519700008, 31.45179253500008], [120.0828738490001, 31.45519273900004], [120.08454937700009, 31.456507742000042], [120.08507060700003, 31.45652154100003], [120.08643441500008, 31.45496540500006], [120.10517139300006, 31.463311593000064], [120.10152476200005, 31.47046565300011], [120.10077765600016, 31.472269062000024], [120.10383375800006, 31.482768312000097], [120.10629195500006, 31.48691580499998], [120.11271685000008, 31.49500975600008], [120.11869879100004, 31.500983194000057], [120.1214323690001, 31.502550825000085], [120.12263190400006, 31.503261054000056], [120.12343259700003, 31.504061852000056], [120.12406091300008, 31.50501744500007], [120.12487361400008, 31.506494196000048], [120.12456289100012, 31.506721791000047], [120.11831192700001, 31.51312104800008], [120.1180414180001, 31.512699840000046], [120.11793122600014, 31.512370777000086], [120.11717089800001, 31.51025634000011], [120.11723117400004, 31.508497647000077], [120.1171010380001, 31.507130720000042], [120.11394098700012, 31.507279881000038], [120.11346500200008, 31.50853030700003], [120.11354006500008, 31.509359250000045], [120.11396083600008, 31.50938959400007], [120.11407003100014, 31.5094596760001], [120.11422027800005, 31.509809753000106], [120.11453987600011, 31.509790028000076], [120.11480030800007, 31.510430162000013], [120.11457084500009, 31.510789913000025], [120.11356993400014, 31.51144998000011], [120.11392055200011, 31.51174023000005], [120.11374020900011, 31.511859064000113], [120.11413080900002, 31.513220202000113], [120.11349058800008, 31.51370960400002], [120.11407056600001, 31.51469995000007], [120.11471070300004, 31.515340408000036], [120.11449124300009, 31.515889146000056], [120.11516144300003, 31.516580635000068], [120.11537082500003, 31.51675979600006], [120.11489089400001, 31.517010341000095], [120.114971027, 31.517209385000044], [120.1137507080001, 31.517720279000038], [120.11346020800013, 31.51736008799999], [120.11333999200005, 31.517319996000047], [120.11299034600006, 31.51746969400009], [120.11207971900004, 31.51746898100003], [120.112010594, 31.51750892300005], [120.11205064900003, 31.517688930000112], [120.11136042300004, 31.51787938600006], [120.11136041300003, 31.51799937000004], [120.11265052600001, 31.51980911900003], [120.11174987400011, 31.52044934200007], [120.11087632100012, 31.52088064400005], [120.11014018500006, 31.519609287000016], [120.10989981300006, 31.519259167], [120.10921964200008, 31.519758646000028], [120.10886005800009, 31.519718417000078], [120.10853952400012, 31.519888191000092], [120.10786549500006, 31.51937284200008], [120.10768932700013, 31.518148895000067], [120.10804990600003, 31.518048126000075], [120.108190142, 31.517898233000018], [120.10755919600001, 31.517328926000076], [120.10611912300007, 31.515809316000023], [120.10251920600001, 31.513755929000034], [120.10225783500005, 31.514037789999996], [120.1026082720001, 31.514347884000074], [120.10228780600005, 31.514807697000016], [120.10218767100002, 31.514837656000097], [120.10177818700006, 31.51427758100003], [120.10157793500002, 31.51418752300004], [120.10136360900006, 31.5147743690001], [120.10035639000012, 31.514298111000038], [120.100017932, 31.514806944000043], [120.09966754000004, 31.514476891000086], [120.09942725800016, 31.51443683300006], [120.09919695500002, 31.514786727000057], [120.09900673700008, 31.51474668600003], [120.0987373960001, 31.51507657700006], [120.09864729100002, 31.51509655300002], [120.09831694500012, 31.51476652500007], [120.09782634800004, 31.51531635200009], [120.09640594500001, 31.51401629800008], [120.09591940200008, 31.514531170000048], [120.09590638200007, 31.514606158000035], [120.09728065800009, 31.51637611100002], [120.09705637400009, 31.51686701000005], [120.09628649999999, 31.517625799000037], [120.09630650800014, 31.517765783000073], [120.09558670600009, 31.518596594000073], [120.09613722900008, 31.51894660800008], [120.09665680999998, 31.518456740000047], [120.09749664200001, 31.519176780000024], [120.0976167570001, 31.519356777999995], [120.0974665790001, 31.519526730000024], [120.09776689000009, 31.51971676000003], [120.0998183900001, 31.518177439000027], [120.10010772200005, 31.518387493], [120.10061736500003, 31.518187672000074], [120.10097778000011, 31.51858773400005], [120.10059725400006, 31.51914754000009], [120.09964703200004, 31.519897169000032], [120.09849665300007, 31.520326831000055], [120.09840744500006, 31.521526658000035], [120.09848652000002, 31.5216766570001], [120.0986366860001, 31.52174668200003], [120.09903705600001, 31.522776646000075], [120.09828715900005, 31.523206422000015], [120.09865751700015, 31.52389641700009], [120.09804679800007, 31.524226245000108], [120.09798771200006, 31.52444620700001], [120.09801671400007, 31.524797169000095], [120.09746709800007, 31.52491705000007], [120.09753713400008, 31.52536600800009], [120.09744702300009, 31.525516974000055], [120.09745699300002, 31.5259769190001], [120.0977271810001, 31.52716682500005], [120.09741682500007, 31.527356746000045], [120.09765703200006, 31.527976716000097], [120.09721653800011, 31.528156617000057], [120.09744669699998, 31.529156538000016], [120.09852791300008, 31.529016770000084], [120.09894731500006, 31.52991676100003], [120.09795712700011, 31.530626463000047], [120.09666663600001, 31.531727117000074], [120.0968567750001, 31.532407067000022], [120.0972271060001, 31.533127045000086], [120.09734717900008, 31.533756994000072], [120.09671647700013, 31.53408685800001], [120.09713381300003, 31.535286789000082], [120.09580641000005, 31.535566581000054], [120.09608646100006, 31.538176331000066], [120.0961965350001, 31.538606298000026], [120.0970864310001, 31.53899638300006], [120.09718649900003, 31.539437353000046], [120.09762794900004, 31.539749397000016], [120.09805736900014, 31.540366415000086], [120.09823655400012, 31.54054643500006], [120.09739657600008, 31.541106216000102], [120.097796968, 31.541626235000052], [120.09793710000005, 31.541876237000047], [120.09793708600014, 31.542037221000044], [120.09810726, 31.542216236000023], [120.097707796, 31.54245713400006], [120.09765771200011, 31.54277609300007], [120.09710707500003, 31.543225953000075], [120.09666764100008, 31.54288691900009], [120.09653750000007, 31.542945896000084], [120.09679669800002, 31.543766851000065], [120.09592677800006, 31.544006715000016], [120.09552640800007, 31.543665707000045], [120.09545733300004, 31.54373669400006], [120.09517407300005, 31.543543690000078], [120.09455643100011, 31.544105593000026], [120.09465651200003, 31.544255584000005], [120.09445731500008, 31.54436656300004], [120.09429618100015, 31.544175575000047], [120.09448636900008, 31.544066594000086], [120.09394592900004, 31.54339564100008], [120.09377676900007, 31.5434656300001], [120.09361564900007, 31.543185656000027], [120.09206630100005, 31.54344566700005], [120.0918651850001, 31.542905733000048], [120.09036499800004, 31.543294844000094], [120.08924517800003, 31.54369498000007], [120.08957532200009, 31.544604832000033], [120.0898384330001, 31.54540471200005], [120.09011458100011, 31.545935619000012], [120.09180391900009, 31.545338497000074], [120.09197602700013, 31.545685452000008], [120.09218519800001, 31.545675441000064], [120.09265645900011, 31.54715527900003], [120.09344616500007, 31.546915290000065], [120.0935162510001, 31.546656316000046], [120.09473939100005, 31.54649437100006], [120.0948364730001, 31.546621365000085], [120.09514677200002, 31.54661638700003], [120.09525686200007, 31.546816377000056], [120.09355623100012, 31.547276257000092], [120.09413068100005, 31.548060195000026], [120.09292558500007, 31.548315162000073], [120.09298660800007, 31.548646131000012], [120.09202576900006, 31.54901513400008], [120.09245602100013, 31.550176005000033], [120.09229588500011, 31.55020500900003], [120.09240594900007, 31.550505977000064], [120.08874017299999, 31.551211366000075], [120.08225295900004, 31.55244352600006], [120.08073252800011, 31.552673312000067], [120.0804124570001, 31.552672495000003], [120.07822216800005, 31.552072924000043], [120.077822136, 31.552032203000046], [120.07739210500003, 31.552052504000038], [120.07636204200007, 31.55242223100008], [120.07598202800015, 31.552612507000013], [120.0752609990001, 31.553232026000025], [120.07584189200011, 31.554162482000002], [120.07661179700004, 31.555191800999992], [120.07605177300007, 31.555452206000048], [120.07598176400005, 31.555562252000094], [120.07482078500009, 31.555952153000113], [120.0748207640001, 31.55619213400007], [120.07507170800015, 31.556611891000074], [120.074630724, 31.556802241000106], [120.07299098000013, 31.556351716000044], [120.07234111200009, 31.55624132700006], [120.07205219800008, 31.555984623000043], [120.07028167500005, 31.55594438700009], [120.07002273600003, 31.556196636000003], [120.0692679760001, 31.556430417000072], [120.06689801100003, 31.55615212200005], [120.06426063800004, 31.554273556000048], [120.05897932900004, 31.557363751000025], [120.05534163400014, 31.559789372000083], [120.0532917580001, 31.561323768000115], [120.05170344600003, 31.563534439000065], [120.05124286500003, 31.56520515700001], [120.05153841199999, 31.5661755450001], [120.05272784300007, 31.56771229200006], [120.05444660800009, 31.57083708000006], [120.05480305600008, 31.572671354000036], [120.05453419100004, 31.57442270100008], [120.05353520800008, 31.575526358000005], [120.05155535700013, 31.577735764000025], [120.05086115600008, 31.57847099700011], [120.05066136399998, 31.57897634000009], [120.05074820700005, 31.57950614800005], [120.05162495700003, 31.581255439000103], [120.05214623900008, 31.582195444999982], [120.05281439900013, 31.582703224000078], [120.0568868150001, 31.584863216000002], [120.05976983700009, 31.588742563999993], [120.06359868800007, 31.591911032000056], [120.06569135600012, 31.59273631700004], [120.06655078500017, 31.594065218000033], [120.06995408900002, 31.59713628200003], [120.07032729, 31.60470566500007], [120.07043998700009, 31.607702476000043], [120.07064881800014, 31.60888523700003], [120.07465986700001, 31.610969474000086], [120.0793057940001, 31.61357502300011], [120.08280445000003, 31.615921068000063], [120.08570447300008, 31.617924869000035], [120.0890302160001, 31.619843967000108], [120.09265166999998, 31.622956543000072], [120.09458724300008, 31.62477355700004], [120.09745289800004, 31.627638883000067], [120.09840784000009, 31.62897607300004], [120.09955403400008, 31.630532354000017], [120.10393867600013, 31.631005922000035], [120.11151855000006, 31.631713460000043], [120.11458301300004, 31.63266592300007], [120.11621548200002, 31.639914448000027], [120.11736149700008, 31.642580565000088], [120.11959337200008, 31.65001294700007], [120.12099045500013, 31.659618720000026], [120.1211383430001, 31.675620594000108], [120.12181536199999, 31.68050360800001], [120.12364786, 31.686413051000017], [120.1384241110001, 31.677877858000002], [120.13988295400011, 31.678956218000053], [120.14620911200004, 31.68421498400005], [120.14620287900006, 31.686643127000046], [120.14453603299998, 31.688028392], [120.13814627900004, 31.690128181000013], [120.1390144650001, 31.6917716520001], [120.13920583000004, 31.693479073000063], [120.13970092400005, 31.69625505800007], [120.14042967500004, 31.698869418000108], [120.14286027600008, 31.700015461000078], [120.14685346800007, 31.700962266000076], [120.14876396600005, 31.700966578000077], [120.14833847200009, 31.703942074000068], [120.15121174200007, 31.70493621600008], [120.15202807500012, 31.70565473200002], [120.15116777300008, 31.71442696400002], [120.15088890400008, 31.715033524000027], [120.15098918700005, 31.715144712000075], [120.15142947400014, 31.715174499000057], [120.15163909100008, 31.715153870000037], [120.15168925100014, 31.715013947000003], [120.15225892000004, 31.715073972], [120.15230903599999, 31.71543409500004], [120.15330898900004, 31.71540489100002], [120.15334906300008, 31.715914011000045], [120.15410932600001, 31.715774373000038], [120.15497879000009, 31.71712407800007], [120.15494966700008, 31.717534064000063], [120.1546095460001, 31.718774563000032], [120.15466970200009, 31.71903469800006], [120.1566094090001, 31.719904325000073], [120.15580889800003, 31.721254990000006], [120.154818887, 31.72196425400007], [120.15417891600009, 31.72275417000006], [120.15326909100011, 31.724224672000048], [120.15289889500005, 31.725384123000055], [120.15329686100003, 31.72775208300005], [120.15085861000017, 31.728633811000087], [120.15035411100007, 31.72891394599999], [120.15122950600002, 31.730783698000067], [120.15115924599999, 31.731394638000076], [120.15260855000008, 31.730894176000056], [120.15286917500006, 31.73252382000007], [120.15238864100002, 31.733844100000063], [120.15216886300004, 31.735323870000023], [120.15155880600001, 31.738304113000048], [120.15125893000007, 31.738254573000034], [120.15120880600008, 31.738004455000038], [120.15031920900003, 31.737943871], [120.15017865300004, 31.739593810000002], [120.15130894300012, 31.73977383600006], [120.15134903100015, 31.740103945000023], [120.15093968700012, 31.741734406000013], [120.14998991100005, 31.74176472800012], [120.14992860000004, 31.74325379500005], [120.15051931600007, 31.7433338480001], [120.15092949200007, 31.743604608000034], [120.15114911100014, 31.743874029000033], [120.15118920300007, 31.74415813500009], [120.15124934100007, 31.744594293000027], [120.15138872900006, 31.744824569000073], [120.15137865500003, 31.745323610000064], [120.15158925300014, 31.745544013000007], [120.151398651, 31.74603473200002], [120.15101953400006, 31.74610406500007], [120.15092925200005, 31.746303929000085], [120.15088901800002, 31.747614016000036], [120.15109939000001, 31.75036472800008], [120.15112934200009, 31.751894972000038], [120.15125959600003, 31.75333438500003], [120.15110809700002, 31.753958195000045], [120.15041806400004, 31.754112991000063], [120.15027938500012, 31.757214143000056], [120.15136956500007, 31.757324093000094], [120.150798773, 31.758674253999985], [120.15382459000008, 31.759751820000062], [120.15518452900007, 31.760916444000053], [120.15892067100002, 31.761471386000053], [120.16424164200009, 31.76282049200003], [120.16761814400004, 31.759904442000078], [120.17390612600002, 31.760271260000053], [120.17838094999999, 31.755171857000008], [120.17920669300011, 31.75179693700001], [120.18147233200015, 31.752165085000094], [120.1865759850001, 31.753330256000048], [120.18777435700005, 31.753668366000042], [120.18899778800002, 31.753822473000092], [120.19235701800005, 31.754610175000074], [120.19647100700001, 31.755182823000027], [120.1958461830001, 31.757175103000023], [120.19565462400014, 31.757762878000072], [120.1955853960001, 31.75827083500009], [120.19544695800002, 31.759073721999997], [120.1953556630001, 31.759677657000054], [120.19492542400012, 31.76072211500005], [120.1944851720001, 31.761571526000075], [120.19397372400007, 31.762399817000045], [120.19337197000002, 31.763866044000032], [120.19265390900011, 31.76513204800007], [120.19213138300003, 31.766258346], [120.19185559000005, 31.766676949999997], [120.19113957600004, 31.767188836000074], [120.190065558, 31.76767011000001], [120.18940066600014, 31.768100050000058], [120.18852014500013, 31.76869363800006], [120.18781410500006, 31.76924650800006], [120.18757940400008, 31.769676165000085], [120.18732362900006, 31.770248805000037], [120.1870568190001, 31.77085343000006], [120.18640181400008, 31.77244952100005], [120.1852973980001, 31.775366012000042], [120.18487708800005, 31.776522442000065], [120.18371146800007, 31.77939680500004], [120.18338341200001, 31.780595401], [120.18277949600005, 31.782416596000054], [120.18203314700011, 31.784370556000077], [120.18168506800009, 31.78506703700006], [120.181378128, 31.785527554000062], [120.18127579700007, 31.785885424000092], [120.18117342800011, 31.78666335800007], [120.18096871400004, 31.787952188000034], [120.18081522100015, 31.788432984000025], [120.18054939200009, 31.78896558600004], [120.18036479500009, 31.78956934600008], [120.1797508830001, 31.790735413000014], [120.17851302800008, 31.792894496000045], [120.17812383300011, 31.793344854000097], [120.17760223000005, 31.79393899200005], [120.17693716900008, 31.794818909000114], [120.17672248599999, 31.79530959200003], [120.17649676200006, 31.795873266000044], [120.17619081800007, 31.796199753000053], [120.17572939900006, 31.79663997100006], [120.17516767700013, 31.797080002000058], [120.17457385800003, 31.79748996600005], [120.17429699600004, 31.797827505999997], [120.17380646200004, 31.79849270200006], [120.17331894500003, 31.799049884000063], [120.17285451100005, 31.799434080000054], [120.17214833300017, 31.799955847000064], [120.17162772200007, 31.800392945000077], [120.17100779100011, 31.801035890000072], [120.17001667600009, 31.802332245000045], [120.16947699000002, 31.80290032700006], [120.17142935199999, 31.809142024000025], [120.172757142, 31.81163792800004], [120.17448507300006, 31.814737676000092], [120.17447600300011, 31.815218743000017], [120.17313088200001, 31.816019378000092], [120.17151597100006, 31.816425433000028], [120.16981480199999, 31.81662928300002], [120.16744559900008, 31.816813867000107], [120.16616866400011, 31.817469584], [120.16574334200001, 31.817809844000088], [120.16571718200007, 31.818731956000093], [120.16570912300011, 31.819121009000042], [120.16729753700008, 31.823751811000122], [120.16727138900005, 31.82452689900004], [120.1672623300001, 31.82487794500004], [120.16596935100006, 31.825477625000097], [120.160700203, 31.827425113000032], [120.16035310100006, 31.82802257499999], [120.16003209400006, 31.828446055000036], [120.15981538700007, 31.82904676200009], [120.15958861100013, 31.830077528000025], [120.15934578700002, 31.83110826500004], [120.15912001500008, 31.832142036000043], [120.15906769200001, 31.834016283000047], [120.15928530000008, 31.834556786000093], [120.16228913300012, 31.837347898000104], [120.16520593100003, 31.837935471000044], [120.16841744400011, 31.84064601000005], [120.16774020200012, 31.84274313300002], [120.17203690200009, 31.846381879], [120.17574366200009, 31.85089164100001], [120.17950222700004, 31.858026932000016], [120.18043961700006, 31.862319485000093], [120.17796590000012, 31.866750867000107], [120.17111684699998, 31.87209824700006], [120.17008369000004, 31.87241537700001], [120.16504043600003, 31.87173377100001], [120.16400727200008, 31.872034895000056], [120.15329526399998, 31.869686638000097], [120.14681869900002, 31.86602547800004], [120.1413063470001, 31.864314922000084], [120.13936134900011, 31.86075309700007], [120.11789999300004, 31.861141220000036], [120.11247304700007, 31.856799585000076], [120.10915631900001, 31.857129267000083], [120.09371950700005, 31.85734103100002], [120.08051227900009, 31.854844200000024], [120.07533734300011, 31.849272688000084], [120.05554154500008, 31.836327837000077], [120.05146031600009, 31.835165751000027], [120.05175407800006, 31.83379496300003], [120.05035887800008, 31.833268438000076], [120.04871315200016, 31.83221637600007], [120.04695272800006, 31.83098161300004], [120.04542009000009, 31.82977050100002], [120.04304198300005, 31.827552091000058], [120.04112134400013, 31.825242854000038], [120.04006229299999, 31.823595918000017], [120.02711620500006, 31.827946340999993], [120.02698532400007, 31.82978201800009], [120.02535360200014, 31.83314795700005], [120.02387783000007, 31.833998081000047], [120.02039589000002, 31.833566557000047], [120.01791305800012, 31.830570976999994], [120.01734859900012, 31.828551211000033], [120.01699351100005, 31.82796111400006], [120.0159431720001, 31.826786902000073], [120.01543047100004, 31.82630928700008], [120.01522208300003, 31.82519568700004], [120.01509243200005, 31.824852999000022], [120.0149448130001, 31.82466439100005], [120.01442409400009, 31.824711903000072], [120.01373776600005, 31.825036948000054], [120.01115014000001, 31.826319733000055], [120.00970077200009, 31.826873105000097], [120.00924094700005, 31.82686646399999], [120.00851182200003, 31.82678461200006], [120.00764408900008, 31.82640212500003], [120.00727906699998, 31.825985138000078], [120.00701875500013, 31.82580988400006], [120.006784367, 31.82573957200001], [120.00660184200001, 31.82571811400001], [120.00655895200009, 31.825731245000036], [120.00648015200014, 31.825781489000107], [120.00642827800003, 31.8258726600001], [120.00638438600004, 31.825939804000058], [120.00628062900016, 31.82621716400009], [120.0060641020001, 31.827217992000037], [120.00565610500009, 31.827849329000045], [120.00496979500005, 31.828923583000027], [120.00495283500007, 31.82897564300007], [120.00469250600011, 31.829056440000002], [120.00452693900002, 31.829051937000074], [120.00411003600007, 31.828958176000043], [120.00145415800014, 31.827263892000104], [120.00125467100005, 31.82740852100008], [120.00062127600006, 31.82813757300009], [120.00030812300008, 31.827907482000064], [120.00009170700002, 31.82777111300006], [119.99989221500005, 31.827983758000066], [119.99957003500003, 31.828337799000053], [119.99924087400007, 31.828688863000053], [119.99904935900011, 31.828928488000074], [119.99887578000005, 31.829353092000034], [119.99869422300004, 31.82977872200008], [119.99852862300011, 31.830204302000034], [119.99853061100009, 31.830291312000035], [119.99849869100004, 31.83033841700003], [119.99853160100008, 31.830366322000025], [119.99853756000005, 31.830653356000063], [119.9985544750001, 31.831102387000087], [119.99856341100005, 31.831553442000015], [119.99858032600002, 31.832003473000036], [119.99859823800008, 31.83245450100005], [119.99861615100006, 31.83290352799999], [119.99863306000013, 31.83342257200004], [119.99864200200008, 31.83380461600003], [119.99865891700006, 31.83425564700004], [119.99867683000002, 31.83470467500007], [119.9986937440001, 31.835155707000084], [119.99869370500008, 31.83560579100002], [119.99871161600007, 31.83605682000004], [119.99872853200013, 31.836505851000062], [119.99874644400009, 31.836957881000075], [119.99875438300013, 31.837406940000015], [119.99877129800012, 31.837857973000027], [119.998789211, 31.838307002000057], [119.99880612500007, 31.838759035000066], [119.99881506200009, 31.839208092000007], [119.99883297400007, 31.83965912100011], [119.99884988900013, 31.84010815400005], [119.99885882500007, 31.840560212000057], [119.99864138600003, 31.840715902000063], [119.99839903500003, 31.84063562299999], [119.99790336200007, 31.840482103000078], [119.99765203500014, 31.840403852000087], [119.99720124400005, 31.840254196000053], [119.99695789699999, 31.840166920000023], [119.99647120300006, 31.839995369000043], [119.99622885300008, 31.83990909100001], [119.99588377600003, 31.839823125000088], [119.996363263, 31.84252317400003], [119.99633827800007, 31.843100358000086], [119.99564372100006, 31.847582327000026], [119.99253394000007, 31.847922859000043], [119.99255386700011, 31.848142840000037], [119.99226351900006, 31.849472979000048], [119.99245399200002, 31.849712446000055], [119.992173707, 31.850023358000023], [119.99199318300009, 31.850042911000045], [119.99207393200001, 31.850472749000083], [119.9920030760001, 31.850963058000062], [119.98902392300008, 31.851242156000062], [119.988951099, 31.85141641000009], [119.98892316700008, 31.851483508000044], [119.9888383900001, 31.851478764000007], [119.98811230500006, 31.851442954000063], [119.98772230300003, 31.85173618900008], [119.98769935100009, 31.851865283000016], [119.98755173800012, 31.85189073400008], [119.98748989800006, 31.851904924000095], [119.98731434700002, 31.852033479000077], [119.98691437000005, 31.852326742000095], [119.98651538800009, 31.8526220030001], [119.98635877200002, 31.852910531000077], [119.98614230200005, 31.853320262000054], [119.98591685500003, 31.85372902000003], [119.98569938600008, 31.854136754000017], [119.98546496100005, 31.854544538000006], [119.98536120800007, 31.854809902000028], [119.98534423200009, 31.85503499700009], [119.9853262390001, 31.855484139000033], [119.98531724200006, 31.855710211], [119.9853002670001, 31.85593530500006], [119.98527429400008, 31.856384471000098], [119.98527427400006, 31.85661051600006], [119.98542186700003, 31.856869123000052], [119.98593352200008, 31.856979606000046], [119.98619383700013, 31.85703383400009], [119.986706485, 31.857142311000096], [119.98721813600005, 31.857250788000016], [119.9874784470001, 31.857305013000058], [119.98798211500002, 31.857413512000065], [119.98823444700012, 31.857467760000112], [119.98875506700003, 31.857578207000103], [119.98900640000014, 31.85763245600006], [119.98951904000009, 31.85773892400008], [119.98977934700005, 31.857795146000022], [119.99022216600011, 31.857924828000094], [119.99045653800013, 31.85802713700012], [119.99093326000005, 31.858222727000054], [119.99140200200011, 31.858420343000063], [119.99163637300005, 31.85852265000009], [119.99211409100005, 31.85871723600011], [119.99258283100002, 31.85891484900003], [119.99282517900009, 31.85901713300006], [119.99330289500008, 31.859212717000077], [119.99353726400012, 31.85931202300003], [119.99401498000012, 31.859509609000035], [119.9944837180001, 31.859707220000047], [119.99471808800004, 31.859806526000092], [119.99519580200004, 31.86000411100001], [119.9956645410001, 31.860201723000017], [119.99590688800008, 31.86030200500005], [119.99631579100007, 31.860440788000076], [119.99682742200004, 31.860564255000078], [119.99733107600005, 31.86068774600008], [119.99758240399998, 31.860748993000087], [119.99809503400002, 31.860872458000088], [119.99844209300014, 31.861117452000023], [119.99854679700002, 31.861324174000075], [119.99865050399998, 31.861529900000043], [119.99875421100012, 31.86173862599999], [119.99896262300004, 31.862150075000017], [119.9990673260001, 31.86235679800007], [119.99918001, 31.862562497000035], [119.99928371600006, 31.862771223000074], [119.99949212900006, 31.863183672000005], [119.99959683300003, 31.863389396000066], [119.99970054100008, 31.863598122000013], [119.99989200700011, 31.863903602000065], [120.00002164600009, 31.864103249000067], [120.00014330700003, 31.864302919000068], [120.00026496799998, 31.864502590000065], [120.00315524700011, 31.86574809200009], [120.00332864900007, 31.86733988900008], [120.0032248120001, 31.86856244899998], [120.00315397400001, 31.868832717000053], [120.00372346400005, 31.869022037999997], [120.00394389700008, 31.86891235100007], [120.00427402700004, 31.868993373000023], [120.00434383100004, 31.869133192000042], [120.00420018700007, 31.869361670000032], [120.00418322300007, 31.869452740000014], [120.00445350400005, 31.86958295300004], [120.00517361000004, 31.869752822000066], [120.00565435900012, 31.869752380000115], [120.00584480000006, 31.870462953000114], [120.00620387600011, 31.87038286100006], [120.00634351000012, 31.870422451000046], [120.00712441599998, 31.871222280000055], [120.00715432700005, 31.87135221700006], [120.00679322700012, 31.87173237300007], [120.00754421400008, 31.872532295], [120.00831421000011, 31.872773051000024], [120.00848376500002, 31.87288257000003], [120.0084837590001, 31.87295358500004], [120.00820445200009, 31.873222469999995], [120.00834405700009, 31.87362313600002], [120.00537454900007, 31.8757624450001], [120.0052837720001, 31.875912748000104], [120.00583519599999, 31.877489418999993], [120.00873727700002, 31.88221974100005], [120.00991812300003, 31.883719558000067], [120.00767880600003, 31.88437733800005], [120.00417087900004, 31.88481794000009], [120.00366796000009, 31.88744600600002], [120.00148038300009, 31.891089384000026], [120.0006206210001, 31.891421060000027], [119.99995239800015, 31.891287059000042], [119.99944874400003, 31.891137556000018], [119.99919741600002, 31.891061304000104], [119.99878052500009, 31.89099755700007], [119.99825092500014, 31.89103517500007], [119.99773030200004, 31.891069766], [119.9974520180001, 31.89132366700005], [119.99708795400011, 31.891653844000103], [119.9968625290001, 31.891911585000024], [119.9967488130001, 31.892117975000048], [119.996636093, 31.89232436100007], [119.99642761000008, 31.89273208200005], [119.99630691200005, 31.892938494000077], [119.99620217100008, 31.893142856000026], [119.99609842800012, 31.893348215000053], [119.99597673299999, 31.893554630000075], [119.99576825000005, 31.893962351000063], [119.99565553099998, 31.89416673800001], [119.99536028400006, 31.894513710000027], [119.99516079999998, 31.894668351000035], [119.99477878800008, 31.894969578], [119.99438779800006, 31.895273834000037], [119.99399780600004, 31.89557708600008], [119.99379832200006, 31.89572872500002], [119.99340733200003, 31.896032980000058], [119.99301634300001, 31.896337235000004], [119.99319085700006, 31.896588757000032], [119.99332049500003, 31.896786405000043], [119.99358077000008, 31.897178697000086], [119.99383306500008, 31.89757201300003], [119.99409334000003, 31.897964305000073], [119.99434463700004, 31.89835762400002], [119.994604911, 31.898749916000057], [119.99486518500012, 31.899143207000094], [119.99512645600007, 31.89953549600004], [119.99525609500006, 31.899733143000056], [119.99544755000008, 31.90013464700006], [119.99565596000001, 31.900549101000067], [119.99585539300008, 31.900965583000065], [119.99606380300008, 31.90138003800007], [119.99627221200001, 31.90179649300007], [119.996471646, 31.902208975000093], [119.99667107900007, 31.902625458000088], [119.99687948900008, 31.903039913000008], [119.997087898, 31.903457367999998], [119.9971836090001, 31.903856164000047], [119.99717461300008, 31.904082240000008], [119.99717459300007, 31.90430728800007], [119.99716557700003, 31.904754412000024], [119.99716555700005, 31.90498046100008], [119.9971575570001, 31.905205534000046], [119.99714856100005, 31.905431610000015], [119.9971136280001, 31.90572077900005], [119.9968712350001, 31.90612660600005], [119.99675751900011, 31.90632799500002], [119.99652410200008, 31.90673179400003], [119.99628968800005, 31.90713559500005], [119.9961679940001, 31.90733900900009], [119.99606425000005, 31.907549371000087], [119.99635843500005, 31.907925556000038], [119.99650602599999, 31.908112148000022], [119.99680121000009, 31.908487331000067], [119.99693982500001, 31.908673950000058], [119.99708841400005, 31.90886253800003], [119.99738260000005, 31.909235724999995], [119.99753019100001, 31.90942531700005], [119.99767778300006, 31.909613908000026], [119.997964988, 31.909987115999996], [119.99812055900009, 31.910175684000052], [119.99840776400006, 31.910548892000023], [119.9985553560001, 31.910737485], [119.99869397200011, 31.910924104000074], [119.99899713600006, 31.91129726400004], [119.99913674900006, 31.91148588100001], [119.99943193400006, 31.911860066000067], [119.99957055000007, 31.91204868600004], [119.99972711900014, 31.912237252000097], [120.00001332800002, 31.91261046500007], [120.00016092100007, 31.91279905800004], [120.00030851500003, 31.912985651000028], [120.00063956200006, 31.91385783800007], [120.01012663100005, 31.916693019], [120.01753179, 31.921608646000024], [120.01544671000015, 31.923367990000017], [120.01490402000002, 31.923661616000068], [120.01479827900005, 31.923681926000057], [120.01440225899998, 31.923672068000045], [120.0143114810001, 31.923701336000065], [120.01395034900005, 31.92401545100003], [120.01370095200002, 31.924205216000104], [120.01362613200006, 31.92427745000004], [120.01360717400009, 31.92434051900002], [120.0137468170001, 31.924441136000084], [120.0138315960001, 31.92455491500008], [120.0138285910001, 31.924686953000084], [120.01343456100003, 31.924820126999997], [120.0133228310001, 31.924918473000055], [120.01327793000011, 31.92505663400003], [120.01326793100009, 31.925325723000086], [120.01140843500006, 31.927191571000016], [120.01126079400001, 31.927349039000077], [120.00953603000004, 31.92901649500002], [120.00648867400005, 31.931287069000035], [120.00552507200008, 31.932471220000046], [120.0037285110001, 31.935297256000105], [120.00255635600003, 31.937892377000068], [120.002530328, 31.938955695000026], [120.00333790700003, 31.942300010000068], [120.00288586200011, 31.944884959000078], [120.00270412800009, 31.947248043000023], [120.00279863500009, 31.949967374000046], [120.00392837500013, 31.953263716000023], [120.00597680500007, 31.95576313100006], [120.00998236500001, 31.957098517000063], [120.01751350100008, 31.969679563000078], [120.05994342800014, 31.957300491000076], [120.1299157150001, 31.941214456000047], [120.17046624400007, 31.93572475400004], [120.2011835210001, 31.93346596700011], [120.23196793800001, 31.934889069000086], [120.238720841, 31.937173028000053], [120.25837811800011, 31.943820878000054], [120.28953527400003, 31.956843835000036], [120.30308438800012, 31.962756078000012], [120.34834371300008, 31.982490949000052], [120.36596749700006, 31.99265144700008], [120.36415269000008, 31.962911897000026], [120.36686195800007, 31.956777143000025], [120.36879824800006, 31.948252949000036], [120.36989573100001, 31.94540208000005], [120.36989873100008, 31.945377071000024], [120.36991372300008, 31.94535604900006], [120.37061241800006, 31.94353988100007], [120.38125728800001, 31.937424103000048], [120.38557208800015, 31.933991748000004], [120.38651840900002, 31.930404478000106]]]}}, {"type": "Feature", "properties": {"name": "上海", "full_name": "上海市"}, "geometry": {"type": "MultiPolygon", "coordinates": [[[[121.42266178500003, 30.6823604630001], [121.42243648500003, 30.68238620200001], [121.4222021720001, 30.68245991000007], [121.42206297900013, 30.68260968900003], [121.42195882200014, 30.68286145700008], [121.42189770900004, 30.683274196000035], [121.42182856800001, 30.683883835000117], [121.42183755700013, 30.684146720000015], [121.42188961300008, 30.684276715000024], [121.42199374399999, 30.68431580900006], [121.42208886600005, 30.684330905000067], [121.42248038200012, 30.684276358999995], [121.423616936, 30.684007770000065], [121.42400848899999, 30.68389927500006], [121.4240946130001, 30.683847402000033], [121.42414669500013, 30.68374750900003], [121.4241557180001, 30.683636573000086], [121.42411166500008, 30.68352157500007], [121.4239905060001, 30.683398491000013], [121.42359096200008, 30.683289078000023], [121.42339970800006, 30.683189905000077], [121.42331360100005, 30.683065866000028], [121.42323551600006, 30.682818893000018], [121.42307031599998, 30.682549833000053], [121.4228880810001, 30.682429684000056], [121.42266178500003, 30.6823604630001]]], [[[121.41917152200008, 30.693464575000043], [121.4202828230001, 30.69352263900005], [121.42137716300013, 30.693623719000065], [121.42202901300007, 30.693425511000008], [121.42280107900001, 30.692829648000085], [121.42386060000001, 30.691917294000092], [121.42432931200005, 30.691263156000062], [121.42411205200003, 30.690726157000036], [121.42366045500015, 30.690370800000032], [121.4207777670001, 30.689515059000016], [121.42014398900007, 30.689614368000065], [121.41944913400005, 30.690050475000085], [121.41872024600005, 30.690705467000015], [121.41772211800006, 30.691103362999982], [121.41668902600011, 30.691280379000062], [121.4156810000001, 30.69161938600005], [121.414882216, 30.691994580000006], [121.41423157300008, 30.69264977800004], [121.41415345300001, 30.693244435000032], [121.41435260500006, 30.69354343900008], [121.41486505000009, 30.693760721000032], [121.41609822200007, 30.693780690000082], [121.41786005100002, 30.69362228100003], [121.41917152200008, 30.693464575000043]]], [[[121.40177158400004, 30.70515803200007], [121.40146751600003, 30.705176971000036], [121.40136348400003, 30.705296895000103], [121.40136346000011, 30.705574759000086], [121.40157243600001, 30.706368405000028], [121.40175443600005, 30.70683320900003], [121.40196246700012, 30.707042144000084], [121.40216250800006, 30.707120144000058], [121.40247557900011, 30.70722215700006], [121.40329981100001, 30.70726132500001], [121.4040210390001, 30.707330480000053], [121.40435015600005, 30.70733057400006], [121.40455024000009, 30.70720269500005], [121.40472432400011, 30.706983856000058], [121.40468934000015, 30.706647010999987], [121.40449828500006, 30.706447051000055], [121.4041681850001, 30.7062200660001], [121.40201463500009, 30.705216048000075], [121.40177158400004, 30.70515803200007]]], [[[121.966577452, 31.159688716000055], [121.96150000600008, 31.159689096000086], [121.95546789900004, 31.161436169000048], [121.94848101400007, 31.16937400200002], [121.94388156700009, 31.1785798700001], [121.94070460500004, 31.189057747000092], [121.93848250900012, 31.200645083000047], [121.93769306600008, 31.20985300200003], [121.93911702900004, 31.217632725000065], [121.94244932800007, 31.226519260000018], [121.94689224400005, 31.23096218100001], [121.95308959100008, 31.232549713000004], [121.96498873200008, 31.23238807200004], [121.97643433900012, 31.230162236000083], [121.98540831100001, 31.226571409000073], [122.00425335600006, 31.22298189300008], [122.00672097200004, 31.21939217000007], [122.00829173700006, 31.211989012000018], [122.00769310500002, 31.194037570000013], [122.0062718510001, 31.19000183600005], [122.00111192300002, 31.179008956000075], [121.99527931999998, 31.16711880500003], [121.99146470800011, 31.162856631000068], [121.97165508600008, 31.160957070000016], [121.966577452, 31.159688716000055]]], [[[121.90975590900004, 31.196047249000024], [121.90467930900002, 31.19747871699998], [121.89753726300016, 31.203668789000027], [121.88516042400008, 31.21720395500003], [121.8810384470001, 31.22272084300006], [121.87841675600006, 31.227799532000077], [121.87730582200007, 31.233355056000022], [121.87675064100006, 31.238514220000035], [121.87770567000011, 31.241768528000094], [121.8784956080001, 31.24303758200002], [121.88579378800009, 31.244783479000063], [121.89325776400011, 31.244305267000108], [121.90182439200015, 31.241606505000007], [121.91134396800007, 31.23874599900003], [121.91944189000006, 31.236047777000067], [121.92261861000009, 31.231919347000073], [121.92340834800007, 31.22620511100005], [121.92134271900012, 31.207633258000044], [121.91833072000013, 31.199062447000102], [121.91467707900007, 31.19652379500011], [121.90975590900004, 31.196047249000024]]], [[[122.10073970800008, 31.263947646000048], [122.09330160500006, 31.257471441000042], [122.08281602200006, 31.25935630000003], [122.06753777600008, 31.268650043000015], [122.0121049330001, 31.284228372000044], [121.97156723700002, 31.282059248000074], [121.92813343700004, 31.285302114000068], [121.8966455310001, 31.293337675000046], [121.88546941200006, 31.294193209000042], [121.86180585700004, 31.297079683000042], [121.85662238700004, 31.29708042100001], [121.85479355499999, 31.296470938000034], [121.85250670000005, 31.29494603200007], [121.84869515099999, 31.29448910300001], [121.84015765600013, 31.296624616000045], [121.83634513400008, 31.29753939200006], [121.83436404500003, 31.298912222000055], [121.82937112800009, 31.301739843000064], [121.82780795700016, 31.303791112000056], [121.82338639600007, 31.306382794000086], [121.8183542540001, 31.309432172000065], [121.80890075700003, 31.318275439000075], [121.80234428700014, 31.32620301], [121.79944719300015, 31.330472586000035], [121.79883648699999, 31.334131262000064], [121.79837954900009, 31.34480475800008], [121.79746428500005, 31.35898448300003], [121.79624496600005, 31.365998244000018], [121.7933471500001, 31.37163892000008], [121.7899926470001, 31.37682229200005], [121.78846730700002, 31.379567258000066], [121.7884671520001, 31.38139670200009], [121.78953523200008, 31.382463908000013], [121.79243222800007, 31.383074010000044], [121.79914205400004, 31.38322758700005], [121.806155641, 31.38276970200009], [121.81316999000003, 31.382618381000007], [121.81621974900006, 31.382008200000058], [121.82048876200014, 31.380635590000082], [121.82414833400006, 31.378501118000045], [121.82750302500007, 31.37758670000006], [121.83177195900015, 31.377281763000056], [121.83771794300006, 31.377128709000004], [121.84137699100003, 31.376671377999998], [121.84869561000002, 31.373468845000055], [121.8543363660001, 31.37148639900007], [121.86622724100002, 31.36813074200007], [121.8717156610001, 31.36630043800006], [121.87491664000001, 31.3649279790001], [121.90895521900003, 31.35258886900003], [121.94756886000008, 31.33936823800012], [121.99725623300003, 31.331216806000064], [122.03665970000006, 31.32566813400006], [122.07354070000008, 31.32531919000006], [122.11221042900007, 31.32302797000002], [122.11752589700004, 31.317238668000094], [122.11823261800006, 31.309006486000015], [122.10073970800008, 31.263947646000048]]], [[[122.24214618500004, 31.42231850800006], [122.24212018500012, 31.422220529000036], [122.24192913200011, 31.42208453900006], [122.24193814400006, 31.42198456600005], [122.24257135800005, 31.421886666000034], [122.24272741700008, 31.421758715000102], [122.24291851500008, 31.42127085700006], [122.24289252399998, 31.421072905000116], [122.2427705020001, 31.420905936000068], [122.24261445700006, 31.42086293100006], [122.24242339700007, 31.420877906000058], [122.2421983160001, 31.420966857000046], [122.24216330900003, 31.420918866000072], [122.24224134700009, 31.420771912000077], [122.24222435000001, 31.420664938000108], [122.24216333600012, 31.420595948], [122.24204229700007, 31.420577938000108], [122.24181620700008, 31.42073686800002], [122.24175518900012, 31.420703868000047], [122.24173820200012, 31.420471925000037], [122.24162517100001, 31.42036593600006], [122.24135608100003, 31.420276919000067], [122.24105196700009, 31.420287868000088], [122.2407748500001, 31.42040479100008], [122.24065280100002, 31.420409769000045], [122.24053175800013, 31.420346763000076], [122.240305678, 31.420198757999998], [122.24013260600006, 31.42019872400008], [122.23997653300012, 31.420276673000046], [122.23960234600005, 31.420546525000084], [122.23945527800007, 31.42058548200002], [122.239377245, 31.42054647500008], [122.23933423200009, 31.420468485000107], [122.23949033200003, 31.420122609000003], [122.23945532800006, 31.41998363700005], [122.23933429100009, 31.4197716630001], [122.23916021800008, 31.41968464500009], [122.23898613500015, 31.419704599000056], [122.23837880900007, 31.420053356000047], [122.23822272500004, 31.420112298000035], [122.23801461700006, 31.42013423599999], [122.23761540900014, 31.420112127000024], [122.23739028300008, 31.420162048000066], [122.23724218700009, 31.420337958000054], [122.23722515700001, 31.420583889000063], [122.23730318200016, 31.420800858000078], [122.2374762650001, 31.42093687600005], [122.23778042100004, 31.421014945000024], [122.23824865400005, 31.421124046999992], [122.23837870899999, 31.421241051999992], [122.23853469700009, 31.42231981900008], [122.23863973000007, 31.422533792000017], [122.238890844, 31.4226228320001], [122.23918598500006, 31.42260390800005], [122.23965521900008, 31.42234907800001], [122.23984630600009, 31.42231912600002], [122.2401234160001, 31.422408160000018], [122.24033148500008, 31.422623146000042], [122.240800626, 31.423202086000067], [122.24098269100014, 31.42326110200007], [122.24113875100008, 31.423252129000034], [122.24126080200006, 31.423180167000034], [122.24134785200008, 31.422966234000093], [122.24142589100003, 31.42285227400008], [122.24159895800005, 31.422783318000057], [122.24165998700005, 31.422694349000068], [122.24168601400007, 31.422494403000044], [122.24176404600004, 31.422431428999985], [122.24204214500006, 31.4223844790001], [122.24214618500004, 31.42231850800006]]], [[[121.62281183700007, 31.44710002700004], [121.61731424700012, 31.44793167300002], [121.61264687400003, 31.448761600000033], [121.6096386590001, 31.450007544000094], [121.58992967000006, 31.460696635000062], [121.58547018300013, 31.463602918000014], [121.58204655100008, 31.46619693000006], [121.57364536500006, 31.474602468000093], [121.57188193400007, 31.476885416000066], [121.57136307100004, 31.478960531000077], [121.57157023600004, 31.480309490000046], [121.57291889000007, 31.481450559000045], [121.57540784800005, 31.481760646000033], [121.58266874600005, 31.481655322000023], [121.59107143800011, 31.48040898200002], [121.5979166510001, 31.47895491700006], [121.60434778000001, 31.47656821500002], [121.60943081900004, 31.47345490300009], [121.6209443890001, 31.46432248100004], [121.62737644300009, 31.45892689600001], [121.63079924500006, 31.455088097999997], [121.6320437700001, 31.45197500900008], [121.63142181700006, 31.449900343000017], [121.62976224500005, 31.44803305700006], [121.62727255500012, 31.447203548000083], [121.62281183700007, 31.44710002700004]]], [[[121.77450301200011, 31.312194303000076], [121.77101281500009, 31.31266275700002], [121.76658487400009, 31.313668686000028], [121.76302460900004, 31.3152786000001], [121.75987322700006, 31.317292025000064], [121.75638374400009, 31.322323556000086], [121.75147760600012, 31.331046893000035], [121.74678061500008, 31.339770228000077], [121.74302123700016, 31.34315920200008], [121.74026863000005, 31.34564179800006], [121.73637940700004, 31.34845796300001], [121.72872995000012, 31.35349112200008], [121.72355542, 31.356777836000063], [121.68235249500003, 31.37861696800004], [121.63679081500003, 31.403212963000037], [121.59720522700003, 31.42398895500007], [121.58615742200004, 31.429674705000046], [121.56801069300005, 31.438182449000095], [121.55420214800007, 31.450884892000033], [121.54547986300012, 31.45913876300004], [121.53897101800008, 31.46445867500003], [121.53309461900005, 31.468746012000025], [121.52516150200003, 31.473190969000008], [121.51246314800008, 31.479303635000043], [121.50849693000009, 31.482319572000094], [121.50571885200009, 31.484542009000037], [121.50468592100007, 31.487320473000068], [121.50445188700007, 31.48962038900003], [121.50492941400015, 31.49176444600006], [121.50667448000003, 31.49374827400007], [121.509052793, 31.495333995000088], [121.51254097800003, 31.496286962000063], [121.51675156400007, 31.495970002000043], [121.54563150700005, 31.49181898400004], [121.55809009800006, 31.488463963000093], [121.56126730800005, 31.487035935000065], [121.56308970300003, 31.48560570200003], [121.56539808400007, 31.480049676000043], [121.56856573900005, 31.471556985000085], [121.57158545700005, 31.465921229000074], [121.57618545400008, 31.460919252000096], [121.57880636000004, 31.458379640000025], [121.58134076200014, 31.45679348000006], [121.59559072200011, 31.452810451000104], [121.60209946799998, 31.451533191000024], [121.61753119200014, 31.446263833000046], [121.66953164700007, 31.429783063000038], [121.68395039499998, 31.427891433000113], [121.69284009200013, 31.425987360000043], [121.70395171300005, 31.421704150000032], [121.71932758200012, 31.414320504999992], [121.7249018680001, 31.412308155000026], [121.73308863700007, 31.41076637200009], [121.73778615500008, 31.409156931000062], [121.74215266900006, 31.406674604000017], [121.74933339500001, 31.402313731000064], [121.756466453, 31.397140041000092], [121.7650102780001, 31.392705007000046], [121.769767623, 31.388950834000106], [121.7762137890001, 31.38213012900011], [121.77909286400009, 31.378689394000084], [121.78353623900013, 31.373621410000062], [121.78654036500009, 31.36905284300007], [121.78804265900013, 31.365298130000085], [121.78854402000005, 31.361106199000076], [121.78866861300006, 31.357067706000066], [121.79168363300003, 31.34762828900002], [121.79215311700015, 31.34179001200004], [121.7921534860001, 31.337428547000037], [121.79154465799999, 31.331992576000033], [121.78973978900004, 31.321558741000047], [121.788394292, 31.318738866000054], [121.78664902900002, 31.316323340000032], [121.78355831600001, 31.314008102000045], [121.78114399500008, 31.31306742800011], [121.77765405000007, 31.312329623000082], [121.77450301200011, 31.312194303000076]]], [[[121.3716361910001, 31.502874106000014], [121.40075635900007, 31.48897142000007], [121.40161269200004, 31.487134864000076], [121.40057267800015, 31.48499207800006], [121.39929866100007, 31.483242260000054], [121.39966090200002, 31.480965692000076], [121.40190140200005, 31.479826200000026], [121.40502755700007, 31.478080315000078], [121.41066399100012, 31.47454951400006], [121.41067800300004, 31.474536525000055], [121.41070302099999, 31.474524541000036], [121.41402284600005, 31.47244610800002], [121.4296251190001, 31.46027128500004], [121.441407161, 31.45252139200008], [121.4591277750001, 31.440125998000056], [121.47682760100007, 31.429189047000094], [121.48832368700002, 31.42075176000001], [121.48979905600005, 31.419779404000025], [121.49181246100011, 31.417799928000115], [121.49952991100005, 31.41061892700006], [121.50157240600004, 31.40899146300005], [121.50257691200011, 31.41024312100005], [121.50275449700004, 31.410870482000085], [121.50280561000011, 31.411696414000033], [121.49687705600002, 31.41394210500004], [121.49679870100012, 31.41477964900006], [121.49792873100009, 31.41535788400003], [121.50638941300006, 31.41195496400011], [121.51285352400014, 31.408308781000052], [121.51219732200002, 31.407286168000084], [121.50501565200008, 31.41027335400006], [121.50437137900008, 31.40988654800003], [121.50384052100003, 31.40937211100001], [121.50293439400002, 31.407906813000096], [121.5168623320001, 31.396807369000015], [121.53369899500007, 31.390560511000068], [121.55555648600014, 31.385717961000047], [121.57963961300007, 31.380646085000066], [121.58949833200008, 31.378562600000073], [121.59473194300003, 31.376752453000044], [121.59882829400013, 31.37480445400007], [121.60238597800006, 31.372588041000007], [121.60634390000007, 31.370340901000063], [121.68512202700003, 31.32450222600005], [121.694515419, 31.3192009900001], [121.70806679600001, 31.31141778700004], [121.71813782400008, 31.3055123300001], [121.72471950700003, 31.3002814660001], [121.73936571000003, 31.28519489100008], [121.80553052700006, 31.198999513000047], [121.849193592, 31.157537794000078], [121.85901044900002, 31.149611940000035], [121.87992244800012, 31.132881645000076], [121.88535224700004, 31.123955870000074], [121.94266596400004, 31.068127314000037], [121.95851371000008, 31.049502686000018], [121.97335602000014, 31.018296187000004], [121.98669669000003, 30.970609190000097], [121.99198290199999, 30.937642758000038], [121.99423975800002, 30.90216087400004], [121.99273856099998, 30.877122119], [121.98971801500008, 30.865294172000034], [121.981159475, 30.85296397399999], [121.96656876200007, 30.841390064000088], [121.95059046399999, 30.828180193], [121.9502086580001, 30.823777527000054], [121.9513455040001, 30.819499383000014], [121.96555061600012, 30.791544677000026], [121.93958307300014, 30.779509554000064], [121.92052687500004, 30.809029776000088], [121.91121449800002, 30.815321879000045], [121.90039167900008, 30.816583107000042], [121.78947921300008, 30.819143302000043], [121.77482379900002, 30.819479856000086], [121.72273118500001, 30.81997546600006], [121.6769183660001, 30.82072661300004], [121.64421216800008, 30.818587774999997], [121.597161989, 30.807522427000066], [121.54860484400004, 30.79180496500007], [121.51287134500001, 30.77771624800001], [121.47840078400012, 30.760604393000015], [121.47430306200008, 30.75856380000002], [121.42176835100008, 30.732409953000086], [121.40238844600002, 30.720201710000005], [121.35732759300006, 30.681693275000057], [121.34978364900007, 30.67917526800008], [121.34210927100006, 30.67779011700005], [121.32222126800005, 30.67816727600008], [121.28661697700014, 30.68062501900004], [121.27025662800006, 30.67971062400006], [121.26852065900005, 30.690610008000107], [121.26801678600009, 30.695580053000107], [121.26720932999999, 30.699198973000044], [121.26704147800004, 30.699488968000054], [121.26690160500002, 30.699685985000016], [121.26602842200006, 30.700379335000008], [121.26597743600011, 30.700818162000076], [121.2664379250001, 30.701471487000042], [121.26651579500006, 30.702088125999992], [121.26605519200007, 30.702821128000068], [121.26663457300003, 30.703329428000117], [121.26627288900013, 30.703873447000007], [121.26426276100008, 30.70444166300004], [121.26401591500009, 30.705287424000026], [121.26405079400004, 30.706363873000008], [121.26339932400005, 30.706980020000096], [121.26339928800004, 30.707405811000065], [121.26363399800002, 30.708405161000066], [121.26308744500008, 30.708792340000038], [121.26281870000005, 30.708520651000114], [121.26228014800009, 30.70859896100002], [121.26216715500007, 30.709638522000063], [121.26189829300003, 30.710641197000065], [121.26147254100015, 30.711795889000037], [121.26259247499999, 30.713529329000025], [121.26302506600008, 30.71399781400006], [121.26405112000006, 30.71445388800005], [121.26267009100002, 30.717342386000034], [121.26420666700005, 30.718188921], [121.26520466900004, 30.718997796000046], [121.2659429390001, 30.719191142000057], [121.26563003000005, 30.721771090000097], [121.26570787100002, 30.72277152900009], [121.26648102300013, 30.72377442900003], [121.26698351100003, 30.723813010000114], [121.2676346920001, 30.725544609000032], [121.26736588900006, 30.72654732300004], [121.26594219300013, 30.72816463400001], [121.26705304500003, 30.728550565000056], [121.26705298800002, 30.72924321400008], [121.26524877400004, 30.729243611000115], [121.26524872900004, 30.729783337000093], [121.26667129500007, 30.730207030000066], [121.26597683400007, 30.732055634000076], [121.26536140200002, 30.73240092500005], [121.26536135100002, 30.73301661100001], [121.26705354300006, 30.734557512000052], [121.26705350500006, 30.735020276000057], [121.26586470300002, 30.734944248000076], [121.2652042740001, 30.73575333200005], [121.26378146600004, 30.73721660200006], [121.26278336800007, 30.73686945200003], [121.26243675200007, 30.735790228999996], [121.26133459200001, 30.73652953700006], [121.2592080120001, 30.738655647000023], [121.2569603400001, 30.740511781000038], [121.25541509000006, 30.742252524], [121.25363579900011, 30.744611931000087], [121.25201337100006, 30.746237556000032], [121.24992101900014, 30.747398410000073], [121.24420187700007, 30.7499524790001], [121.24037467500013, 30.751471257999995], [121.23871633500005, 30.75282019600005], [121.23763218200006, 30.75208828900007], [121.23674692500008, 30.752626739000036], [121.23729299900006, 30.753360525000083], [121.235245349, 30.754322329000082], [121.23455916000016, 30.7538233230001], [121.23394391400006, 30.75409192800003], [121.23394386900006, 30.754630645000105], [121.23290142800013, 30.754938022000047], [121.23197308700006, 30.754130998000065], [121.23113164900008, 30.75455434500001], [121.23209397800011, 30.75609502900003], [121.23064521800006, 30.75679191100005], [121.2279115490001, 30.758096599000083], [121.22759930200002, 30.75867809000006], [121.22725196000015, 30.760100111000035], [121.22658325700006, 30.76317503300008], [121.22628881900003, 30.766015322000072], [121.225272882, 30.768570233000084], [121.22472633499999, 30.77025192800005], [121.2239966730001, 30.771469717000087], [121.22252133900005, 30.77309565800006], [121.22342398500005, 30.77427576300009], [121.22299959400002, 30.774816131000037], [121.22180955200005, 30.775239908000017], [121.2218444670001, 30.77662619400006], [121.22181037600004, 30.777357771000013], [121.22119370800007, 30.778859430000097], [121.22023079900008, 30.779246361000048], [121.2189977090001, 30.778243756000045], [121.21772234000001, 30.779380907000075], [121.21688030200005, 30.781353997000082], [121.21589913700006, 30.782717246000082], [121.21520523200002, 30.784400600000005], [121.21427605900014, 30.785878790000012], [121.21358214400001, 30.787213296000026], [121.21250580800005, 30.787881708999997], [121.209311756, 30.78817171900001], [121.20516303800002, 30.788115342000054], [121.20110994900003, 30.788143608999995], [121.1992000070001, 30.78714331900001], [121.19662285200003, 30.786219867000078], [121.19565928600007, 30.785526728000015], [121.19565934800008, 30.78479412500006], [121.19573754500006, 30.78402366600008], [121.19473892800012, 30.782983640000097], [121.19477412, 30.781406550000078], [121.19569393399999, 30.778478592000027], [121.19589349100008, 30.77585931500002], [121.19384495600005, 30.77612889600003], [121.19251667500009, 30.775584022000068], [121.19141462600012, 30.776658622000078], [121.18924452600008, 30.778717864000015], [121.18842892800001, 30.779906830000073], [121.18738689800011, 30.781066411000005], [121.18671854200016, 30.78234356100007], [121.18651908800008, 30.78330169600003], [121.18617246300009, 30.78298226400007], [121.18567757500008, 30.782430695000087], [121.18546923599999, 30.781762690000058], [121.18506952600005, 30.78118330000008], [121.18462668600009, 30.781155533000096], [121.18335119100007, 30.78176293899999], [121.18265685600008, 30.781703729000064], [121.18190143000002, 30.78124162100002], [121.18170207600005, 30.780834481000085], [121.18167612200011, 30.77967506000008], [121.18132851300004, 30.778863869000105], [121.18039976400013, 30.77804962400006], [121.1789760290001, 30.777238464000092], [121.17854215899999, 30.777383591000017], [121.17789989900004, 30.777210503999996], [121.1765983570001, 30.776600431000055], [121.17549515100004, 30.776572401000045], [121.17427175900005, 30.775790544000102], [121.17252729900005, 30.775076669000015], [121.17019163900015, 30.77420475400008], [121.16999216500008, 30.775037932000004], [121.16908124900012, 30.775829794000067], [121.16777855400007, 30.776386044000084], [121.16650192100005, 30.776860386000074], [121.16634655900006, 30.777415795000017], [121.16658900400014, 30.77796995300004], [121.16650280200011, 30.77828662000004], [121.16642460100005, 30.77880319500006], [121.16630331500005, 30.779269716000023], [121.16531331800002, 30.779123931000044], [121.16490555300004, 30.778369571000063], [121.16447169300011, 30.778136879999998], [121.16360294800008, 30.777963342000113], [121.162065858, 30.77776157000003], [121.16101577499998, 30.77738381000004], [121.15893259500001, 30.77744190200005], [121.15820319300005, 30.77683187900002], [121.15701392700007, 30.775701292000093], [121.15623341200006, 30.775383029000047], [121.15617200800013, 30.778746109000046], [121.15573813600011, 30.778950204000054], [121.15463596800012, 30.779037147000054], [121.15394158500014, 30.779384699000033], [121.15301274900003, 30.779789802000067], [121.15219619700005, 30.77952947600002], [121.15130250000001, 30.779355972000054], [121.149964908, 30.779963274000032], [121.14816844400005, 30.781124502000104], [121.14654444800014, 30.78115468300011], [121.14430539000016, 30.781297812000055], [121.143297576, 30.78161696000008], [121.14120594600004, 30.781529584000047], [121.13958218500017, 30.781615941000084], [121.13916552500005, 30.781195510000025], [121.13887912200008, 30.78032752900006], [121.13816696300012, 30.78014951400008], [121.136942997, 30.779903764000082], [121.13647427600004, 30.779545245000087], [121.13607468300003, 30.779054907000017], [121.13498093800004, 30.779413084000076], [121.13415664200014, 30.77972370700011], [121.13415657100003, 30.780550261000016], [121.13292372200007, 30.78039356900011], [121.13221170500006, 30.779946801000094], [121.1314736700001, 30.779456034000077], [121.13054435100003, 30.779299841000032], [121.12726286200004, 30.77943345000007], [121.12636868300004, 30.779700183000024], [121.12517013200008, 30.780212440000042], [121.1243631230001, 30.780481332000086], [121.12355715100011, 30.780623314000024], [121.12296044100003, 30.78078654200003], [121.121734046, 30.780860133000076], [121.11885900200005, 30.781054013000045], [121.11842957200005, 30.781120551000043], [121.11822235600005, 30.781281261000103], [121.11804112500015, 30.781937729000063], [121.117752804, 30.782461168000033], [121.11724326600003, 30.783154307000096], [121.11645645800004, 30.784191014000072], [121.11578879100013, 30.785083926000055], [121.11532434600008, 30.785608231000005], [121.11485992700011, 30.785941647000058], [121.11352579400011, 30.786656146000027], [121.11319151500008, 30.786918734999993], [121.11279817900004, 30.78738317100005], [121.11269108300007, 30.787572985000033], [121.11264299800008, 30.788169623000016], [121.11289413400007, 30.788753502000098], [121.11323935200005, 30.789253503000083], [121.11346550300001, 30.789527536000016], [121.113763713, 30.789789635000034], [121.11430010700005, 30.790182865000062], [121.1149426100001, 30.790480250000066], [121.11546704000015, 30.790647615000054], [121.1158603800001, 30.790659957000102], [121.11658702900002, 30.790623637000024], [121.11851788400007, 30.79023069500002], [121.11988827200004, 30.790195101000094], [121.12068610600015, 30.790278892000103], [121.12126972000013, 30.790469414000057], [121.12172319999999, 30.79068379000003], [121.12200848300006, 30.791100877000076], [121.12210354700011, 30.79160170900004], [121.12205643300001, 30.792328260000026], [121.12196128700006, 30.792780908000083], [121.12156272500012, 30.794198694000066], [121.1214906030001, 30.794698342000103], [121.12147855200007, 30.79513908800007], [121.12155059900009, 30.795520958000047], [121.12182483100004, 30.796354800000117], [121.12200398200002, 30.796927683999996], [121.12203700500001, 30.797101625000003], [121.12205701000008, 30.79730953300006], [121.12209100000004, 30.797873261000078], [121.12209096400012, 30.798295029000066], [121.122037791, 30.799628237000064], [121.12204376000012, 30.800071000000017], [121.12208376800007, 30.80049980900006], [121.12251310500005, 30.802262316000053], [121.12255312300007, 30.802583184000042], [121.12258713400006, 30.802899048000064], [121.12255300700008, 30.803950429000018], [121.12257395800012, 30.804794985000086], [121.12268100800009, 30.805646635000116], [121.12284112800012, 30.806403397000025], [121.12302223399999, 30.80760893500012], [121.123672854, 30.80927775700009], [121.12369283400005, 30.809800489000082], [121.12363964800011, 30.811241627000044], [121.12355848300004, 30.81205907800009], [121.12357849600002, 30.81217303800001], [121.12363955600009, 30.812320026000094], [121.12385979600002, 30.812561148000064], [121.12437636500013, 30.8131584220001], [121.12450350200007, 30.813352464000076], [121.12465066400009, 30.813560523000064], [121.12474275500006, 30.81380249800001], [121.124872868, 30.81435034800004], [121.12490789900005, 30.81448331600003], [121.12499297600007, 30.814814233000057], [121.12523116000015, 30.81611379500002], [121.12542232900016, 30.816916577000008], [121.12554144600007, 30.817289514000045], [121.12565956099999, 30.817671444000027], [121.12582975200013, 30.81793550500003], [121.12621222000006, 30.818130866000025], [121.12654262900004, 30.81830018300009], [121.12695913800005, 30.818639515000015], [121.12714535500008, 30.818936583999992], [121.1273966120001, 30.81979042500003], [121.127812026, 30.821378066000115], [121.12857699500015, 30.822057676000036], [121.12911569000005, 30.822528120000058], [121.12998982500007, 30.823428782000065], [121.13033025299998, 30.824039898000002], [121.13059759500008, 30.824460025000036], [121.1316079210001, 30.825945581000028], [121.13193035400005, 30.826386783000025], [121.13224478700013, 30.826710042000038], [121.13249013700009, 30.82686330200002], [121.13269744000002, 30.82691356700009], [121.13286266700001, 30.827127681000043], [121.13309691600011, 30.828327339000097], [121.13270623500011, 30.829486129000053], [121.13263701399998, 30.83087924400003], [121.13286224700005, 30.832077886], [121.13254975400005, 30.832420248000084], [121.13195991400009, 30.832064619000057], [121.13183778400003, 30.831508763000073], [121.13168168800007, 30.82996341800002], [121.12970281600013, 30.830597357000066], [121.12950238300006, 30.832420059000064], [121.12926799800003, 30.833134342000015], [121.12835671000003, 30.833689830000054], [121.13005893000002, 30.835115278000046], [121.12882610400007, 30.836542827000038], [121.12755829100006, 30.837849441000053], [121.12704559800008, 30.83808865400004], [121.1254226240001, 30.836977276000013], [121.124545504, 30.837453953000107], [121.12312178900007, 30.837729139000047], [121.12082120300013, 30.837889507000085], [121.118484779, 30.83812597200002], [121.11606249500004, 30.838403525000068], [121.11594944000001, 30.837888715000105], [121.11479542600009, 30.838205523000028], [121.11443922800002, 30.837093852000066], [121.11317120500009, 30.837371654000044], [121.11526368400011, 30.839801021000056], [121.11564589600003, 30.84116158300001], [121.11547257600009, 30.843160291000096], [121.11547243600015, 30.8448113480001], [121.11567256100011, 30.84536321100002], [121.11897130700001, 30.84933006500006], [121.11758189700008, 30.849996321000027], [121.11758187300008, 30.850285157000037], [121.11810331800005, 30.850923294000076], [121.11779097100006, 30.851472676000057], [121.11714831600008, 30.8520517320001], [121.11657477600015, 30.85222509900005], [121.11622748800002, 30.85193594800002], [121.1154728930001, 30.851182704000045], [121.11016774100008, 30.85352820400005], [121.10886486500011, 30.85465669800007], [121.10909997800003, 30.85491669800009], [121.10912595600004, 30.855353464000082], [121.10880473200012, 30.855814994000077], [121.10857858000006, 30.856105686000056], [121.10808331500002, 30.85604741600003], [121.10758908900007, 30.8556693410001], [121.10771017100006, 30.855439544000006], [121.1079973530001, 30.855061931000115], [121.10750210700007, 30.854946706000085], [121.106954866, 30.854599595000053], [121.1063206660001, 30.853468899000028], [121.10376873300008, 30.852659137999993], [121.10020896500006, 30.851382608000065], [121.09933174400012, 30.852540715000053], [121.09768263900003, 30.852308504000028], [121.09702257900003, 30.85285908500002], [121.09551155200006, 30.85381336800002], [121.09492953600014, 30.854596879000006], [121.09522447300003, 30.85500366300009], [121.09568538400006, 30.85563933200011], [121.09553736700008, 30.855958138000105], [121.09484341100003, 30.856159976000107], [121.09400955800004, 30.855697216000102], [121.09310660600012, 30.856970489000027], [121.09377443000004, 30.857637098000026], [121.09362742900014, 30.85792593200003], [121.09299352400001, 30.85818579300004], [121.09295849500003, 30.858622543000024], [121.09313241500004, 30.85914523600011], [121.0927585060001, 30.85897734500007], [121.09257955200012, 30.85889240200006], [121.090096364, 30.857705345000078], [121.0865251030001, 30.85586525700006], [121.08267470300011, 30.85409084000006], [121.08087919200014, 30.853136346000042], [121.07943851200005, 30.852335679000056], [121.07670429000004, 30.851142280000076], [121.07590217800009, 30.85080110200009], [121.07531183200001, 30.850801582000045], [121.07360880500006, 30.85098594700002], [121.06900792900007, 30.850986572000075], [121.06745923800008, 30.850963354000015], [121.0667004310001, 30.850751380000062], [121.06362749200002, 30.850706330000065], [121.06244455300012, 30.85084686900006], [121.06173385900003, 30.850537049000003], [121.05942329299998, 30.849305160000043], [121.05598538900011, 30.847267808000048], [121.05712618200008, 30.84546696399999], [121.05568422400006, 30.84488667200003], [121.0564317890001, 30.843381288999993], [121.05646581700015, 30.842221894000076], [121.05692600100014, 30.84066003000008], [121.05750788200012, 30.839876537000087], [121.05180337400012, 30.837702579000073], [121.0465592220001, 30.834981266000064], [121.04224463300014, 30.83321337500007], [121.04438046300004, 30.82730512200007], [121.04218429300013, 30.82734382399999], [121.04060355200008, 30.82803993400003], [121.03975283600003, 30.829007309000048], [121.03901480200008, 30.830283274000102], [121.03845040600001, 30.830229605000014], [121.03746125600006, 30.830027025000042], [121.0363325640001, 30.82964990700001], [121.035464141, 30.8293611490001], [121.03540335500014, 30.828955525000026], [121.03569850900013, 30.828666978000044], [121.03661885599999, 30.828144075000033], [121.03726104700002, 30.827507917000062], [121.03722619200005, 30.826987293000066], [121.03687922600012, 30.82663930700005], [121.03624507700015, 30.826608830000012], [121.03578543400013, 30.82652197900002], [121.03572464200008, 30.826175320000026], [121.03587225700002, 30.825595292000088], [121.03543756700003, 30.825248532999993], [121.03485134700011, 30.824764223000066], [121.03473476700006, 30.823887999000043], [121.03470891800015, 30.823017551000056], [121.03320648600008, 30.82240958000002], [121.03349369300005, 30.821511374000046], [121.03416173700008, 30.82084510600007], [121.03459545000007, 30.82073011100006], [121.03561141800003, 30.820934538000103], [121.03659250800003, 30.821337966999998], [121.0370012640001, 30.822003627000093], [121.03627124300009, 30.823742381000073], [121.03682762600012, 30.823684093000047], [121.03708790000007, 30.823336672999993], [121.03780795200014, 30.8218308290001], [121.03925780400002, 30.82215029800006], [121.04047379000008, 30.81766005700006], [121.03602855400008, 30.816636944000052], [121.03343234000012, 30.816038590000105], [121.03339641, 30.81649642300006], [121.03326180500005, 30.81664967000004], [121.03303247800008, 30.81690809400002], [121.03280113100003, 30.81750733400004], [121.03193263000003, 30.81939844700001], [121.03170128200006, 30.820112629000043], [121.031835846, 30.82036414900007], [121.03216481600015, 30.820596192999993], [121.03133422800008, 30.82233331000002], [121.0309095150001, 30.822700181000087], [121.03060044400002, 30.8230857510001], [121.02884372000005, 30.82603961200008], [121.02559977200006, 30.8307115370001], [121.02504854200002, 30.831123786000013], [121.02370097500008, 30.831286343000052], [121.02052352400008, 30.83271630100006], [121.0153841170001, 30.83449589400005], [121.01047040600005, 30.836160316000097], [121.01000193200002, 30.838017648000026], [121.00876043200006, 30.83764254900008], [121.00722403400003, 30.83711943400005], [121.00650367200004, 30.836830757000058], [121.00256238400007, 30.83300681200003], [121.00041850200014, 30.830083973000043], [120.99905544700007, 30.830951630000072], [120.99885621500002, 30.830545467000036], [120.99963739300009, 30.829879464999998], [120.99995827699999, 30.82909793000008], [120.99954980700011, 30.828779352000012], [120.99908155, 30.828546909000053], [120.9987338200001, 30.82869188600006], [120.99725815300005, 30.82996666300002], [120.99755397600009, 30.831010172000028], [120.99697207000008, 30.831617602000016], [120.99619094600011, 30.83167695100004], [120.99537500400001, 30.83109676700009], [120.99413363200006, 30.830486898000075], [120.99341338500007, 30.829299764000083], [120.9939344930001, 30.828953372000022], [120.99187629000008, 30.826347111000118], [120.990860998, 30.826666021000037], [120.99062690800008, 30.826058075000006], [120.99138216600014, 30.82565200600007], [120.99155556400001, 30.82521772400002], [120.99027937400001, 30.82376841900001], [120.98929897600007, 30.823712426999997], [120.98773663300004, 30.824465734000064], [120.98660771000007, 30.824985851000108], [120.9865727880001, 30.825593613000038], [120.98683378800004, 30.826173500000053], [120.98843080400002, 30.827967661000088], [120.98843076800009, 30.82840441500008], [120.98816969900008, 30.82869304200007], [120.986695013, 30.829561008000027], [120.98576634900009, 30.830112493000094], [120.98483765099999, 30.830979793000004], [120.98813539800008, 30.833846232000027], [120.98646046800005, 30.834397978000027], [120.98481144700013, 30.83459982300012], [120.98515807400011, 30.83599099300003], [120.98567909700014, 30.83700485200007], [120.98700017000013, 30.83839108300002], [120.98745242800007, 30.839489093000097], [120.98791567900003, 30.840170305000058], [120.98853835900002, 30.840662140000077], [120.98911722900004, 30.840778320000005], [120.99078011000006, 30.840960168000045], [120.99132113200005, 30.840827597999997], [120.99184204500008, 30.842882841000055], [120.99277062100009, 30.842941980000063], [120.99231026200002, 30.843608003000014], [120.99257122300003, 30.844534678000038], [120.99341297300012, 30.84632908800009], [120.99554816200012, 30.84557600900004], [120.99601735200005, 30.84653303000009], [120.99662500000014, 30.84786541600002], [120.99729348200003, 30.848502012000026], [120.99790123100004, 30.84861909200003], [120.99864752500007, 30.848067134000104], [120.9996109540001, 30.84832805200002], [121.00044481300009, 30.84919601800007], [121.00117305100004, 30.85021122400005], [121.00209346500009, 30.85267201900008], [121.0036298230001, 30.852787301000028], [121.00421163700001, 30.853484143000045], [121.00522681200007, 30.854901268000056], [121.00574787700012, 30.85533744900009], [121.00618231000009, 30.855164243000054], [121.00719768200008, 30.85443861600006], [121.00896035299999, 30.853887672000035], [121.01060926500008, 30.85579968300005], [121.00659056900011, 30.858232252000064], [121.00841278700017, 30.860376567000024], [121.00785772400006, 30.861216739000085], [121.00811775100009, 30.86159174600003], [121.00887301400005, 30.861709427000086], [121.0098634950001, 30.861129819], [121.01099131600009, 30.862722564000066], [121.01003668600005, 30.863358019000067], [121.01185902300003, 30.865038670000033], [121.0095671050001, 30.866574553000106], [121.01179887100011, 30.869411315999983], [121.01255417600007, 30.86947006500005], [121.01336113800005, 30.871555495000024], [121.01041350800006, 30.87320819800008], [121.013363795, 30.87553117800008], [121.01603452399999, 30.87404230500008], [121.01707680800008, 30.875046733000055], [121.0153756520001, 30.876166968000106], [121.01603528500007, 30.87686166400003], [121.01665117500013, 30.876399165000045], [121.01745829400012, 30.877325319000114], [121.01499376800004, 30.878831521000038], [121.01553176000006, 30.880260134000025], [121.01684218600013, 30.880260369000048], [121.01703346300005, 30.880954417000098], [121.01576582400006, 30.88165065000006], [121.01507121700006, 30.88215236200009], [121.01417730199998, 30.88288552500009], [121.0135613880001, 30.88396568700003], [121.01305709700011, 30.884892618000073], [121.01124257900008, 30.884662079000094], [121.00788368700009, 30.884430184000088], [121.00669400500014, 30.884405759000025], [121.00553121500003, 30.884662102000092], [121.00390810100012, 30.88516370200003], [121.00356033600012, 30.88562648300004], [121.00351744100013, 30.886244252000083], [121.00354329300004, 30.886880802000086], [121.0044897020001, 30.888428039000118], [121.00468889900006, 30.889325913000064], [121.0045154820001, 30.889936079000016], [121.00413284900006, 30.890317011], [121.00284154800008, 30.89066671000007], [121.00063861500004, 30.89099520200007], [120.98948663500006, 30.89189863700004], [120.98909008500002, 30.891957805000047], [120.98881307800002, 30.89223548100002], [120.98862171300009, 30.893028597000097], [120.98859261200008, 30.895536215000007], [120.98857064100002, 30.89614892200008], [120.98818003700003, 30.89657285600007], [120.98751444100003, 30.896949648000074], [120.98618423900011, 30.897632261000062], [120.98608458800004, 30.89779946300004], [120.98614036600011, 30.89803315800002], [120.9880132510001, 30.90134555800008], [120.98824736600011, 30.901690647000038], [120.98832505800014, 30.901969248000086], [120.98834680500008, 30.904054955000085], [120.988481285, 30.90438935100004], [120.98920558000007, 30.90499180300006], [120.98981928400005, 30.905503639000045], [120.99075581300009, 30.905849590000066], [120.991380507, 30.905938638000066], [120.99208393000002, 30.90578458700002], [120.99428084500008, 30.905600001000025], [120.99435934300008, 30.908154259000064], [120.99568748600011, 30.907620522000045], [120.99748389700007, 30.90712333700003], [120.99820424600016, 30.907047186000035], [120.99885576300007, 30.908000639000058], [120.9992382480001, 30.909258734000055], [121.00014890300012, 30.909146029000055], [121.00020051700004, 30.911491490000053], [120.99933369100009, 30.91172399000002], [120.99764886800003, 30.912157867000033], [120.9962251210001, 30.91218619200007], [120.99500962600007, 30.91195603500003], [120.99462307100006, 30.911740340000037], [120.9946548820001, 30.912601736000077], [120.99478536400008, 30.913039080000026], [120.99473551700012, 30.91341301100006], [120.99434394600006, 30.913608090000032], [120.99477625200004, 30.91479107500004], [120.99502730000012, 30.91509712800005], [120.995113949, 30.915465646000072], [120.99527031400015, 30.91615776100005], [120.99522742700006, 30.916704568000085], [120.99521041099999, 30.917653061000053], [120.99532276200013, 30.920467056000092], [120.99547938900002, 30.93000593500002], [120.9956701110001, 30.93688927700005], [120.99591306000003, 30.938727445999994], [120.99645994099998, 30.939916074000017], [120.99602550700001, 30.940381123000037], [120.99466344400003, 30.94148162500006], [120.99312695900008, 30.943339208000097], [120.99213747800002, 30.944905293000005], [120.99132932000012, 30.946528790000038], [120.99246710300011, 30.946815156000106], [120.99237995100009, 30.952499050000014], [120.99102593400005, 30.9525601350001], [120.99045267200006, 30.95701723200002], [120.98819594100011, 30.957225953000055], [120.98735375800007, 30.960415607000094], [120.99041847700008, 30.960889038000097], [120.98826603500005, 30.965029111000078], [120.98935892699998, 30.966214096000066], [120.98887366500006, 30.966724264000092], [120.98933293000005, 30.967327513999997], [120.98884761500003, 30.96849029600002], [120.98777954800003, 30.96824767400002], [120.987102831, 30.97057233900007], [120.98811809200006, 30.97086309800006], [120.98751913200007, 30.972702818000045], [120.98877750200009, 30.97292188000005], [120.98880429000009, 30.974301981000018], [120.99130310900009, 30.97422843600006], [120.99235222200002, 30.974467101000094], [120.99239805200008, 30.97449394500009], [120.99243491400011, 30.974506826000002], [120.99249070700012, 30.974520647000084], [120.99256742400006, 30.9745284090001], [120.99262919600002, 30.97452922000008], [120.99301377000003, 30.974616997000062], [120.993144226, 30.975359159000092], [120.99475828900006, 30.975100392000087], [120.99498437600002, 30.976036147000066], [120.99614707600003, 30.97610156200006], [120.99614699800011, 30.97703700800001], [120.99650361300004, 30.977844442000027], [120.99620859200006, 30.979167557999986], [120.99798796900004, 30.979781768000095], [120.99763212700007, 30.981654743000078], [120.99676332800004, 30.98175033500008], [120.99646834500007, 30.98262271800005], [120.99498385800007, 30.982266457000065], [120.99424640100007, 30.984430424000053], [120.99392550800007, 30.98536984600007], [120.99409879600012, 30.986231808000063], [120.99277923600009, 30.991396774000023], [120.99185962700003, 30.991396575000095], [120.99077451000004, 30.99277206300004], [120.99025331800007, 30.994093864999982], [120.991000501, 30.994897119000008], [120.99048817600007, 30.997423184000027], [120.98618201700002, 30.996733625999994], [120.98551427500001, 30.99885138499998], [120.98771021900006, 30.999285507000018], [120.98741502400007, 31.002601442000113], [120.9872854260001, 31.003471321000056], [120.98632092500006, 31.00376205900004], [120.98620819800014, 31.005431415000054], [120.98775353500002, 31.005591656000078], [120.98716354900014, 31.007338411000006], [120.98775338100009, 31.007457557000095], [120.98672097500003, 31.009643389000118], [120.987597712, 31.01032034300009], [120.9856526210001, 31.0126638300001], [120.9847327670001, 31.015088168000048], [120.98608676200004, 31.01598257400007], [120.98519297000007, 31.016567918000092], [120.98400328900004, 31.016596469000056], [120.9831354500001, 31.016360201000047], [120.98214602400003, 31.016316174000046], [120.98060950800009, 31.01672249000009], [120.9795512950001, 31.016637660000093], [120.97884774300007, 31.01729534000006], [120.97868324600005, 31.018279244000027], [120.97369171200015, 31.018543518000044], [120.96869269400005, 31.018544517000038], [120.96594178400008, 31.01838009100002], [120.96342390000004, 31.018445737000036], [120.96088189700002, 31.0185452630001], [120.95896377500003, 31.018842940000035], [120.95862472700006, 31.01980422300008], [120.96061245000011, 31.021986932000026], [120.96004811000014, 31.023006769000027], [120.95720968700003, 31.023445587000012], [120.95624650700009, 31.0239146590001], [120.95524822200001, 31.026519537000063], [120.95407725700011, 31.03082080300006], [120.95168195400007, 31.031727820000057], [120.9505969000001, 31.032313929000054], [120.94980704000011, 31.03243162000011], [120.9488955050001, 31.032255726000038], [120.94799287600011, 31.03252052700001], [120.9468818720001, 31.031349578000025], [120.94582354600003, 31.031817519000107], [120.94492078900012, 31.03222813700006], [120.94398324200009, 31.030706921000053], [120.94524216500005, 31.030003777000047], [120.94453914100006, 31.027340766000066], [120.94696906000004, 31.026286352000042], [120.94577165200008, 31.01990859300001], [120.93213711400003, 31.019411553000097], [120.9313726050001, 31.018828056000046], [120.93158130700014, 31.01768641200009], [120.9359121380001, 31.01232962300007], [120.93561680600008, 31.01168749800005], [120.93391630000008, 31.011305517000068], [120.92962033600007, 31.012331439000043], [120.92812687700004, 31.013151043000086], [120.92721533600003, 31.01408671800006], [120.92496796600007, 31.013794757000056], [120.922833103, 31.014380930000065], [120.92200840300006, 31.01274181300007], [120.91396372200005, 31.015113790000036], [120.91282679200003, 31.015085613000018], [120.90688143600008, 31.012890168000084], [120.90580587500008, 31.014969367000077], [120.90588359400012, 31.017927602000064], [120.90591846600016, 31.019270802000086], [120.897786094, 31.01980003400009], [120.89722214900004, 31.019826016000017], [120.89691808200011, 31.020958346000008], [120.89642396600009, 31.022753275000106], [120.89684877800006, 31.024782105000014], [120.89720550400008, 31.02782733300009], [120.89727434000011, 31.029787189000068], [120.8973698440001, 31.035804682000048], [120.89783845700006, 31.03995826500008], [120.89731842300012, 31.041067621000032], [120.89559943700007, 31.041916045000065], [120.8928827770001, 31.04788919100001], [120.89307358800008, 31.05053170200007], [120.89234442000006, 31.051333086000035], [120.89130312100005, 31.05263307700004], [120.89042662599999, 31.056196771000025], [120.89047925500009, 31.06096204700004], [120.89177218300004, 31.065375875000022], [120.89347311600008, 31.06929300000003], [120.89472292100002, 31.07281018300008], [120.89543456600012, 31.077386660000016], [120.89546044200003, 31.07892079100003], [120.89520036900001, 31.079789274000035], [120.895478302, 31.080652812000075], [120.89646727200011, 31.080734835000023], [120.89769120000004, 31.080407046000083], [120.89926196500006, 31.080359011000013], [120.90047665500003, 31.080814630000056], [120.9008844760001, 31.081678085000085], [120.90058146700008, 31.082787500000045], [120.89868869000006, 31.08500542000006], [120.89788175, 31.08568706100006], [120.89753473300007, 31.086381671000062], [120.89788161999999, 31.087280163000067], [120.897968556, 31.087946787000064], [120.89631960900007, 31.088990169000063], [120.89515660400002, 31.089222945000053], [120.89362053700003, 31.088962880000025], [120.89255340800003, 31.088932690000014], [120.89218026200005, 31.090007002000085], [120.89194608200013, 31.091716987000083], [120.89127684700009, 31.092991100000077], [120.88971539700003, 31.093687236000036], [120.88855291000004, 31.095107023000004], [120.88803161100007, 31.096470054000072], [120.88863869500003, 31.098121371000012], [120.88869966000001, 31.09881800600001], [120.88820540800006, 31.099773282000086], [120.88707699100004, 31.099453983000046], [120.88681699300002, 31.09806364100003], [120.88687713800003, 31.09658549400003], [120.88612182600006, 31.096266317000087], [120.88333633800008, 31.096353764000042], [120.87824161300016, 31.097456609000076], [120.87447516800009, 31.09768924000005], [120.87392859200008, 31.098028538000058], [120.8740847140001, 31.098481433000046], [120.87481326000008, 31.10065389900003], [120.87185423200003, 31.10012932700006], [120.87247874200011, 31.102208799999985], [120.86972759800003, 31.10271264700002], [120.86901575800002, 31.102579936000055], [120.86838209900009, 31.101150019000045], [120.86727167100004, 31.101573505000005], [120.86564858200003, 31.101201773000064], [120.86541440700012, 31.099481444000013], [120.86157796000012, 31.099879299000065], [120.86032802700008, 31.100621192000077], [120.85982410100004, 31.102554421999983], [120.85858318800004, 31.10236878500008], [120.85788901300006, 31.10329727699999], [120.85558932700005, 31.10252933200004], [120.85437323900014, 31.103085190000023], [120.85262005900003, 31.105070384000058], [120.85267206300017, 31.10613387600003], [120.85272506800001, 31.107217360000064], [120.85389687400007, 31.109892694000088], [120.85373152000017, 31.11076096200007], [120.85467711500006, 31.110936309000103], [120.85604034000005, 31.111566006000068], [120.85719409700005, 31.11313683600001], [120.85807137300006, 31.114745219000042], [120.85906086900005, 31.11550620600012], [120.8598420290001, 31.11608597900004], [120.86084853300008, 31.116387195000094], [120.86179489000003, 31.116992137000054], [120.86454660100007, 31.119511316000036], [120.86642892800012, 31.12196128300007], [120.86685433300015, 31.123777801000088], [120.86685414800004, 31.126050565000106], [120.86738467500007, 31.127938166000057], [120.86818255800009, 31.129405292000037], [120.86923277100003, 31.13027900000003], [120.87063029600003, 31.131711740000092], [120.87227095900005, 31.133738344000086], [120.87352921400007, 31.134647091000048], [120.87458820100002, 31.13562956200007], [120.87620267500003, 31.13640259199999], [120.8771394690001, 31.13697308300003], [120.89386356700007, 31.138180879000046], [120.89506962100003, 31.138312971000047], [120.90124892600016, 31.136465796000067], [120.90225559500004, 31.136532574000086], [120.90423476500011, 31.13693585900006], [120.908469306, 31.137672806000104], [120.91276583400006, 31.138444882000037], [120.91746982800007, 31.140258206000063], [120.92616550300012, 31.143648942000034], [120.94842687300005, 31.140454934999994], [120.97018497899998, 31.13578405500006], [120.97959439300013, 31.133834125000106], [120.98137400600001, 31.13396879700006], [120.98691179200009, 31.135278516000064], [121.00286591700004, 31.135477895000044], [121.01260553700006, 31.13601653500011], [121.01404641100008, 31.136116276000017], [121.01485451599999, 31.13658767900003], [121.01835298500006, 31.14031565900011], [121.01781466600002, 31.142467040000035], [121.01844843300015, 31.14293499200003], [121.02120899900004, 31.142768335000007], [121.02177297900008, 31.144077076000023], [121.02214667300008, 31.144615757000096], [121.02271874700008, 31.14465016500001], [121.02225122400012, 31.1457568640001], [121.02389073100005, 31.145859321000046], [121.02432541000005, 31.144448890000056], [121.02399554600002, 31.143945053000024], [121.02429959800006, 31.143239603000005], [121.02667776500009, 31.14364101200009], [121.02859654300005, 31.144179682000072], [121.02909999200004, 31.143574696000023], [121.02967321600013, 31.143138448000073], [121.03161820700004, 31.142298938000067], [121.03175703000015, 31.139342166000027], [121.03272903400011, 31.13944467700007], [121.03359736000002, 31.139813330000024], [121.03413581400005, 31.138874508000058], [121.03625346200013, 31.139545033000026], [121.0372953110001, 31.14085586700004], [121.0383022260001, 31.143039352000045], [121.04024735600001, 31.14747355200003], [121.03900576400012, 31.148412879000034], [121.03786901400014, 31.148345545000055], [121.03702640500003, 31.148883238000046], [121.0369573590001, 31.151771877000044], [121.03891067700008, 31.152576902000042], [121.04072451400015, 31.153517292000046], [121.04088984700005, 31.155969638000002], [121.04458886000013, 31.156540317000058], [121.04556156500006, 31.153921660000016], [121.04572625200001, 31.15264499100008], [121.04734118800005, 31.152410830000065], [121.04928539000005, 31.15278081200004], [121.05127370500009, 31.15257915800005], [121.05110001, 31.153720881000012], [121.05281899300005, 31.154695231000076], [121.05584038800009, 31.154929877000036], [121.05798496700008, 31.155032334000076], [121.05812477400002, 31.154025642000093], [121.05949607600006, 31.15405850300006], [121.059565055, 31.152747087000087], [121.061484435, 31.152850201000007], [121.06151945500005, 31.15187566300002], [121.06084175700002, 31.151304944000046], [121.06114526200008, 31.150499927000055], [121.0638634430001, 31.15016332400009], [121.06454025600016, 31.150600201000003], [121.06436648000007, 31.15139600900003], [121.06319525300015, 31.154193104000093], [121.06389797900012, 31.15486380600008], [121.06631993000005, 31.15540242800006], [121.06598133200009, 31.157015001000076], [121.0668239690001, 31.157316815000094], [121.06745815100008, 31.155403061000108], [121.06843864400003, 31.15573975399999], [121.06797019400008, 31.157486376000087], [121.06843943400008, 31.158157489000104], [121.0690385370001, 31.15835871400006], [121.06924618500014, 31.15896417000006], [121.0724327360001, 31.160341185000043], [121.07145982200007, 31.16242405200007], [121.07246749700005, 31.16259198300002], [121.07253730700005, 31.1637673070001], [121.07219867800009, 31.16450524900005], [121.06910798600008, 31.16359791400003], [121.06853469100007, 31.16514275300004], [121.07277178199999, 31.166419715000096], [121.07270174300007, 31.167898019000106], [121.07087376700008, 31.172197608000054], [121.067796249, 31.17149033200006], [121.06732788600004, 31.172397416000067], [121.06752751600004, 31.173137802000042], [121.06816951300004, 31.173506870000026], [121.06793577100007, 31.174580590000048], [121.0708355480001, 31.175323052000103], [121.06963697500007, 31.178102899000073], [121.06681491100005, 31.18135547400007], [121.0666330250001, 31.183345690000074], [121.07099152600004, 31.184724136000085], [121.07039321100001, 31.186258983000073], [121.06488773000004, 31.184773154000055], [121.06416677000007, 31.18677608900005], [121.06626824600004, 31.187492054000046], [121.06709291900006, 31.18783588500007], [121.06714576200008, 31.18869739200003], [121.06691903800007, 31.189578223000083], [121.06687604300006, 31.19030991100005], [121.0657558, 31.19061513100008], [121.0657557030001, 31.19173957200003], [121.06630277700006, 31.19228462400001], [121.066025145, 31.193169527000045], [121.06725819100006, 31.19330496700006], [121.06797009600007, 31.193406085000078], [121.06759652100007, 31.195040710000058], [121.065521761, 31.19548301200006], [121.06500945700006, 31.19718382500001], [121.06221332000008, 31.19684274800003], [121.0620224740001, 31.199064923000044], [121.06222810600006, 31.19901965700003], [121.06369855400014, 31.198574859000082], [121.06462699000005, 31.198393723000017], [121.06423946400004, 31.20048320500006], [121.06402377600014, 31.201128174000047], [121.06352053600006, 31.202355247000057], [121.06322400700004, 31.20287339600003], [121.06286049399998, 31.20463603500012], [121.06269172300006, 31.20545287000003], [121.06246502200013, 31.20666759600008], [121.0619846840001, 31.209004140000054], [121.06160725200003, 31.210383011000012], [121.06145445700008, 31.211254811000025], [121.061310657, 31.211996662000033], [121.06119380600002, 31.2127864510001], [121.06103202200003, 31.213745227000025], [121.06081637400005, 31.21433525900008], [121.06067755300012, 31.215268016999985], [121.06056471500011, 31.21585090499999], [121.06039300900011, 31.216188997000074], [121.06040195500015, 31.216624776000067], [121.06031009099999, 31.217065703000046], [121.06017332000013, 31.21741274200007], [121.059910757, 31.21815078400003], [121.0598787810001, 31.218574631000017], [121.05975396100007, 31.219269489000048], [121.05956025800003, 31.22014436800005], [121.05930566400002, 31.221158276000004], [121.05918485400007, 31.22167821500004], [121.05903906600008, 31.222523041000038], [121.05885735700005, 31.22327196900001], [121.05880042600006, 31.223776819000037], [121.05880136700013, 31.22442951100004], [121.05883925900007, 31.224819270000047], [121.05871748800013, 31.224951397000055], [121.05850089500005, 31.22519262100012], [121.05860265900003, 31.225591275000063], [121.05861262400006, 31.225769176000043], [121.05820241600014, 31.226031696000092], [121.05805367000008, 31.226535695000045], [121.05820731200001, 31.227132174000104], [121.05835995100003, 31.227783630000005], [121.05831104100005, 31.227877663000058], [121.05822812300005, 31.22883434699999], [121.06013837400009, 31.22914027999999], [121.06044168200005, 31.230501198000063], [121.06006920400014, 31.232645759000043], [121.06119804900001, 31.233053911000063], [121.06258655100007, 31.23278306800004], [121.06279509300009, 31.233802309000083], [121.06279500700008, 31.234789856000077], [121.0599991490001, 31.23482386000005], [121.059973096, 31.236015352000045], [121.05908780700011, 31.236015695000077], [121.05914860300008, 31.237003149000067], [121.05802885500007, 31.236560095000087], [121.05742103600005, 31.237104813000037], [121.05738602800008, 31.238022450000116], [121.05666536400005, 31.23968885900006], [121.05748166600009, 31.239962412000047], [121.05932198000005, 31.2403033780001], [121.05953048800006, 31.24132359800005], [121.05898342000009, 31.242855740000074], [121.05898331500009, 31.244080187000044], [121.06013809100016, 31.24401246700004], [121.06047736399998, 31.244999518000085], [121.05959101600001, 31.245442645000068], [121.05956494300007, 31.246870043000044], [121.05976446100016, 31.247994238000068], [121.05857574400011, 31.24840287700004], [121.05768953100007, 31.248233348000042], [121.05707388200003, 31.247108841000085], [121.05692119400008, 31.24712908000007], [121.05675752600004, 31.24719231800006], [121.056676691, 31.24721544000002], [121.05660084800004, 31.247224560000063], [121.05650704200002, 31.24722571300007], [121.05625057800012, 31.24721713900007], [121.05577956200013, 31.247279895000112], [121.05523268200008, 31.2477745940001], [121.05419987399998, 31.24826514600001], [121.05373292100016, 31.248019072000076], [121.05310825900008, 31.248622906000037], [121.053574195, 31.24891195100006], [121.05453806500009, 31.249105186000058], [121.05511087200014, 31.24859743200006], [121.05640515700011, 31.248352376000035], [121.05623636100009, 31.25007988400006], [121.05693477700005, 31.251642044000086], [121.05731671900003, 31.25482801700008], [121.0573334960001, 31.25701502800011], [121.05672574500008, 31.256998021000037], [121.05665683900006, 31.257557888000086], [121.05750706700007, 31.25788936600007], [121.05757683200015, 31.25897478000008], [121.05807178400008, 31.259554741000017], [121.05736818500012, 31.25979975500004], [121.05779392200009, 31.264420069000053], [121.05834945600013, 31.268515434000065], [121.05768977500009, 31.268566455000027], [121.05788132500004, 31.269302836000023], [121.05866173000004, 31.269756417000075], [121.06210022500014, 31.269792310000113], [121.06410569200008, 31.269939511000032], [121.065842769, 31.270370097000047], [121.06813514300005, 31.270982097000058], [121.07203363800011, 31.27155372700001], [121.07456850300007, 31.271713341000073], [121.07581007200011, 31.27198619500009], [121.07753813000011, 31.273365294000065], [121.07836320100016, 31.274682157000044], [121.07993450100005, 31.277531938000024], [121.07674844800013, 31.279084479000055], [121.07780704800007, 31.282744183000077], [121.08008234100012, 31.289419949000077], [121.08235726400005, 31.291976647000055], [121.082712956, 31.292474269000017], [121.08228718100011, 31.293539053000096], [121.08417181299998, 31.293896032000056], [121.08551798800008, 31.293717574000034], [121.08704529300007, 31.292049743000064], [121.08757512000011, 31.291019009000046], [121.08896444300005, 31.291693404000064], [121.08846979699999, 31.29002518700006], [121.0896413140001, 31.2901319040001], [121.09077903500008, 31.288819264000026], [121.09195102800007, 31.285053682000033], [121.09275007300002, 31.282386734000077], [121.09323705200008, 31.28149108900005], [121.09374003600013, 31.28066143000006], [121.09343621400004, 31.279199039000027], [121.09418319400002, 31.278070514], [121.09692609700005, 31.27696220200005], [121.09855825100009, 31.275927923000005], [121.10082460000001, 31.275472702000087], [121.10118955300001, 31.276861234000044], [121.09922726000002, 31.276571804000078], [121.09920120700008, 31.277147556000017], [121.10204860700004, 31.27852783], [121.10341188300004, 31.279821818000045], [121.1049142600001, 31.281603748000045], [121.10649476500012, 31.283561742000046], [121.10785733700007, 31.284751026000038], [121.109325031, 31.286253323000082], [121.11037560700007, 31.287092686000072], [121.1117384900001, 31.28747750800003], [121.113101485, 31.287512542000087], [121.11467378600007, 31.286945069000026], [121.11489993700005, 31.28738008600005], [121.11557552800008, 31.28721274400006], [121.11575361800007, 31.28797659100011], [121.1164872710001, 31.28797725500008], [121.11645327300005, 31.287602377000056], [121.1203452200001, 31.286259757999993], [121.12040728700009, 31.28623983100003], [121.12035725300004, 31.286022868000018], [121.12103900500003, 31.285802682000096], [121.12301621000003, 31.286077758000033], [121.12305535599998, 31.284912280000057], [121.12253587699999, 31.28350727100007], [121.12260399600004, 31.28304153900008], [121.126449782, 31.281946553000076], [121.12707949200005, 31.28320482300009], [121.12929055400002, 31.282267077000036], [121.12958898300012, 31.282101542000106], [121.12909141200007, 31.280732448000073], [121.13057553900003, 31.280207659000084], [121.13126642300008, 31.281487077000072], [121.13344072600015, 31.2805975140001], [121.13300917300013, 31.27944537400007], [121.13378637500014, 31.279157611000066], [121.1341219400001, 31.278562346000015], [121.13480798700002, 31.27873028100006], [121.13594080100005, 31.278349125000048], [121.13657078700012, 31.278592974000063], [121.136815091, 31.279627914000073], [121.138297521, 31.279519240000056], [121.13841390200004, 31.27732633500007], [121.14063265200002, 31.27715391600001], [121.14372304200003, 31.277242931000004], [121.14582382400012, 31.2773084400001], [121.14917494000011, 31.278517724000054], [121.14965283500013, 31.278612523000085], [121.14981707000003, 31.279502441999995], [121.15092010100008, 31.280315055000088], [121.15092000100006, 31.281475573000094], [121.15098101800005, 31.282636202000027], [121.15268226700005, 31.28297510300009], [121.15375835500008, 31.283056011000035], [121.1548524650001, 31.283456831000066], [121.15445359200014, 31.28450267500009], [121.155876356, 31.284955084000046], [121.15614584100001, 31.285517347000024], [121.15673598100017, 31.28587028500001], [121.15638021100003, 31.286621325000063], [121.15474873800005, 31.28954415300005], [121.15396720800004, 31.28951874500008], [121.15378488400006, 31.28914256700004], [121.15183508700011, 31.28928200400003], [121.15177887900008, 31.290453428000056], [121.15050343599998, 31.29042916900009], [121.15039909400005, 31.292083316000088], [121.15012358400008, 31.29192289300005], [121.14857566800008, 31.29183321300009], [121.14832407300004, 31.293263200000098], [121.14800344700006, 31.29358451300004], [121.14746441900006, 31.293870465000076], [121.14671804500003, 31.29379920800004], [121.14653554000003, 31.295765109000072], [121.14815051800008, 31.295943824000027], [121.1469410750001, 31.29823182400007], [121.14689298100004, 31.29828971700006], [121.14595026800009, 31.298070192000104], [121.1456937370001, 31.298801466000036], [121.14495239900013, 31.298712247000026], [121.14473994300013, 31.299553556000006], [121.14342761700001, 31.299304462000087], [121.14321116800014, 31.30005580600008], [121.14425300000008, 31.300342426999997], [121.14435715200008, 31.300735447000093], [121.14621451000002, 31.30087853300003], [121.14454327400003, 31.30320478900004], [121.1444871680001, 31.303269670000077], [121.142322938, 31.30778232700007], [121.13919124500005, 31.31154584900007], [121.137089938, 31.309729285000046], [121.13488557300005, 31.308108599000064], [121.13436481900013, 31.307470081000076], [121.13473747400005, 31.30657197500002], [121.1350591270001, 31.304831126000046], [121.12917252100013, 31.303901224000107], [121.12754931200001, 31.304016067000106], [121.12670718700006, 31.304248910000098], [121.12534343400011, 31.30442116300005], [121.12502297400007, 31.305118505000017], [121.12530927500003, 31.305756601000056], [121.12510892600008, 31.306917909000042], [121.12458816800006, 31.308251770000005], [121.12452800000005, 31.309354274000015], [121.12517072400013, 31.310137742000087], [121.12484927300008, 31.31074512400007], [121.12478812700009, 31.31155973900006], [121.124267452, 31.312023943000014], [121.12450164100011, 31.313125801000055], [121.12389388300008, 31.31338698700008], [121.12336422700005, 31.313705252000034], [121.12348628100003, 31.314748997000066], [121.1238586730001, 31.31532920900002], [121.12403281700003, 31.316084127000046], [121.12357323500011, 31.31646145000009], [121.12359821200005, 31.317069251000106], [121.12363318300001, 31.317882985000026], [121.12325167700007, 31.31852130600008], [121.12246975100003, 31.318753333000096], [121.1224696940001, 31.319419084000025], [121.12235748000015, 31.320406590000104], [121.12264374500012, 31.321131641000058], [121.12331250000011, 31.32139230500004], [121.12400632800006, 31.321364121000016], [121.12464103200008, 31.322127586000036], [121.12437967400004, 31.32258510700006], [121.12431956700004, 31.322976891000053], [121.12468395700009, 31.323608090000057], [121.12583038500009, 31.32361447300005], [121.12621185700003, 31.32378188200005], [121.12660232300001, 31.324218207000087], [121.12647210700007, 31.324760845000043], [121.12703681500008, 31.325068440000095], [121.12684551600015, 31.325634991000072], [121.12684545800005, 31.326301747000088], [121.12693248900005, 31.3272605060001], [121.12747919099999, 31.327462126000086], [121.12818314800006, 31.327289094000065], [121.12870384400007, 31.327403731000047], [121.12896412300003, 31.32830474499999], [121.12866864600008, 31.329145052000065], [121.12762722500008, 31.32934862900003], [121.1272196420001, 31.329840931], [121.12725363400017, 31.330450754000005], [121.12864349400004, 31.330509524999982], [121.12893881800005, 31.33143657900004], [121.12887768599998, 31.331987300000044], [121.12812261600003, 31.332482137000042], [121.12823468500007, 31.333438939000068], [121.1279743040001, 31.33378647800005], [121.12734044700005, 31.333931614000065], [121.12654140400002, 31.333926609000095], [121.12646324700005, 31.33456928300007], [121.12623787900006, 31.335467682000065], [121.12632493100014, 31.33616454300008], [121.12550886300004, 31.336514415000075], [121.12522247000005, 31.336919925000053], [121.12530953300006, 31.337440846000078], [121.12585617600008, 31.33796332800005], [121.12583009000005, 31.338573080000053], [121.12565681600003, 31.339211644000045], [121.12576890800005, 31.33979057800007], [121.125943073, 31.340428568000014], [121.1255695700001, 31.34077599000007], [121.12530918300004, 31.341472430000053], [121.12524805600003, 31.342054154000046], [121.12591683400004, 31.34280770700004], [121.12620315300002, 31.343330879000078], [121.12606392600004, 31.34390950600008], [121.125743476, 31.344402942000052], [121.12565631800007, 31.344953645000054], [121.12591658700002, 31.345650724000087], [121.12583044600001, 31.34602149100003], [121.12494436400004, 31.345697528000052], [121.12316526800011, 31.345172623000053], [121.12174968600004, 31.344729190000045], [121.11932710800015, 31.34456668300001], [121.11791169, 31.344687237000038], [121.1167835960001, 31.345050041000036], [121.11577568000011, 31.345171082000014], [121.11335367199999, 31.345250998000054], [121.11270285900005, 31.348925224000034], [121.11500365800009, 31.349289994000017], [121.11557614100003, 31.349370468000103], [121.1154900280001, 31.349815240000048], [121.11468225200005, 31.35086318400007], [121.11367533200006, 31.35207393600006], [121.11335298200004, 31.35320429500006], [121.11262440500005, 31.35348862400005], [121.11133049900002, 31.35328671700004], [121.10959443300008, 31.352639726000064], [121.10790150200017, 31.352274784000066], [121.10721514600004, 31.352316371000043], [121.10689391500011, 31.353163905000002], [121.10652972800008, 31.35332465200007], [121.10587845200011, 31.353123376000028], [121.10450594800014, 31.352557896000043], [121.10369867400006, 31.35243657900004], [121.10333436100011, 31.354697669000075], [121.10357739600015, 31.35518161000006], [121.10378540800004, 31.355828483000025], [121.1033342170001, 31.3563521190001], [121.10273501900008, 31.356552813000093], [121.10264795200007, 31.357039619000048], [121.10289094400002, 31.357927420000053], [121.10264878400005, 31.358976981000033], [121.10345601600014, 31.359097264000034], [121.10333392900007, 31.359663028000043], [121.10325585500001, 31.36022781100005], [121.103299792, 31.361117538000038], [121.10362079600009, 31.362245305000002], [121.10333462000004, 31.363215872000104], [121.10301244700011, 31.364064466000066], [121.10261324100013, 31.365111973000047], [121.10212700500004, 31.3663234040001], [121.10217093200004, 31.367293111000038], [121.10231788300013, 31.368302844000006], [121.10232687800007, 31.368382821000054], [121.10321312600003, 31.368469138000002], [121.10357723800004, 31.368504278000067], [121.10362028000006, 31.368180399000003], [121.10426349100007, 31.368302641000078], [121.10450670200012, 31.366896200000063], [121.10465379200004, 31.366490397000057], [121.10581726800002, 31.366431985000112], [121.10822240200008, 31.36692517600006], [121.10859555700003, 31.36750722000008], [121.1083353600001, 31.368114866000084], [121.10854342800008, 31.368665820000018], [121.10906469800014, 31.368985048000056], [121.1097330800001, 31.36918942000009], [121.11260700600013, 31.369450414000013], [121.1137618810001, 31.369567298000092], [121.11405706900011, 31.37011836800012], [121.11469057000012, 31.37032083800009], [121.11559332500012, 31.370466577000066], [121.11570637300005, 31.37104749400008], [121.1144561990001, 31.372352001000017], [121.11230352800007, 31.372382257000034], [121.1121033200001, 31.373108878000025], [121.11060130500007, 31.372930838000038], [121.10912510199998, 31.376237820000007], [121.11141750400012, 31.376943181000016], [121.11358804400002, 31.37763164700005], [121.11568067300007, 31.378849056000057], [121.1186673440001, 31.38027143900006], [121.11965349800006, 31.37852296799999], [121.12385001900009, 31.38045698600005], [121.12663740800006, 31.381466049000053], [121.12715816200009, 31.380619960000033], [121.12837374500012, 31.381103374000062], [121.13269777300005, 31.382760765000064], [121.13381244100007, 31.38295930400006], [121.13360607700005, 31.38353383300008], [121.133390693, 31.384188327000054], [121.13291894500004, 31.38460052800005], [121.13333951100003, 31.385383897000033], [121.13402560100013, 31.38490003300005], [121.13507619800009, 31.385263466000012], [121.13475463300006, 31.385989776000066], [121.13644828000011, 31.386352196000033], [121.13682997999999, 31.385363069000086], [121.14385378700001, 31.387233732000055], [121.14383564900001, 31.388454343000063], [121.14440063700013, 31.388736205000022], [121.144122089, 31.389300573000092], [121.14347190700002, 31.38954341900002], [121.14262936100013, 31.39018983800004], [121.14206532300008, 31.390753750000066], [121.1420652950001, 31.391077656000043], [121.14250801500012, 31.39172419400007], [121.14177867700008, 31.392450792000062], [121.14109242500007, 31.39317547100007], [121.14044128700002, 31.39341835400009], [121.14032912300004, 31.393095268000003], [121.14032915500005, 31.39273337200008], [121.14004266400006, 31.39277190400007], [121.1395557970001, 31.39325799200006], [121.13911301100006, 31.39374215400006], [121.13923518200014, 31.39414623000001], [121.13996438800007, 31.394428303999987], [121.14197778600013, 31.395196328000033], [121.14343629500001, 31.395882533000055], [121.14488585600014, 31.396324831000058], [121.1443217880001, 31.396930711000003], [121.14375772100004, 31.39757758600006], [121.1431936590001, 31.398262457000058], [121.1430723670001, 31.39915200600003], [121.14415724800007, 31.399758640000044], [121.1450518360001, 31.40004006400006], [121.1457721480001, 31.399999295000057], [121.14703049000003, 31.399675538000096], [121.14799427100002, 31.399797170000035], [121.14815956300002, 31.39999940000007], [121.1479942010001, 31.40060494400008], [121.14771665900005, 31.400889384000074], [121.1458932730001, 31.401130186000017], [121.14500765500009, 31.401209664000106], [121.14452174900012, 31.401533756000013], [121.14448763500005, 31.40213853100005], [121.14493039600009, 31.402584153000056], [121.14541626600015, 31.402704940000014], [121.14625781800015, 31.402542416000067], [121.14650124100004, 31.40282675400006], [121.14591105300005, 31.40403741300004], [121.14736967200012, 31.404842693000056], [121.1484105970001, 31.40503844400009], [121.14932227300002, 31.40551790700006], [121.14876714800002, 31.406418690000073], [121.14920996500007, 31.406620410000066], [121.14852458400003, 31.40767092800003], [121.14928798300004, 31.408116143000008], [121.14993020400007, 31.408074283000097], [121.15065958100001, 31.408235528000027], [121.15276052300013, 31.409486944000008], [121.15425361000011, 31.407508174000064], [121.15481770800017, 31.407630165000036], [121.15332459999999, 31.40973089500003], [121.15393276800012, 31.409971930000083], [121.15368926700015, 31.410253414000103], [121.15340266800004, 31.410698777000093], [121.15340263700014, 31.41106268], [121.1541751000001, 31.411626929000057], [121.15429731100008, 31.411951064000057], [121.15388948100009, 31.41231322900009], [121.15324617200007, 31.412918906000108], [121.15256081500003, 31.413202598000048], [121.15223920900007, 31.41299907500008], [121.15126740100004, 31.412232541999984], [121.15090270100006, 31.412232893000102], [121.1504598050001, 31.412796959000055], [121.14992974300003, 31.413404862000085], [121.15017317500009, 31.413767196000045], [121.15090255100004, 31.413968436000083], [121.15131029900013, 31.414372055000086], [121.15122408800009, 31.41489776400006], [121.15094648900003, 31.415663071000054], [121.15038139400009, 31.415826027000037], [121.14997362700001, 31.415704338000097], [121.14933143400009, 31.41542228200003], [121.14892365800009, 31.415502547000095], [121.14884547500002, 31.415906305000107], [121.14864506000004, 31.416351840000026], [121.14823729200006, 31.416390118999992], [121.14771633300003, 31.416230257000088], [121.14706512000006, 31.416269123000106], [121.1465441060001, 31.41687407200007], [121.1463366850001, 31.41731960200007], [121.14589385300005, 31.417561784000036], [121.14508639700011, 31.417399457000016], [121.14468667000008, 31.41744077300006], [121.14432199300012, 31.41768109900005], [121.14424380000003, 31.41828881100006], [121.14468636500007, 31.420951874000046], [121.14407927500011, 31.42095185700005], [121.14359333900003, 31.421719853000084], [121.14161387500005, 31.421517651000052], [121.14165683000013, 31.422889374000043], [121.14367939200005, 31.422889701000067], [121.14391377199999, 31.423333979000056], [121.14452185300004, 31.423455966000027], [121.14657958800004, 31.423616416000065], [121.14605855400009, 31.42450430400008], [121.14630196500006, 31.424907618000056], [121.14686598300011, 31.42515152400007], [121.1480371490001, 31.42527251600005], [121.148159339, 31.425715619000115], [121.14896685600002, 31.425715027000066], [121.14916620800008, 31.426000305000045], [121.149166121, 31.427009056000024], [121.15070299400006, 31.42757362600002], [121.1511458530001, 31.42745144300003], [121.15183117200004, 31.42745166500005], [121.15315971400003, 31.427854950000025], [121.15348939600003, 31.427412654000108], [121.15481796600008, 31.42781696400008], [121.155225833, 31.42708988500005], [121.15679690200014, 31.427614633000033], [121.15635393800008, 31.428582583000008], [121.15647615300006, 31.428905728000103], [121.15740498200009, 31.42914937700001], [121.15743999700015, 31.429793284], [121.15792596400003, 31.429835171], [121.1583678980001, 31.429271124000046], [121.15877572000008, 31.42922889000002], [121.15974869200012, 31.429068735000087], [121.15978349100007, 31.432218038000073], [121.15978343100006, 31.43290387400006], [121.15941867600009, 31.433144138000046], [121.1590980520001, 31.432903601000042], [121.1590539870001, 31.432621586000067], [121.15905414400004, 31.430803024000056], [121.15857718200009, 31.43084412999999], [121.15861120500006, 31.431369067000084], [121.15796891400012, 31.431410869000075], [121.1579257300001, 31.432538519000033], [121.15857701100008, 31.43282365400009], [121.15853286000007, 31.4335484000001], [121.15815105100009, 31.43405557300005], [121.15391465100004, 31.434085811000067], [121.15040782400006, 31.434578414000057], [121.14790803000008, 31.43542083600004], [121.14524200900011, 31.436695969000027], [121.14411391100012, 31.437420904000057], [121.14323729700007, 31.43800031100004], [121.1426902750001, 31.43863826000006], [121.14228252100011, 31.439074490000095], [121.14282944400007, 31.439523285000107], [121.14197783700004, 31.44081459200001], [121.14327207600002, 31.441259617000064], [121.14246452800018, 31.442671964000034], [121.14229920300008, 31.44307560300004], [121.14266379100005, 31.443682063000033], [121.14319367500002, 31.444286801000068], [121.14331486200001, 31.44461093000006], [121.1430723870001, 31.445135411000024], [121.14275076600005, 31.445740745000016], [121.15635395700008, 31.451514308000064], [121.15756143400006, 31.450707703000027], [121.1584902940001, 31.450707419000004], [121.1599481830001, 31.451232010000062], [121.16091208900002, 31.45171670100011], [121.16093012600008, 31.451716734000023], [121.16149825100001, 31.452015731000074], [121.16318183300005, 31.45016428100009], [121.16378504300005, 31.450384364000094], [121.16422789, 31.451031056000048], [121.16483606900015, 31.45175604100008], [121.1652789630001, 31.45187684800004], [121.16584212799998, 31.45171694000004], [121.16692738100008, 31.451313069000022], [121.16777815700004, 31.450908756000054], [121.16922812200002, 31.450909483000025], [121.17044258400004, 31.451150712000086], [121.17310793200014, 31.452120495000038], [121.17423616700013, 31.4527674610001], [121.17533035300008, 31.453087428000103], [121.17629427600008, 31.45333116200002], [121.17973096300011, 31.455429028000047], [121.18154547000006, 31.456237148000035], [121.18166666200014, 31.456762256000047], [121.18166662800004, 31.457165171000078], [121.18110244400009, 31.45805496800007], [121.18093805900007, 31.45878052000006], [121.18093801000006, 31.459346403000076], [121.18122451800005, 31.45999278900009], [121.18166632500002, 31.460679446000064], [121.18166625200001, 31.461525273000056], [121.18154591600009, 31.462696819], [121.18493936900003, 31.464150579000027], [121.18469586200004, 31.46463505300006], [121.1848962070001, 31.465077318000056], [121.18677965499998, 31.46660331200011], [121.18848973800007, 31.46796599200006], [121.1898170630001, 31.46939797000006], [121.19054636500006, 31.469721135000064], [121.19147503700006, 31.469801669000063], [121.19341046500007, 31.469961817000083], [121.19478182800003, 31.470284963999994], [121.19583256700001, 31.47101249300006], [121.19712573400008, 31.471174482000052], [121.19841886800013, 31.47125545100009], [121.19878343300002, 31.47161693500007], [121.19886150500008, 31.472263930000047], [121.19841869800013, 31.473232076000038], [121.1985408500001, 31.473798154000065], [121.19893946200013, 31.474240674999997], [121.2010837580001, 31.475736578000046], [121.20189091500009, 31.476905532000046], [121.20299354400001, 31.47759597800006], [121.2040090160001, 31.47820528700003], [121.20534490100013, 31.479044964000046], [121.20833100400012, 31.479945717000057], [121.20932926200013, 31.48082581400005], [121.20990199399998, 31.48104748], [121.21056098100007, 31.479450570000033], [121.20973996300009, 31.478938662000047], [121.20964186800005, 31.478551611000086], [121.20917327700009, 31.478233088000017], [121.2091733100001, 31.4778551570001], [121.2101275690001, 31.477740355000016], [121.2119849200001, 31.47768158100004], [121.21331253600009, 31.47755112600008], [121.214606075, 31.47714763000009], [121.21626384300012, 31.47799323300007], [121.21710573400006, 31.478076075999994], [121.21872039800007, 31.47787369800004], [121.22054214200008, 31.47783239200008], [121.22089845700008, 31.477953685999992], [121.22138481800008, 31.47884095000004], [121.22174907400003, 31.47960912500001], [121.2223135300001, 31.479971536000065], [121.22324230400011, 31.479971298000045], [121.22429216800003, 31.479648181000044], [121.22534198900013, 31.479285033000018], [121.22590639000009, 31.479365426000093], [121.2259493720001, 31.479930354000032], [121.22627041800001, 31.482030205000044], [121.22639241600008, 31.48304011100003], [121.22561983300011, 31.48348048700005], [121.22489028200005, 31.48365592000009], [121.22422273600014, 31.48406134200006], [121.22443082800014, 31.48487336000001], [121.22518634800012, 31.48545282700008], [121.22573269400003, 31.48606311800004], [121.22631403400007, 31.486874389000022], [121.22689536300004, 31.487657655000078], [121.22793692300007, 31.489020110000098], [121.22854522700004, 31.489833355000066], [121.22929965300011, 31.490035777000024], [121.22994204100006, 31.489688208000047], [121.23054936600013, 31.489659551000074], [121.23095754200006, 31.490035708000022], [121.23081038400005, 31.491022465000043], [121.23040192800009, 31.493893770000028], [121.23028880600006, 31.494618589000048], [121.23078402600001, 31.495054790000076], [121.23147837899998, 31.494937173000025], [121.23202467300007, 31.494503517000027], [121.23278005900013, 31.493893978000045], [121.2336214070001, 31.493834366000087], [121.23435065000005, 31.494184615000023], [121.23562699000004, 31.495168945000017], [121.23643318200006, 31.49563314800006], [121.23707635200006, 31.49557436099999], [121.23744946900004, 31.495227528000072], [121.23736250500012, 31.49456161000004], [121.23704148400012, 31.493920618000026], [121.23669448900009, 31.492848685000062], [121.23695460700003, 31.492238866000058], [121.23759677900014, 31.491979101000055], [121.23785686800008, 31.49159623700009], [121.23825599200006, 31.49107143100001], [121.23886417300002, 31.490222725000038], [121.23934933100011, 31.489254997999993], [121.23902844100012, 31.487397241000025], [121.23939353000003, 31.48699339200001], [121.23962760800012, 31.486468533000014], [121.23939363000014, 31.485821594000043], [121.23962772100005, 31.485135763000052], [121.2399578110001, 31.484571929000026], [121.23995693500002, 31.483118184000006], [121.24088602499998, 31.483117350000022], [121.241728058, 31.483319438000045], [121.2418150100001, 31.483924342000094], [121.24372601000005, 31.483816534000056], [121.24383109800011, 31.482721733000062], [121.242257126, 31.482713609000015], [121.2421701960001, 31.48186474900003], [121.24136316800002, 31.481825652000083], [121.241528246, 31.48101882000003], [121.24204929300004, 31.480694944000057], [121.24229233900007, 31.480211059000077], [121.24250040400014, 31.479484211000063], [121.24262244600004, 31.479000311000085], [121.24322045300005, 31.478837392000102], [121.24387141400007, 31.47900040200009], [121.245242252, 31.479564331000034], [121.24552018900008, 31.479927263000043], [121.2457640980001, 31.48061413500003], [121.24673494600003, 31.480614094000025], [121.24677885900013, 31.481542926000053], [121.24891435900007, 31.481744672000048], [121.24907020300009, 31.483057416000037], [121.24841037200011, 31.483135492000017], [121.2484543080001, 31.483754378000064], [121.24922609600002, 31.483791263000093], [121.24918300200008, 31.485028053000107], [121.24984280900006, 31.484990951000057], [121.24997870600012, 31.485686806000082], [121.25119629500014, 31.485570575000054], [121.25080569200006, 31.482593183000084], [121.25069286700014, 31.48100848900006], [121.25030307700004, 31.480118728000072], [121.25034610800004, 31.479578817000075], [121.25065002100006, 31.47938479000001], [121.25099688400007, 31.479539688000038], [121.25119677100008, 31.480003559000046], [121.25146568600005, 31.479810530000066], [121.25192553100007, 31.479500472999987], [121.25192550100007, 31.479849410000085], [121.25192541200008, 31.48089322200012], [121.25165651600003, 31.480930284000074], [121.25160848500005, 31.481514191000073], [121.25181239100004, 31.481666112000028], [121.25231618799998, 31.48162698699999], [121.25274103200005, 31.4813159240001], [121.25335776600001, 31.481161768000042], [121.25324485799999, 31.48069788600003], [121.25274108500005, 31.480698035000046], [121.25274114000007, 31.480042154000046], [121.25320096100009, 31.479732073000058], [121.25498106200013, 31.479885443000043], [121.25583055500016, 31.480311037], [121.25660307400003, 31.480621660000033], [121.2566070710001, 31.480630656000066], [121.25688689199998, 31.480712519000086], [121.25700881000012, 31.480790451000054], [121.25709973400001, 31.48102136900006], [121.257157643, 31.48165822900009], [121.25721454800009, 31.48233908200011], [121.25727947500005, 31.482718985000105], [121.25740137800008, 31.48294988800002], [121.25756825500005, 31.48312378000002], [121.25823079500006, 31.48339341400004], [121.25834570600016, 31.483522335000046], [121.25842363600012, 31.483716262000016], [121.25892126900008, 31.483982962000056], [121.26000544799999, 31.484370312000046], [121.26069985800007, 31.485064795000042], [121.26298295300015, 31.48529633000001], [121.26293885900006, 31.48684409200009], [121.26286980600003, 31.488156914000086], [121.26352023300001, 31.488157476000048], [121.26344226000005, 31.488660444000097], [121.26378991700004, 31.48900714600009], [121.26441431, 31.489393641000007], [121.26476201, 31.489085441999997], [121.26537844400002, 31.488814032000015], [121.26599384500005, 31.48873657700009], [121.26599397700015, 31.487190840000004], [121.26634164200004, 31.487036597000028], [121.26700097800007, 31.48691909200008], [121.26758242600013, 31.48626173100004], [121.26843248200012, 31.48661095600007], [121.26978693000001, 31.48703669200004], [121.27175757699999, 31.487304803000015], [121.27198219200011, 31.488581367000037], [121.27291102500013, 31.488698428000042], [121.27325854000001, 31.489198991000066], [121.27349319000007, 31.48977865400007], [121.27418725500003, 31.49016487000005], [121.275350696, 31.49028161100003], [121.275852985, 31.49059001100005], [121.27522868500013, 31.492330403000082], [121.27615739000007, 31.492638335000066], [121.2768953570001, 31.492677501000024], [121.27720698900012, 31.491827288000017], [121.27758944600006, 31.491789854000032], [121.27805775800009, 31.491943285000026], [121.27867385900008, 31.491943560000045], [121.27921208200011, 31.49171195500007], [121.27940272200007, 31.492601579000045], [121.28087947600014, 31.49260076100007], [121.28099132999998, 31.49229067199999], [121.28138175900006, 31.49186525100005], [121.28191993300007, 31.491633603000068], [121.28284947100008, 31.49140043800005], [121.28338664800002, 31.490859821000086], [121.28389081100008, 31.49101412400006], [121.28442792400003, 31.491014402000083], [121.28489714800003, 31.49093777700005], [121.285200613, 31.491246310000086], [121.28524451900009, 31.491478211000093], [121.28505381300012, 31.491789422000082], [121.28524446600008, 31.492097110000053], [121.2857825010001, 31.49271526400004], [121.28593921100001, 31.49298600200006], [121.28612983200006, 31.493605634000076], [121.28702329100008, 31.493605375000058], [121.287136129, 31.493218278], [121.28779603300008, 31.49252244700007], [121.28775314200008, 31.492135573000034], [121.28849082600001, 31.49225048400004], [121.28899397300007, 31.491709837000073], [121.28960984000005, 31.491981881000108], [121.290886471, 31.492367901000073], [121.29150228600005, 31.492868880000046], [121.2928567050001, 31.49325472200009], [121.294097318, 31.49341074200003], [121.29405421100017, 31.495613453000026], [121.29304714700007, 31.495536054000105], [121.29304710600006, 31.495999979000032], [121.29598936500005, 31.496425210000048], [121.29635445200006, 31.498641262999996], [121.29575549500007, 31.500265986000045], [121.29647605700009, 31.50042278600005], [121.29691822900008, 31.499815153000043], [121.29798604200005, 31.500335302000096], [121.29755187600011, 31.500799953000083], [121.29644907200007, 31.50085876300006], [121.29542602199999, 31.501651306], [121.29643196300009, 31.502527536000024], [121.29725640800008, 31.501496335000056], [121.29762171100002, 31.501081794000044], [121.29793405100011, 31.501444218000096], [121.29695286900002, 31.503183579000037], [121.29752568400008, 31.50362356600003], [121.29759548700008, 31.504283350999998], [121.29808148900005, 31.50448951], [121.29832503000013, 31.504109160000063], [121.29874117600001, 31.504213446000072], [121.29905357300001, 31.50383097700005], [121.29960942900009, 31.50390102500007], [121.30002553100005, 31.504385244000076], [121.3001292910001, 31.50469802000002], [121.30069412200012, 31.50469505300004], [121.30135369600008, 31.50532182400012], [121.30072794000009, 31.505996802000013], [121.3007807920001, 31.506437646000073], [121.30059813, 31.506906891], [121.30101523700014, 31.507219128000074], [121.30179660100012, 31.507270769000087], [121.30218680100009, 31.507063121000044], [121.30306294100001, 31.507192568000008], [121.30360983700005, 31.506541701000067], [121.30420955200012, 31.50661962800003], [121.30394906300015, 31.507141014000098], [121.30582398000001, 31.507789575000025], [121.30643972499999, 31.50687959900005], [121.30722103300006, 31.506776199000022], [121.30750747700006, 31.505970798000085], [121.30716922200013, 31.505892423999995], [121.3074028090001, 31.504775165000098], [121.30789773300009, 31.504696277000058], [121.30834077900008, 31.504488498000093], [121.30847152700005, 31.50407432100011], [121.30930469100008, 31.504073792000064], [121.30930472500008, 31.503682852000047], [121.30873101500003, 31.503396948000017], [121.30888773800004, 31.50261777800003], [121.31080644100007, 31.503138158000098], [121.31130028600016, 31.50376114700004], [121.31214226500002, 31.505352340000073], [121.31208135800013, 31.505857378000023], [121.31200344800007, 31.50682738100008], [121.31210814300005, 31.50763306800004], [121.31561422900006, 31.507736454000067], [121.31548458100008, 31.507061799000027], [121.31590165700004, 31.50680104700003], [121.31606630700006, 31.506536773000015], [121.31608331000005, 31.506047812000062], [121.31717682000011, 31.50610072700009], [121.3173335350001, 31.505257554000046], [121.31613527900001, 31.505060860000114], [121.3154847730001, 31.504853124000064], [121.31545889200008, 31.504151279000084], [121.3154579510001, 31.503500378000048], [121.31525048600007, 31.502747885000048], [121.31535435200013, 31.50157786700005], [121.31595300400011, 31.501473749000056], [121.31597897200004, 31.501162746999988], [121.3170994200001, 31.50121561000001], [121.31717720300006, 31.501681391000005], [121.31794944100008, 31.501701917000013], [121.31795846300012, 31.501215973000043], [121.31914772200003, 31.501499659000068], [121.31909576799998, 31.502348629000053], [121.31875650800008, 31.502739218000045], [121.31857480100005, 31.504143353000046], [121.31896487399999, 31.504557546000036], [121.31992865800007, 31.504713679000076], [121.31995448500007, 31.506022435000006], [121.32086638900012, 31.50612667300001], [121.32110094000008, 31.505104375000073], [121.32265435500008, 31.505414350000052], [121.32264631500004, 31.50608726500004], [121.3239652660001, 31.50641468500004], [121.32408702600006, 31.505961519000024], [121.32494604799999, 31.506091851000065], [121.33124835500008, 31.51012123000003], [121.33889607300011, 31.51386744400002], [121.34594537500003, 31.51205517400009], [121.35312451400011, 31.51004260300001], [121.35762155400005, 31.508566971000043], [121.36369285800004, 31.506131928000094], [121.3716361910001, 31.502874106000014]]], [[[121.48322772200008, 31.755316183000048], [121.48431050000013, 31.755998452000014], [121.48522882600001, 31.75529306900009], [121.49407866300012, 31.755188416000045], [121.50861486000008, 31.74566648200001], [121.5094909870001, 31.74544701500006], [121.51056282800005, 31.744847063000073], [121.51709066800007, 31.743338540000046], [121.52026548300012, 31.74273828900003], [121.52230633200006, 31.742224795], [121.52398100000005, 31.74036308200006], [121.53508280000007, 31.73753886500006], [121.53578604399999, 31.735355289000047], [121.54519339900006, 31.729030376000033], [121.54707711800003, 31.729450214000046], [121.56074588200008, 31.718794629000094], [121.57428519500006, 31.712631651000066], [121.58802008200007, 31.708592791000022], [121.58900563000007, 31.70748791000009], [121.59542457500005, 31.705229052000064], [121.59666834900011, 31.709107228000043], [121.5985113620001, 31.7090488850001], [121.607514269, 31.70639495700007], [121.61140225900009, 31.704588197000064], [121.62307931400008, 31.69986261200004], [121.62346288300012, 31.699858164000027], [121.62405120300004, 31.699977476000043], [121.62494517100001, 31.699837387000088], [121.62901320400007, 31.698247047000038], [121.6383783760001, 31.699530388], [121.71086241000012, 31.675786292000055], [121.8135089750001, 31.654021655000108], [121.88345985500007, 31.63847916200011], [121.97094269900003, 31.619029032000093], [121.98397105100003, 31.531553757000033], [121.98957303800009, 31.513833143000028], [121.9914218020001, 31.49504036000004], [121.98741679000011, 31.47871331300005], [121.9775591680001, 31.46608200800005], [121.96308093400015, 31.458689670000098], [121.9301597650001, 31.44445910000011], [121.9139216550001, 31.436811629000005], [121.89701625000012, 31.432250660000108], [121.88641906600003, 31.430911324000043], [121.87795743500007, 31.430778947000107], [121.8688355530001, 31.431449998000026], [121.8536288, 31.43213344900009], [121.84116470600006, 31.433959318000085], [121.82997547500008, 31.436023435000074], [121.81489751300016, 31.440229229000074], [121.75904830900001, 31.460168744000086], [121.72549127300012, 31.473920713999995], [121.67852494600007, 31.493073051000067], [121.66630234000004, 31.496245813000037], [121.63439518200005, 31.501806367000043], [121.62154045800004, 31.50386987100007], [121.61345253800008, 31.505776436000076], [121.60456500000014, 31.509017764000035], [121.54337920900005, 31.533186532000038], [121.46661101100003, 31.57627248700001], [121.42956444700005, 31.59210204400005], [121.41011519300002, 31.592822812000087], [121.39883605100007, 31.591748460000105], [121.39077952300013, 31.587183679000063], [121.36755393000011, 31.554968437000078], [121.34097936700002, 31.573487658000076], [121.28461065100012, 31.618181979000084], [121.17531302700006, 31.722627834999997], [121.14071119700014, 31.755719039000077], [121.13743757400007, 31.757100073000032], [121.11383971400006, 31.760841080000034], [121.14460916000007, 31.7890961520001], [121.17695367400009, 31.822281810000085], [121.19580695000002, 31.83705110200006], [121.22082047100002, 31.84897976900001], [121.23758851700008, 31.85535289300001], [121.24762914500005, 31.859686695000036], [121.26109070000008, 31.866073268999997], [121.27683372200015, 31.87097553300007], [121.286641065, 31.872914416000086], [121.2973607480001, 31.87462525500007], [121.30580605300005, 31.874394591000076], [121.31128304800006, 31.87336735800008], [121.31846999000008, 31.870403190000054], [121.36461048600012, 31.845066759000076], [121.37168624900008, 31.840352698000032], [121.38035170600003, 31.835299111000047], [121.38641209300009, 31.828128161000024], [121.39067962300014, 31.82305458500008], [121.39178637200004, 31.821942080000042], [121.39247023900006, 31.821352811000047], [121.39346512400004, 31.820103389000053], [121.39444602800012, 31.81923707800005], [121.39458504100006, 31.81886899500006], [121.3957200350001, 31.817471626999996], [121.40076179200008, 31.81159574400001], [121.40120790400013, 31.81129375800007], [121.405534491, 31.80891744800001], [121.40679415200012, 31.808102787000017], [121.408748509, 31.80500415100005], [121.40989243900006, 31.802738373000075], [121.41161096200005, 31.799402835000045], [121.41004290500007, 31.798640792000057], [121.4076805200001, 31.79796250600007], [121.40620382300004, 31.797338799000066], [121.40665411100008, 31.79654584700009], [121.4143616010001, 31.784249360000082], [121.41621963400009, 31.781361393000054], [121.41788654600006, 31.779545569000092], [121.4210986480001, 31.776035190000073], [121.42681216700007, 31.771031167000018], [121.42861011400015, 31.77038547300006], [121.4348345630001, 31.76814450300001], [121.44073914500007, 31.766092527000048], [121.44510657300012, 31.76346365000005], [121.45094969100015, 31.761152748000065], [121.45954422300008, 31.758972707000076], [121.47225464800016, 31.758011116000006], [121.48322772200008, 31.755316183000048]]]]}}, {"type": "Feature", "properties": {"name": "湖州", "full_name": "湖州市"}, "geometry": {"type": "Polygon", "coordinates": [[[119.78786729100014, 31.172836934000017], [119.78849307100006, 31.170168191000094], [119.78790173100006, 31.168788054000032], [119.78444680500002, 31.164266633000025], [119.78438668900002, 31.16398270000007], [119.78432573800004, 31.16179275200006], [119.78637388900003, 31.158725116], [119.78916979499999, 31.15832128300007], [119.79312879600002, 31.159558560000036], [119.79611579299998, 31.158467822000027], [119.80174083800009, 31.15153275500007], [119.80500516499998, 31.150664853000023], [119.80874689200004, 31.151762922000017], [119.8184954780001, 31.156294494000058], [119.82458050600006, 31.16044575899999], [119.82494533900005, 31.16356083100007], [119.82312164900006, 31.1655373830001], [119.81863488300007, 31.167982701000007], [119.81897269100014, 31.170389100000072], [119.82165536099998, 31.175361597000098], [119.82253191800012, 31.176442696000016], [119.82305247100011, 31.17670454200001], [119.82337344800011, 31.17663917800011], [119.82570864600007, 31.17513533100003], [119.82701965500009, 31.174628048000066], [119.8288511760001, 31.174753413000047], [119.83280095200006, 31.175854190000088], [119.83739301900005, 31.170952071000023], [119.83976202900013, 31.170191699000085], [119.84286102700003, 31.16978134500006], [119.84657553100007, 31.170039533000107], [119.84827719400008, 31.17083993800007], [119.85016927700005, 31.17205138500003], [119.85154898400008, 31.17233942700006], [119.85191397000008, 31.172254043000102], [119.8542221770001, 31.171193136000078], [119.85470044000014, 31.171049930000038], [119.85804204200005, 31.17050508799999], [119.86060235500005, 31.170764500000047], [119.86194762, 31.170543403000053], [119.870565455, 31.164595644000073], [119.87368991100007, 31.16306953000001], [119.87408067600006, 31.163047904000088], [119.87881035400008, 31.16379347900005], [119.88059028300009, 31.16512806500007], [119.88666447300014, 31.16656574400001], [119.89116105800012, 31.16891510300006], [119.89557756800006, 31.171438518000038], [119.90053368300006, 31.171741149000034], [119.90848269000007, 31.171830480000054], [119.9107652270001, 31.171952139000084], [119.91169436100006, 31.172086482000097], [119.91221441500011, 31.172168095000096], [119.91350748900007, 31.17237707500007], [119.91373349400011, 31.172412889000015], [119.91399349600013, 31.172441678999995], [119.91448847400014, 31.17270116600006], [119.91538940000008, 31.173165208000086], [119.91586440600013, 31.172700051000056], [119.91632936600004, 31.172632689000082], [119.91655737000008, 31.17227067600006], [119.91663342000007, 31.171584960000075], [119.91634849000003, 31.171147432000026], [119.91640566700005, 31.168996486000047], [119.91564893700006, 31.166664326999992], [119.91562501800004, 31.165739824000063], [119.91587109600005, 31.164591211000058], [119.91644513500012, 31.163463301999997], [119.91972584700014, 31.159136460000106], [119.92225721500006, 31.156183290000094], [119.92330283800007, 31.15519860200007], [119.93212831300004, 31.148798927], [119.93333827300015, 31.14775257100011], [119.9343833380001, 31.14660448100006], [119.93518263500007, 31.14518990100008], [119.93563429200005, 31.143589988000045], [119.93583922300004, 31.141826577000067], [119.93573646500015, 31.140288571999996], [119.9352442820001, 31.13684424400003], [119.93514254000004, 31.135080360000103], [119.935223627, 31.133070303000054], [119.93557244400009, 31.13087689500003], [119.93673343100014, 31.12784953700001], [119.93682434900009, 31.127612506000027], [119.94194912200011, 31.11425333200002], [119.94220486200004, 31.11322140000008], [119.94233577100013, 31.1121847140001], [119.94238878400007, 31.111187159000075], [119.94231095600003, 31.11041573600002], [119.9422560950001, 31.109677250000026], [119.94204941300006, 31.109254886000073], [119.94160907500013, 31.10847317100005], [119.94190674900007, 31.10759208100007], [119.94234815800009, 31.10744430200001], [119.94271567500003, 31.107160737000086], [119.9483778230001, 31.099017497999995], [119.94908074600008, 31.098140447000077], [119.94918258800007, 31.098012294000043], [119.949364306, 31.09778501900007], [119.95418726600008, 31.09265083700008], [119.95677163200004, 31.089616313000093], [119.95802534100004, 31.08768130700004], [119.96055759200013, 31.083322379000066], [119.96508751900004, 31.076491395000104], [119.96740654300007, 31.07422242200004], [119.96977726000011, 31.072521863000112], [119.97082387500011, 31.07186731700005], [119.97129778700005, 31.071571157000058], [119.97390072300004, 31.06994370900005], [119.97807473800009, 31.0671082590001], [119.9815283270001, 31.063963881000078], [119.98379675800004, 31.061386596999995], [119.98473651499998, 31.05937693400007], [119.98504678700007, 31.058550477999994], [119.98519842900009, 31.058147253000115], [119.98532413400002, 31.057813067999994], [119.98654931600005, 31.053730729000087], [119.98772155300006, 31.050457077000026], [119.98907324800007, 31.04792444800009], [119.99083287000009, 31.045313618000073], [119.99168879200013, 31.043394127000056], [119.99247893200004, 31.04091515900003], [119.99368897600007, 31.038330975000086], [119.99286926700009, 31.036755388000103], [119.992956067, 31.03643231100002], [119.99469080200001, 31.03300802000011], [119.99621500800008, 31.030543812000055], [119.99697711500008, 31.029269233000022], [119.99956848100008, 31.027322484000067], [119.99993155300001, 31.027050540000033], [120.00005523700011, 31.02697021200005], [120.00621552700011, 31.02357059800005], [120.01088889300007, 31.020676402000035], [120.0111093580001, 31.020461879000052], [120.01197224500008, 31.01994564800006], [120.0121108990001, 31.019945243000024], [120.0122236220001, 31.019904936000067], [120.02769810900006, 31.013840379000015], [120.03253028100002, 31.012508835000062], [120.03339859500011, 31.012268831000014], [120.04085123000007, 31.010215582000036], [120.0475840690001, 31.00775687200008], [120.05089286900012, 31.005544829000023], [120.05204053600005, 31.00466424500008], [120.05378266000004, 31.002944167000045], [120.05526219300006, 31.001312598000055], [120.05614435000004, 31.000521598000063], [120.05639412500011, 31.0002203660001], [120.05645908100007, 30.999992395000064], [120.05815156700012, 30.99876541600006], [120.0596883130001, 30.997631735000056], [120.06193969200002, 30.995877508000035], [120.06429826300004, 30.994027415000083], [120.06562958000006, 30.99296435000005], [120.06801158300007, 30.99104065300005], [120.06829447900012, 30.990867435000013], [120.06995094500013, 30.98990020400001], [120.07636423300008, 30.985931727000015], [120.08209145900001, 30.98167361100004], [120.08952966500013, 30.975225912999996], [120.0942610560001, 30.96834466800005], [120.09677171100009, 30.96617318300006], [120.09718316600001, 30.96593039000004], [120.097289282, 30.965912418000066], [120.09738338000015, 30.96592942500005], [120.09751451700008, 30.965990411000035], [120.09817719900002, 30.966499237000036], [120.09890396800003, 30.967111035000116], [120.09913122000009, 30.967227021000035], [120.09919228999999, 30.967233031999996], [120.09945459800011, 30.967224105000057], [120.0998731010001, 30.96714026600005], [120.10010739200003, 30.967040392000044], [120.10029563800006, 30.966838566000042], [120.10035372200008, 30.966685674000097], [120.10032369799998, 30.966543749000074], [120.10012847499999, 30.96638278700008], [120.09950877900006, 30.965881913000025], [120.09943070200009, 30.96571399300008], [120.0994287120001, 30.96557407500005], [120.09949480000014, 30.965453163000078], [120.100904611, 30.964271274000076], [120.10101075300008, 30.96417136700007], [120.10188494500002, 30.963246214999998], [120.10204316000014, 30.963134339000064], [120.10243567900011, 30.963072523000015], [120.1025728670001, 30.962997621000035], [120.10264998300008, 30.962836746000043], [120.10259693100014, 30.962628849000076], [120.10205626700008, 30.962101955999998], [120.10205627800008, 30.96196503700004], [120.10211536699998, 30.961844130000074], [120.1022305280001, 30.961713251000077], [120.10345926200017, 30.960673359000012], [120.10374968200003, 30.960436625000057], [120.1039760430001, 30.95989204800003], [120.10421342700013, 30.959296508000044], [120.10617438500002, 30.95792229500003], [120.10697560600013, 30.95779781200003], [120.10800923600004, 30.95749260100009], [120.10890169199999, 30.957133372000037], [120.11026597800007, 30.95666456500006], [120.11246489500002, 30.955206052000086], [120.11414002300015, 30.954036102000003], [120.11602667800003, 30.952802485000078], [120.12151711000001, 30.949358039000096], [120.12198614000009, 30.949066730000062], [120.1235085400001, 30.948108027000053], [120.12444468100011, 30.94740554400002], [120.12489571900005, 30.947128248000077], [120.12513426900014, 30.947008607000036], [120.12739956200008, 30.94610596300005], [120.12780254300003, 30.94570271900008], [120.12770536600007, 30.94511294300004], [120.13033776700001, 30.943937127000012], [120.13305537800008, 30.945296123000013], [120.13465345100005, 30.945121550000046], [120.1358445110001, 30.945238254000017], [120.13709377500007, 30.945209166000012], [120.13779164400009, 30.944861446000104], [120.13776261500009, 30.944308728000024], [120.13796617600005, 30.944047198000057], [120.14084194800014, 30.94340912500011], [120.14127816100009, 30.943118003000095], [120.14185880900007, 30.942420360000014], [120.14217873900009, 30.941810244000067], [120.14212061400006, 30.94140339000007], [120.14244053400016, 30.940939189000026], [120.14457556700006, 30.93967548700001], [120.14478215500002, 30.93955290800008], [120.14487942900007, 30.939539080000003], [120.15712606300013, 30.937811825000082], [120.16265665600005, 30.937115517000024], [120.17127765400005, 30.936179262000095], [120.17384635400006, 30.93598417900003], [120.18394111100005, 30.934407529000055], [120.18834767600006, 30.93348375500009], [120.19083763300011, 30.932752395000065], [120.19191765600013, 30.93189869200004], [120.19239499500009, 30.931396774000078], [120.19417887100008, 30.930471218000058], [120.19533794600014, 30.930501049000036], [120.1980018050001, 30.93151559300005], [120.20004096300008, 30.931893436000045], [120.20150661900001, 30.931926561000033], [120.203222836, 30.93179308400009], [120.20491692200011, 30.93153657700001], [120.20585315800011, 30.931191042000016], [120.20596141500002, 30.931151210000095], [120.20613181500008, 30.931136446000032], [120.20660792600003, 30.931095099000075], [120.20773350800009, 30.931195503000033], [120.21360041900004, 30.929924295000014], [120.21486605200005, 30.929555897000085], [120.21620375200006, 30.929399398000015], [120.21707248499999, 30.929103458000043], [120.21721777100002, 30.929054633000085], [120.21912342200005, 30.92888658000004], [120.22161397100007, 30.928763888000013], [120.22507687600014, 30.928665705000057], [120.22842111700001, 30.928477086000086], [120.22986624100011, 30.92833702700004], [120.23067841500009, 30.92802366000005], [120.23085967300005, 30.927953799000043], [120.23094679100008, 30.927982829000044], [120.23204325300003, 30.928337176000056], [120.23678006300008, 30.928701862000032], [120.23960006500009, 30.928753566000047], [120.24256985200006, 30.928701047000054], [120.24390998800001, 30.92857921200001], [120.24415118500006, 30.928550239000096], [120.24441639800017, 30.928518266000026], [120.24487876200013, 30.928462307000103], [120.24622875800002, 30.928434299000095], [120.24742255000002, 30.92864209800006], [120.24815800900004, 30.92873396800011], [120.24892646700002, 30.928791833000012], [120.24987100800001, 30.928671750000028], [120.25013915000008, 30.928697684000042], [120.25172089000013, 30.92919703900006], [120.26162715400008, 30.930447981000086], [120.26685165800008, 30.93085602500001], [120.27012583200009, 30.93038349100008], [120.27283172000016, 30.931232393000066], [120.27506662400006, 30.931483919000094], [120.27660876400012, 30.931578166000072], [120.27799288399999, 30.93205030100006], [120.28054315200005, 30.932081210000042], [120.28206799700001, 30.93221320300004], [120.28383955000004, 30.932427752000024], [120.28539017600008, 30.932899367000054], [120.28932442499999, 30.933150595000058], [120.29155912300007, 30.932867396000077], [120.29530483600001, 30.933810942000072], [120.29901929000005, 30.93409463700001], [120.30018680300009, 30.934081663], [120.30186360400009, 30.934219693000053], [120.30351837200016, 30.934417679000006], [120.31147293300009, 30.936017286000016], [120.31766846300005, 30.937321832000045], [120.32638369800011, 30.93987163200007], [120.33160850200015, 30.94081811500005], [120.33629425900007, 30.94203261100008], [120.33872463800009, 30.942053125], [120.33890636800001, 30.942083776000054], [120.33920192800005, 30.942133207000055], [120.33958336100008, 30.94222445900006], [120.34209565900002, 30.943043454000055], [120.34339177000007, 30.943656793000088], [120.34652636600006, 30.94462477600006], [120.3477257450001, 30.944810629000074], [120.34946643700006, 30.945184499000014], [120.3529889470001, 30.94627715700009], [120.35410659700003, 30.946479288000027], [120.35463096999999, 30.94663438600007], [120.354974554, 30.946838737000107], [120.35604627400002, 30.947507713000036], [120.35650575000011, 30.947617959000098], [120.35740675100016, 30.947700574000095], [120.35787023600004, 30.94786080000003], [120.35878620300007, 30.94857904900004], [120.35987203100002, 30.94916615900003], [120.36080907500002, 30.94938572399999], [120.36387715800004, 30.949824366000044], [120.3652919130001, 30.95007342300005], [120.36645689500006, 30.95079056600005], [120.36682765500008, 30.95016049200006], [120.36700965500003, 30.948497259000106], [120.36665402300002, 30.947462299000094], [120.36556907500004, 30.94547480200005], [120.36380673300006, 30.943834006000003], [120.36035935000011, 30.939688091000072], [120.35637489700004, 30.93589209900005], [120.35503749300005, 30.93498965700008], [120.35482083100007, 30.933958599000036], [120.35553214100003, 30.932456402000085], [120.35590590300004, 30.93028212300004], [120.35804086400003, 30.926650105000085], [120.35821481100004, 30.9250937730001], [120.35806808499999, 30.923719797000018], [120.35706023000017, 30.923103640000107], [120.3547858600001, 30.922380496000045], [120.3537791220001, 30.92142362100001], [120.35316196600003, 30.920167329000073], [120.35268498600009, 30.914954157000032], [120.35219874000009, 30.913068042000113], [120.35229480200005, 30.9109521350001], [120.35293716500007, 30.909279101000052], [120.35403105100008, 30.907039705000038], [120.35474238100005, 30.905123731000053], [120.35436910400009, 30.901747291000014], [120.35483786100005, 30.898196651000042], [120.35549838500008, 30.894865595000034], [120.35435173100007, 30.89462849100004], [120.3544037300001, 30.89392782100007], [120.35377048700002, 30.893803877000025], [120.35438694700005, 30.8916191980001], [120.35290178300008, 30.89078800500007], [120.35293677200005, 30.89042316399999], [120.35339632600005, 30.88917317100004], [120.35785060900001, 30.885121786000113], [120.36002955700009, 30.88253717600005], [120.36103655600002, 30.882524785999998], [120.36779953700011, 30.884218187000045], [120.36766046099999, 30.886354104000112], [120.36770436600014, 30.887076631000035], [120.3726180460001, 30.88768191800002], [120.37404200400015, 30.890813690000066], [120.37476247200007, 30.892822835000032], [120.38004140800004, 30.893609972000057], [120.38371472800013, 30.89354557300006], [120.38582462600009, 30.893318549000107], [120.38806375400009, 30.89289776600002], [120.39005203900001, 30.892814076000022], [120.40045434600006, 30.895695273000022], [120.40115883500007, 30.895831289000085], [120.40059525500008, 30.897921986000057], [120.40221642600011, 30.898277041000036], [120.40200316300005, 30.899414332000077], [120.40501966400005, 30.900039739000043], [120.40814967500012, 30.90150411300006], [120.41105292000009, 30.902755916000068], [120.41257572800006, 30.90417803900005], [120.41645712300013, 30.904783598000066], [120.41887086300008, 30.905112556000105], [120.41787999300008, 30.908504647000015], [120.41579616100015, 30.916304274000005], [120.41409424400001, 30.922078556000024], [120.41315662800007, 30.92609751700011], [120.41338280600004, 30.927579798000096], [120.41547454900001, 30.929733088], [120.41687261400014, 30.92989614500008], [120.41880068000015, 30.929466133000027], [120.42005081100001, 30.92865282600006], [120.43040032700006, 30.922864904000072], [120.43123433000005, 30.92090827800009], [120.43233596800007, 30.919001058000028], [120.43303974500012, 30.9170492920001], [120.43305802700004, 30.91421599000006], [120.43233340900012, 30.913727163000026], [120.43272947000003, 30.911871863000087], [120.43019386600011, 30.911197485000066], [120.43036436500009, 30.909698612000035], [120.43085744000004, 30.90977028600002], [120.43130857800006, 30.90812092200006], [120.43375711700006, 30.908708329000078], [120.43408093800011, 30.90798327100004], [120.43475863100005, 30.906949969000074], [120.43701626300006, 30.90535567500006], [120.43768416100008, 30.902664409000046], [120.43716394100012, 30.901688082000092], [120.43590491200004, 30.90082445500004], [120.43450660300007, 30.90019253000007], [120.43318654500001, 30.89978867200005], [120.43174633000004, 30.89899193600003], [120.43079939200003, 30.897016691000026], [120.43023537600007, 30.89444538000008], [120.42989701600007, 30.890039473000044], [120.43066882300006, 30.88854045900009], [120.43497581400008, 30.88728484600003], [120.43685960200008, 30.884915374000087], [120.43827037500009, 30.88215743000007], [120.44010732500013, 30.87965918800004], [120.44252000100008, 30.87688633700003], [120.44417062800005, 30.87594511100005], [120.44575915800013, 30.875354655000045], [120.44792958400004, 30.87366715200004], [120.44863281400004, 30.871824719000095], [120.44780853700004, 30.870004017999996], [120.4459241940001, 30.86865087800004], [120.44338014000002, 30.86758939400005], [120.43920428100009, 30.864199506000055], [120.43738977600006, 30.862962019000072], [120.43678044900001, 30.860732258000056], [120.43653388200003, 30.86023912300002], [120.43646877700007, 30.859591385000073], [120.4367204990001, 30.85838750500003], [120.43744137500008, 30.85740230900005], [120.43947271500011, 30.855432038000096], [120.44183408600009, 30.853856322000105], [120.44401413099999, 30.852918090000102], [120.44806874800008, 30.8528074770001], [120.44912791500006, 30.852449951000004], [120.44990931500006, 30.851753048000077], [120.45084647600007, 30.847905313000034], [120.45128993199998, 30.84669699000007], [120.45273054499998, 30.844733359000045], [120.45450225200011, 30.84310837200006], [120.45587373100008, 30.84199923300004], [120.45648969100014, 30.830417265999998], [120.456273086, 30.829278389000002], [120.45543952100005, 30.827845217000082], [120.45185336700006, 30.82637777000008], [120.450915546, 30.825747029000027], [120.45052544600006, 30.824719742000028], [120.45020457600006, 30.823512713000078], [120.45027395900003, 30.82145202100002], [120.45074258700008, 30.818990433000096], [120.45214006000006, 30.816753808000044], [120.45392871200008, 30.81595034900009], [120.45645478800012, 30.81595529500005], [120.45768799300001, 30.813735504000064], [120.46022370700011, 30.810152746000007], [120.4651808430001, 30.80842841400007], [120.4671075980001, 30.80874733999999], [120.46922620900015, 30.80815737400011], [120.47105800400001, 30.80606554200005], [120.47115644499999, 30.805058370000026], [120.47276856800015, 30.80222440000002], [120.47269135600007, 30.801376651000048], [120.47243546500013, 30.80081624800004], [120.4720240060001, 30.800253415000014], [120.4720240470001, 30.799755689000044], [120.47120148100007, 30.79455826400006], [120.47124470500009, 30.79375682100001], [120.4720991910001, 30.789293617000027], [120.47253791900008, 30.787806643000096], [120.4732445970001, 30.786808156000077], [120.47414604800008, 30.785249527000083], [120.47441412200016, 30.784249822000056], [120.47622916600005, 30.780619919000095], [120.47988331500005, 30.775602108000058], [120.48233191500006, 30.77202115300006], [120.48372047500001, 30.768943864999997], [120.48401275000003, 30.76706772200002], [120.48464621700006, 30.76660483400009], [120.48465730000008, 30.76610713000003], [120.48372272500004, 30.766022423000038], [120.48102241000007, 30.766203427000093], [120.48037598000005, 30.765923696000044], [120.47982293000004, 30.76539037500006], [120.47944349400008, 30.765415264000076], [120.47866954700008, 30.76572986400008], [120.47714583700014, 30.765580571000072], [120.476427132, 30.76579140800002], [120.47508201000008, 30.76719284800007], [120.47401204700009, 30.767222818000064], [120.4704299680001, 30.767024981000034], [120.4700596180001, 30.76715489900004], [120.46915235000009, 30.767165421000108], [120.46641161700006, 30.76692618900003], [120.46586670800001, 30.766825798000077], [120.46547234099998, 30.766639857000058], [120.4692695250001, 30.75808553400006], [120.46908088200013, 30.75766524200001], [120.46880190700004, 30.757367642000077], [120.46843258700004, 30.75735165200009], [120.46824793900012, 30.757206230000044], [120.46776823400013, 30.757144971000038], [120.46815672700004, 30.75584170000012], [120.469212511, 30.75577659000006], [120.46920756900012, 30.75487404799999], [120.46962005900005, 30.754798210000025], [120.4697816510001, 30.754679712999987], [120.46959197800004, 30.754550264000024], [120.46863356600014, 30.75420184500006], [120.46850712400007, 30.754088562000014], [120.46829350000007, 30.752404864000063], [120.46859258500004, 30.75221077300008], [120.46842707300002, 30.751253825000035], [120.468277563, 30.750972567000034], [120.4680618030001, 30.75084905100003], [120.46782505500005, 30.749699012000086], [120.46750893500008, 30.74964719000006], [120.46743573700007, 30.748913376000097], [120.46871329900009, 30.74881286700004], [120.4689882990001, 30.748644699000074], [120.4691749860001, 30.748430317000008], [120.46924426000014, 30.748131660000077], [120.46983639400001, 30.748104286000036], [120.47022785500008, 30.74751766100008], [120.47007341000008, 30.74616393900007], [120.47014792100003, 30.743240652000047], [120.47080932100005, 30.74315750800001], [120.47224053200016, 30.743162460000065], [120.47232282800005, 30.743222657000068], [120.47237799900007, 30.743597617000006], [120.47325120000002, 30.743609045000063], [120.47421575500007, 30.74361374600001], [120.47477081200009, 30.743561336000027], [120.47486720600016, 30.743116837000017], [120.47492050200003, 30.741921603000065], [120.47497872600005, 30.74182981500011], [120.47524873500001, 30.741742623000093], [120.47522869600004, 30.741312787000055], [120.475315043, 30.740993196000076], [120.47526086200004, 30.740740173000106], [120.47528602300008, 30.73991966400007], [120.47574273800004, 30.739720061000078], [120.47673248400012, 30.73904822100009], [120.4768168740001, 30.738154919000074], [120.47732787700009, 30.737055942000005], [120.47784689400014, 30.736190870000016], [120.47936464900013, 30.73571548300003], [120.48054018300004, 30.734665425000095], [120.48112749300006, 30.73368563100003], [120.4811667240001, 30.732704245000008], [120.48183044800012, 30.730264417000022], [120.48109975700007, 30.729202824000026], [120.47896298900002, 30.72534357700001], [120.47795734800005, 30.72360655500008], [120.47619295600006, 30.72106978300007], [120.47539311300014, 30.719457318000053], [120.47464242300012, 30.718340753000042], [120.47417975000012, 30.717885677000048], [120.47278769200014, 30.71711416500007], [120.47240232000004, 30.716645325000094], [120.47231905700008, 30.716149340000086], [120.47231913200008, 30.71523979100006], [120.47216762500008, 30.714673650000023], [120.47081484300006, 30.71295776300007], [120.46754938000007, 30.709877413000108], [120.46408953100004, 30.70640298000005], [120.46314134600001, 30.70535903600009], [120.458382462, 30.70362691800004], [120.454242107, 30.703394145000054], [120.45327802900007, 30.70395564400006], [120.4521576030001, 30.703277422000077], [120.44650576400008, 30.702961333000033], [120.4399246280001, 30.703937028000027], [120.43740647500012, 30.700683130000094], [120.43659069900002, 30.697755147000038], [120.4386139380001, 30.69572263900009], [120.44317116900004, 30.69369210500004], [120.44781661500011, 30.69044010000008], [120.45049882600007, 30.687755172000067], [120.450577328, 30.684584844000028], [120.44650539400006, 30.683444669000018], [120.43555735100006, 30.683808061000065], [120.428194993, 30.681748952000042], [120.42026817700005, 30.680591144000083], [120.41050022800002, 30.678913225000073], [120.40334104799999, 30.677830805000042], [120.40268965700008, 30.67613544200001], [120.40220240500001, 30.674559071000054], [120.40145898000006, 30.672904703000036], [120.40126884000003, 30.672902673000046], [120.40062035600012, 30.673139473000013], [120.40046222400008, 30.673399333000106], [120.40019702900008, 30.67355623000003], [120.39839085800011, 30.673879957000082], [120.39828479600014, 30.673871958000042], [120.39825178999999, 30.673711031000053], [120.39811070900012, 30.673707031000077], [120.39636875300005, 30.674053909000087], [120.39535627900013, 30.674088976000057], [120.39486505300007, 30.674280943000042], [120.39355155500002, 30.674202183000013], [120.3934935310001, 30.674250171000075], [120.39352150800002, 30.67462699099999], [120.39345547700006, 30.674723958000108], [120.39320038100001, 30.674831957000073], [120.39274324400002, 30.674694116000033], [120.39228810800012, 30.674681225000036], [120.39215017400015, 30.673431837000045], [120.39083483100003, 30.673546139000088], [120.38727932400002, 30.6736933970001], [120.38631728700008, 30.673746820000083], [120.38623729500013, 30.673638909000033], [120.38615837300009, 30.67271337600002], [120.3855423890001, 30.672598740000034], [120.38373049100002, 30.672764668000084], [120.38330253200004, 30.672861879000045], [120.38232476000005, 30.671852957000056], [120.38121716600007, 30.66956475000009], [120.38020745100002, 30.669031711000038], [120.38000357000011, 30.668260214000064], [120.38040659400006, 30.666741616000003], [120.37893926500007, 30.663712095000072], [120.37666430800004, 30.661116137000043], [120.37327007500005, 30.659403046000058], [120.36796452000009, 30.659241825000038], [120.36580612600002, 30.660238961000033], [120.36516866100013, 30.660184777000076], [120.36416159300003, 30.659397409000036], [120.3634133700001, 30.658084967000065], [120.36260519100003, 30.657121464000014], [120.36120056700008, 30.65662358200003], [120.36001073700004, 30.656744177000064], [120.3551497430001, 30.65961001500004], [120.353478386, 30.663290936000045], [120.35163253700014, 30.66434338900008], [120.35028921000001, 30.664442523000027], [120.34938931100007, 30.665000750000026], [120.34768753000004, 30.66503857800005], [120.34371191300008, 30.665371280000045], [120.34205625400014, 30.665310238000053], [120.3404006610001, 30.66496036800006], [120.33882104400007, 30.664044653000055], [120.33809621900005, 30.66277655500003], [120.33783675200007, 30.661003834000077], [120.33731774000012, 30.65842395200005], [120.33719625800009, 30.654409975000107], [120.33955419200007, 30.649526827000017], [120.33903510100001, 30.647758551999992], [120.33822652199999, 30.64501023800006], [120.33699059600005, 30.64216275600009], [120.33560899700004, 30.638222025000083], [120.3356322220001, 30.635129314000075], [120.33554048900015, 30.633586146000027], [120.330901528, 30.622086730000063], [120.32958978400009, 30.619336367000052], [120.32879611900015, 30.61806740500004], [120.32814019900006, 30.61732396400008], [120.32721668600004, 30.616691990000014], [120.32437118800014, 30.61576782200011], [120.3194349290001, 30.614737703000053], [120.31459032699999, 30.614673935000013], [120.31074506800007, 30.61436925400003], [120.30485539000011, 30.614950733000093], [120.30292605300008, 30.614396371000055], [120.301392157, 30.613499409], [120.29951568100017, 30.612207150000103], [120.29864584600014, 30.61135096700005], [120.29855410300001, 30.609636818000062], [120.29876812800003, 30.60613387500004], [120.2984627760001, 30.6029356700001], [120.2979904130001, 30.602303712000037], [120.29736431800006, 30.600650410000107], [120.29747831200008, 30.599047857000116], [120.29805869200004, 30.59795132600007], [120.30395541200008, 30.593474938000064], [120.30558834100009, 30.591453818000083], [120.30902867200008, 30.58909948800006], [120.31237804700001, 30.585832541000023], [120.31371320100007, 30.58412069400005], [120.31424750900015, 30.582797192000058], [120.31458312400002, 30.5813711010001], [120.31425473300013, 30.57999324200005], [120.31179078200009, 30.575471558000025], [120.30725152000002, 30.573384687000015], [120.30630498200006, 30.571810982000017], [120.305053819, 30.570596674000086], [120.30489005800004, 30.570433026000046], [120.30183423300006, 30.569667684000045], [120.29991572200004, 30.569625998000063], [120.29645311300007, 30.5682942710001], [120.2955762180001, 30.567499989000012], [120.29391914600002, 30.56728572200005], [120.29239982200008, 30.567416054999995], [120.2914628640001, 30.567027640000013], [120.29148806600006, 30.564277602000026], [120.29240020200011, 30.562836718], [120.29500355800005, 30.559420834999983], [120.29573304900009, 30.555288127000082], [120.29625392400011, 30.549383350000014], [120.29646990000003, 30.546574971000084], [120.29661803700004, 30.54279302600007], [120.29655746800009, 30.53849158500006], [120.29678241300005, 30.53590908200008], [120.29745988800006, 30.53235214900012], [120.29629653100008, 30.52944402100011], [120.29554160400006, 30.527271959000068], [120.29471769800011, 30.525624820000118], [120.29469090500001, 30.523504549000016], [120.29539420000003, 30.522176845000025], [120.29530746800006, 30.520173627000105], [120.29476119100006, 30.519088850000053], [120.29368451000006, 30.517957921000097], [120.29201741300005, 30.51716577300001], [120.28877183300011, 30.516350909000003], [120.2847796020001, 30.515410846000023], [120.28331290399998, 30.514515092000075], [120.28236675200003, 30.513377685000023], [120.28240984200013, 30.511892092000025], [120.28207119000001, 30.510865847000026], [120.281333806, 30.510183998000095], [120.28034450300004, 30.510477144000014], [120.27902538700005, 30.510774655000027], [120.27763625100013, 30.511080194000087], [120.27657791300015, 30.510687520000012], [120.274703045, 30.509280001999997], [120.27389554400007, 30.508028235000076], [120.27295803900003, 30.50723143700005], [120.27156959, 30.507483726000054], [120.26261535100005, 30.508223736999994], [120.25953221000012, 30.508123606000062], [120.25674676200003, 30.507642115000102], [120.25363878900009, 30.50795520000007], [120.25067042500008, 30.508678767000077], [120.24743353300005, 30.508943166000016], [120.24318941200008, 30.50841235900006], [120.23947501100005, 30.508054934000064], [120.23477983100005, 30.507641643000063], [120.23266214200007, 30.50789365900004], [120.22935551400005, 30.508788639000016], [120.22007801600016, 30.512153641000083], [120.216181559, 30.512646699000115], [120.2140542730001, 30.51261243900003], [120.21048773100006, 30.51241738200006], [120.20797015300005, 30.512157333000033], [120.204846016, 30.51093558600011], [120.20370935800011, 30.510317211000014], [120.20223389600005, 30.50895255000008], [120.200836512, 30.50822775200006], [120.1999071790001, 30.50835234500007], [120.19944798400005, 30.508811520000044], [120.19873606600001, 30.510192024000048], [120.19785959100015, 30.51301381600011], [120.19717350900014, 30.516793577000037], [120.19645260500009, 30.517201329000024], [120.19565451400004, 30.517276052000078], [120.19498682300005, 30.516477246000065], [120.19351099700006, 30.515347231000092], [120.1919829640001, 30.514383035000073], [120.1916972790001, 30.513304900000037], [120.19121910300015, 30.511815569000092], [120.19159225800001, 30.51014670600003], [120.19216595200007, 30.50848216500006], [120.19241671500002, 30.507451892000084], [120.19213903700006, 30.506590699000057], [120.19107219000016, 30.505972121000035], [120.189943092, 30.506028213000057], [120.18591589100002, 30.505599428000018], [120.18292939300011, 30.505408209000095], [120.1816798050001, 30.50522802400011], [120.18046530600006, 30.504960911000033], [120.17877249300014, 30.503461281000035], [120.178555886, 30.503133984000044], [120.1775751060001, 30.501959538000037], [120.17802646599998, 30.501549490000038], [120.17833847600002, 30.500419400000055], [120.17840769100007, 30.500271571000084], [120.17841674400003, 30.499965679000084], [120.17828637200016, 30.49984147800002], [120.17781801400005, 30.499639678000023], [120.17734865800003, 30.49935989800006], [120.17764359100009, 30.498572675000027], [120.17875485000002, 30.49857871100008], [120.17884211000013, 30.49853288400002], [120.17997846600011, 30.498078091000046], [120.18102958400003, 30.497322220000036], [120.18130741300001, 30.497033807000065], [120.18128936700012, 30.496976792000055], [120.18056931100014, 30.496569609000026], [120.17988335300004, 30.496115498000023], [120.17519669100014, 30.494766277000032], [120.17465812800008, 30.494375391000105], [120.17451070000004, 30.494273147000087], [120.17431109900005, 30.49437574500005], [120.17241030099999, 30.49610569100001], [120.17221872100004, 30.496218300000088], [120.17191481600003, 30.496189739000037], [120.17152466400016, 30.496049050000032], [120.17096902300011, 30.495849068000005], [120.16971032400014, 30.495082931000027], [120.16934625800005, 30.494820323000063], [120.16906845100006, 30.494527887000025], [120.169137672, 30.494358067000093], [120.17263536700014, 30.49139348800003], [120.17311282600011, 30.490938512000042], [120.17283504200013, 30.49042414200003], [120.1728431490001, 30.48944943800003], [120.173043838, 30.488355127999988], [120.17351229300004, 30.487618214000037], [120.17411112000002, 30.487044493999996], [120.17536991300008, 30.486305043000094], [120.17563875600004, 30.485733705000072], [120.17590762300007, 30.48487444700003], [120.17557771000014, 30.484128046000002], [120.1747884020001, 30.483784679000017], [120.17418963200012, 30.48371758400006], [120.17359886800008, 30.483832451000062], [120.17214044600004, 30.484800452000037], [120.16975418100003, 30.48645250900004], [120.16869403300007, 30.486167598000094], [120.16849448399999, 30.48558838800004], [120.16905041300006, 30.482444321000045], [120.16977976700002, 30.48038626700003], [120.17040473900013, 30.479156782000082], [120.17002260900004, 30.479006107000053], [120.16827745500007, 30.478193053000012], [120.16825238500005, 30.47814102000006], [120.16852924800003, 30.477734653000013], [120.16846005600007, 30.477550574000055], [120.16827752700007, 30.477342288000052], [120.16785226800006, 30.4771775340001], [120.16760955500004, 30.47701412300008], [120.16710606400014, 30.47680623300002], [120.16672393900005, 30.476584575000068], [120.1651091250001, 30.476300618000018], [120.16369487100008, 30.476538898000015], [120.16093362700005, 30.476467750999994], [120.15778334600006, 30.475445184000115], [120.15636836500005, 30.473051233000014], [120.15631621200009, 30.47303814100009], [120.15566436000006, 30.472214170000036], [120.1488847820001, 30.47089637800007], [120.14711378900003, 30.47039243700003], [120.14576002700011, 30.46979328000001], [120.14548225300004, 30.469734824000064], [120.14527366900009, 30.46974746700004], [120.14509115500009, 30.469793146], [120.14451850800005, 30.470395019000065], [120.14381447900007, 30.47129559800006], [120.14296403100005, 30.47249986000005], [120.14234825200006, 30.473562557000044], [120.14201826200012, 30.474597734000078], [120.141948004, 30.47538340600007], [120.14198304200013, 30.476054278000063], [120.14191377700001, 30.476949919000006], [120.14307656900012, 30.481596539000066], [120.1430593900001, 30.483146076000025], [120.14279057400007, 30.484059374000005], [120.14226107400006, 30.48463434100006], [120.14127134900005, 30.484972632000073], [120.13843275900001, 30.484730186], [120.13572374000015, 30.48402224100004], [120.13062804500014, 30.483134178000014], [120.12492378200014, 30.482150107000038], [120.12107745900005, 30.481612860999995], [120.1178298430001, 30.481360597000084], [120.11430522500007, 30.48002076500007], [120.11164858100007, 30.478950945000108], [120.11032039900013, 30.47811121800008], [120.10972040500005, 30.478114806000022], [120.108531478, 30.478180014000003], [120.10642120200009, 30.47842870800006], [120.10503309100008, 30.479361731000076], [120.1039995130001, 30.480800846000044], [120.10341755800009, 30.482643077000063], [120.10250627100001, 30.48345248000006], [120.10085613300006, 30.48386678300006], [120.09907597900005, 30.484224184000055], [120.09709675100007, 30.484764635000005], [120.09472632700013, 30.485523166000064], [120.09281652300004, 30.48675079000003], [120.09192159800014, 30.488993190000024], [120.09173929100007, 30.49088265800004], [120.092225577, 30.49208327800008], [120.093701654, 30.49412765000004], [120.0949866420001, 30.496354046000043], [120.09506461900006, 30.497491715000024], [120.09441396400004, 30.498018522000095], [120.09328494000016, 30.498200449000045], [120.09183470200006, 30.49861938100007], [120.08892659500006, 30.498813716000072], [120.08587185899998, 30.49885652200006], [120.08521060100009, 30.498215945], [120.0807120420001, 30.49860193200005], [120.07589349900002, 30.49938596300008], [120.07456458300013, 30.49934705900006], [120.07377469300005, 30.49912080899999], [120.07303686900002, 30.498382691000117], [120.07196913700014, 30.497763877000075], [120.07123933000005, 30.497594641000013], [120.07051051100007, 30.49789229000004], [120.06469304600012, 30.498797745000083], [120.06344282300006, 30.498854367000064], [120.06161871500002, 30.491752965000018], [120.06114141800006, 30.487785790000046], [120.06101967900011, 30.485839522000035], [120.06049923100012, 30.48420074200007], [120.05900569800009, 30.48168268400009], [120.05560222700004, 30.478406032000052], [120.05503791200007, 30.477312282000057], [120.05465546000005, 30.47569737600002], [120.05465572800006, 30.472563231000052], [120.05513343900006, 30.469998114000084], [120.05541937800001, 30.46722037600003], [120.05522870000004, 30.46579507400005], [120.05475141100007, 30.46342050800004], [120.05443893300007, 30.461282600000075], [120.05469875700007, 30.4600484750001], [120.05595770000005, 30.457008146000078], [120.05759936400008, 30.453851291], [120.06023822500002, 30.451806769000036], [120.06327728800012, 30.44819838299999], [120.06349421200004, 30.447415286000037], [120.06346842000004, 30.44518186800007], [120.06311280900002, 30.443402780000042], [120.06201876899999, 30.44114583000008], [120.06107260900005, 30.439626536000056], [120.0601693980001, 30.438795051000092], [120.05930916200006, 30.438295456000056], [120.05836301600003, 30.43805696400004], [120.0575298040001, 30.43784332300004], [120.057199155, 30.437415952000023], [120.05733906600004, 30.436892852], [120.05840621300005, 30.435302547000042], [120.05981313100003, 30.433688783000015], [120.06002202400008, 30.432905655000056], [120.05990916500006, 30.432357949000036], [120.05940461800006, 30.432025782000082], [120.05710374600002, 30.43159846500008], [120.05449043200007, 30.431501823000076], [120.05227694500007, 30.431525705000098], [120.05097455800004, 30.431193160000113], [120.04796159500006, 30.430194143000058], [120.04593850900008, 30.429719307000028], [120.04500989300008, 30.429632238000103], [120.04268249800006, 30.42965516100005], [120.04130273100013, 30.429742152000053], [120.04101614100013, 30.43050361000008], [120.04073844299998, 30.43239179100008], [120.04006949300006, 30.433305075000064], [120.03950142600004, 30.433747255000057], [120.03934065900015, 30.434270497000092], [120.03821155900008, 30.43512788300007], [120.0367531310001, 30.435690153000053], [120.03129253500002, 30.43652027399999], [120.02633479700015, 30.437498864000048], [120.02296625699998, 30.43717700300006], [120.01873897800014, 30.437332694000062], [120.01490113400004, 30.437595578000057], [120.00908551500007, 30.437985512000076], [120.00716634099999, 30.438411122000034], [120.00545662500011, 30.439398007000065], [120.0036950130001, 30.441071908000005], [120.00075122700007, 30.44591463800004], [119.99898974499999, 30.446702793000057], [119.98612514300012, 30.44772960400011], [119.98243648900011, 30.44860243200003], [119.98025797800007, 30.448584892999996], [119.97831388600005, 30.447757809000045], [119.97555381500004, 30.445803305000062], [119.9726539830001, 30.44321922200004], [119.97038041600001, 30.441940920000057], [119.96874830700006, 30.440252848000092], [119.96703842100007, 30.43719525200006], [119.96599688200004, 30.435429483000064], [119.96466087400009, 30.43459525400005], [119.96267316000001, 30.43423357600006], [119.96041685900002, 30.43410142700005], [119.95784696700002, 30.434546783000037], [119.95500936100007, 30.434885613000098], [119.95310879900003, 30.435320001000065], [119.95127694700017, 30.43621700700003], [119.948143737, 30.44130775200007], [119.94775409900001, 30.444417841000096], [119.9461483980001, 30.446796670000012], [119.94459462000006, 30.447903610000026], [119.9427551540001, 30.44880107600003], [119.93960420700016, 30.449716871000042], [119.93700931400014, 30.449250656000103], [119.93462290400012, 30.44877183100001], [119.93218421000005, 30.449049668000086], [119.93040470399998, 30.449367281999983], [119.92877288900004, 30.450257413000003], [119.92805334100002, 30.451014226000005], [119.92714192100001, 30.451427358999993], [119.92695100700004, 30.451889498000043], [119.92678573600003, 30.45642057200004], [119.926846478, 30.45905481600004], [119.92576198600015, 30.46091374600011], [119.92472947500008, 30.461961770000045], [119.92217752700004, 30.463670325000102], [119.92035508500007, 30.464789998000107], [119.91845454700002, 30.465222779000037], [119.91699681100012, 30.46513614500006], [119.91425407600002, 30.464205660000076], [119.91218007100011, 30.46286650100003], [119.91029687900007, 30.46158702000004], [119.90788433500003, 30.460313636000016], [119.9062878090001, 30.45947356000005], [119.90528939700009, 30.459153025], [119.90475115800005, 30.458934269000018], [119.903891713, 30.458949539000038], [119.90284209200001, 30.45931173500007], [119.90050742200002, 30.461130731000033], [119.89925744200008, 30.461777713000096], [119.8984677960001, 30.462020709000036], [119.89648112700004, 30.461487876000007], [119.89472754300007, 30.460373047000047], [119.89430014900006, 30.459930113000077], [119.8942200690001, 30.459908108000036], [119.89415502400004, 30.45963717100009], [119.89403390200006, 30.45960216400003], [119.89319201700003, 30.45958004000007], [119.89253726500013, 30.460031802000053], [119.8915461400001, 30.46008257100008], [119.89116470500008, 30.45998050200007], [119.89072017800007, 30.45998738100011], [119.88967786200007, 30.460525931000085], [119.88757714400006, 30.46049917400009], [119.88678908700005, 30.46030189200011], [119.88626438900008, 30.45990675800001], [119.88587886000005, 30.459715626000005], [119.88545625800009, 30.459673432000066], [119.88473617700001, 30.460035973000046], [119.88465404800006, 30.46012390700004], [119.88445174300011, 30.460180786000038], [119.8834361470001, 30.460917033000023], [119.8798261950001, 30.462357330000003], [119.87751811900009, 30.462966422000036], [119.87302166200001, 30.462642537000065], [119.87137332700006, 30.462900835000028], [119.86907347800002, 30.463515242000064], [119.86822258600014, 30.464331084000065], [119.86797899500004, 30.46508161100008], [119.86820510400003, 30.469658652000064], [119.86926413000006, 30.472567041000012], [119.86975005700003, 30.473760243000058], [119.87076510400001, 30.474595089000033], [119.87263082700011, 30.47537075800009], [119.87449741500009, 30.4761363100001], [119.8757727730001, 30.47680625800011], [119.87599011600005, 30.477550240000028], [119.87619845000006, 30.47817524600005], [119.87620741300009, 30.478809078000005], [119.87320453500004, 30.480521890000055], [119.86950695200008, 30.480868024000095], [119.8666518120001, 30.48034694800006], [119.86497611100002, 30.479568155000017], [119.86359592500004, 30.47970739699999], [119.86248527100007, 30.480356791000077], [119.86126222100003, 30.48203871300006], [119.86083603100013, 30.484002590000017], [119.86013323600005, 30.485104327000045], [119.85552439300011, 30.488785710000087], [119.85455276700009, 30.490181856000056], [119.84945768800006, 30.49653004200004], [119.848198936, 30.50024688900008], [119.84643669800003, 30.504576667000038], [119.8454037370001, 30.50546465900006], [119.84475389500005, 30.50565349800005], [119.844093024, 30.50572934700002], [119.84327776400005, 30.505113132000105], [119.84246149, 30.50450990000011], [119.842314233, 30.50256523000006], [119.84135060500012, 30.50096602499999], [119.8366110020001, 30.49891317700004], [119.83429418100006, 30.498782990000016], [119.83131630100004, 30.499117395000063], [119.82941556, 30.499837643000063], [119.82773138700009, 30.501301057], [119.82630795600008, 30.503160829000045], [119.82483232600012, 30.50547635700005], [119.81896435200008, 30.50964006200003], [119.81602141400003, 30.51140702300004], [119.81359912600007, 30.51259416800012], [119.81109972100012, 30.51315141300004], [119.80816424600008, 30.51229037400003], [119.80436246600001, 30.51103304100009], [119.80209715999999, 30.510264368999998], [119.79923130700001, 30.509506774000016], [119.79344998100012, 30.50838084000003], [119.79107792200014, 30.508055334000098], [119.78934757800005, 30.50806978000005], [119.78857162100007, 30.508493530000024], [119.78822074600008, 30.5086339860001], [119.7877165140001, 30.50861727500005], [119.78559534800002, 30.509339114000092], [119.78298010700007, 30.51098114500006], [119.78082610300011, 30.512686906000063], [119.7791944620001, 30.513454703], [119.77318602300008, 30.514520825000012], [119.76149983600013, 30.51649385800002], [119.75836525600002, 30.51848753500004], [119.75693329200013, 30.519542546000025], [119.75655073200008, 30.52040810900005], [119.75690711000009, 30.521262987000085], [119.75911194200009, 30.52226370400011], [119.76197796300008, 30.523246001000118], [119.76281106500008, 30.52507093700003], [119.76278484700003, 30.527132252000058], [119.76314997800014, 30.532110858000053], [119.76335799300013, 30.535665816000026], [119.76370519000008, 30.539667705000028], [119.76463436300004, 30.54314416799999], [119.76583202900011, 30.546453908000018], [119.767135013, 30.5488390900001], [119.7659447310001, 30.55207204300008], [119.76406153299999, 30.553764091000104], [119.74716497000013, 30.553626716000018], [119.74350126200012, 30.55260009400007], [119.73833534299999, 30.55256599400009], [119.73429785100006, 30.552978245000098], [119.72413121600007, 30.554171987000103], [119.71668974600004, 30.56334851600007], [119.71590008500007, 30.563760197000114], [119.71448473500004, 30.56467839900006], [119.7119929800001, 30.56721433200009], [119.70931868200016, 30.568586102000083], [119.70819950400002, 30.568731479000036], [119.70754799400002, 30.568920259000024], [119.70681857500007, 30.568937218000002], [119.70606326200001, 30.568205501000122], [119.70371957400008, 30.565162855000082], [119.70220813099999, 30.56348563100004], [119.70085453500008, 30.562538964000055], [119.69917034099998, 30.56155085800001], [119.6964353730001, 30.560741412000006], [119.69233713400001, 30.56115095100005], [119.69041051800005, 30.561235176000004], [119.68883053200014, 30.561322863000065], [119.68783186400003, 30.560992721000012], [119.68781495100004, 30.560250017000023], [119.68751049500008, 30.55859414200006], [119.68832690000013, 30.553082663000033], [119.68951569999999, 30.549165971000058], [119.69009833500006, 30.544799475999994], [119.69166870300015, 30.540927129000053], [119.6935187930001, 30.53706234700011], [119.69536793000006, 30.533593488000065], [119.69738184500017, 30.531615939000048], [119.69996838400003, 30.528422007000103], [119.70058493300006, 30.526410736000045], [119.70146228200008, 30.52387125600007], [119.70140161500004, 30.520716356000065], [119.70187835900006, 30.518302423000087], [119.70357120400006, 30.513235573000074], [119.70426674500004, 30.51127120200008], [119.70415302500015, 30.509211996000055], [119.70370197300014, 30.50297353000009], [119.70365021300012, 30.500735275000082], [119.70310283100002, 30.49942444600007], [119.70129764400005, 30.498422369000025], [119.70028968900014, 30.497984001000077], [119.69980426700013, 30.497016018000103], [119.70070648200007, 30.49551610500008], [119.70397980600002, 30.490414842000057], [119.703336635, 30.48761255800001], [119.70125401800009, 30.48301188600002], [119.69951712700009, 30.478907636000073], [119.69766836200006, 30.47572636100002], [119.69683473000009, 30.47047009700006], [119.69575006900006, 30.469053204000062], [119.69446465800002, 30.467813612999997], [119.69206858100009, 30.467157750000084], [119.69047957400008, 30.466954492000056], [119.68967264500009, 30.466392022000058], [119.68939408500015, 30.46542775700003], [119.69038411300008, 30.46208393400012], [119.69041027300011, 30.459851469000057], [119.69028069300013, 30.456871456000044], [119.69004613300001, 30.45521827800004], [119.69030585000009, 30.45469096700002], [119.69075732600004, 30.454169329000024], [119.694863637, 30.45106628200005], [119.69647897400014, 30.44903519400004], [119.6980413870001, 30.447579099000087], [119.69925726400007, 30.445672695000006], [119.69986488499998, 30.44279447100007], [119.70271233700014, 30.439882965000045], [119.70346779400003, 30.43803632200011], [119.70430117000006, 30.436534500000015], [119.70421431700007, 30.43573081100004], [119.70378886200004, 30.433853848000084], [119.70237329500006, 30.43249319200003], [119.70050717300002, 30.43189408000002], [119.69718174900004, 30.431025384000087], [119.69425616600009, 30.429934327000055], [119.69152152700005, 30.429170044000053], [119.68863937000005, 30.426979476999996], [119.68580935200009, 30.424276063000043], [119.68115618100003, 30.42004742700002], [119.68000198000001, 30.418350928000073], [119.67882988200003, 30.415959622000102], [119.67785750200004, 30.41362593800001], [119.67622511200015, 30.411240509999992], [119.67353834900007, 30.408649139000076], [119.67316891200005, 30.408573856000068], [119.67289334699998, 30.40834442900009], [119.67262976400004, 30.408120978000078], [119.6724340770001, 30.40791839300001], [119.67223341800002, 30.407490864000074], [119.67204278000006, 30.40662240700007], [119.671836125, 30.406250878000066], [119.67103436400009, 30.405991462000003], [119.67037339700003, 30.405670793000027], [119.66947077100005, 30.405694515000036], [119.66833354300002, 30.4052937760001], [119.66819474700007, 30.40540102000009], [119.66792710800004, 30.405952420000062], [119.66701344800003, 30.406646028000075], [119.6665281380001, 30.407272830000068], [119.66676071900008, 30.407998233000043], [119.66701329900002, 30.40838866700002], [119.66714105700011, 30.408928310000086], [119.66714897700005, 30.40971712900007], [119.66699017300006, 30.410269318000104], [119.66687433900006, 30.410415510000036], [119.66667763300005, 30.410501869000072], [119.66504812000005, 30.410611969000037], [119.66376408800012, 30.410609428], [119.66361032800009, 30.410553734000104], [119.66140190500008, 30.408187445000067], [119.66054527700007, 30.40740823699999], [119.66119233600014, 30.406889113000027], [119.66146595200004, 30.406512670000055], [119.662086044, 30.406056582000062], [119.66269617700004, 30.405293574000083], [119.66311459900012, 30.404572923000053], [119.66319654300005, 30.403758932000116], [119.66341227300006, 30.403052663000032], [119.66342330000008, 30.402547745000085], [119.66326858000006, 30.402042143000088], [119.66300101400013, 30.401753713000026], [119.66254070100007, 30.40195155200005], [119.6614333270001, 30.402707511000074], [119.6611028030001, 30.403029075000035], [119.66059155700009, 30.403307990000016], [119.66075421400004, 30.404430452000078], [119.66069425100014, 30.405063437000045], [119.66060336799998, 30.405311558000058], [119.66029781300003, 30.405539092000055], [119.65994734500006, 30.40554875600006], [119.65949206700006, 30.40518669400003], [119.65913162800007, 30.40500241400006], [119.65863537800014, 30.40500135300006], [119.65860548999999, 30.404220569000117], [119.65753303200006, 30.40508641400008], [119.65638670000007, 30.405659448000065], [119.65547999700001, 30.406291012000096], [119.65525832100005, 30.40634741400006], [119.65431971600002, 30.40626717300008], [119.65364669400003, 30.40640639000005], [119.65216480299998, 30.407022986000086], [119.65069186300005, 30.407746519000092], [119.65034835500006, 30.407730143000066], [119.6499529350001, 30.407532897000088], [119.64971229900002, 30.407265387000074], [119.6495964970001, 30.406866677000032], [119.64901236500009, 30.406354830000048], [119.64843122300014, 30.405853970000088], [119.64842324500012, 30.405723012000088], [119.649427908, 30.404838397000077], [119.65047351700002, 30.403744737000096], [119.65144225600014, 30.40224228400004], [119.6521652920001, 30.401280158000098], [119.65276846200001, 30.40073416200004], [119.65274151000008, 30.40064523000006], [119.65165911800014, 30.400192302000065], [119.65116885400008, 30.399835265000007], [119.65106001100006, 30.39982646600008], [119.65099908900007, 30.39993655300004], [119.65038383900006, 30.40147435900009], [119.65004126800014, 30.40214984200003], [119.64971164100004, 30.40327620600005], [119.64968365400011, 30.403583195000053], [119.64960775500006, 30.40366031500004], [119.64926228600007, 30.403147040000114], [119.64868310600002, 30.40309408600008], [119.64835058300005, 30.402948708000046], [119.6472112490001, 30.40194292900005], [119.64650326500006, 30.40143127500008], [119.64520605400001, 30.40104861000004], [119.64459790000006, 30.40066473500007], [119.64418350200006, 30.400068566000037], [119.64395985700003, 30.39937508700004], [119.64371721400002, 30.39891959100001], [119.6434885350001, 30.398675028000113], [119.64271058200003, 30.39827242400002], [119.64219029800006, 30.39774040300005], [119.64213839900003, 30.397339570000014], [119.64219737800012, 30.396701598000078], [119.64210451200007, 30.39652578700001], [119.64188180900013, 30.396384187000017], [119.64101191000009, 30.39640262700003], [119.63975244700006, 30.396757620000095], [119.63832818300008, 30.39664593400009], [119.63799958400017, 30.396551475000003], [119.63738636000005, 30.39593256600004], [119.63613587000006, 30.395187661000044], [119.635885151, 30.395235037000056], [119.63464549200012, 30.395767821000085], [119.63406115500007, 30.39548875200009], [119.63332100100004, 30.394892966000086], [119.63219212700007, 30.395573481999996], [119.63165862200006, 30.396179129000103], [119.63101423800003, 30.39656996900002], [119.62887023100009, 30.397457761000027], [119.62850754600002, 30.397701201000096], [119.62846556900001, 30.397881222000066], [119.62882013900004, 30.39909450400009], [119.62889398800012, 30.400050212000032], [119.62860016700006, 30.40115638700007], [119.62868305800006, 30.40154019800012], [119.62884289899998, 30.40166695700004], [119.62984691800008, 30.40202551100004], [119.63101471299998, 30.402740735000066], [119.63173297099999, 30.402941672000082], [119.63223740100008, 30.403551822000033], [119.63246007300003, 30.404702264000008], [119.63224624300011, 30.40531344900004], [119.6318306180001, 30.405914924000065], [119.63035007400006, 30.40620895900006], [119.62962074700012, 30.406572894000064], [119.62943890900007, 30.406717114000095], [119.62919610600015, 30.407100367000098], [119.62822298500011, 30.407367624000095], [119.62765747200004, 30.40764131800009], [119.62734469800009, 30.40824460400009], [119.62669021400004, 30.408892320000035], [119.62670718200002, 30.40909325500005], [119.62704486599998, 30.409366761000037], [119.62706483200012, 30.40956569300006], [119.62679802300016, 30.410045939000007], [119.62659718400005, 30.410192167000027], [119.62657818400008, 30.410378153000053], [119.62770515000017, 30.41091757000001], [119.62835652500004, 30.411348614000055], [119.62925866600008, 30.411579346000053], [119.62979914900004, 30.411603599000017], [119.63046951100009, 30.411459697000097], [119.63069534200012, 30.410821516000055], [119.63121286500004, 30.410374879000045], [119.63143863600007, 30.410383556000056], [119.63174630700004, 30.410586074000022], [119.63196804500001, 30.41099167000001], [119.63197600800004, 30.411337585000034], [119.63181214300008, 30.411729738000062], [119.63179813400006, 30.41199670200003], [119.63187604400002, 30.412114565000017], [119.6321957020001, 30.41228506900009], [119.63230756000011, 30.41258184300004], [119.63252931100007, 30.412799476000018], [119.63258024500011, 30.412962367], [119.63243036400006, 30.413380496000045], [119.63192383600007, 30.413986099000056], [119.63190184400003, 30.41415809299999], [119.6320186940001, 30.41450985000005], [119.63198471300004, 30.4147058570001], [119.63176392800008, 30.414828148000005], [119.6315411080001, 30.41537435000008], [119.63094364900006, 30.416069048000097], [119.63126828400002, 30.416541487000103], [119.63151697800006, 30.417190992000023], [119.63195746300002, 30.417958195000082], [119.63030195300007, 30.419927110000103], [119.62894014200003, 30.421251692000098], [119.62892014700006, 30.42141868200006], [119.629131914, 30.42181830599999], [119.62913089500009, 30.422050257000002], [119.628263594, 30.423276154000092], [119.62805074300007, 30.42379732200005], [119.62799474200006, 30.424416259000097], [119.62781088700002, 30.4246524490001], [119.6272373600001, 30.42509410500005], [119.62704049800006, 30.425495271000024], [119.62698451400004, 30.425879258000087], [119.627106335, 30.426735906000005], [119.62704034700005, 30.427269871000043], [119.62739494299998, 30.428362161000088], [119.62776857100008, 30.42881356700005], [119.62802030600002, 30.42926313000003], [119.6282830450001, 30.429530718000052], [119.62914523800012, 30.429609538000093], [119.62929008600011, 30.429800296000067], [119.63005433000002, 30.430087178000086], [119.63089648800008, 30.430258961000092], [119.631814531, 30.43062257200007], [119.6325447690001, 30.43072149500008], [119.63299427400008, 30.430994775000045], [119.63347372600006, 30.43144796500006], [119.6342419120001, 30.431258866000043], [119.6349631210001, 30.431231785000115], [119.635510499, 30.43134792500004], [119.63619969600009, 30.431601807999996], [119.63676404500006, 30.431617928], [119.63729643800008, 30.431475127000084], [119.63770697400003, 30.431244534000015], [119.638140473, 30.431084884000036], [119.63850204100008, 30.431080308000013], [119.638570951, 30.43116517900002], [119.63857095, 30.431176176000044], [119.63815840400007, 30.43164872500006], [119.63810045400007, 30.431864767999997], [119.63817633200004, 30.432240560000004], [119.63810539700012, 30.43247161900011], [119.63738417800005, 30.4333055660001], [119.63741710900001, 30.433666431000027], [119.637979394, 30.43426340300004], [119.63867152800006, 30.43471019600006], [119.63905705600008, 30.43477356200006], [119.63939665800002, 30.434590057000065], [119.63954148000002, 30.434595822000098], [119.64071095900015, 30.43544471300008], [119.64140407100004, 30.435614529000098], [119.64234379400015, 30.4365237480001], [119.64261240800009, 30.436984188000096], [119.64304382500008, 30.43725439600007], [119.64338533500009, 30.437787693000054], [119.6436000060001, 30.43832920000009], [119.64353100900007, 30.439354073000068], [119.64330628300004, 30.439595397000055], [119.64325728700007, 30.440301312000017], [119.64391733300015, 30.441331942000026], [119.64446055800015, 30.441983856000057], [119.64490193499998, 30.442376003000085], [119.64574874800007, 30.442926404000062], [119.64575472900003, 30.443069359000077], [119.64550204100007, 30.443404717000114], [119.6449826830001, 30.444061456000007], [119.644669021, 30.445021763000057], [119.64463903200009, 30.44535573300007], [119.64455513700017, 30.445436857000033], [119.64273057, 30.445016065000033], [119.64209141200006, 30.444800190000024], [119.64178082000004, 30.444664742000008], [119.64153315300005, 30.44445820300006], [119.64121662900007, 30.443574942000076], [119.64131056400002, 30.442958937000085], [119.64122968600009, 30.442721128000038], [119.64023303300004, 30.441564046000046], [119.63998834000004, 30.441517456000014], [119.63977659300011, 30.441612777999993], [119.63952484400015, 30.44229102400007], [119.63936502300007, 30.44248723500005], [119.638743758, 30.442714181000085], [119.63749722100007, 30.44296910100004], [119.63763401300002, 30.44352875000007], [119.63793562400011, 30.443908180000022], [119.63811737500014, 30.444287800000083], [119.63580599000011, 30.44512820800007], [119.63489301800007, 30.44508561100001], [119.63407491300006, 30.445110834000054], [119.63339166100002, 30.444983881000034], [119.6326864260001, 30.444752971000113], [119.63188829100015, 30.444300237000043], [119.63077840300006, 30.44438079500005], [119.63054265800011, 30.444118190999994], [119.63039083400005, 30.44379648100002], [119.6303968410001, 30.443650507000022], [119.63056968900003, 30.443447315000085], [119.63053274300009, 30.443238417000032], [119.62993541500012, 30.442178503999997], [119.62927511600003, 30.44134761099999], [119.62884059300005, 30.44053739600001], [119.62751290800006, 30.439279467000027], [119.62720119700012, 30.439120913000053], [119.62616311800002, 30.438817325000066], [119.62566755400005, 30.43856701200005], [119.62536483300005, 30.43820847600005], [119.62458457900007, 30.43680877300006], [119.62390618100007, 30.43594280100008], [119.62369141800006, 30.43507426200007], [119.62313989200008, 30.434365083000017], [119.62273021300011, 30.434117621000055], [119.62200473800013, 30.434015484000042], [119.6212433090001, 30.43343447900002], [119.62078763200006, 30.433187043000068], [119.6197942870001, 30.432907188000094], [119.61823624799999, 30.432376936000004], [119.61623137300009, 30.4313701350001], [119.6132277510001, 30.429932142000048], [119.61143136500004, 30.429443695000046], [119.60823011300012, 30.42863914300009], [119.606059306, 30.428780417000056], [119.60389027300005, 30.429096461000007], [119.60178100300004, 30.429762209000025], [119.60045277600011, 30.429610717000102], [119.59798820200002, 30.428502648000077], [119.59511621500008, 30.426649531000052], [119.59310230700007, 30.42507499600007], [119.59176555200013, 30.42452609500004], [119.59016950200014, 30.424261022000046], [119.58687088400006, 30.4242573920001], [119.5835736790001, 30.424766162000004], [119.57698659500015, 30.42624413699999], [119.57489551600005, 30.427359305000067], [119.57262180600006, 30.42991678400002], [119.57013953900002, 30.431789974000026], [119.56800457900012, 30.433939211000038], [119.56750151300005, 30.43561225800009], [119.56741416100012, 30.437853632], [119.56704934100003, 30.439520820000013], [119.56550520000008, 30.441832441000052], [119.56428163800001, 30.44356650200009], [119.56304000500003, 30.44484858200012], [119.56107877300013, 30.445971632000045], [119.5468628640001, 30.44234343200005], [119.5429490140001, 30.438212436000114], [119.54174251300003, 30.43737006600005], [119.53949503000004, 30.43362302700008], [119.5357375250001, 30.430416180000044], [119.53037322000009, 30.426595052000074], [119.52987871600011, 30.424655247000068], [119.52991294600011, 30.42333162900006], [119.53091161200004, 30.419823895999997], [119.53151889000002, 30.416949023000072], [119.53136248200005, 30.415628921000092], [119.53081577300011, 30.414205871000036], [119.53006932700006, 30.413414175000078], [119.52852419600003, 30.411947580000053], [119.52368137300009, 30.41104514100008], [119.52073896800007, 30.409306568000027], [119.51726745300007, 30.40717841900007], [119.51192867500004, 30.405025703000035], [119.50814434200001, 30.404160890000064], [119.50676401900012, 30.40446677900006], [119.50106173900011, 30.407133334000072], [119.49737229300001, 30.408215080000048], [119.49382237800009, 30.409302215000025], [119.48907388400005, 30.41005685100002], [119.48531535600011, 30.410620561000037], [119.47870025699999, 30.410714175000052], [119.475652964, 30.410297522000043], [119.47219739300007, 30.40966091900004], [119.46817801100005, 30.41005778600001], [119.46427947300006, 30.410285347000098], [119.461831189, 30.410488962000073], [119.45953049800006, 30.411551918], [119.45833157000007, 30.411957856000107], [119.45802857900006, 30.41213107200005], [119.45767042400007, 30.412182184000102], [119.45512831800016, 30.413043873000078], [119.45064862900006, 30.414308281000068], [119.44807016200005, 30.414347624000037], [119.44662007000015, 30.41448851700006], [119.44562135200012, 30.414036536000054], [119.44500475000008, 30.413129465000054], [119.44361636700013, 30.40925148300009], [119.44319139500014, 30.407536996000076], [119.44148920900008, 30.404867238000065], [119.44113244000005, 30.403271883000052], [119.44050801700007, 30.401494065000037], [119.43579426200006, 30.394754990000038], [119.43483914999999, 30.394053528], [119.43164321300006, 30.39382749300004], [119.43045375500006, 30.39378371800006], [119.42932453300014, 30.39322218900005], [119.42891578600008, 30.392544739000037], [119.42752744500004, 30.388772544000034], [119.42604284100004, 30.387072906000093], [119.42523445200004, 30.38634101600011], [119.4238720510001, 30.386647291000045], [119.4227071040001, 30.386561946], [119.42128584600009, 30.38622342700006], [119.41979065700001, 30.385047079000074], [119.41583943300012, 30.381998976000027], [119.41394730000005, 30.379675891000012], [119.41286115900007, 30.378374332000057], [119.4114026100001, 30.377929429000105], [119.40184321100006, 30.375591775000046], [119.39774443200012, 30.375592280999996], [119.39776234500002, 30.376621099000033], [119.39458420000004, 30.380730482000054], [119.391527696, 30.38346951200002], [119.38851474300012, 30.385287090000034], [119.38330504300009, 30.38661831300005], [119.37737517299999, 30.3872093350001], [119.37326830500001, 30.38721097500006], [119.36988248500009, 30.386565550000036], [119.36617446600006, 30.386211843000076], [119.36400398300006, 30.38664543900007], [119.36268456300004, 30.3872920150001], [119.36185152000004, 30.388504885000003], [119.36128706100007, 30.390688225000083], [119.36152949200005, 30.393496358000085], [119.36364804000002, 30.402009896999992], [119.36191176500006, 30.407214097000093], [119.36102679800001, 30.40860499500007], [119.35793476700007, 30.41176065600004], [119.35565199300001, 30.413012746000078], [119.35453168600006, 30.41303443600001], [119.35333355900003, 30.412830326000083], [119.34987820700005, 30.41198401300005], [119.345737394, 30.410751200000007], [119.34491883900013, 30.41075560700002], [119.34426598800012, 30.410914704000035], [119.34348930600007, 30.411783875000012], [119.34294917100014, 30.41303555800001], [119.34255170800012, 30.415112814000025], [119.343080523, 30.41762334200009], [119.344686365, 30.42067887400004], [119.34653392100009, 30.42282323300001], [119.34723556800006, 30.424357705000048], [119.34770950400002, 30.427153279999985], [119.34741892000014, 30.428073559000012], [119.34676292900012, 30.429460351000003], [119.34554188800007, 30.431417983000067], [119.34386361000013, 30.43437220200007], [119.34355802100006, 30.435921373999996], [119.34443498100006, 30.44112861100008], [119.34346660600013, 30.442398993000033], [119.3431311710001, 30.44286746900007], [119.34287861300007, 30.44304087100003], [119.34052080900003, 30.444613682000046], [119.33842265500007, 30.445672221000052], [119.33091506000008, 30.447893651000093], [119.33013654800007, 30.44859295400004], [119.32994587600001, 30.44916517400005], [119.33003755500013, 30.450715615000078], [119.3317236590001, 30.456828883000078], [119.3313339800001, 30.461873319000098], [119.33056339100003, 30.46320343100011], [119.32935058500004, 30.465737069000042], [119.32937441400006, 30.46711565800007], [119.32961765200002, 30.47020637100009], [119.32925147000002, 30.48041527600003], [119.32890092600005, 30.483172172000053], [119.32788572000007, 30.485881342000035], [119.32536048600004, 30.48952413100008], [119.3251079040001, 30.4905613170001], [119.32546704000006, 30.49210318300004], [119.32671023999998, 30.495355854000053], [119.32841254000006, 30.498432695000076], [119.32953294400012, 30.502363389000053], [119.33110517500009, 30.5094562520001], [119.33086851200005, 30.510944241000026], [119.32868646200006, 30.515504967], [119.32577892900011, 30.519840154000043], [119.32346025600012, 30.52394828600005], [119.32250694300001, 30.52670422500008], [119.32292696800005, 30.52807797100006], [119.32242980800002, 30.529973306000024], [119.3233228280001, 30.531853974000022], [119.32275878100006, 30.533982352000088], [119.32198027900004, 30.53490753799999], [119.32132457200007, 30.535321658000058], [119.31780675500013, 30.534789568000086], [119.31501441700003, 30.534485979000102], [119.31276392900007, 30.53445823300003], [119.30844654300007, 30.533543561000023], [119.30457022700016, 30.531242350000042], [119.30335764400002, 30.529881955000107], [119.30166402400005, 30.527491711000046], [119.29283019, 30.521413371000094], [119.28279920100013, 30.51500898799999], [119.27893051800004, 30.513287438000106], [119.27388958000004, 30.512375451000054], [119.2693881590001, 30.512372886000016], [119.267008226, 30.512919787000058], [119.25652824400001, 30.520161255000055], [119.25670294200008, 30.522735354000055], [119.25682555500009, 30.526522077000017], [119.2567794490001, 30.527954632000068], [119.25586476000001, 30.52871279300009], [119.25421631600013, 30.529133311000066], [119.25275972800013, 30.52932774300008], [119.25105106100015, 30.52997101200001], [119.249556157, 30.531604805000015], [119.248038241, 30.532309819999995], [119.24267600200007, 30.53192012199999], [119.23922816600007, 30.532075607000067], [119.23745051300017, 30.53243707300004], [119.23594775600009, 30.5338901490001], [119.23497917300006, 30.535340338000005], [119.23376587300002, 30.54297230599998], [119.23222571900013, 30.546037592000033], [119.23180618800006, 30.549135326000098], [119.23290364100001, 30.55147201500008], [119.2355818690001, 30.553387379000107], [119.23671032300003, 30.553890558999996], [119.23851790600011, 30.555067616000045], [119.23919701800007, 30.55632231900003], [119.2397610160001, 30.55826673700006], [119.23921256700012, 30.561484483000115], [119.23956357400002, 30.5626211430001], [119.24002866700005, 30.563077062000076], [119.24037169500001, 30.56381685100009], [119.24372015400004, 30.565893411000047], [119.24986078700007, 30.569314629000054], [119.25382754200011, 30.57327606600009], [119.25471214500011, 30.574473295000118], [119.25683230900003, 30.574562360000115], [119.2586933690001, 30.575228184000046], [119.25963181700003, 30.575838440000005], [119.26037929300006, 30.576976581000025], [119.25973159400012, 30.577734675000045], [119.25935763000008, 30.579626176000055], [119.25937253700008, 30.580598801000058], [119.25987604700008, 30.58299960700002], [119.25963205600013, 30.584436201000045], [119.25832761500013, 30.58583137700002], [119.256443278, 30.588094424000033], [119.25480379100006, 30.58943459700008], [119.25156963499998, 30.590215359000105], [119.2489989720001, 30.591050600000116], [119.24854895799999, 30.591687427000046], [119.24869384500008, 30.592834958000047], [119.24845770800007, 30.59461330200002], [119.24927351599999, 30.595861678000105], [119.24982334, 30.597057104000072], [119.24937231100017, 30.598045802000073], [119.24852632600007, 30.59885862500009], [119.24153862600011, 30.601694645000087], [119.2394409660001, 30.60304079100009], [119.23494079600007, 30.60733482800002], [119.23417023500008, 30.609241771000065], [119.23400993300007, 30.611706708000085], [119.23510828000008, 30.61409614600008], [119.23686285000012, 30.616545705000078], [119.2392274360001, 30.619604020000082], [119.24071470700005, 30.621251592000064], [119.24305705200007, 30.62259926300002], [119.244254176, 30.622868189000066], [119.2449102510001, 30.62263428400007], [119.24706847100006, 30.62071396000008], [119.2486245580001, 30.618748574999998], [119.249868523, 30.617522856000015], [119.25363675100004, 30.616794120000023], [119.25596290300004, 30.617157065000036], [119.25848768300014, 30.61805048500006], [119.26147796600002, 30.61835162600002], [119.26600164400011, 30.619273009000047], [119.27058548800005, 30.61995372300006], [119.27323276200005, 30.619975082000053], [119.27903707900006, 30.618186271000106], [119.28128813999999, 30.61797954200005], [119.28321047800014, 30.61807198600006], [119.28606330500011, 30.618377937000062], [119.28826785100009, 30.61938634300001], [119.2908765540001, 30.621010754000032], [119.29427977500004, 30.622169929000023], [119.29726950400006, 30.622875739000065], [119.29992470100001, 30.623133141000046], [119.30316670400012, 30.622917582000063], [119.30555415400012, 30.623058261000068], [119.30675978500005, 30.6235588710001], [119.30923876900007, 30.625586480000003], [119.31253496900004, 30.628582082000058], [119.31582317100006, 30.63077294400005], [119.31790579700007, 30.632580209000018], [119.31973685700005, 30.635083639000115], [119.32024753200002, 30.63828828300006], [119.32140700800005, 30.640159251000057], [119.32223217700002, 30.641868927000118], [119.3234065350001, 30.644721431000058], [119.32564868300008, 30.64812763800007], [119.326809152, 30.650179512000108], [119.32750356599999, 30.65223627400011], [119.32839656799999, 30.65446058100003], [119.33138722200007, 30.658545075000035], [119.33482809300003, 30.662454854000053], [119.3360485530001, 30.664335737000073], [119.3378798470001, 30.66643341200008], [119.34009251600003, 30.668063651000054], [119.34356401600013, 30.669279929000062], [119.34489161600001, 30.669487525000093], [119.34753204300009, 30.668942277000014], [119.34926408200013, 30.669143306000038], [119.35066769500008, 30.66976073600005], [119.35180477500012, 30.670548552000042], [119.35430756200006, 30.673493288000067], [119.35652802900003, 30.675532004999994], [119.35859699800005, 30.676075754000045], [119.35993208200013, 30.67679754400008], [119.36451777700003, 30.681387353000055], [119.36612781500003, 30.682223987], [119.36705873900004, 30.682558725000078], [119.36792182600004, 30.68225786800005], [119.36957710800004, 30.682234031000036], [119.37162218500006, 30.681688133000073], [119.37407206500008, 30.681539813000057], [119.37614040400007, 30.682200654000027], [119.37999355500011, 30.68633768700002], [119.3817335750001, 30.68728806200005], [119.38313790700012, 30.687839937000064], [119.38432846300013, 30.68776730200009], [119.38525914900003, 30.687873768000017], [119.38618293100001, 30.687403545000016], [119.38683183700005, 30.686700585000025], [119.38806774600008, 30.685022870000033], [119.39031887400009, 30.68086905800007], [119.391639219, 30.676778618000114], [119.39212049700004, 30.67385486400005], [119.39330301600009, 30.669021865000026], [119.39469192600006, 30.661032311000035], [119.396866851, 30.656254335000035], [119.39815645300011, 30.654108319000017], [119.3998363510001, 30.651505619000055], [119.40328452900005, 30.647619022000086], [119.40736072600006, 30.645155603000006], [119.40953571500008, 30.64473089600004], [119.41185610300013, 30.644406453000016], [119.41610611400006, 30.64503839700008], [119.41883086000009, 30.645123849000043], [119.42252847800015, 30.64624326300003], [119.42408009100009, 30.646235083000064], [119.4283428650001, 30.646674415000085], [119.43287599200009, 30.648713237000024], [119.4392834810001, 30.652807344000024], [119.44304260999999, 30.65806214400004], [119.44493524800009, 30.662862776000054], [119.44550036000014, 30.667673748000034], [119.44767888200009, 30.67385048000004], [119.45008455300001, 30.676819339000104], [119.45304509700009, 30.680242447000097], [119.45518152700004, 30.682063602000056], [119.46079826100006, 30.686162473000003], [119.46320308200009, 30.68889634800007], [119.46697057500015, 30.69437868500009], [119.47314400399998, 30.701680129000074], [119.47759800900008, 30.706752320000085], [119.47633105400006, 30.731905179000066], [119.47419486900006, 30.735198439000058], [119.47402711900011, 30.73670120000005], [119.47424881200007, 30.73806712800009], [119.47452975400006, 30.73909439800009], [119.47514892500013, 30.74034451200005], [119.4767125400001, 30.742387922000013], [119.47889440000006, 30.745800445000015], [119.47945240600004, 30.746878504000044], [119.47901759000004, 30.748894202000024], [119.47870433000006, 30.74981381900008], [119.47472118200008, 30.753427538000032], [119.47407272000007, 30.754292254000084], [119.47362197499999, 30.755335440000067], [119.47357570900007, 30.756424740000043], [119.47382835900011, 30.759512832000027], [119.474676251, 30.762022908000056], [119.47578210400002, 30.76463966800003], [119.47586597000011, 30.769626265000063], [119.47440824300013, 30.77348707000003], [119.47462995700008, 30.774630087000013], [119.47498016700001, 30.77554858800007], [119.4756595980001, 30.77645003600005], [119.47714000100011, 30.77758066200007], [119.47841471800007, 30.778192003000115], [119.48067220599998, 30.778498388000067], [119.48420562200013, 30.77919737900008], [119.48640305200004, 30.77950871600008], [119.48908163500008, 30.77712296900004], [119.49050835500007, 30.77515228600005], [119.49214783900001, 30.77404378500008], [119.49503925300007, 30.772624208000046], [119.49927486800004, 30.771873294000088], [119.50206674800003, 30.771949585000094], [119.50387471400006, 30.77266557500009], [119.50521781799998, 30.773845920000056], [119.50769629300007, 30.774903649000088], [119.50989367600006, 30.775440776000032], [119.51161824700011, 30.775476750000074], [119.51408254400008, 30.77572468100007], [119.5159514830001, 30.776440593000068], [119.51950645200006, 30.778393451000085], [119.5209947630001, 30.77969582700011], [119.52214579100004, 30.781222127000007], [119.5233810420001, 30.783274338000076], [119.5242128460001, 30.78508857300009], [119.52592961900004, 30.78838730600009], [119.53094105900007, 30.797425155000035], [119.53481644100009, 30.802295890000075], [119.53693692700004, 30.805875877000076], [119.5396597920001, 30.81317699600004], [119.54104874200009, 30.81642224000005], [119.54269642699998, 30.819204222000018], [119.54440519900007, 30.821819325000035], [119.54719680300002, 30.82544389400008], [119.54963021800012, 30.82804208200003], [119.55313113000014, 30.830341080000004], [119.55413857500001, 30.831242295000052], [119.55554198600012, 30.83156644300005], [119.55634187700005, 30.831895551000102], [119.55820425700006, 30.831637606000072], [119.56022580400007, 30.831658591000036], [119.56323028500006, 30.830761234000036], [119.56782218800004, 30.83126052800005], [119.57001906600009, 30.831686630000043], [119.57089652000003, 30.832188223000067], [119.57178885500005, 30.833896115000073], [119.57230047500002, 30.836354199000063], [119.57187262100007, 30.83819076300005], [119.5700643370001, 30.841026390000017], [119.5682416420001, 30.84644738100011], [119.56815825800004, 30.84914075300003], [119.56888299000005, 30.85577474200003], [119.56840205400013, 30.856608745000116], [119.5652208240001, 30.859273530000067], [119.56147563900001, 30.864942368000058], [119.55627333700008, 30.87087116200007], [119.554069733, 30.873596954000092], [119.55272710500002, 30.876481974000058], [119.5523610160001, 30.878265297999995], [119.55232278300005, 30.879814331], [119.55249003200004, 30.881873428000105], [119.55407748300001, 30.888212472000042], [119.55430589600009, 30.88998682200004], [119.55434383100012, 30.891816818000017], [119.55418323400015, 30.894121201000083], [119.55142178300002, 30.89908448800005], [119.55158203900012, 30.900918701000023], [119.55234486800009, 30.902515119000043], [119.55514450900012, 30.906655462000046], [119.55666989500003, 30.90989302800005], [119.55736408599999, 30.914986125000013], [119.55721152400007, 30.91734250000011], [119.55744790900009, 30.919287723000032], [119.55895016000014, 30.921614641000097], [119.56056767800011, 30.92255844500003], [119.56184137800008, 30.923114899000062], [119.56425225300006, 30.924450295000064], [119.56734111500012, 30.92583918900005], [119.57180263100014, 30.92924380700002], [119.57548813300008, 30.93156059400004], [119.5766466660001, 30.932913661000086], [119.57693694600005, 30.93434702200002], [119.57513612500009, 30.937235966000046], [119.57426754300006, 30.94052132100009], [119.57422934600001, 30.94212534100003], [119.57451866400007, 30.94349377000001], [119.57730310700005, 30.949821129000043], [119.57732601000008, 30.951307264999997], [119.5770965520001, 30.9529691220001], [119.5762430130001, 30.956993125000068], [119.57491576300005, 30.960743883000077], [119.57495363900009, 30.962807693000038], [119.57472510500008, 30.965045185000072], [119.57507555200004, 30.96589296300005], [119.57574644200012, 30.96691188200007], [119.5755249980001, 30.968347863000048], [119.57555594300008, 30.969493209000042], [119.57635690200001, 30.97165053600002], [119.57712785700002, 30.973005288000024], [119.5787367690001, 30.975658786000018], [119.5810253200001, 30.978757273000056], [119.58350383700008, 30.981508809000083], [119.58616626500012, 30.98363149600003], [119.59197840900006, 30.98730028300001], [119.59375622100008, 30.989797803000066], [119.59624227800006, 30.991186742000053], [119.5988511100001, 30.992121651000048], [119.60033839500014, 30.99313461700011], [119.60260767000014, 30.99422312900002], [119.603872571, 30.996529204000048], [119.60763906300006, 31.000858588000057], [119.61141396100004, 31.00472867700008], [119.61917325400006, 31.007656869000066], [119.62266165700012, 31.01084012800002], [119.62482276000006, 31.01357592500007], [119.62698368200006, 31.016542445000027], [119.62917122300004, 31.02179645300007], [119.62840754000001, 31.0263858060001], [119.62712320199998, 31.032122162000086], [119.62637637300008, 31.037629927000076], [119.62648032500007, 31.048628425000068], [119.62729637100009, 31.051370784000042], [119.62924983299999, 31.059838300000052], [119.63008265000005, 31.06418766200003], [119.63010842500015, 31.06647731700012], [119.62932696100006, 31.069004954], [119.62749633500002, 31.072684319000054], [119.62620308500004, 31.077046521000028], [119.62516956900006, 31.081406358999985], [119.6246666960001, 31.084618170000077], [119.62470138800005, 31.08782732300004], [119.62552649600002, 31.09034288400008], [119.62767835100007, 31.093534321000085], [119.62983910600006, 31.096042996000087], [119.63360597599998, 31.098995947000077], [119.63737346500014, 31.101718668000025], [119.64146136500005, 31.10242165800001], [119.64409071300011, 31.104884857000073], [119.64426626400007, 31.107349194000044], [119.64020235600007, 31.10930093200006], [119.63075979500005, 31.112120807000053], [119.61932053100008, 31.118277612000014], [119.6169332560001, 31.12529022100008], [119.61801025900002, 31.130113544000018], [119.61892952000005, 31.132535296000107], [119.62592539099998, 31.133510663999985], [119.63218318400004, 31.136780397000074], [119.63256475900008, 31.13706668900005], [119.63325895800006, 31.137776292000055], [119.63336274800011, 31.138898539000003], [119.63290290500008, 31.14273117600004], [119.63476058000003, 31.146159591000114], [119.63667902400005, 31.150351432000022], [119.63699063100009, 31.15066877800008], [119.64088869000011, 31.15269544000008], [119.64449066900016, 31.15632347000006], [119.64580984900014, 31.15669599200006], [119.65150373499999, 31.157490416000066], [119.65315218500005, 31.15903059200005], [119.65517499300009, 31.161161736000075], [119.65761424100003, 31.162046706000112], [119.65789160200006, 31.164514907000054], [119.65803117200007, 31.16699036700006], [119.65882985500006, 31.16814326500006], [119.66769202600005, 31.170165297000032], [119.67311768800008, 31.17034482700005], [119.67408129300006, 31.169581387000036], [119.67434192700011, 31.169275049000092], [119.67601665400005, 31.16649131200007], [119.67666786500001, 31.16442115300002], [119.67782230800006, 31.16265589900007], [119.68146014200013, 31.161219895000002], [119.68834386200001, 31.159093666000025], [119.69377838800008, 31.155196490000073], [119.69615671900013, 31.154094215999997], [119.69891770000004, 31.15402293500005], [119.70082766800007, 31.154741674000007], [119.70297246100007, 31.15613681000007], [119.70535088900013, 31.160972955], [119.70813783399998, 31.169716727000043], [119.70840759800001, 31.17004021300007], [119.71091665000003, 31.171672238000014], [119.71357295499999, 31.17201494200004], [119.71873049200005, 31.17184659800005], [119.72788955400009, 31.173575264000085], [119.7290705480001, 31.17393433500004], [119.73362906000015, 31.17566205], [119.73397614800001, 31.175666896000045], [119.73553062200011, 31.175491359999995], [119.73586074900007, 31.17532132500005], [119.73797872800006, 31.173636502000093], [119.7396976980001, 31.171954931000045], [119.74278052200009, 31.171735555000012], [119.74818956800007, 31.17348367600006], [119.75038670800006, 31.17284832200007], [119.75451908500011, 31.17425970000005], [119.75733247800011, 31.175441211000113], [119.76070108400003, 31.175853715000045], [119.76809859100005, 31.18013073200008], [119.76844519300005, 31.18024596300002], [119.77071126500005, 31.180794677000037], [119.77439338200006, 31.180867235000086], [119.7748092280001, 31.180762722000054], [119.77735359000012, 31.179602075000034], [119.77968875600007, 31.178100548000053], [119.78132156800007, 31.176056575000047], [119.781712469, 31.17585916400005], [119.7855845360001, 31.175302508000094], [119.78761560900011, 31.173566206000046], [119.78786729100014, 31.172836934000017]]]}}, {"type": "Feature", "properties": {"name": "嘉兴", "full_name": "嘉兴市"}, "geometry": {"type": "MultiPolygon", "coordinates": [[[[121.31248188900005, 30.47935456000002], [121.31137033400009, 30.47952158700007], [121.31039949300006, 30.479263460000027], [121.30928781500009, 30.480622129000004], [121.31048607100003, 30.482037521000052], [121.31315919400005, 30.48164165000007], [121.31248188900005, 30.47935456000002]]], [[[121.33394238000005, 30.49447737000002], [121.3338645550001, 30.49444852500003], [121.33369792000008, 30.49448682600009], [121.33359115500004, 30.494505021000087], [121.33343151000005, 30.494474331000035], [121.33328084300004, 30.494488609000058], [121.33292162400006, 30.494665235000106], [121.33287971000006, 30.494745289000072], [121.33294255500002, 30.49493811500004], [121.33300440900007, 30.495033970000065], [121.33321592000007, 30.495283498000013], [121.33338952800014, 30.495368146000004], [121.33347633600013, 30.49537098200006], [121.33380561700002, 30.495259396000066], [121.33400519300011, 30.495060080000002], [121.33406408800009, 30.494761058000044], [121.33406609400008, 30.49464009000007], [121.33394238000005, 30.49447737000002]]], [[[121.33524825200001, 30.4974990320001], [121.33504669000004, 30.49755239300007], [121.33487206700015, 30.497626697], [121.33480021900007, 30.49769681000003], [121.334810188, 30.49780775900006], [121.3348790230001, 30.49796958200004], [121.33481714600013, 30.498132649000034], [121.33482811300007, 30.49824059600008], [121.33492488700008, 30.498396369000005], [121.33512344700009, 30.498433987000098], [121.33538687200011, 30.498397506000096], [121.33561438200002, 30.49830810900007], [121.33573812000013, 30.498203910000065], [121.33577005600011, 30.49814087], [121.33571421100011, 30.497736094000082], [121.33557852200008, 30.497578393000005], [121.33546777000007, 30.497514619000057], [121.33524825200001, 30.4974990320001]]], [[[121.33365126400012, 30.503514216000063], [121.33395558200007, 30.50361761300009], [121.33437366000013, 30.503616830000027], [121.33490749200007, 30.50353685500007], [121.33516594000004, 30.50335342799999], [121.33522884400008, 30.502860460000058], [121.3350861780001, 30.502613802000077], [121.33444263100014, 30.50215414400006], [121.3339836670001, 30.50186709000011], [121.333404984, 30.501425311000062], [121.33299190000002, 30.50140809300006], [121.33251493200007, 30.501735894000007], [121.3322425130001, 30.502018324000105], [121.33234823000014, 30.502605946000052], [121.33285902300013, 30.50345672400001], [121.3332321800001, 30.503645964000036], [121.33365126400012, 30.503514216000063]]], [[[121.30057800600002, 30.50794160400001], [121.30005506000009, 30.508125442000036], [121.29979157800005, 30.508337825000112], [121.2997566280001, 30.508589805999996], [121.30014680000014, 30.50899701600003], [121.30081838100011, 30.50954269800006], [121.30098503400004, 30.50959439500007], [121.30125446200012, 30.509800867000017], [121.30132329500015, 30.510104654000017], [121.30123145500008, 30.510454705000022], [121.30161562800008, 30.510867912000016], [121.30187408100005, 30.511022416000102], [121.30219541200009, 30.511045850000087], [121.3022922330001, 30.510775765000034], [121.30199491300002, 30.510024516000044], [121.30184528300006, 30.5093069980001], [121.30174752700006, 30.508802323000083], [121.30149007899999, 30.508566841000054], [121.30091031399999, 30.50807899200001], [121.30057800600002, 30.50794160400001]]], [[[121.1233037930001, 30.580294293000087], [121.1223396710001, 30.580478132000025], [121.12201028800011, 30.580641705000055], [121.12191417200006, 30.580754556000066], [121.1218630960001, 30.580975416000044], [121.12186308000001, 30.58116634400003], [121.12194015700008, 30.58126839000004], [121.12253980100004, 30.581632918000004], [121.12280909900004, 30.581753177000095], [121.12322556900003, 30.58186760600006], [121.12356396500005, 30.581867996], [121.12391138400002, 30.58176543800004], [121.12436294300008, 30.581538054000056], [121.12445806800005, 30.581425209000045], [121.12451915500003, 30.581262344000073], [121.12447612700012, 30.580976401000036], [121.12439805400005, 30.580720406000083], [121.12409370900001, 30.580485137000068], [121.12366821700007, 30.580324702000027], [121.1233037930001, 30.580294293000087]]], [[[121.12563993500014, 30.588358972999984], [121.12532653900004, 30.588430565000046], [121.12478884700015, 30.58880177500003], [121.12380758300006, 30.589806230000093], [121.12362534300007, 30.590111900000075], [121.12360731200009, 30.590224835000093], [121.12361631000013, 30.5903687900001], [121.1237384450001, 30.590476889000072], [121.124050804, 30.590620198000032], [121.12447630900013, 30.590697668000047], [121.12477166700015, 30.590698019000072], [121.12645583800006, 30.589897383000086], [121.12676825700007, 30.58968085700011], [121.12691547200006, 30.589383157000086], [121.12697657900006, 30.589060359000023], [121.12693253900015, 30.588856383000106], [121.12680238400003, 30.588689284000047], [121.12637685500009, 30.588491829000056], [121.12596934800004, 30.588372371000027], [121.12563993500014, 30.588358972999984]]], [[[121.14125766700013, 30.596067330000068], [121.1410673360001, 30.596125999000037], [121.14092808500004, 30.596281714000042], [121.14078882900007, 30.59650939900005], [121.14072868600007, 30.597000109000064], [121.14078066600011, 30.59829168199999], [121.1409018210001, 30.598887641000005], [121.14119726700002, 30.599595837000074], [121.14163998000006, 30.60015833000007], [121.14208271200002, 30.600539900000022], [121.1425164340001, 30.600911462000035], [121.14289909100015, 30.60105403500002], [121.14344604200002, 30.601162896000055], [121.14376660800008, 30.60116242900002], [121.14407115400004, 30.601090966000058], [121.1442264420001, 30.600935287000055], [121.14436572200009, 30.600563668000035], [121.14433070700012, 30.600001833000093], [121.14415743600009, 30.599558719000107], [121.1435404120001, 30.598734018000087], [121.14300253900001, 30.59787246900003], [121.14249974800006, 30.59683105200002], [121.14236955000004, 30.596485975000064], [121.14208207400006, 30.596221608000043], [121.14172647000012, 30.596091081000075], [121.14125766700013, 30.596067330000068]]], [[[120.9488955050001, 31.032255726000038], [120.94980704000011, 31.03243162000011], [120.9505969000001, 31.032313929000054], [120.95168195400007, 31.031727820000057], [120.95407725700011, 31.03082080300006], [120.95524822200001, 31.026519537000063], [120.95624650700009, 31.0239146590001], [120.95720968700003, 31.023445587000012], [120.96004811000014, 31.023006769000027], [120.96061245000011, 31.021986932000026], [120.95862472700006, 31.01980422300008], [120.95896377500003, 31.018842940000035], [120.96088189700002, 31.0185452630001], [120.96342390000004, 31.018445737000036], [120.96594178400008, 31.01838009100002], [120.96869269400005, 31.018544517000038], [120.97369171200015, 31.018543518000044], [120.97868324600005, 31.018279244000027], [120.97884774300007, 31.01729534000006], [120.9795512950001, 31.016637660000093], [120.98060950800009, 31.01672249000009], [120.98214602400003, 31.016316174000046], [120.9831354500001, 31.016360201000047], [120.98400328900004, 31.016596469000056], [120.98519297000007, 31.016567918000092], [120.98608676200004, 31.01598257400007], [120.9847327670001, 31.015088168000048], [120.9856526210001, 31.0126638300001], [120.987597712, 31.01032034300009], [120.98672097500003, 31.009643389000118], [120.98775338100009, 31.007457557000095], [120.98716354900014, 31.007338411000006], [120.98775353500002, 31.005591656000078], [120.98620819800014, 31.005431415000054], [120.98632092500006, 31.00376205900004], [120.9872854260001, 31.003471321000056], [120.98741502400007, 31.002601442000113], [120.98771021900006, 30.999285507000018], [120.98551427500001, 30.99885138499998], [120.98618201700002, 30.996733625999994], [120.99048817600007, 30.997423184000027], [120.991000501, 30.994897119000008], [120.99025331800007, 30.994093864999982], [120.99077451000004, 30.99277206300004], [120.99185962700003, 30.991396575000095], [120.99277923600009, 30.991396774000023], [120.99409879600012, 30.986231808000063], [120.99392550800007, 30.98536984600007], [120.99424640100007, 30.984430424000053], [120.99498385800007, 30.982266457000065], [120.99646834500007, 30.98262271800005], [120.99676332800004, 30.98175033500008], [120.99763212700007, 30.981654743000078], [120.99798796900004, 30.979781768000095], [120.99620859200006, 30.979167557999986], [120.99650361300004, 30.977844442000027], [120.99614699800011, 30.97703700800001], [120.99614707600003, 30.97610156200006], [120.99498437600002, 30.976036147000066], [120.99475828900006, 30.975100392000087], [120.993144226, 30.975359159000092], [120.99301377000003, 30.974616997000062], [120.99262919600002, 30.97452922000008], [120.99256742400006, 30.9745284090001], [120.99249070700012, 30.974520647000084], [120.99243491400011, 30.974506826000002], [120.99239805200008, 30.97449394500009], [120.99235222200002, 30.974467101000094], [120.99130310900009, 30.97422843600006], [120.98880429000009, 30.974301981000018], [120.98877750200009, 30.97292188000005], [120.98751913200007, 30.972702818000045], [120.98811809200006, 30.97086309800006], [120.987102831, 30.97057233900007], [120.98777954800003, 30.96824767400002], [120.98884761500003, 30.96849029600002], [120.98933293000005, 30.967327513999997], [120.98887366500006, 30.966724264000092], [120.98935892699998, 30.966214096000066], [120.98826603500005, 30.965029111000078], [120.99041847700008, 30.960889038000097], [120.98735375800007, 30.960415607000094], [120.98819594100011, 30.957225953000055], [120.99045267200006, 30.95701723200002], [120.99102593400005, 30.9525601350001], [120.99237995100009, 30.952499050000014], [120.99246710300011, 30.946815156000106], [120.99132932000012, 30.946528790000038], [120.99213747800002, 30.944905293000005], [120.99312695900008, 30.943339208000097], [120.99466344400003, 30.94148162500006], [120.99602550700001, 30.940381123000037], [120.99645994099998, 30.939916074000017], [120.99591306000003, 30.938727445999994], [120.9956701110001, 30.93688927700005], [120.99547938900002, 30.93000593500002], [120.99532276200013, 30.920467056000092], [120.99521041099999, 30.917653061000053], [120.99522742700006, 30.916704568000085], [120.99527031400015, 30.91615776100005], [120.995113949, 30.915465646000072], [120.99502730000012, 30.91509712800005], [120.99477625200004, 30.91479107500004], [120.99434394600006, 30.913608090000032], [120.99473551700012, 30.91341301100006], [120.99478536400008, 30.913039080000026], [120.9946548820001, 30.912601736000077], [120.99462307100006, 30.911740340000037], [120.99500962600007, 30.91195603500003], [120.9962251210001, 30.91218619200007], [120.99764886800003, 30.912157867000033], [120.99933369100009, 30.91172399000002], [121.00020051700004, 30.911491490000053], [121.00014890300012, 30.909146029000055], [120.9992382480001, 30.909258734000055], [120.99885576300007, 30.908000639000058], [120.99820424600016, 30.907047186000035], [120.99748389700007, 30.90712333700003], [120.99568748600011, 30.907620522000045], [120.99435934300008, 30.908154259000064], [120.99428084500008, 30.905600001000025], [120.99208393000002, 30.90578458700002], [120.991380507, 30.905938638000066], [120.99075581300009, 30.905849590000066], [120.98981928400005, 30.905503639000045], [120.98920558000007, 30.90499180300006], [120.988481285, 30.90438935100004], [120.98834680500008, 30.904054955000085], [120.98832505800014, 30.901969248000086], [120.98824736600011, 30.901690647000038], [120.9880132510001, 30.90134555800008], [120.98614036600011, 30.89803315800002], [120.98608458800004, 30.89779946300004], [120.98618423900011, 30.897632261000062], [120.98751444100003, 30.896949648000074], [120.98818003700003, 30.89657285600007], [120.98857064100002, 30.89614892200008], [120.98859261200008, 30.895536215000007], [120.98862171300009, 30.893028597000097], [120.98881307800002, 30.89223548100002], [120.98909008500002, 30.891957805000047], [120.98948663500006, 30.89189863700004], [121.00063861500004, 30.89099520200007], [121.00284154800008, 30.89066671000007], [121.00413284900006, 30.890317011], [121.0045154820001, 30.889936079000016], [121.00468889900006, 30.889325913000064], [121.0044897020001, 30.888428039000118], [121.00354329300004, 30.886880802000086], [121.00351744100013, 30.886244252000083], [121.00356033600012, 30.88562648300004], [121.00390810100012, 30.88516370200003], [121.00553121500003, 30.884662102000092], [121.00669400500014, 30.884405759000025], [121.00788368700009, 30.884430184000088], [121.01124257900008, 30.884662079000094], [121.01305709700011, 30.884892618000073], [121.0135613880001, 30.88396568700003], [121.01417730199998, 30.88288552500009], [121.01507121700006, 30.88215236200009], [121.01576582400006, 30.88165065000006], [121.01703346300005, 30.880954417000098], [121.01684218600013, 30.880260369000048], [121.01553176000006, 30.880260134000025], [121.01499376800004, 30.878831521000038], [121.01745829400012, 30.877325319000114], [121.01665117500013, 30.876399165000045], [121.01603528500007, 30.87686166400003], [121.0153756520001, 30.876166968000106], [121.01707680800008, 30.875046733000055], [121.01603452399999, 30.87404230500008], [121.013363795, 30.87553117800008], [121.01041350800006, 30.87320819800008], [121.01336113800005, 30.871555495000024], [121.01255417600007, 30.86947006500005], [121.01179887100011, 30.869411315999983], [121.0095671050001, 30.866574553000106], [121.01185902300003, 30.865038670000033], [121.01003668600005, 30.863358019000067], [121.01099131600009, 30.862722564000066], [121.0098634950001, 30.861129819], [121.00887301400005, 30.861709427000086], [121.00811775100009, 30.86159174600003], [121.00785772400006, 30.861216739000085], [121.00841278700017, 30.860376567000024], [121.00659056900011, 30.858232252000064], [121.01060926500008, 30.85579968300005], [121.00896035299999, 30.853887672000035], [121.00719768200008, 30.85443861600006], [121.00618231000009, 30.855164243000054], [121.00574787700012, 30.85533744900009], [121.00522681200007, 30.854901268000056], [121.00421163700001, 30.853484143000045], [121.0036298230001, 30.852787301000028], [121.00209346500009, 30.85267201900008], [121.00117305100004, 30.85021122400005], [121.00044481300009, 30.84919601800007], [120.9996109540001, 30.84832805200002], [120.99864752500007, 30.848067134000104], [120.99790123100004, 30.84861909200003], [120.99729348200003, 30.848502012000026], [120.99662500000014, 30.84786541600002], [120.99601735200005, 30.84653303000009], [120.99554816200012, 30.84557600900004], [120.99341297300012, 30.84632908800009], [120.99257122300003, 30.844534678000038], [120.99231026200002, 30.843608003000014], [120.99277062100009, 30.842941980000063], [120.99184204500008, 30.842882841000055], [120.99132113200005, 30.840827597999997], [120.99078011000006, 30.840960168000045], [120.98911722900004, 30.840778320000005], [120.98853835900002, 30.840662140000077], [120.98791567900003, 30.840170305000058], [120.98745242800007, 30.839489093000097], [120.98700017000013, 30.83839108300002], [120.98567909700014, 30.83700485200007], [120.98515807400011, 30.83599099300003], [120.98481144700013, 30.83459982300012], [120.98646046800005, 30.834397978000027], [120.98813539800008, 30.833846232000027], [120.98483765099999, 30.830979793000004], [120.98576634900009, 30.830112493000094], [120.986695013, 30.829561008000027], [120.98816969900008, 30.82869304200007], [120.98843076800009, 30.82840441500008], [120.98843080400002, 30.827967661000088], [120.98683378800004, 30.826173500000053], [120.9865727880001, 30.825593613000038], [120.98660771000007, 30.824985851000108], [120.98773663300004, 30.824465734000064], [120.98929897600007, 30.823712426999997], [120.99027937400001, 30.82376841900001], [120.99155556400001, 30.82521772400002], [120.99138216600014, 30.82565200600007], [120.99062690800008, 30.826058075000006], [120.990860998, 30.826666021000037], [120.99187629000008, 30.826347111000118], [120.9939344930001, 30.828953372000022], [120.99341338500007, 30.829299764000083], [120.99413363200006, 30.830486898000075], [120.99537500400001, 30.83109676700009], [120.99619094600011, 30.83167695100004], [120.99697207000008, 30.831617602000016], [120.99755397600009, 30.831010172000028], [120.99725815300005, 30.82996666300002], [120.9987338200001, 30.82869188600006], [120.99908155, 30.828546909000053], [120.99954980700011, 30.828779352000012], [120.99995827699999, 30.82909793000008], [120.99963739300009, 30.829879464999998], [120.99885621500002, 30.830545467000036], [120.99905544700007, 30.830951630000072], [121.00041850200014, 30.830083973000043], [121.00256238400007, 30.83300681200003], [121.00650367200004, 30.836830757000058], [121.00722403400003, 30.83711943400005], [121.00876043200006, 30.83764254900008], [121.01000193200002, 30.838017648000026], [121.01047040600005, 30.836160316000097], [121.0153841170001, 30.83449589400005], [121.02052352400008, 30.83271630100006], [121.02370097500008, 30.831286343000052], [121.02504854200002, 30.831123786000013], [121.02559977200006, 30.8307115370001], [121.02884372000005, 30.82603961200008], [121.03060044400002, 30.8230857510001], [121.0309095150001, 30.822700181000087], [121.03133422800008, 30.82233331000002], [121.03216481600015, 30.820596192999993], [121.031835846, 30.82036414900007], [121.03170128200006, 30.820112629000043], [121.03193263000003, 30.81939844700001], [121.03280113100003, 30.81750733400004], [121.03303247800008, 30.81690809400002], [121.03326180500005, 30.81664967000004], [121.03339641, 30.81649642300006], [121.03343234000012, 30.816038590000105], [121.03602855400008, 30.816636944000052], [121.04047379000008, 30.81766005700006], [121.03925780400002, 30.82215029800006], [121.03780795200014, 30.8218308290001], [121.03708790000007, 30.823336672999993], [121.03682762600012, 30.823684093000047], [121.03627124300009, 30.823742381000073], [121.0370012640001, 30.822003627000093], [121.03659250800003, 30.821337966999998], [121.03561141800003, 30.820934538000103], [121.03459545000007, 30.82073011100006], [121.03416173700008, 30.82084510600007], [121.03349369300005, 30.821511374000046], [121.03320648600008, 30.82240958000002], [121.03470891800015, 30.823017551000056], [121.03473476700006, 30.823887999000043], [121.03485134700011, 30.824764223000066], [121.03543756700003, 30.825248532999993], [121.03587225700002, 30.825595292000088], [121.03572464200008, 30.826175320000026], [121.03578543400013, 30.82652197900002], [121.03624507700015, 30.826608830000012], [121.03687922600012, 30.82663930700005], [121.03722619200005, 30.826987293000066], [121.03726104700002, 30.827507917000062], [121.03661885599999, 30.828144075000033], [121.03569850900013, 30.828666978000044], [121.03540335500014, 30.828955525000026], [121.035464141, 30.8293611490001], [121.0363325640001, 30.82964990700001], [121.03746125600006, 30.830027025000042], [121.03845040600001, 30.830229605000014], [121.03901480200008, 30.830283274000102], [121.03975283600003, 30.829007309000048], [121.04060355200008, 30.82803993400003], [121.04218429300013, 30.82734382399999], [121.04438046300004, 30.82730512200007], [121.04224463300014, 30.83321337500007], [121.0465592220001, 30.834981266000064], [121.05180337400012, 30.837702579000073], [121.05750788200012, 30.839876537000087], [121.05692600100014, 30.84066003000008], [121.05646581700015, 30.842221894000076], [121.0564317890001, 30.843381288999993], [121.05568422400006, 30.84488667200003], [121.05712618200008, 30.84546696399999], [121.05598538900011, 30.847267808000048], [121.05942329299998, 30.849305160000043], [121.06173385900003, 30.850537049000003], [121.06244455300012, 30.85084686900006], [121.06362749200002, 30.850706330000065], [121.0667004310001, 30.850751380000062], [121.06745923800008, 30.850963354000015], [121.06900792900007, 30.850986572000075], [121.07360880500006, 30.85098594700002], [121.07531183200001, 30.850801582000045], [121.07590217800009, 30.85080110200009], [121.07670429000004, 30.851142280000076], [121.07943851200005, 30.852335679000056], [121.08087919200014, 30.853136346000042], [121.08267470300011, 30.85409084000006], [121.0865251030001, 30.85586525700006], [121.090096364, 30.857705345000078], [121.09257955200012, 30.85889240200006], [121.0927585060001, 30.85897734500007], [121.09313241500004, 30.85914523600011], [121.09295849500003, 30.858622543000024], [121.09299352400001, 30.85818579300004], [121.09362742900014, 30.85792593200003], [121.09377443000004, 30.857637098000026], [121.09310660600012, 30.856970489000027], [121.09400955800004, 30.855697216000102], [121.09484341100003, 30.856159976000107], [121.09553736700008, 30.855958138000105], [121.09568538400006, 30.85563933200011], [121.09522447300003, 30.85500366300009], [121.09492953600014, 30.854596879000006], [121.09551155200006, 30.85381336800002], [121.09702257900003, 30.85285908500002], [121.09768263900003, 30.852308504000028], [121.09933174400012, 30.852540715000053], [121.10020896500006, 30.851382608000065], [121.10376873300008, 30.852659137999993], [121.1063206660001, 30.853468899000028], [121.106954866, 30.854599595000053], [121.10750210700007, 30.854946706000085], [121.1079973530001, 30.855061931000115], [121.10771017100006, 30.855439544000006], [121.10758908900007, 30.8556693410001], [121.10808331500002, 30.85604741600003], [121.10857858000006, 30.856105686000056], [121.10880473200012, 30.855814994000077], [121.10912595600004, 30.855353464000082], [121.10909997800003, 30.85491669800009], [121.10886486500011, 30.85465669800007], [121.11016774100008, 30.85352820400005], [121.1154728930001, 30.851182704000045], [121.11622748800002, 30.85193594800002], [121.11657477600015, 30.85222509900005], [121.11714831600008, 30.8520517320001], [121.11779097100006, 30.851472676000057], [121.11810331800005, 30.850923294000076], [121.11758187300008, 30.850285157000037], [121.11758189700008, 30.849996321000027], [121.11897130700001, 30.84933006500006], [121.11567256100011, 30.84536321100002], [121.11547243600015, 30.8448113480001], [121.11547257600009, 30.843160291000096], [121.11564589600003, 30.84116158300001], [121.11526368400011, 30.839801021000056], [121.11317120500009, 30.837371654000044], [121.11443922800002, 30.837093852000066], [121.11479542600009, 30.838205523000028], [121.11594944000001, 30.837888715000105], [121.11606249500004, 30.838403525000068], [121.118484779, 30.83812597200002], [121.12082120300013, 30.837889507000085], [121.12312178900007, 30.837729139000047], [121.124545504, 30.837453953000107], [121.1254226240001, 30.836977276000013], [121.12704559800008, 30.83808865400004], [121.12755829100006, 30.837849441000053], [121.12882610400007, 30.836542827000038], [121.13005893000002, 30.835115278000046], [121.12835671000003, 30.833689830000054], [121.12926799800003, 30.833134342000015], [121.12950238300006, 30.832420059000064], [121.12970281600013, 30.830597357000066], [121.13168168800007, 30.82996341800002], [121.13183778400003, 30.831508763000073], [121.13195991400009, 30.832064619000057], [121.13254975400005, 30.832420248000084], [121.13286224700005, 30.832077886], [121.13263701399998, 30.83087924400003], [121.13270623500011, 30.829486129000053], [121.13309691600011, 30.828327339000097], [121.13286266700001, 30.827127681000043], [121.13269744000002, 30.82691356700009], [121.13249013700009, 30.82686330200002], [121.13224478700013, 30.826710042000038], [121.13193035400005, 30.826386783000025], [121.1316079210001, 30.825945581000028], [121.13059759500008, 30.824460025000036], [121.13033025299998, 30.824039898000002], [121.12998982500007, 30.823428782000065], [121.12911569000005, 30.822528120000058], [121.12857699500015, 30.822057676000036], [121.127812026, 30.821378066000115], [121.1273966120001, 30.81979042500003], [121.12714535500008, 30.818936583999992], [121.12695913800005, 30.818639515000015], [121.12654262900004, 30.81830018300009], [121.12621222000006, 30.818130866000025], [121.12582975200013, 30.81793550500003], [121.12565956099999, 30.817671444000027], [121.12554144600007, 30.817289514000045], [121.12542232900016, 30.816916577000008], [121.12523116000015, 30.81611379500002], [121.12499297600007, 30.814814233000057], [121.12490789900005, 30.81448331600003], [121.124872868, 30.81435034800004], [121.12474275500006, 30.81380249800001], [121.12465066400009, 30.813560523000064], [121.12450350200007, 30.813352464000076], [121.12437636500013, 30.8131584220001], [121.12385979600002, 30.812561148000064], [121.12363955600009, 30.812320026000094], [121.12357849600002, 30.81217303800001], [121.12355848300004, 30.81205907800009], [121.12363964800011, 30.811241627000044], [121.12369283400005, 30.809800489000082], [121.123672854, 30.80927775700009], [121.12302223399999, 30.80760893500012], [121.12284112800012, 30.806403397000025], [121.12268100800009, 30.805646635000116], [121.12257395800012, 30.804794985000086], [121.12255300700008, 30.803950429000018], [121.12258713400006, 30.802899048000064], [121.12255312300007, 30.802583184000042], [121.12251310500005, 30.802262316000053], [121.12208376800007, 30.80049980900006], [121.12204376000012, 30.800071000000017], [121.122037791, 30.799628237000064], [121.12209096400012, 30.798295029000066], [121.12209100000004, 30.797873261000078], [121.12205701000008, 30.79730953300006], [121.12203700500001, 30.797101625000003], [121.12200398200002, 30.796927683999996], [121.12182483100004, 30.796354800000117], [121.12155059900009, 30.795520958000047], [121.12147855200007, 30.79513908800007], [121.1214906030001, 30.794698342000103], [121.12156272500012, 30.794198694000066], [121.12196128700006, 30.792780908000083], [121.12205643300001, 30.792328260000026], [121.12210354700011, 30.79160170900004], [121.12200848300006, 30.791100877000076], [121.12172319999999, 30.79068379000003], [121.12126972000013, 30.790469414000057], [121.12068610600015, 30.790278892000103], [121.11988827200004, 30.790195101000094], [121.11851788400007, 30.79023069500002], [121.11658702900002, 30.790623637000024], [121.1158603800001, 30.790659957000102], [121.11546704000015, 30.790647615000054], [121.1149426100001, 30.790480250000066], [121.11430010700005, 30.790182865000062], [121.113763713, 30.789789635000034], [121.11346550300001, 30.789527536000016], [121.11323935200005, 30.789253503000083], [121.11289413400007, 30.788753502000098], [121.11264299800008, 30.788169623000016], [121.11269108300007, 30.787572985000033], [121.11279817900004, 30.78738317100005], [121.11319151500008, 30.786918734999993], [121.11352579400011, 30.786656146000027], [121.11485992700011, 30.785941647000058], [121.11532434600008, 30.785608231000005], [121.11578879100013, 30.785083926000055], [121.11645645800004, 30.784191014000072], [121.11724326600003, 30.783154307000096], [121.117752804, 30.782461168000033], [121.11804112500015, 30.781937729000063], [121.11822235600005, 30.781281261000103], [121.11842957200005, 30.781120551000043], [121.11885900200005, 30.781054013000045], [121.121734046, 30.780860133000076], [121.12296044100003, 30.78078654200003], [121.12355715100011, 30.780623314000024], [121.1243631230001, 30.780481332000086], [121.12517013200008, 30.780212440000042], [121.12636868300004, 30.779700183000024], [121.12726286200004, 30.77943345000007], [121.13054435100003, 30.779299841000032], [121.1314736700001, 30.779456034000077], [121.13221170500006, 30.779946801000094], [121.13292372200007, 30.78039356900011], [121.13415657100003, 30.780550261000016], [121.13415664200014, 30.77972370700011], [121.13498093800004, 30.779413084000076], [121.13607468300003, 30.779054907000017], [121.13647427600004, 30.779545245000087], [121.136942997, 30.779903764000082], [121.13816696300012, 30.78014951400008], [121.13887912200008, 30.78032752900006], [121.13916552500005, 30.781195510000025], [121.13958218500017, 30.781615941000084], [121.14120594600004, 30.781529584000047], [121.143297576, 30.78161696000008], [121.14430539000016, 30.781297812000055], [121.14654444800014, 30.78115468300011], [121.14816844400005, 30.781124502000104], [121.149964908, 30.779963274000032], [121.15130250000001, 30.779355972000054], [121.15219619700005, 30.77952947600002], [121.15301274900003, 30.779789802000067], [121.15394158500014, 30.779384699000033], [121.15463596800012, 30.779037147000054], [121.15573813600011, 30.778950204000054], [121.15617200800013, 30.778746109000046], [121.15623341200006, 30.775383029000047], [121.15701392700007, 30.775701292000093], [121.15820319300005, 30.77683187900002], [121.15893259500001, 30.77744190200005], [121.16101577499998, 30.77738381000004], [121.162065858, 30.77776157000003], [121.16360294800008, 30.777963342000113], [121.16447169300011, 30.778136879999998], [121.16490555300004, 30.778369571000063], [121.16531331800002, 30.779123931000044], [121.16630331500005, 30.779269716000023], [121.16642460100005, 30.77880319500006], [121.16650280200011, 30.77828662000004], [121.16658900400014, 30.77796995300004], [121.16634655900006, 30.777415795000017], [121.16650192100005, 30.776860386000074], [121.16777855400007, 30.776386044000084], [121.16908124900012, 30.775829794000067], [121.16999216500008, 30.775037932000004], [121.17019163900015, 30.77420475400008], [121.17252729900005, 30.775076669000015], [121.17427175900005, 30.775790544000102], [121.17549515100004, 30.776572401000045], [121.1765983570001, 30.776600431000055], [121.17789989900004, 30.777210503999996], [121.17854215899999, 30.777383591000017], [121.1789760290001, 30.777238464000092], [121.18039976400013, 30.77804962400006], [121.18132851300004, 30.778863869000105], [121.18167612200011, 30.77967506000008], [121.18170207600005, 30.780834481000085], [121.18190143000002, 30.78124162100002], [121.18265685600008, 30.781703729000064], [121.18335119100007, 30.78176293899999], [121.18462668600009, 30.781155533000096], [121.18506952600005, 30.78118330000008], [121.18546923599999, 30.781762690000058], [121.18567757500008, 30.782430695000087], [121.18617246300009, 30.78298226400007], [121.18651908800008, 30.78330169600003], [121.18671854200016, 30.78234356100007], [121.18738689800011, 30.781066411000005], [121.18842892800001, 30.779906830000073], [121.18924452600008, 30.778717864000015], [121.19141462600012, 30.776658622000078], [121.19251667500009, 30.775584022000068], [121.19384495600005, 30.77612889600003], [121.19589349100008, 30.77585931500002], [121.19569393399999, 30.778478592000027], [121.19477412, 30.781406550000078], [121.19473892800012, 30.782983640000097], [121.19573754500006, 30.78402366600008], [121.19565934800008, 30.78479412500006], [121.19565928600007, 30.785526728000015], [121.19662285200003, 30.786219867000078], [121.1992000070001, 30.78714331900001], [121.20110994900003, 30.788143608999995], [121.20516303800002, 30.788115342000054], [121.209311756, 30.78817171900001], [121.21250580800005, 30.787881708999997], [121.21358214400001, 30.787213296000026], [121.21427605900014, 30.785878790000012], [121.21520523200002, 30.784400600000005], [121.21589913700006, 30.782717246000082], [121.21688030200005, 30.781353997000082], [121.21772234000001, 30.779380907000075], [121.2189977090001, 30.778243756000045], [121.22023079900008, 30.779246361000048], [121.22119370800007, 30.778859430000097], [121.22181037600004, 30.777357771000013], [121.2218444670001, 30.77662619400006], [121.22180955200005, 30.775239908000017], [121.22299959400002, 30.774816131000037], [121.22342398500005, 30.77427576300009], [121.22252133900005, 30.77309565800006], [121.2239966730001, 30.771469717000087], [121.22472633499999, 30.77025192800005], [121.225272882, 30.768570233000084], [121.22628881900003, 30.766015322000072], [121.22658325700006, 30.76317503300008], [121.22725196000015, 30.760100111000035], [121.22759930200002, 30.75867809000006], [121.2279115490001, 30.758096599000083], [121.23064521800006, 30.75679191100005], [121.23209397800011, 30.75609502900003], [121.23113164900008, 30.75455434500001], [121.23197308700006, 30.754130998000065], [121.23290142800013, 30.754938022000047], [121.23394386900006, 30.754630645000105], [121.23394391400006, 30.75409192800003], [121.23455916000016, 30.7538233230001], [121.235245349, 30.754322329000082], [121.23729299900006, 30.753360525000083], [121.23674692500008, 30.752626739000036], [121.23763218200006, 30.75208828900007], [121.23871633500005, 30.75282019600005], [121.24037467500013, 30.751471257999995], [121.24420187700007, 30.7499524790001], [121.24992101900014, 30.747398410000073], [121.25201337100006, 30.746237556000032], [121.25363579900011, 30.744611931000087], [121.25541509000006, 30.742252524], [121.2569603400001, 30.740511781000038], [121.2592080120001, 30.738655647000023], [121.26133459200001, 30.73652953700006], [121.26243675200007, 30.735790228999996], [121.26278336800007, 30.73686945200003], [121.26378146600004, 30.73721660200006], [121.2652042740001, 30.73575333200005], [121.26586470300002, 30.734944248000076], [121.26705350500006, 30.735020276000057], [121.26705354300006, 30.734557512000052], [121.26536135100002, 30.73301661100001], [121.26536140200002, 30.73240092500005], [121.26597683400007, 30.732055634000076], [121.26667129500007, 30.730207030000066], [121.26524872900004, 30.729783337000093], [121.26524877400004, 30.729243611000115], [121.26705298800002, 30.72924321400008], [121.26705304500003, 30.728550565000056], [121.26594219300013, 30.72816463400001], [121.26736588900006, 30.72654732300004], [121.2676346920001, 30.725544609000032], [121.26698351100003, 30.723813010000114], [121.26648102300013, 30.72377442900003], [121.26570787100002, 30.72277152900009], [121.26563003000005, 30.721771090000097], [121.2659429390001, 30.719191142000057], [121.26520466900004, 30.718997796000046], [121.26420666700005, 30.718188921], [121.26267009100002, 30.717342386000034], [121.26405112000006, 30.71445388800005], [121.26302506600008, 30.71399781400006], [121.26259247499999, 30.713529329000025], [121.26147254100015, 30.711795889000037], [121.26189829300003, 30.710641197000065], [121.26216715500007, 30.709638522000063], [121.26228014800009, 30.70859896100002], [121.26281870000005, 30.708520651000114], [121.26308744500008, 30.708792340000038], [121.26363399800002, 30.708405161000066], [121.26339928800004, 30.707405811000065], [121.26339932400005, 30.706980020000096], [121.26405079400004, 30.706363873000008], [121.26401591500009, 30.705287424000026], [121.26426276100008, 30.70444166300004], [121.26627288900013, 30.703873447000007], [121.26663457300003, 30.703329428000117], [121.26605519200007, 30.702821128000068], [121.26651579500006, 30.702088125999992], [121.2664379250001, 30.701471487000042], [121.26597743600011, 30.700818162000076], [121.26602842200006, 30.700379335000008], [121.26690160500002, 30.699685985000016], [121.26704147800004, 30.699488968000054], [121.26720932999999, 30.699198973000044], [121.26801678600009, 30.695580053000107], [121.26852065900005, 30.690610008000107], [121.27025662800006, 30.67971062400006], [121.26863345200005, 30.67962010800003], [121.25453894900014, 30.677356760000073], [121.25265494700012, 30.675973001000067], [121.24057453300006, 30.657103258000106], [121.23802240700002, 30.65403305800001], [121.23514986300009, 30.65140329000011], [121.22730443200012, 30.646428376000067], [121.21659356200004, 30.64221711900006], [121.2020478190001, 30.63896647100004], [121.18444451500011, 30.635332491000014], [121.16817779500006, 30.628058609000085], [121.15286510100006, 30.617628550000056], [121.15118997100002, 30.61667094800005], [121.14879354900008, 30.615523194000026], [121.14635417800002, 30.613990607000055], [121.14556093100012, 30.611702194000067], [121.14527260999998, 30.609328671000057], [121.14521186900002, 30.604951337000074], [121.14571283500008, 30.604206485000084], [121.14577999900004, 30.603704801000056], [121.14565381700008, 30.60315880600009], [121.14525113300007, 30.602652326000012], [121.14470418500002, 30.602245566000107], [121.14336685600004, 30.601718543000025], [121.14219484800006, 30.60124080400002], [121.13915678100014, 30.600114377000075], [121.12577969800006, 30.593257240000085], [121.11824244900002, 30.591391647000002], [121.11192146400006, 30.587660623000026], [121.0808206480001, 30.57741324300001], [121.0538437380001, 30.566247123000004], [121.06705079400004, 30.544910172000094], [121.08327822900004, 30.524436507000118], [121.08859176200014, 30.518054712000023], [121.11466561400002, 30.491996244000077], [121.1049636480001, 30.469097188000063], [121.09495715300011, 30.445875486999995], [121.08731866900004, 30.41913858700005], [121.08242736300008, 30.399370678000025], [121.05570247300014, 30.37862508200002], [121.04181025800008, 30.36304786000008], [121.03563832500004, 30.35518037800007], [121.03032527000008, 30.344643214000058], [121.02813659300008, 30.339343669000066], [121.01900427900014, 30.33286548100007], [121.015341164, 30.329922354000097], [121.00957686600012, 30.326008776000023], [121.00120831000002, 30.32444414600006], [120.99087035700006, 30.32237889700007], [120.96451769300003, 30.314106110000097], [120.95021543500006, 30.308999741000008], [120.94317672900004, 30.305080995000047], [120.91195862600014, 30.288389275000085], [120.88043766700005, 30.279007538000016], [120.8644770650001, 30.274699069000043], [120.8629399470001, 30.274348135000054], [120.84677835200011, 30.2706431510001], [120.82112929100003, 30.265202923000103], [120.79663987700006, 30.264813452000027], [120.78511936700014, 30.265602413000025], [120.78294906600007, 30.266213533000055], [120.78009294500009, 30.26702094300007], [120.77124595500004, 30.26915142100004], [120.75686831700014, 30.27323049000004], [120.75066988800003, 30.275061516000015], [120.74849043800009, 30.275467189000004], [120.74479116400008, 30.275815077000104], [120.74142236800004, 30.276785365000002], [120.73561479700004, 30.27908180200003], [120.72803467700008, 30.283215443000103], [120.7233462150001, 30.28596370100003], [120.72142792400011, 30.286886274000068], [120.71767765500013, 30.28877869300006], [120.71648793800011, 30.289467864000066], [120.7149945960001, 30.290637364000105], [120.70975991700006, 30.295815033000054], [120.70659108700013, 30.300005721000048], [120.70401251300004, 30.305783633000004], [120.70178952500015, 30.31193611700005], [120.70080063300011, 30.318081815000063], [120.69989689900004, 30.33327912700001], [120.69990687900007, 30.333318106000043], [120.70029713800011, 30.34694250300005], [120.69962852500012, 30.368320045000118], [120.69931596300012, 30.369358347000052], [120.69823957200005, 30.37190157400007], [120.6974577950001, 30.373318554000072], [120.69619084500009, 30.37512325500009], [120.6952184630001, 30.376271623999983], [120.6939506240001, 30.37751948100003], [120.69270080900007, 30.37846939200002], [120.69205795100008, 30.378897396000085], [120.69068642000002, 30.379726580000032], [120.68929797600006, 30.38032086800009], [120.68870708200004, 30.380472870000055], [120.68072952900006, 30.382477887000036], [120.67705789700003, 30.38324960500003], [120.67184949300011, 30.38445227400006], [120.66923685600013, 30.38488419600001], [120.66614617500011, 30.385656978000085], [120.66218823700001, 30.386514388000066], [120.6587242200001, 30.387164837000057], [120.65851663500007, 30.387204221000033], [120.65484488000001, 30.388143907000064], [120.64248476999998, 30.39047133700008], [120.63944690200007, 30.390964214000093], [120.63858730600009, 30.391159547], [120.62976953700006, 30.392043402000034], [120.62621917400011, 30.39200505600006], [120.61544030700009, 30.391613767000017], [120.60772419600008, 30.391563543000032], [120.59266646200004, 30.391311880999993], [120.58509068000001, 30.39113735000003], [120.56373262100013, 30.39047024300008], [120.50585848700004, 30.39160144800006], [120.50124083400007, 30.391751698000057], [120.49439245400009, 30.391458250000028], [120.49344580500009, 30.391350435000078], [120.48116284300013, 30.389323420000046], [120.47172590200012, 30.387826864000033], [120.46605674900002, 30.386819705000015], [120.46110882000008, 30.38588608900004], [120.45575229000008, 30.385008140000046], [120.4518280660001, 30.38409224600003], [120.44645425100009, 30.382558931000084], [120.44569811300005, 30.382344418000095], [120.44191279600011, 30.38085023300001], [120.43873562800005, 30.379196686000064], [120.43732014400007, 30.378291370000035], [120.43538354400008, 30.376750383000072], [120.4342900380001, 30.375679797000046], [120.433882143, 30.37496127500001], [120.4321024120001, 30.370829243000074], [120.42892409300012, 30.36368486500003], [120.41878310200002, 30.341757549000036], [120.41653401800009, 30.336905259000012], [120.41457248000006, 30.333343208000073], [120.41437258900014, 30.328705706000058], [120.41174141900004, 30.32506540300004], [120.4091627290001, 30.320568540000025], [120.40648871500001, 30.32283104400009], [120.40199141500014, 30.32713217400007], [120.39955967800012, 30.327443808000098], [120.39849201400014, 30.32751274000003], [120.39588746700011, 30.329606517000073], [120.39060828700012, 30.33447786800008], [120.38497355700011, 30.337883777000066], [120.38101390400004, 30.340278882000085], [120.379885132, 30.34090560200007], [120.3793562400001, 30.341417924000005], [120.3795741050001, 30.342273632000015], [120.37720474500009, 30.344158240000077], [120.37622207600013, 30.34498496200009], [120.37556232900008, 30.345434482000066], [120.37347821300013, 30.347198173000066], [120.37622233700006, 30.35382458900007], [120.37780236300014, 30.35802757000001], [120.37622193500013, 30.35863781300006], [120.38393175000014, 30.37237183300008], [120.38437470400002, 30.372453565000093], [120.38680564199998, 30.37255829200005], [120.38986994100004, 30.372806012000034], [120.39116420400002, 30.372845601000023], [120.39160631000001, 30.3728744740001], [120.39265747600012, 30.374449939000073], [120.39366477200005, 30.37490365700004], [120.39500223900006, 30.37551634800011], [120.3958174740001, 30.377002998000016], [120.39606049300005, 30.378132775000054], [120.39631251800003, 30.379283549000057], [120.39605200400004, 30.38393171200007], [120.39549653400002, 30.386516276000044], [120.3949062400001, 30.386983254000043], [120.393716775, 30.387047420000023], [120.39053895499998, 30.38610937300004], [120.38449567100008, 30.384689279000042], [120.38205904000009, 30.383943902000098], [120.37858296300007, 30.38349650400003], [120.37487650900009, 30.382970789000055], [120.36862447500008, 30.380571714000062], [120.36655912300016, 30.37956432700002], [120.36224396700007, 30.37829705900006], [120.35825905900006, 30.376961859000076], [120.3536922100001, 30.376616802000036], [120.35340555200003, 30.376584256000093], [120.35339157100012, 30.376564281000043], [120.35336659900008, 30.37657931800004], [120.35137403800007, 30.3763535310001], [120.34891820800009, 30.375636685000117], [120.34605309600008, 30.374469740000023], [120.34452528600005, 30.373221605000047], [120.34265003800016, 30.371587190000085], [120.34187216900008, 30.37124563400007], [120.34076081800006, 30.370529750000074], [120.34018466000009, 30.370408811000104], [120.33977625200014, 30.37040455100002], [120.33962044100012, 30.37086675400007], [120.33837001500004, 30.37393049499999], [120.33486309800006, 30.375642676999995], [120.32902986900004, 30.37739837700004], [120.32808331500007, 30.37761114500006], [120.32701592900003, 30.37807810000006], [120.3258177350001, 30.378707278999983], [120.32484521100002, 30.379111070000086], [120.32447278100003, 30.37920176700004], [120.3226315740001, 30.379959159000094], [120.31985479000002, 30.380849314000024], [120.31475848700006, 30.381690847000108], [120.3139775540001, 30.38296308400004], [120.31397742, 30.384572784000085], [120.31405628100003, 30.38482258900006], [120.31454253900004, 30.384980643000084], [120.31449046300008, 30.38683639300006], [120.31435165100007, 30.387081608000102], [120.31384734399998, 30.387828416000076], [120.31430737900004, 30.39116191300011], [120.31371717200014, 30.392255812000023], [120.31325779100005, 30.393049520000062], [120.31323182200003, 30.39314954900008], [120.31213827200006, 30.395218189999994], [120.31207635800001, 30.395291291000007], [120.31118255700004, 30.39668967900007], [120.30818889500006, 30.396572215000027], [120.30620072600004, 30.39620389100002], [120.30554066100005, 30.39598611900003], [120.30511626300012, 30.395777919000032], [120.30443920000005, 30.395657148000076], [120.30441223200012, 30.395715184999993], [120.30217308900004, 30.397470773000038], [120.30189436200007, 30.398605031000002], [120.30527265200007, 30.400552689000037], [120.30722384700005, 30.401576969000054], [120.30648175600003, 30.403188983000028], [120.30966025700002, 30.402909245000068], [120.30996180700001, 30.403070656000097], [120.31047005500014, 30.403239683000052], [120.31163431100002, 30.403709427000017], [120.31198178100009, 30.403930734000028], [120.31597457600004, 30.406684658000074], [120.31652172700002, 30.406908574000035], [120.31696404600012, 30.407009713000058], [120.31730253300006, 30.406975077000034], [120.31752817900008, 30.40708862400001], [120.31743223400014, 30.408186578], [120.31743218000013, 30.408854438000013], [120.31715452600007, 30.409777772000027], [120.31698975400002, 30.410064026000086], [120.32027136700003, 30.414325860000105], [120.320305316, 30.414309799000108], [120.32575655100001, 30.418129525000047], [120.32600815700005, 30.418166036000052], [120.32842129300005, 30.419638099000082], [120.3287686470001, 30.42094414900005], [120.328135124, 30.426988005000076], [120.32675511800004, 30.428724247000027], [120.32672915100011, 30.428824274000043], [120.32621688100008, 30.429596077000042], [120.32625182200005, 30.429650998000056], [120.32631172800004, 30.429676878000066], [120.33139055600006, 30.433561301000033], [120.33152035500005, 30.433572053000034], [120.33148639700008, 30.433703086000044], [120.33530539100005, 30.4360943510001], [120.33577368000007, 30.43618945700006], [120.33561785000006, 30.436947568000086], [120.33520137000006, 30.4382230410001], [120.33526226900004, 30.43834189900008], [120.33522729199998, 30.438700879000024], [120.33509747600007, 30.43883109000005], [120.33506252000004, 30.438930131000077], [120.33500149500004, 30.440334909000043], [120.33509727600006, 30.44123751400012], [120.33497542600003, 30.441632646000038], [120.33487152500004, 30.442317675000055], [120.33492344300006, 30.442372564000067], [120.334993336, 30.442376433000028], [120.33636416700008, 30.443717559000063], [120.33640808499999, 30.44391742900008], [120.33540093300005, 30.45184334000004], [120.33530603000011, 30.452387380000026], [120.33526209100012, 30.452448447000016], [120.33330889900006, 30.454223655000078], [120.33330888500006, 30.454401610000062], [120.33313507000007, 30.45535169500007], [120.33314403600002, 30.455594616000006], [120.33297027800003, 30.45586387400008], [120.33302217900005, 30.45610671500001], [120.33281438100009, 30.45748275400009], [120.33251077800003, 30.458280121000072], [120.3323969170001, 30.458692229000064], [120.33231896800014, 30.45951616400002], [120.33230191700014, 30.46042996000005], [120.33297059500005, 30.464038756000036], [120.33278772200002, 30.465861619000044], [120.33266685000005, 30.466539667000106], [120.33269280300007, 30.46661759800007], [120.33282259900015, 30.46669333300003], [120.33311814400008, 30.46674776200009], [120.33329187000007, 30.466868403000035], [120.33606955100004, 30.46833582300004], [120.33626017000009, 30.46948016200004], [120.33662550300004, 30.470938093000058], [120.33643376500007, 30.47122237100004], [120.3363129100001, 30.471645481000053], [120.33621699800008, 30.47231347700008], [120.33672915200009, 30.47328426600002], [120.3369118480001, 30.473663825000074], [120.3369118400001, 30.473752800000064], [120.3369117770001, 30.474520591000086], [120.33680692800013, 30.474566772000088], [120.33263227100012, 30.47409769700009], [120.33050557000001, 30.473656840000032], [120.32890716000011, 30.47218128300007], [120.32676360400004, 30.470720772000014], [120.3257651680001, 30.470557728000117], [120.32464589100005, 30.470742824000062], [120.32381198900006, 30.4731037830001], [120.32379478200005, 30.475908049000047], [120.32289205400005, 30.477468350000002], [120.32147695900004, 30.480918102000068], [120.32125212500009, 30.483103919], [120.32178923200003, 30.483837683000047], [120.32335258400006, 30.48651992400002], [120.32280511300006, 30.490358870000044], [120.32311837300004, 30.49339238800004], [120.32256199300002, 30.496320594000025], [120.32121683200009, 30.499260300000074], [120.32103400399998, 30.500580255000045], [120.32159894900009, 30.50274752300004], [120.3199673070001, 30.504716051000024], [120.3181178090001, 30.508807332000053], [120.31776206300006, 30.51230492700008], [120.31536599900005, 30.52081279200005], [120.31316204800012, 30.52393094100003], [120.311781072, 30.524228426000043], [120.31006259200001, 30.524191626000018], [120.307059985, 30.523076478000036], [120.29539420000003, 30.522176845000025], [120.29469090500001, 30.523504549000016], [120.29471769800011, 30.525624820000118], [120.29554160400006, 30.527271959000068], [120.29629653100008, 30.52944402100011], [120.29745988800006, 30.53235214900012], [120.29678241300005, 30.53590908200008], [120.29655746800009, 30.53849158500006], [120.29661803700004, 30.54279302600007], [120.29646990000003, 30.546574971000084], [120.29625392400011, 30.549383350000014], [120.29573304900009, 30.555288127000082], [120.29500355800005, 30.559420834999983], [120.29240020200011, 30.562836718], [120.29148806600006, 30.564277602000026], [120.2914628640001, 30.567027640000013], [120.29239982200008, 30.567416054999995], [120.29391914600002, 30.56728572200005], [120.2955762180001, 30.567499989000012], [120.29645311300007, 30.5682942710001], [120.29991572200004, 30.569625998000063], [120.30183423300006, 30.569667684000045], [120.30489005800004, 30.570433026000046], [120.305053819, 30.570596674000086], [120.30630498200006, 30.571810982000017], [120.30725152000002, 30.573384687000015], [120.31179078200009, 30.575471558000025], [120.31425473300013, 30.57999324200005], [120.31458312400002, 30.5813711010001], [120.31424750900015, 30.582797192000058], [120.31371320100007, 30.58412069400005], [120.31237804700001, 30.585832541000023], [120.30902867200008, 30.58909948800006], [120.30558834100009, 30.591453818000083], [120.30395541200008, 30.593474938000064], [120.29805869200004, 30.59795132600007], [120.29747831200008, 30.599047857000116], [120.29736431800006, 30.600650410000107], [120.2979904130001, 30.602303712000037], [120.2984627760001, 30.6029356700001], [120.29876812800003, 30.60613387500004], [120.29855410300001, 30.609636818000062], [120.29864584600014, 30.61135096700005], [120.29951568100017, 30.612207150000103], [120.301392157, 30.613499409], [120.30292605300008, 30.614396371000055], [120.30485539000011, 30.614950733000093], [120.31074506800007, 30.61436925400003], [120.31459032699999, 30.614673935000013], [120.3194349290001, 30.614737703000053], [120.32437118800014, 30.61576782200011], [120.32721668600004, 30.616691990000014], [120.32814019900006, 30.61732396400008], [120.32879611900015, 30.61806740500004], [120.32958978400009, 30.619336367000052], [120.330901528, 30.622086730000063], [120.33554048900015, 30.633586146000027], [120.3356322220001, 30.635129314000075], [120.33560899700004, 30.638222025000083], [120.33699059600005, 30.64216275600009], [120.33822652199999, 30.64501023800006], [120.33903510100001, 30.647758551999992], [120.33955419200007, 30.649526827000017], [120.33719625800009, 30.654409975000107], [120.33731774000012, 30.65842395200005], [120.33783675200007, 30.661003834000077], [120.33809621900005, 30.66277655500003], [120.33882104400007, 30.664044653000055], [120.3404006610001, 30.66496036800006], [120.34205625400014, 30.665310238000053], [120.34371191300008, 30.665371280000045], [120.34768753000004, 30.66503857800005], [120.34938931100007, 30.665000750000026], [120.35028921000001, 30.664442523000027], [120.35163253700014, 30.66434338900008], [120.353478386, 30.663290936000045], [120.3551497430001, 30.65961001500004], [120.36001073700004, 30.656744177000064], [120.36120056700008, 30.65662358200003], [120.36260519100003, 30.657121464000014], [120.3634133700001, 30.658084967000065], [120.36416159300003, 30.659397409000036], [120.36516866100013, 30.660184777000076], [120.36580612600002, 30.660238961000033], [120.36796452000009, 30.659241825000038], [120.37327007500005, 30.659403046000058], [120.37666430800004, 30.661116137000043], [120.37893926500007, 30.663712095000072], [120.38040659400006, 30.666741616000003], [120.38000357000011, 30.668260214000064], [120.38020745100002, 30.669031711000038], [120.38121716600007, 30.66956475000009], [120.38232476000005, 30.671852957000056], [120.38330253200004, 30.672861879000045], [120.38373049100002, 30.672764668000084], [120.3855423890001, 30.672598740000034], [120.38615837300009, 30.67271337600002], [120.38623729500013, 30.673638909000033], [120.38631728700008, 30.673746820000083], [120.38727932400002, 30.6736933970001], [120.39083483100003, 30.673546139000088], [120.39215017400015, 30.673431837000045], [120.39228810800012, 30.674681225000036], [120.39274324400002, 30.674694116000033], [120.39320038100001, 30.674831957000073], [120.39345547700006, 30.674723958000108], [120.39352150800002, 30.67462699099999], [120.3934935310001, 30.674250171000075], [120.39355155500002, 30.674202183000013], [120.39486505300007, 30.674280943000042], [120.39535627900013, 30.674088976000057], [120.39636875300005, 30.674053909000087], [120.39811070900012, 30.673707031000077], [120.39825178999999, 30.673711031000053], [120.39828479600014, 30.673871958000042], [120.39839085800011, 30.673879957000082], [120.40019702900008, 30.67355623000003], [120.40046222400008, 30.673399333000106], [120.40062035600012, 30.673139473000013], [120.40126884000003, 30.672902673000046], [120.40145898000006, 30.672904703000036], [120.40220240500001, 30.674559071000054], [120.40268965700008, 30.67613544200001], [120.40334104799999, 30.677830805000042], [120.41050022800002, 30.678913225000073], [120.42026817700005, 30.680591144000083], [120.428194993, 30.681748952000042], [120.43555735100006, 30.683808061000065], [120.44650539400006, 30.683444669000018], [120.450577328, 30.684584844000028], [120.45049882600007, 30.687755172000067], [120.44781661500011, 30.69044010000008], [120.44317116900004, 30.69369210500004], [120.4386139380001, 30.69572263900009], [120.43659069900002, 30.697755147000038], [120.43740647500012, 30.700683130000094], [120.4399246280001, 30.703937028000027], [120.44650576400008, 30.702961333000033], [120.4521576030001, 30.703277422000077], [120.45327802900007, 30.70395564400006], [120.454242107, 30.703394145000054], [120.458382462, 30.70362691800004], [120.46314134600001, 30.70535903600009], [120.46408953100004, 30.70640298000005], [120.46754938000007, 30.709877413000108], [120.47081484300006, 30.71295776300007], [120.47216762500008, 30.714673650000023], [120.47231913200008, 30.71523979100006], [120.47231905700008, 30.716149340000086], [120.47240232000004, 30.716645325000094], [120.47278769200014, 30.71711416500007], [120.47417975000012, 30.717885677000048], [120.47464242300012, 30.718340753000042], [120.47539311300014, 30.719457318000053], [120.47619295600006, 30.72106978300007], [120.47795734800005, 30.72360655500008], [120.47896298900002, 30.72534357700001], [120.48109975700007, 30.729202824000026], [120.48183044800012, 30.730264417000022], [120.4811667240001, 30.732704245000008], [120.48112749300006, 30.73368563100003], [120.48054018300004, 30.734665425000095], [120.47936464900013, 30.73571548300003], [120.47784689400014, 30.736190870000016], [120.47732787700009, 30.737055942000005], [120.4768168740001, 30.738154919000074], [120.47673248400012, 30.73904822100009], [120.47574273800004, 30.739720061000078], [120.47528602300008, 30.73991966400007], [120.47526086200004, 30.740740173000106], [120.475315043, 30.740993196000076], [120.47522869600004, 30.741312787000055], [120.47524873500001, 30.741742623000093], [120.47497872600005, 30.74182981500011], [120.47492050200003, 30.741921603000065], [120.47486720600016, 30.743116837000017], [120.47477081200009, 30.743561336000027], [120.47421575500007, 30.74361374600001], [120.47325120000002, 30.743609045000063], [120.47237799900007, 30.743597617000006], [120.47232282800005, 30.743222657000068], [120.47224053200016, 30.743162460000065], [120.47080932100005, 30.74315750800001], [120.47014792100003, 30.743240652000047], [120.47007341000008, 30.74616393900007], [120.47022785500008, 30.74751766100008], [120.46983639400001, 30.748104286000036], [120.46924426000014, 30.748131660000077], [120.4691749860001, 30.748430317000008], [120.4689882990001, 30.748644699000074], [120.46871329900009, 30.74881286700004], [120.46743573700007, 30.748913376000097], [120.46750893500008, 30.74964719000006], [120.46782505500005, 30.749699012000086], [120.4680618030001, 30.75084905100003], [120.468277563, 30.750972567000034], [120.46842707300002, 30.751253825000035], [120.46859258500004, 30.75221077300008], [120.46829350000007, 30.752404864000063], [120.46850712400007, 30.754088562000014], [120.46863356600014, 30.75420184500006], [120.46959197800004, 30.754550264000024], [120.4697816510001, 30.754679712999987], [120.46962005900005, 30.754798210000025], [120.46920756900012, 30.75487404799999], [120.469212511, 30.75577659000006], [120.46815672700004, 30.75584170000012], [120.46776823400013, 30.757144971000038], [120.46824793900012, 30.757206230000044], [120.46843258700004, 30.75735165200009], [120.46880190700004, 30.757367642000077], [120.46908088200013, 30.75766524200001], [120.4692695250001, 30.75808553400006], [120.46547234099998, 30.766639857000058], [120.46586670800001, 30.766825798000077], [120.46641161700006, 30.76692618900003], [120.46915235000009, 30.767165421000108], [120.4700596180001, 30.76715489900004], [120.4704299680001, 30.767024981000034], [120.47401204700009, 30.767222818000064], [120.47508201000008, 30.76719284800007], [120.476427132, 30.76579140800002], [120.47714583700014, 30.765580571000072], [120.47866954700008, 30.76572986400008], [120.47944349400008, 30.765415264000076], [120.47982293000004, 30.76539037500006], [120.48037598000005, 30.765923696000044], [120.48102241000007, 30.766203427000093], [120.48372272500004, 30.766022423000038], [120.48465730000008, 30.76610713000003], [120.484671367, 30.76594725600004], [120.48501169600002, 30.765678402999995], [120.48726546500006, 30.764521688000038], [120.48838683400002, 30.764034280000033], [120.48978726800007, 30.76381556900005], [120.49093272100009, 30.7635961060001], [120.49262533500007, 30.762950512000067], [120.493953528, 30.762426767000072], [120.49518331400006, 30.76221956200007], [120.49662093200008, 30.76168415500009], [120.49796016900004, 30.761074490000098], [120.49854546800006, 30.76064846700011], [120.49910566700007, 30.760258350000072], [120.499519274, 30.760148646000054], [120.50007942700006, 30.760283250000086], [120.50100593400008, 30.76109858900005], [120.50231083900005, 30.762558711000068], [120.50369805700007, 30.763901130000114], [120.5048684350001, 30.765143945000005], [120.50614819600003, 30.76663993800006], [120.50714791400006, 30.76766634100008], [120.51107533700011, 30.772351325000024], [120.51313181000009, 30.774625047000036], [120.5139166360001, 30.775569791000045], [120.51619073700014, 30.778564652000043], [120.51912095700004, 30.783176373000053], [120.52027392500013, 30.784970589000096], [120.52110678200003, 30.78615523300006], [120.52185834500004, 30.787228700000057], [120.52421332200002, 30.79006250700005], [120.52582970200001, 30.79209668400005], [120.5265029010001, 30.79318585500002], [120.52887259000016, 30.79635625200006], [120.52933004700009, 30.797057035000044], [120.53013760200011, 30.798294403000014], [120.53220408000001, 30.801048048000034], [120.53486217600005, 30.804859405000087], [120.53726430300003, 30.807966344000114], [120.53907353200006, 30.810272208000036], [120.54046643600012, 30.812498090000084], [120.54206780300001, 30.81536499900006], [120.54342845300005, 30.817542694000032], [120.54459756700007, 30.818920374000072], [120.54591099100003, 30.820537163999994], [120.54757520000014, 30.822891170000076], [120.54896864200006, 30.824700861000068], [120.55039407200005, 30.826574500000014], [120.55300422500011, 30.828624078000047], [120.55399645200012, 30.829745174999992], [120.55446144200005, 30.830753403000102], [120.55442026600011, 30.831772757000067], [120.55530510300005, 30.83393203100011], [120.55774324600009, 30.836433568000054], [120.55962705700007, 30.837928610000034], [120.56255168800011, 30.839455936000014], [120.56521641200007, 30.841211444000052], [120.56804500900014, 30.84329664300001], [120.57009314299998, 30.84400547300004], [120.57181156600005, 30.84504461300004], [120.57674965300006, 30.848099113999993], [120.57779172700013, 30.849301183000065], [120.57866751600012, 30.85115472000004], [120.57944923000005, 30.85225859200007], [120.5821215550001, 30.854393885], [120.58320638799998, 30.855289895000062], [120.58414404200002, 30.856231764000007], [120.58482049000011, 30.85685167900005], [120.58491957200015, 30.856719793000067], [120.585403937, 30.85638516500009], [120.58660782000004, 30.855179258000057], [120.58727123900013, 30.854961576000072], [120.58901020600004, 30.85460919100005], [120.5899696910001, 30.854166615000025], [120.59091710800007, 30.853902895000054], [120.59337499100005, 30.85293259600006], [120.59466731900012, 30.85253779300008], [120.59628360200009, 30.852108898000033], [120.59786475200009, 30.851627927000024], [120.59886078000008, 30.851338882000093], [120.59947276900009, 30.851199811000043], [120.60026771700005, 30.851129633000006], [120.60122860500006, 30.85112933200007], [120.60200648100012, 30.851120066000107], [120.60275833300015, 30.85111078400005], [120.603527159, 30.851015520000068], [120.60400704800008, 30.85079643600006], [120.60448791799999, 30.85067428499999], [120.60693399300007, 30.851180727000063], [120.6091629060001, 30.851547152000002], [120.61135559800007, 30.85202734300003], [120.61274464900006, 30.85242105000001], [120.61383383100012, 30.852877900000067], [120.61442436100005, 30.853179228000037], [120.61499686800008, 30.853756399000098], [120.6156283270001, 30.854150612000034], [120.61665044600011, 30.854395531000044], [120.61786530500001, 30.85511994800003], [120.61889626400013, 30.85602939500005], [120.62041664400007, 30.85742700400005], [120.62152641300005, 30.858301292000093], [120.62205982300014, 30.85848459100007], [120.62263619200004, 30.8584409630001], [120.62352719500004, 30.858326996000088], [120.62403761200008, 30.858224452000037], [120.6256437100001, 30.857960653000063], [120.62656957200015, 30.85779858500006], [120.62770516500005, 30.857167488000073], [120.62857801800007, 30.857128362000033], [120.62965856300002, 30.85703696300002], [120.63062224500001, 30.85678878300009], [120.63204125900009, 30.856281080000002], [120.63269230200004, 30.856346109000057], [120.63435877200007, 30.85673644400002], [120.63721022000001, 30.857713544000042], [120.63827847600012, 30.857816811000063], [120.63938464200007, 30.857843034000012], [120.63998364300008, 30.85775212100004], [120.64034804800012, 30.85750367300009], [120.64052976000005, 30.857240528999988], [120.64046189600003, 30.85697779000001], [120.640296344, 30.854918243000043], [120.64055694300009, 30.854400116000072], [120.64119988600008, 30.853870368000024], [120.64363873700007, 30.85246410800002], [120.64606848500011, 30.85083188100006], [120.64742104400011, 30.85016090300006], [120.64763165400005, 30.850134548000007], [120.64811775600003, 30.850021755000093], [120.64857091600004, 30.849886029000054], [120.64946425600007, 30.849546632000035], [120.64980361900008, 30.84945607700009], [120.65034658900007, 30.84937614700005], [120.65068593600007, 30.849410516000056], [120.65100232100005, 30.849500892000073], [120.65114902600011, 30.849648542000033], [120.65119491900009, 30.849874330000063], [120.65114898200011, 30.850191231000082], [120.6510930530001, 30.85064407300007], [120.65100217500003, 30.851310856000083], [120.65083243500013, 30.852125696], [120.6506626830001, 30.853086451000003], [120.65062970300005, 30.85361920500003], [120.65066258800002, 30.85426377500007], [120.65062355300006, 30.855615070000056], [120.65057753100007, 30.856984366000106], [120.65057848600006, 30.857516058000044], [120.65066928500002, 30.857843706000068], [120.65084992200005, 30.85803626900001], [120.65114334699999, 30.858172660000015], [120.65186793100008, 30.858375228000078], [120.65286896700005, 30.858562291000013], [120.65325320600004, 30.85867552100006], [120.65347974900013, 30.85882202100001], [120.65358153100011, 30.859048703000028], [120.6536264260001, 30.859252503000015], [120.65368325600001, 30.859975981000012], [120.65367606300003, 30.862542515], [120.65369000600003, 30.862896285000055], [120.65381773500012, 30.863136910000065], [120.65388857400004, 30.863405625000006], [120.65385960800003, 30.863688515000057], [120.65371886200012, 30.863970611000035], [120.65356312400002, 30.864522579000052], [120.6535062050001, 30.864904464000034], [120.653563069, 30.865201187000068], [120.65371874200001, 30.86545575400008], [120.65427758799999, 30.866099351000045], [120.65436140400007, 30.86632506500007], [120.65440429100008, 30.86667878100011], [120.65444615700007, 30.867315336000026], [120.65448904700006, 30.867626077000068], [120.65460181500006, 30.867739801000063], [120.65484233499998, 30.867787329000087], [120.65508086200009, 30.86777589300003], [120.65526150700012, 30.86773058300001], [120.65545312700007, 30.867708240000113], [120.6557475420001, 30.867697698000043], [120.655917208, 30.86764041500001], [120.65601901700009, 30.867493311000004], [120.65616575300007, 30.86713124600007], [120.65627953500007, 30.867018099000035], [120.65647115700003, 30.866950779000057], [120.65670968500004, 30.86687137900006], [120.65686737100012, 30.86684809800009], [120.65703703200003, 30.866825793000018], [120.65719871100009, 30.86677152100006], [120.6575919490001, 30.86640699400001], [120.65774965100002, 30.866169834000104], [120.65859309900009, 30.864274341000034], [120.65880770700008, 30.863766229000092], [120.65889753200005, 30.863675112000102], [120.65904922500008, 30.863658834999995], [120.66052911500005, 30.86485234200007], [120.66176245200003, 30.866551014000024], [120.66357660000004, 30.868015702000065], [120.66610209500001, 30.87147985600007], [120.66886289600009, 30.877228220000077], [120.66940969500004, 30.87803070400004], [120.67107618000009, 30.878691126000056], [120.67335042000005, 30.879237462000056], [120.67562467200001, 30.879890758000016], [120.67657065300011, 30.88079144500002], [120.67684898400015, 30.881996218000054], [120.67754344500005, 30.88341508300003], [120.67856723800003, 30.884841329000004], [120.67976577200008, 30.885222868000042], [120.68063401600014, 30.885212262000053], [120.68122386200002, 30.8847974130001], [120.68174488000014, 30.88399492000005], [120.68137974900003, 30.882338559000047], [120.68143271300006, 30.88147496400009], [120.681883865, 30.88077853900002], [120.68320328700011, 30.88007353200004], [120.68624140400004, 30.87889273400004], [120.68972188000006, 30.87700770900004], [120.68836858800009, 30.875360024000045], [120.68847250600007, 30.873927675000104], [120.688854856, 30.872951572000076], [120.69017340900004, 30.872363627000013], [120.69137215600009, 30.872511487000075], [120.69263087099998, 30.872037634000037], [120.69321189000007, 30.871054231000116], [120.69452359500008, 30.870124598000118], [120.69565158700006, 30.870106768000063], [120.6973964450001, 30.871231321000025], [120.69962848600004, 30.87320769700004], [120.69999271400008, 30.875206979000083], [120.69911595200008, 30.87802368700008], [120.698343129, 30.879639946000047], [120.69724889100006, 30.881091824000094], [120.69634631300008, 30.882932192000048], [120.6964420170001, 30.884484133000022], [120.696997955, 30.885621580000077], [120.69827370200002, 30.88629417500004], [120.70179782000002, 30.886582639000018], [120.7040731840001, 30.886948120000056], [120.70895193200008, 30.887295288000097], [120.7086033090001, 30.888679929999995], [120.70841539500009, 30.890879889000033], [120.70830632800005, 30.893584448000077], [120.7073773410001, 30.897544357000072], [120.70639348900013, 30.90117755100004], [120.70579208300003, 30.904892192999988], [120.70543733000008, 30.908388626000004], [120.705519092, 30.909782693000068], [120.70631177200003, 30.911366669000117], [120.70707651100008, 30.9129776830001], [120.70756864700002, 30.91475397800008], [120.70778517200009, 30.916730525000013], [120.707741153, 30.917732992000005], [120.70805750200006, 30.920108172000063], [120.708378893, 30.92192667600007], [120.70835288500007, 30.922475385999995], [120.70789945500005, 30.923438413000007], [120.70746585300004, 30.926219345000064], [120.7068675150001, 30.928806617000085], [120.70632910800015, 30.931273889000032], [120.705147547, 30.93540007700002], [120.70314430000006, 30.93970637500008], [120.70120016900015, 30.942816394000005], [120.69971948300011, 30.944416686000075], [120.69826879400016, 30.946135912000038], [120.69606842200008, 30.94842904700006], [120.6948095160001, 30.950139078000063], [120.69464080100009, 30.95033224000006], [120.69327308900009, 30.95257117500003], [120.69255636700011, 30.952980131000032], [120.68831223800014, 30.954140737000046], [120.68379591900012, 30.95568689000008], [120.680191002, 30.957427486000036], [120.68123273600013, 30.95941537700002], [120.68381132300014, 30.962590768000034], [120.68522544800008, 30.963608607000047], [120.68651083900012, 30.964793604000043], [120.68908865300017, 30.967562420999982], [120.68978321500008, 30.969045336000114], [120.690790265, 30.969722200999982], [120.69187516300005, 30.970733754000015], [120.69316068900002, 30.972100782000055], [120.6939152440001, 30.97300599100008], [120.69530479500006, 30.97247202800004], [120.69699796100008, 30.970725337000026], [120.6984386100001, 30.96915599700003], [120.7000190010001, 30.968507945000056], [120.70122500000006, 30.968664032000092], [120.70230220600001, 30.969278071000097], [120.70310885200006, 30.970122394000057], [120.70352610900012, 30.9711491830001], [120.70388144500012, 30.97246389499999], [120.70430769900014, 30.97349068000004], [120.70510544000005, 30.973883325000017], [120.70577440899999, 30.974102266000017], [120.70755384700013, 30.973278343000054], [120.70993254900013, 30.972499719000027], [120.71200774200005, 30.972762004000053], [120.71433476900003, 30.973010141000067], [120.71654012300007, 30.97326656900006], [120.71900537400003, 30.973518899000062], [120.7212710460001, 30.97372063800006], [120.72325920800012, 30.973350122000042], [120.72760886100002, 30.970885262000024], [120.7287112250001, 30.969145558000058], [120.73034429800013, 30.967461546999985], [120.73177658200007, 30.965900666000067], [120.73368666500002, 30.96495127200003], [120.73594372400007, 30.964469601000054], [120.73846988, 30.964484747000064], [120.74160419400008, 30.964676918000066], [120.74220406700007, 30.965236492000002], [120.74368888300009, 30.96584895400005], [120.74524273400004, 30.967203058000095], [120.74639766900012, 30.968449310000004], [120.7474826600001, 30.96963164600004], [120.74937579900006, 30.971268847000054], [120.75122397200005, 30.974222395000005], [120.75244922400007, 30.97546992500002], [120.7541337160001, 30.976709652000103], [120.75634760500013, 30.977595895000064], [120.75895195400005, 30.978127716000103], [120.76228613200016, 30.978312424000023], [120.7653684630001, 30.979474770000003], [120.76584580700015, 30.980268644000056], [120.765871734, 30.981414985000043], [120.76536817300007, 30.982972699000058], [120.76452536300006, 30.98430232200011], [120.76370946800014, 30.987237040000018], [120.76350110200005, 30.989704445000065], [120.76373611500003, 30.991763382000073], [120.76401324000005, 30.992904891000016], [120.76483881100015, 30.994098748000035], [120.7653330930001, 30.99569615300004], [120.76551504000005, 30.998213798000073], [120.76559406100012, 30.998784518000043], [120.76633167600004, 30.999120863000073], [120.76713039300013, 30.99916244600005], [120.76765992300015, 30.99870213400007], [120.7681024370001, 30.99754816900007], [120.76962195900005, 30.997239619000027], [120.77075112900005, 30.99722262300004], [120.77176717100008, 30.99783719], [120.77395446600005, 31.000091977000046], [120.77456204500005, 31.001791590000074], [120.77666352700011, 31.003115029000064], [120.79862739600003, 31.00760585200002], [120.81006108400004, 31.007973442000058], [120.81664085200009, 31.008590171000016], [120.81873336200013, 31.007936462000018], [120.82661550800002, 31.00445332800004], [120.83585933000005, 31.00009407400004], [120.83697883800004, 30.997588590000035], [120.83782167000005, 30.99625890100006], [120.83834180400001, 30.995338382000014], [120.83859733700001, 30.995159947999994], [120.83878774300004, 30.99490543999999], [120.83907535000004, 30.99460213500003], [120.83933889600009, 30.994439702000086], [120.83964251600008, 30.994345301000095], [120.83996216400014, 30.994264918000013], [120.84010445000001, 30.994265172000034], [120.84033390400009, 30.994339536000062], [120.84054832500016, 30.99443985700001], [120.8406164590001, 30.994461965000063], [120.84082486800003, 30.99454928200001], [120.84107636400006, 30.99461568800008], [120.84123267200002, 30.99465294200006], [120.8415192340001, 30.994742394000085], [120.84163145500005, 30.994761581000077], [120.84166652400003, 30.99476364100007], [120.84170961000004, 30.994752723000055], [120.84182284000008, 30.994684962000044], [120.84190901200012, 30.99465513100006], [120.84195310200002, 30.994622228000004], [120.84204830100009, 30.994485475000054], [120.84210041200005, 30.994390623000115], [120.84216956600008, 30.994177869000097], [120.84228281500013, 30.99386325400009], [120.84232591100015, 30.993721413000074], [120.84249127700005, 30.99321600000009], [120.84254339300003, 30.99305118900004], [120.84265563599999, 30.992775547000065], [120.84270774700012, 30.992666703000026], [120.8427428230001, 30.992579815000035], [120.84283802600007, 30.992374103000067], [120.84297731900004, 30.992131489000066], [120.843029429, 30.992029640000077], [120.84308153700013, 30.991961770000053], [120.8431336430001, 30.991909892000024], [120.84315969500003, 30.99189494600003], [120.84320278000004, 30.99188402700002], [120.84338513300011, 30.991918323000014], [120.84348132, 30.991935479000098], [120.84361958700006, 30.991959705000063], [120.84375885400004, 30.9920009210001], [120.84393218700009, 30.992051190000083], [120.84434898400002, 30.99216784000005], [120.84445318200002, 30.99221099300007], [120.84454836500001, 30.99221115600008], [120.84471267800009, 30.992250414000047], [120.84512946900011, 30.99237205600007], [120.84532984900008, 30.992419369000082], [120.84540799500007, 30.992465475000074], [120.84561538500009, 30.992536786000116], [120.84578971100004, 30.99260803900006], [120.84590192000007, 30.992658199000033], [120.84598908300009, 30.99270631900002], [120.84606722600009, 30.99277141199999], [120.84657015100004, 30.99309407000004], [120.84674446800008, 30.993237278000073], [120.84695284800009, 30.993382542000106], [120.8473866280001, 30.99379502300004], [120.8476561130001, 30.994014342000064], [120.84788953200004, 30.994209614000056], [120.8481069180001, 30.994417852000055], [120.84836738300007, 30.994633155000017], [120.84853267600015, 30.994778341000043], [120.84884522600007, 30.995082675000084], [120.8490796420001, 30.995255957000033], [120.8491567790001, 30.995312049000056], [120.84939119700005, 30.995435359000048], [120.84949538200013, 30.995494494000056], [120.84963463300002, 30.995524703000065], [120.84986004100003, 30.99553806100002], [120.85005138800014, 30.995535372000063], [120.85011249800004, 30.995529474000108], [120.85018963900012, 30.995516606000017], [120.85036395800014, 30.995463918000013], [120.85052926000006, 30.99541021600001], [120.85078873500004, 30.995281708000036], [120.85083281500013, 30.99526578700005], [120.85099711400005, 30.995203087000014], [120.85109328900009, 30.99515626900005], [120.85124055700011, 30.995092541000105], [120.85147498200006, 30.994979980000025], [120.8517094070001, 30.994858423000004], [120.85194383200005, 30.99470888200007], [120.85213417600006, 30.99459524800008], [120.85219528700006, 30.994545375000037], [120.85235157000011, 30.994436683000103], [120.8525338970001, 30.99433702900003], [120.8526380840001, 30.994265233000043], [120.85287250900005, 30.994063718000064], [120.85293261800004, 30.994002848], [120.85301977600015, 30.99390803900006], [120.85308088700006, 30.993851167000066], [120.8531930930001, 30.993703429000007], [120.85344455100004, 30.993414988000033], [120.85372305799999, 30.993047635000018], [120.85391340700002, 30.99276609300008], [120.8540526600001, 30.99257242100004], [120.85408772300005, 30.992531498000034], [120.85417388700009, 30.992318756000017], [120.85419993400001, 30.99227981899999], [120.85424401300011, 30.99224090900006], [120.85431313300015, 30.992204036000025], [120.8543822530001, 30.99217316000005], [120.85445137200011, 30.992145282000052], [120.8544864320001, 30.9921383390001], [120.85459962000004, 30.992182485000022], [120.8548600500001, 30.99228681800004], [120.85515553900004, 30.992386205000088], [120.85584065800006, 30.992640080000044], [120.85588372900006, 30.992651137000074], [120.85626534400002, 30.992811608000025], [120.856404567, 30.992871779000033], [120.8564476360001, 30.99289382899999], [120.85708165300005, 30.993082647000072], [120.85744626500002, 30.99278735100006], [120.85745528900006, 30.992672432000056], [120.85755947800007, 30.992396746000075], [120.85759353400013, 30.992377806000015], [120.8576896850001, 30.992413924000076], [120.85779284700001, 30.992451050000035], [120.85787998200013, 30.992501146000095], [120.85795810200011, 30.992546232000095], [120.85807128100015, 30.992566382000078], [120.8581063360001, 30.99257642600002], [120.85815841700007, 30.992590492000026], [120.85820148500008, 30.9925945520001], [120.85829663600013, 30.992593688000028], [120.85864418000003, 30.992644153000114], [120.8589476520001, 30.992674563000058], [120.85932122700001, 30.992750044000083], [120.85948547900009, 30.99277026200007], [120.85954657300007, 30.99277634300004], [120.85958162700005, 30.992776392000046], [120.85960767300008, 30.992704471000046], [120.85962471200006, 30.99254159100007], [120.8596507640001, 30.992400711000045], [120.85971187499999, 30.992187921000024], [120.85977197700008, 30.99207107300004], [120.8597980190001, 30.992041128000047], [120.85985010200015, 30.99200122300003], [120.85992822500013, 30.99196435400009], [120.86013654400006, 30.99194765100004], [120.86024070200006, 30.991949794000043], [120.86041496499999, 30.991967022000047], [120.860562187, 30.99197521900001], [120.86070139800006, 30.99197141100005], [120.86108297100012, 30.99194894300006], [120.86118712500001, 30.991958078000017], [120.86124821500002, 30.99197115200012], [120.86133534300004, 30.991994256000076], [120.86141245500002, 30.992023343], [120.8614565160001, 30.992068374999995], [120.86148255100014, 30.99212038000003], [120.86149957000012, 30.992194359000024], [120.86149956100012, 30.992307292000042], [120.86147351300009, 30.992424188000037], [120.86140437900005, 30.992819861999997], [120.86136930900008, 30.993040684000064], [120.86132622099998, 30.993335452000025], [120.86130818700009, 30.993427372999996], [120.86132621100016, 30.993466374000022], [120.8614383790001, 30.993446537000068], [120.86169075400004, 30.99340989600006], [120.86225458400006, 30.99334668300007], [120.86273227900006, 30.993288344000035], [120.86281940500007, 30.9932794630001], [120.8630527380001, 30.993285763000088], [120.86317491100009, 30.993296914000034], [120.86323596400007, 30.993708750000096], [120.86331402500005, 30.994332483000008], [120.86354825900007, 30.995523081000023], [120.86355626400011, 30.995604043000057], [120.86360830800007, 30.995967894000053], [120.86365235300008, 30.99617682700002], [120.863738429, 30.996731610000005], [120.86387754700004, 30.997678228999995], [120.8646155700001, 30.99766516800007], [120.86493600800006, 30.997656572000068], [120.86691563500007, 30.99760200200008], [120.86755745500014, 30.997586763000065], [120.86892014500009, 30.99757132300003], [120.8689631950001, 30.997582365000056], [120.86921548600003, 30.997760541000055], [120.8698842440001, 30.998211009000023], [120.87054297300008, 30.998656454000105], [120.87143793500005, 30.999287019000057], [120.87246203400005, 30.99954091100001], [120.87404968100006, 30.999606414000013], [120.87579435400008, 30.999852861000065], [120.87596749600002, 31.00008787400006], [120.876028461, 31.001220260000053], [120.88530683200005, 31.004777643000047], [120.88721560300006, 31.00607079600011], [120.88748419999999, 31.012414181000047], [120.89050505500009, 31.014041333000122], [120.89100872000003, 31.019686168000085], [120.89613726000007, 31.019251311000076], [120.8962332130001, 31.019791000000055], [120.89722214900004, 31.019826016000017], [120.897786094, 31.01980003400009], [120.90591846600016, 31.019270802000086], [120.90588359400012, 31.017927602000064], [120.90580587500008, 31.014969367000077], [120.90688143600008, 31.012890168000084], [120.91282679200003, 31.015085613000018], [120.91396372200005, 31.015113790000036], [120.92200840300006, 31.01274181300007], [120.922833103, 31.014380930000065], [120.92496796600007, 31.013794757000056], [120.92721533600003, 31.01408671800006], [120.92812687700004, 31.013151043000086], [120.92962033600007, 31.012331439000043], [120.93391630000008, 31.011305517000068], [120.93561680600008, 31.01168749800005], [120.9359121380001, 31.01232962300007], [120.93158130700014, 31.01768641200009], [120.9313726050001, 31.018828056000046], [120.93213711400003, 31.019411553000097], [120.94577165200008, 31.01990859300001], [120.94696906000004, 31.026286352000042], [120.94453914100006, 31.027340766000066], [120.94524216500005, 31.030003777000047], [120.94398324200009, 31.030706921000053], [120.94492078900012, 31.03222813700006], [120.94582354600003, 31.031817519000107], [120.9468818720001, 31.031349578000025], [120.94799287600011, 31.03252052700001], [120.9488955050001, 31.032255726000038]]]]}}]}